Train shape: (155, 400, 800)
Test shape: (155, 400, 60)
[                                                                      ] 0.00%
Norma del vettore g: 20.0
⚠️ Errore numerico: Autovalori troppo piccoli in Sigma. Uso la pseudo-inversa.
Norma del vettore g: 20.0
⚠️ Errore numerico: Autovalori troppo piccoli in Sigma. Uso la pseudo-inversa.
Norma del vettore g: 20.0
Norma del vettore g: 20.0
Norma del vettore g: 20.0
Norma del vettore g: 20.0
Norma del vettore g: 20.0
Norma del vettore g non è uguale a sqrt(N): 45.58665157226964
Norma del vettore g: 19.999999999999993
⚠️ Errore numerico: Autovalori troppo piccoli in Sigma. Uso la pseudo-inversa.
Norma del vettore g non è uguale a sqrt(N): 45.58665157226964
Norma del vettore g: 19.999999999999993
⚠️ Errore numerico: Autovalori troppo piccoli in Sigma. Uso la pseudo-inversa.
Norma del vettore g non è uguale a sqrt(N): 45.58665157226964
Norma del vettore g: 19.999999999999993
Norma del vettore g non è uguale a sqrt(N): 45.58665157226964
Norma del vettore g: 19.999999999999993
Norma del vettore g non è uguale a sqrt(N): 45.58665157226964
Norma del vettore g: 19.999999999999993
Norma del vettore g non è uguale a sqrt(N): 45.58665157226964
Norma del vettore g: 19.999999999999993
Norma del vettore g non è uguale a sqrt(N): 45.58665157226964
Norma del vettore g: 19.999999999999993
Norma del vettore g non è uguale a sqrt(N): 45.58665157226964
Norma del vettore g: 19.999999999999993
⚠️ Errore numerico: Autovalori troppo piccoli in Sigma. Uso la pseudo-inversa.
Norma del vettore g non è uguale a sqrt(N): 45.58665157226964
Norma del vettore g: 19.999999999999993
⚠️ Errore numerico: Autovalori troppo piccoli in Sigma. Uso la pseudo-inversa.
Norma del vettore g non è uguale a sqrt(N): 45.58665157226964
Norma del vettore g: 19.999999999999993
Norma del vettore g non è uguale a sqrt(N): 45.58665157226964
Norma del vettore g: 19.999999999999993
Norma del vettore g non è uguale a sqrt(N): 45.58665157226964
Norma del vettore g: 19.999999999999993
Norma del vettore g non è uguale a sqrt(N): 45.58665157226964
Norma del vettore g: 19.999999999999993
Norma del vettore g non è uguale a sqrt(N): 45.58665157226964
Norma del vettore g: 19.999999999999993
Norma del vettore g: 20.0
⚠️ Errore numerico: Autovalori troppo piccoli in Sigma. Uso la pseudo-inversa.
Norma del vettore g: 20.000000000000004
⚠️ Errore numerico: Autovalori troppo piccoli in Sigma. Uso la pseudo-inversa.
Norma del vettore g: 20.0
Norma del vettore g: 19.999999999999996
Norma del vettore g: 19.999999999999993
Norma del vettore g: 20.0
Norma del vettore g: 20.000000000000004
[                                                                      ] 0.65%
Norma del vettore g: 20.0
⚠️ Errore numerico: Autovalori troppo piccoli in Sigma. Uso la pseudo-inversa.
Norma del vettore g: 20.0
⚠️ Errore numerico: Autovalori troppo piccoli in Sigma. Uso la pseudo-inversa.
Norma del vettore g: 20.0
Norma del vettore g: 20.0
Norma del vettore g: 20.0
Norma del vettore g: 20.0
Norma del vettore g: 20.0
Norma del vettore g non è uguale a sqrt(N): 53.2995089513751
Norma del vettore g: 19.999999999999996
⚠️ Errore numerico: Autovalori troppo piccoli in Sigma. Uso la pseudo-inversa.
Norma del vettore g non è uguale a sqrt(N): 53.2995089513751
Norma del vettore g: 19.999999999999996
⚠️ Errore numerico: Autovalori troppo piccoli in Sigma. Uso la pseudo-inversa.
Norma del vettore g non è uguale a sqrt(N): 53.2995089513751
Norma del vettore g: 19.999999999999996
Norma del vettore g non è uguale a sqrt(N): 53.2995089513751
Norma del vettore g: 19.999999999999996
Norma del vettore g non è uguale a sqrt(N): 53.2995089513751
Norma del vettore g: 19.999999999999996
Norma del vettore g non è uguale a sqrt(N): 53.2995089513751
Norma del vettore g: 19.999999999999996
Norma del vettore g non è uguale a sqrt(N): 53.2995089513751
Norma del vettore g: 19.999999999999996
Norma del vettore g non è uguale a sqrt(N): 53.2995089513751
Norma del vettore g: 19.999999999999996
⚠️ Errore numerico: Autovalori troppo piccoli in Sigma. Uso la pseudo-inversa.
Norma del vettore g non è uguale a sqrt(N): 53.2995089513751
Norma del vettore g: 19.999999999999996
⚠️ Errore numerico: Autovalori troppo piccoli in Sigma. Uso la pseudo-inversa.
Norma del vettore g non è uguale a sqrt(N): 53.2995089513751
Norma del vettore g: 19.999999999999996
Norma del vettore g non è uguale a sqrt(N): 53.2995089513751
Norma del vettore g: 19.999999999999996
Norma del vettore g non è uguale a sqrt(N): 53.2995089513751
Norma del vettore g: 19.999999999999996
Norma del vettore g non è uguale a sqrt(N): 53.2995089513751
Norma del vettore g: 19.999999999999996
Norma del vettore g non è uguale a sqrt(N): 53.2995089513751
Norma del vettore g: 19.999999999999996
Norma del vettore g: 20.0
⚠️ Errore numerico: Autovalori troppo piccoli in Sigma. Uso la pseudo-inversa.
Norma del vettore g: 20.0
⚠️ Errore numerico: Autovalori troppo piccoli in Sigma. Uso la pseudo-inversa.
Norma del vettore g: 20.000000000000007
Norma del vettore g: 20.0
Norma del vettore g: 20.0
Norma del vettore g: 20.0
Norma del vettore g: 20.0
[                                                                      ] 1.30%
Norma del vettore g: 20.0
⚠️ Errore numerico: Autovalori troppo piccoli in Sigma. Uso la pseudo-inversa.
Norma del vettore g: 20.0
⚠️ Errore numerico: Autovalori troppo piccoli in Sigma. Uso la pseudo-inversa.
Norma del vettore g: 20.0
Norma del vettore g: 20.0
Norma del vettore g: 20.0
Norma del vettore g: 20.0
Norma del vettore g: 20.0
Norma del vettore g non è uguale a sqrt(N): 74.41893879267562
Norma del vettore g: 20.0
⚠️ Errore numerico: Autovalori troppo piccoli in Sigma. Uso la pseudo-inversa.
Norma del vettore g non è uguale a sqrt(N): 74.41893879267562
Norma del vettore g: 20.0
⚠️ Errore numerico: Autovalori troppo piccoli in Sigma. Uso la pseudo-inversa.
Norma del vettore g non è uguale a sqrt(N): 74.41893879267562
Norma del vettore g: 20.0
Norma del vettore g non è uguale a sqrt(N): 74.41893879267562
Norma del vettore g: 20.0
Norma del vettore g non è uguale a sqrt(N): 74.41893879267562
Norma del vettore g: 20.0
Norma del vettore g non è uguale a sqrt(N): 74.41893879267562
Norma del vettore g: 20.0
Norma del vettore g non è uguale a sqrt(N): 74.41893879267562
Norma del vettore g: 20.0
Norma del vettore g non è uguale a sqrt(N): 74.41893879267562
Norma del vettore g: 20.0
⚠️ Errore numerico: Autovalori troppo piccoli in Sigma. Uso la pseudo-inversa.
Norma del vettore g non è uguale a sqrt(N): 74.41893879267562
Norma del vettore g: 20.0
⚠️ Errore numerico: Autovalori troppo piccoli in Sigma. Uso la pseudo-inversa.
Norma del vettore g non è uguale a sqrt(N): 74.41893879267562
Norma del vettore g: 20.0
Norma del vettore g non è uguale a sqrt(N): 74.41893879267562
Norma del vettore g: 20.0
Norma del vettore g non è uguale a sqrt(N): 74.41893879267562
Norma del vettore g: 20.0
Norma del vettore g non è uguale a sqrt(N): 74.41893879267562
Norma del vettore g: 20.0
Norma del vettore g non è uguale a sqrt(N): 74.41893879267562
Norma del vettore g: 20.0
Norma del vettore g: 20.000000000000004
⚠️ Errore numerico: Autovalori troppo piccoli in Sigma. Uso la pseudo-inversa.
Norma del vettore g: 20.0
⚠️ Errore numerico: Autovalori troppo piccoli in Sigma. Uso la pseudo-inversa.
Norma del vettore g: 20.000000000000004
Norma del vettore g: 20.000000000000004
Norma del vettore g: 19.999999999999996
Norma del vettore g: 20.000000000000004
Norma del vettore g: 20.000000000000004
[=                                                                     ] 1.95%
Norma del vettore g: 20.0
⚠️ Errore numerico: Autovalori troppo piccoli in Sigma. Uso la pseudo-inversa.
Norma del vettore g: 20.0
⚠️ Errore numerico: Autovalori troppo piccoli in Sigma. Uso la pseudo-inversa.
Norma del vettore g: 20.0
Norma del vettore g: 20.0
Norma del vettore g: 20.0
Norma del vettore g: 20.0
Norma del vettore g: 20.0
Norma del vettore g non è uguale a sqrt(N): 63.654894187876195
Norma del vettore g: 20.0
⚠️ Errore numerico: Autovalori troppo piccoli in Sigma. Uso la pseudo-inversa.
Norma del vettore g non è uguale a sqrt(N): 63.654894187876195
Norma del vettore g: 20.0
⚠️ Errore numerico: Autovalori troppo piccoli in Sigma. Uso la pseudo-inversa.
Norma del vettore g non è uguale a sqrt(N): 63.654894187876195
Norma del vettore g: 20.0
Norma del vettore g non è uguale a sqrt(N): 63.654894187876195
Norma del vettore g: 20.0
Norma del vettore g non è uguale a sqrt(N): 63.654894187876195
Norma del vettore g: 20.0
Norma del vettore g non è uguale a sqrt(N): 63.654894187876195
Norma del vettore g: 20.0
Norma del vettore g non è uguale a sqrt(N): 63.654894187876195
Norma del vettore g: 20.0
Norma del vettore g non è uguale a sqrt(N): 63.654894187876195
Norma del vettore g: 20.0
⚠️ Errore numerico: Autovalori troppo piccoli in Sigma. Uso la pseudo-inversa.
Norma del vettore g non è uguale a sqrt(N): 63.654894187876195
Norma del vettore g: 20.0
⚠️ Errore numerico: Autovalori troppo piccoli in Sigma. Uso la pseudo-inversa.
Norma del vettore g non è uguale a sqrt(N): 63.654894187876195
Norma del vettore g: 20.0
Norma del vettore g non è uguale a sqrt(N): 63.654894187876195
Norma del vettore g: 20.0
Norma del vettore g non è uguale a sqrt(N): 63.654894187876195
Norma del vettore g: 20.0
Norma del vettore g non è uguale a sqrt(N): 63.654894187876195
Norma del vettore g: 20.0
Norma del vettore g non è uguale a sqrt(N): 63.654894187876195
Norma del vettore g: 20.0
Norma del vettore g: 20.000000000000004
⚠️ Errore numerico: Autovalori troppo piccoli in Sigma. Uso la pseudo-inversa.
Norma del vettore g: 20.000000000000004
⚠️ Errore numerico: Autovalori troppo piccoli in Sigma. Uso la pseudo-inversa.
Norma del vettore g: 19.999999999999996
Norma del vettore g: 20.000000000000007
Norma del vettore g: 19.999999999999996
Norma del vettore g: 20.0
Norma del vettore g: 20.000000000000004
[=                                                                     ] 2.60%
Norma del vettore g: 20.0
⚠️ Errore numerico: Autovalori troppo piccoli in Sigma. Uso la pseudo-inversa.
Norma del vettore g: 20.0
⚠️ Errore numerico: Autovalori troppo piccoli in Sigma. Uso la pseudo-inversa.
Norma del vettore g: 20.0
Norma del vettore g: 20.0
Norma del vettore g: 20.0
Norma del vettore g: 20.0
Norma del vettore g: 20.0
Norma del vettore g non è uguale a sqrt(N): 50.18832316323429
Norma del vettore g: 19.999999999999996
⚠️ Errore numerico: Autovalori troppo piccoli in Sigma. Uso la pseudo-inversa.
Norma del vettore g non è uguale a sqrt(N): 50.18832316323429
Norma del vettore g: 19.999999999999996
⚠️ Errore numerico: Autovalori troppo piccoli in Sigma. Uso la pseudo-inversa.
Norma del vettore g non è uguale a sqrt(N): 50.18832316323429
Norma del vettore g: 19.999999999999996
Norma del vettore g non è uguale a sqrt(N): 50.18832316323429
Norma del vettore g: 19.999999999999996
Norma del vettore g non è uguale a sqrt(N): 50.18832316323429
Norma del vettore g: 19.999999999999996
Norma del vettore g non è uguale a sqrt(N): 50.18832316323429
Norma del vettore g: 19.999999999999996
Norma del vettore g non è uguale a sqrt(N): 50.18832316323429
Norma del vettore g: 19.999999999999996
Norma del vettore g non è uguale a sqrt(N): 50.18832316323429
Norma del vettore g: 19.999999999999996
⚠️ Errore numerico: Autovalori troppo piccoli in Sigma. Uso la pseudo-inversa.
Norma del vettore g non è uguale a sqrt(N): 50.18832316323429
Norma del vettore g: 19.999999999999996
⚠️ Errore numerico: Autovalori troppo piccoli in Sigma. Uso la pseudo-inversa.
Norma del vettore g non è uguale a sqrt(N): 50.18832316323429
Norma del vettore g: 19.999999999999996
Norma del vettore g non è uguale a sqrt(N): 50.18832316323429
Norma del vettore g: 19.999999999999996
Norma del vettore g non è uguale a sqrt(N): 50.18832316323429
Norma del vettore g: 19.999999999999996
Norma del vettore g non è uguale a sqrt(N): 50.18832316323429
Norma del vettore g: 19.999999999999996
Norma del vettore g non è uguale a sqrt(N): 50.18832316323429
Norma del vettore g: 19.999999999999996
Norma del vettore g: 20.0
⚠️ Errore numerico: Autovalori troppo piccoli in Sigma. Uso la pseudo-inversa.
Norma del vettore g: 19.999999999999993
⚠️ Errore numerico: Autovalori troppo piccoli in Sigma. Uso la pseudo-inversa.
Norma del vettore g: 20.000000000000004
Norma del vettore g: 19.999999999999996
Norma del vettore g: 20.0
Norma del vettore g: 19.999999999999996
Norma del vettore g: 20.000000000000004
[==                                                                    ] 3.25%
Norma del vettore g: 20.0
⚠️ Errore numerico: Autovalori troppo piccoli in Sigma. Uso la pseudo-inversa.
Norma del vettore g: 20.0
⚠️ Errore numerico: Autovalori troppo piccoli in Sigma. Uso la pseudo-inversa.
Norma del vettore g: 20.0
Norma del vettore g: 20.0
Norma del vettore g: 20.0
Norma del vettore g: 20.0
Norma del vettore g: 20.0
Norma del vettore g non è uguale a sqrt(N): 46.55456009633764
Norma del vettore g: 20.0
⚠️ Errore numerico: Autovalori troppo piccoli in Sigma. Uso la pseudo-inversa.
Norma del vettore g non è uguale a sqrt(N): 46.55456009633764
Norma del vettore g: 20.0
⚠️ Errore numerico: Autovalori troppo piccoli in Sigma. Uso la pseudo-inversa.
Norma del vettore g non è uguale a sqrt(N): 46.55456009633764
Norma del vettore g: 20.0
Norma del vettore g non è uguale a sqrt(N): 46.55456009633764
Norma del vettore g: 20.0
Norma del vettore g non è uguale a sqrt(N): 46.55456009633764
Norma del vettore g: 20.0
Norma del vettore g non è uguale a sqrt(N): 46.55456009633764
Norma del vettore g: 20.0
Norma del vettore g non è uguale a sqrt(N): 46.55456009633764
Norma del vettore g: 20.0
Norma del vettore g non è uguale a sqrt(N): 46.55456009633764
Norma del vettore g: 20.0
⚠️ Errore numerico: Autovalori troppo piccoli in Sigma. Uso la pseudo-inversa.
Norma del vettore g non è uguale a sqrt(N): 46.55456009633764
Norma del vettore g: 20.0
⚠️ Errore numerico: Autovalori troppo piccoli in Sigma. Uso la pseudo-inversa.
Norma del vettore g non è uguale a sqrt(N): 46.55456009633764
Norma del vettore g: 20.0
Norma del vettore g non è uguale a sqrt(N): 46.55456009633764
Norma del vettore g: 20.0
Norma del vettore g non è uguale a sqrt(N): 46.55456009633764
Norma del vettore g: 20.0
Norma del vettore g non è uguale a sqrt(N): 46.55456009633764
Norma del vettore g: 20.0
Norma del vettore g non è uguale a sqrt(N): 46.55456009633764
Norma del vettore g: 20.0
Norma del vettore g: 20.0
⚠️ Errore numerico: Autovalori troppo piccoli in Sigma. Uso la pseudo-inversa.
Norma del vettore g: 19.999999999999996
⚠️ Errore numerico: Autovalori troppo piccoli in Sigma. Uso la pseudo-inversa.
Norma del vettore g: 20.0
Norma del vettore g: 20.0
Norma del vettore g: 20.0
Norma del vettore g: 20.0
Norma del vettore g: 19.999999999999993
[==                                                                    ] 3.90%
Norma del vettore g: 20.0
⚠️ Errore numerico: Autovalori troppo piccoli in Sigma. Uso la pseudo-inversa.
Norma del vettore g: 20.0
⚠️ Errore numerico: Autovalori troppo piccoli in Sigma. Uso la pseudo-inversa.
Norma del vettore g: 20.0
Norma del vettore g: 20.0
Norma del vettore g: 20.0
Norma del vettore g: 20.0
Norma del vettore g: 20.0
Norma del vettore g non è uguale a sqrt(N): 50.34992562804906
Norma del vettore g: 19.999999999999993
⚠️ Errore numerico: Autovalori troppo piccoli in Sigma. Uso la pseudo-inversa.
Norma del vettore g non è uguale a sqrt(N): 50.34992562804906
Norma del vettore g: 19.999999999999993
⚠️ Errore numerico: Autovalori troppo piccoli in Sigma. Uso la pseudo-inversa.
Norma del vettore g non è uguale a sqrt(N): 50.34992562804906
Norma del vettore g: 19.999999999999993
Norma del vettore g non è uguale a sqrt(N): 50.34992562804906
Norma del vettore g: 19.999999999999993
Norma del vettore g non è uguale a sqrt(N): 50.34992562804906
Norma del vettore g: 19.999999999999993
Norma del vettore g non è uguale a sqrt(N): 50.34992562804906
Norma del vettore g: 19.999999999999993
Norma del vettore g non è uguale a sqrt(N): 50.34992562804906
Norma del vettore g: 19.999999999999993
Norma del vettore g non è uguale a sqrt(N): 50.34992562804906
Norma del vettore g: 19.999999999999993
⚠️ Errore numerico: Autovalori troppo piccoli in Sigma. Uso la pseudo-inversa.
Norma del vettore g non è uguale a sqrt(N): 50.34992562804906
Norma del vettore g: 19.999999999999993
⚠️ Errore numerico: Autovalori troppo piccoli in Sigma. Uso la pseudo-inversa.
Norma del vettore g non è uguale a sqrt(N): 50.34992562804906
Norma del vettore g: 19.999999999999993
Norma del vettore g non è uguale a sqrt(N): 50.34992562804906
Norma del vettore g: 19.999999999999993
Norma del vettore g non è uguale a sqrt(N): 50.34992562804906
Norma del vettore g: 19.999999999999993
Norma del vettore g non è uguale a sqrt(N): 50.34992562804906
Norma del vettore g: 19.999999999999993
Norma del vettore g non è uguale a sqrt(N): 50.34992562804906
Norma del vettore g: 19.999999999999993
Norma del vettore g: 20.0
⚠️ Errore numerico: Autovalori troppo piccoli in Sigma. Uso la pseudo-inversa.
Norma del vettore g: 20.0
⚠️ Errore numerico: Autovalori troppo piccoli in Sigma. Uso la pseudo-inversa.
Norma del vettore g: 20.000000000000004
Norma del vettore g: 19.999999999999996
Norma del vettore g: 20.0
Norma del vettore g: 20.000000000000004
Norma del vettore g: 19.999999999999996
[===                                                                   ] 4.55%
Norma del vettore g: 20.0
⚠️ Errore numerico: Autovalori troppo piccoli in Sigma. Uso la pseudo-inversa.
Norma del vettore g: 20.0
⚠️ Errore numerico: Autovalori troppo piccoli in Sigma. Uso la pseudo-inversa.
Norma del vettore g: 20.0
Norma del vettore g: 20.0
Norma del vettore g: 20.0
Norma del vettore g: 20.0
Norma del vettore g: 20.0
Norma del vettore g non è uguale a sqrt(N): 49.97311528473345
Norma del vettore g: 19.999999999999996
⚠️ Errore numerico: Autovalori troppo piccoli in Sigma. Uso la pseudo-inversa.
Norma del vettore g non è uguale a sqrt(N): 49.97311528473345
Norma del vettore g: 19.999999999999996
⚠️ Errore numerico: Autovalori troppo piccoli in Sigma. Uso la pseudo-inversa.
Norma del vettore g non è uguale a sqrt(N): 49.97311528473345
Norma del vettore g: 19.999999999999996
Norma del vettore g non è uguale a sqrt(N): 49.97311528473345
Norma del vettore g: 19.999999999999996
Norma del vettore g non è uguale a sqrt(N): 49.97311528473345
Norma del vettore g: 19.999999999999996
Norma del vettore g non è uguale a sqrt(N): 49.97311528473345
Norma del vettore g: 19.999999999999996
Norma del vettore g non è uguale a sqrt(N): 49.97311528473345
Norma del vettore g: 19.999999999999996
Norma del vettore g non è uguale a sqrt(N): 49.97311528473345
Norma del vettore g: 19.999999999999996
⚠️ Errore numerico: Autovalori troppo piccoli in Sigma. Uso la pseudo-inversa.
Norma del vettore g non è uguale a sqrt(N): 49.97311528473345
Norma del vettore g: 19.999999999999996
⚠️ Errore numerico: Autovalori troppo piccoli in Sigma. Uso la pseudo-inversa.
Norma del vettore g non è uguale a sqrt(N): 49.97311528473345
Norma del vettore g: 19.999999999999996
Norma del vettore g non è uguale a sqrt(N): 49.97311528473345
Norma del vettore g: 19.999999999999996
Norma del vettore g non è uguale a sqrt(N): 49.97311528473345
Norma del vettore g: 19.999999999999996
Norma del vettore g non è uguale a sqrt(N): 49.97311528473345
Norma del vettore g: 19.999999999999996
Norma del vettore g non è uguale a sqrt(N): 49.97311528473345
Norma del vettore g: 19.999999999999996
Norma del vettore g: 20.0
⚠️ Errore numerico: Autovalori troppo piccoli in Sigma. Uso la pseudo-inversa.
Norma del vettore g: 20.0
⚠️ Errore numerico: Autovalori troppo piccoli in Sigma. Uso la pseudo-inversa.
Norma del vettore g: 20.000000000000007
Norma del vettore g: 20.000000000000007
Norma del vettore g: 20.000000000000004
Norma del vettore g: 20.000000000000004
Norma del vettore g: 20.0
[===                                                                   ] 5.19%
Norma del vettore g: 20.0
⚠️ Errore numerico: Autovalori troppo piccoli in Sigma. Uso la pseudo-inversa.
Norma del vettore g: 20.0
⚠️ Errore numerico: Autovalori troppo piccoli in Sigma. Uso la pseudo-inversa.
Norma del vettore g: 20.0
Norma del vettore g: 20.0
Norma del vettore g: 20.0
Norma del vettore g: 20.0
Norma del vettore g: 20.0
Norma del vettore g non è uguale a sqrt(N): 54.970855185248595
Norma del vettore g: 19.999999999999996
⚠️ Errore numerico: Autovalori troppo piccoli in Sigma. Uso la pseudo-inversa.
Norma del vettore g non è uguale a sqrt(N): 54.970855185248595
Norma del vettore g: 19.999999999999996
⚠️ Errore numerico: Autovalori troppo piccoli in Sigma. Uso la pseudo-inversa.
Norma del vettore g non è uguale a sqrt(N): 54.970855185248595
Norma del vettore g: 19.999999999999996
Norma del vettore g non è uguale a sqrt(N): 54.970855185248595
Norma del vettore g: 19.999999999999996
Norma del vettore g non è uguale a sqrt(N): 54.970855185248595
Norma del vettore g: 19.999999999999996
Norma del vettore g non è uguale a sqrt(N): 54.970855185248595
Norma del vettore g: 19.999999999999996
Norma del vettore g non è uguale a sqrt(N): 54.970855185248595
Norma del vettore g: 19.999999999999996
Norma del vettore g non è uguale a sqrt(N): 54.970855185248595
Norma del vettore g: 19.999999999999996
⚠️ Errore numerico: Autovalori troppo piccoli in Sigma. Uso la pseudo-inversa.
Norma del vettore g non è uguale a sqrt(N): 54.970855185248595
Norma del vettore g: 19.999999999999996
⚠️ Errore numerico: Autovalori troppo piccoli in Sigma. Uso la pseudo-inversa.
Norma del vettore g non è uguale a sqrt(N): 54.970855185248595
Norma del vettore g: 19.999999999999996
Norma del vettore g non è uguale a sqrt(N): 54.970855185248595
Norma del vettore g: 19.999999999999996
Norma del vettore g non è uguale a sqrt(N): 54.970855185248595
Norma del vettore g: 19.999999999999996
Norma del vettore g non è uguale a sqrt(N): 54.970855185248595
Norma del vettore g: 19.999999999999996
Norma del vettore g non è uguale a sqrt(N): 54.970855185248595
Norma del vettore g: 19.999999999999996
Norma del vettore g: 20.00000000000001
⚠️ Errore numerico: Autovalori troppo piccoli in Sigma. Uso la pseudo-inversa.
Norma del vettore g: 20.0
⚠️ Errore numerico: Autovalori troppo piccoli in Sigma. Uso la pseudo-inversa.
Norma del vettore g: 20.0
Norma del vettore g: 20.000000000000004
Norma del vettore g: 20.000000000000007
Norma del vettore g: 19.999999999999996
Norma del vettore g: 20.000000000000007
[====                                                                  ] 5.84%
Norma del vettore g: 20.0
⚠️ Errore numerico: Autovalori troppo piccoli in Sigma. Uso la pseudo-inversa.
Norma del vettore g: 20.0
⚠️ Errore numerico: Autovalori troppo piccoli in Sigma. Uso la pseudo-inversa.
Norma del vettore g: 20.0
Norma del vettore g: 20.0
Norma del vettore g: 20.0
Norma del vettore g: 20.0
Norma del vettore g: 20.0
Norma del vettore g non è uguale a sqrt(N): 57.89192392935818
Norma del vettore g: 20.0
⚠️ Errore numerico: Autovalori troppo piccoli in Sigma. Uso la pseudo-inversa.
Norma del vettore g non è uguale a sqrt(N): 57.89192392935818
Norma del vettore g: 20.0
⚠️ Errore numerico: Autovalori troppo piccoli in Sigma. Uso la pseudo-inversa.
Norma del vettore g non è uguale a sqrt(N): 57.89192392935818
Norma del vettore g: 20.0
Norma del vettore g non è uguale a sqrt(N): 57.89192392935818
Norma del vettore g: 20.0
Norma del vettore g non è uguale a sqrt(N): 57.89192392935818
Norma del vettore g: 20.0
Norma del vettore g non è uguale a sqrt(N): 57.89192392935818
Norma del vettore g: 20.0
Norma del vettore g non è uguale a sqrt(N): 57.89192392935818
Norma del vettore g: 20.0
Norma del vettore g non è uguale a sqrt(N): 57.89192392935818
Norma del vettore g: 20.0
⚠️ Errore numerico: Autovalori troppo piccoli in Sigma. Uso la pseudo-inversa.
Norma del vettore g non è uguale a sqrt(N): 57.89192392935818
Norma del vettore g: 20.0
⚠️ Errore numerico: Autovalori troppo piccoli in Sigma. Uso la pseudo-inversa.
Norma del vettore g non è uguale a sqrt(N): 57.89192392935818
Norma del vettore g: 20.0
Norma del vettore g non è uguale a sqrt(N): 57.89192392935818
Norma del vettore g: 20.0
Norma del vettore g non è uguale a sqrt(N): 57.89192392935818
Norma del vettore g: 20.0
Norma del vettore g non è uguale a sqrt(N): 57.89192392935818
Norma del vettore g: 20.0
Norma del vettore g non è uguale a sqrt(N): 57.89192392935818
Norma del vettore g: 20.0
Norma del vettore g: 19.999999999999993
⚠️ Errore numerico: Autovalori troppo piccoli in Sigma. Uso la pseudo-inversa.
Norma del vettore g: 20.000000000000004
⚠️ Errore numerico: Autovalori troppo piccoli in Sigma. Uso la pseudo-inversa.
Norma del vettore g: 20.000000000000007
Norma del vettore g: 20.0
Norma del vettore g: 20.000000000000007
Norma del vettore g: 20.0
Norma del vettore g: 19.999999999999993
[====                                                                  ] 6.49%
Norma del vettore g: 20.0
⚠️ Errore numerico: Autovalori troppo piccoli in Sigma. Uso la pseudo-inversa.
Norma del vettore g: 20.0
⚠️ Errore numerico: Autovalori troppo piccoli in Sigma. Uso la pseudo-inversa.
Norma del vettore g: 20.0
Norma del vettore g: 20.0
Norma del vettore g: 20.0
Norma del vettore g: 20.0
Norma del vettore g: 20.0
Norma del vettore g non è uguale a sqrt(N): 49.56644951492508
Norma del vettore g: 20.0
⚠️ Errore numerico: Autovalori troppo piccoli in Sigma. Uso la pseudo-inversa.
Norma del vettore g non è uguale a sqrt(N): 49.56644951492508
Norma del vettore g: 20.0
⚠️ Errore numerico: Autovalori troppo piccoli in Sigma. Uso la pseudo-inversa.
Norma del vettore g non è uguale a sqrt(N): 49.56644951492508
Norma del vettore g: 20.0
Norma del vettore g non è uguale a sqrt(N): 49.56644951492508
Norma del vettore g: 20.0
Norma del vettore g non è uguale a sqrt(N): 49.56644951492508
Norma del vettore g: 20.0
Norma del vettore g non è uguale a sqrt(N): 49.56644951492508
Norma del vettore g: 20.0
Norma del vettore g non è uguale a sqrt(N): 49.56644951492508
Norma del vettore g: 20.0
Norma del vettore g non è uguale a sqrt(N): 49.56644951492508
Norma del vettore g: 20.0
⚠️ Errore numerico: Autovalori troppo piccoli in Sigma. Uso la pseudo-inversa.
Norma del vettore g non è uguale a sqrt(N): 49.56644951492508
Norma del vettore g: 20.0
⚠️ Errore numerico: Autovalori troppo piccoli in Sigma. Uso la pseudo-inversa.
Norma del vettore g non è uguale a sqrt(N): 49.56644951492508
Norma del vettore g: 20.0
Norma del vettore g non è uguale a sqrt(N): 49.56644951492508
Norma del vettore g: 20.0
Norma del vettore g non è uguale a sqrt(N): 49.56644951492508
Norma del vettore g: 20.0
Norma del vettore g non è uguale a sqrt(N): 49.56644951492508
Norma del vettore g: 20.0
Norma del vettore g non è uguale a sqrt(N): 49.56644951492508
Norma del vettore g: 20.0
Norma del vettore g: 20.0
⚠️ Errore numerico: Autovalori troppo piccoli in Sigma. Uso la pseudo-inversa.
Norma del vettore g: 20.000000000000004
⚠️ Errore numerico: Autovalori troppo piccoli in Sigma. Uso la pseudo-inversa.
Norma del vettore g: 20.0
Norma del vettore g: 20.0
Norma del vettore g: 20.0
Norma del vettore g: 20.000000000000004
Norma del vettore g: 20.0
[=====                                                                 ] 7.14%
Norma del vettore g: 20.0
⚠️ Errore numerico: Autovalori troppo piccoli in Sigma. Uso la pseudo-inversa.
Norma del vettore g: 20.0
⚠️ Errore numerico: Autovalori troppo piccoli in Sigma. Uso la pseudo-inversa.
Norma del vettore g: 20.0
Norma del vettore g: 20.0
Norma del vettore g: 20.0
Norma del vettore g: 20.0
Norma del vettore g: 20.0
Norma del vettore g non è uguale a sqrt(N): 54.93863243259402
Norma del vettore g: 19.999999999999996
⚠️ Errore numerico: Autovalori troppo piccoli in Sigma. Uso la pseudo-inversa.
Norma del vettore g non è uguale a sqrt(N): 54.93863243259402
Norma del vettore g: 19.999999999999996
⚠️ Errore numerico: Autovalori troppo piccoli in Sigma. Uso la pseudo-inversa.
Norma del vettore g non è uguale a sqrt(N): 54.93863243259402
Norma del vettore g: 19.999999999999996
Norma del vettore g non è uguale a sqrt(N): 54.93863243259402
Norma del vettore g: 19.999999999999996
Norma del vettore g non è uguale a sqrt(N): 54.93863243259402
Norma del vettore g: 19.999999999999996
Norma del vettore g non è uguale a sqrt(N): 54.93863243259402
Norma del vettore g: 19.999999999999996
Norma del vettore g non è uguale a sqrt(N): 54.93863243259402
Norma del vettore g: 19.999999999999996
Norma del vettore g non è uguale a sqrt(N): 54.93863243259402
Norma del vettore g: 19.999999999999996
⚠️ Errore numerico: Autovalori troppo piccoli in Sigma. Uso la pseudo-inversa.
Norma del vettore g non è uguale a sqrt(N): 54.93863243259402
Norma del vettore g: 19.999999999999996
⚠️ Errore numerico: Autovalori troppo piccoli in Sigma. Uso la pseudo-inversa.
Norma del vettore g non è uguale a sqrt(N): 54.93863243259402
Norma del vettore g: 19.999999999999996
Norma del vettore g non è uguale a sqrt(N): 54.93863243259402
Norma del vettore g: 19.999999999999996
Norma del vettore g non è uguale a sqrt(N): 54.93863243259402
Norma del vettore g: 19.999999999999996
Norma del vettore g non è uguale a sqrt(N): 54.93863243259402
Norma del vettore g: 19.999999999999996
Norma del vettore g non è uguale a sqrt(N): 54.93863243259402
Norma del vettore g: 19.999999999999996
Norma del vettore g: 19.999999999999996
⚠️ Errore numerico: Autovalori troppo piccoli in Sigma. Uso la pseudo-inversa.
Norma del vettore g: 20.0
⚠️ Errore numerico: Autovalori troppo piccoli in Sigma. Uso la pseudo-inversa.
Norma del vettore g: 19.999999999999993
Norma del vettore g: 20.000000000000004
Norma del vettore g: 19.999999999999996
Norma del vettore g: 20.0
Norma del vettore g: 20.000000000000004
[=====                                                                 ] 7.79%
Norma del vettore g: 20.0
⚠️ Errore numerico: Autovalori troppo piccoli in Sigma. Uso la pseudo-inversa.
Norma del vettore g: 20.0
⚠️ Errore numerico: Autovalori troppo piccoli in Sigma. Uso la pseudo-inversa.
Norma del vettore g: 20.0
Norma del vettore g: 20.0
Norma del vettore g: 20.0
Norma del vettore g: 20.0
Norma del vettore g: 20.0
Norma del vettore g non è uguale a sqrt(N): 65.66227662758503
Norma del vettore g: 20.000000000000007
⚠️ Errore numerico: Autovalori troppo piccoli in Sigma. Uso la pseudo-inversa.
Norma del vettore g non è uguale a sqrt(N): 65.66227662758503
Norma del vettore g: 20.000000000000007
⚠️ Errore numerico: Autovalori troppo piccoli in Sigma. Uso la pseudo-inversa.
Norma del vettore g non è uguale a sqrt(N): 65.66227662758503
Norma del vettore g: 20.000000000000007
Norma del vettore g non è uguale a sqrt(N): 65.66227662758503
Norma del vettore g: 20.000000000000007
Norma del vettore g non è uguale a sqrt(N): 65.66227662758503
Norma del vettore g: 20.000000000000007
Norma del vettore g non è uguale a sqrt(N): 65.66227662758503
Norma del vettore g: 20.000000000000007
Norma del vettore g non è uguale a sqrt(N): 65.66227662758503
Norma del vettore g: 20.000000000000007
Norma del vettore g non è uguale a sqrt(N): 65.66227662758503
Norma del vettore g: 20.000000000000007
⚠️ Errore numerico: Autovalori troppo piccoli in Sigma. Uso la pseudo-inversa.
Norma del vettore g non è uguale a sqrt(N): 65.66227662758503
Norma del vettore g: 20.000000000000007
⚠️ Errore numerico: Autovalori troppo piccoli in Sigma. Uso la pseudo-inversa.
Norma del vettore g non è uguale a sqrt(N): 65.66227662758503
Norma del vettore g: 20.000000000000007
Norma del vettore g non è uguale a sqrt(N): 65.66227662758503
Norma del vettore g: 20.000000000000007
Norma del vettore g non è uguale a sqrt(N): 65.66227662758503
Norma del vettore g: 20.000000000000007
Norma del vettore g non è uguale a sqrt(N): 65.66227662758503
Norma del vettore g: 20.000000000000007
Norma del vettore g non è uguale a sqrt(N): 65.66227662758503
Norma del vettore g: 20.000000000000007
Norma del vettore g: 20.000000000000007
⚠️ Errore numerico: Autovalori troppo piccoli in Sigma. Uso la pseudo-inversa.
Norma del vettore g: 19.999999999999996
⚠️ Errore numerico: Autovalori troppo piccoli in Sigma. Uso la pseudo-inversa.
Norma del vettore g: 20.0
Norma del vettore g: 20.000000000000004
Norma del vettore g: 20.000000000000004
Norma del vettore g: 20.0
Norma del vettore g: 20.0
[=====                                                                 ] 8.44%
Norma del vettore g: 20.0
⚠️ Errore numerico: Autovalori troppo piccoli in Sigma. Uso la pseudo-inversa.
Norma del vettore g: 20.0
⚠️ Errore numerico: Autovalori troppo piccoli in Sigma. Uso la pseudo-inversa.
Norma del vettore g: 20.0
Norma del vettore g: 20.0
Norma del vettore g: 20.0
Norma del vettore g: 20.0
Norma del vettore g: 20.0
Norma del vettore g non è uguale a sqrt(N): 62.299733447093644
Norma del vettore g: 19.999999999999996
⚠️ Errore numerico: Autovalori troppo piccoli in Sigma. Uso la pseudo-inversa.
Norma del vettore g non è uguale a sqrt(N): 62.299733447093644
Norma del vettore g: 19.999999999999996
⚠️ Errore numerico: Autovalori troppo piccoli in Sigma. Uso la pseudo-inversa.
Norma del vettore g non è uguale a sqrt(N): 62.299733447093644
Norma del vettore g: 19.999999999999996
Norma del vettore g non è uguale a sqrt(N): 62.299733447093644
Norma del vettore g: 19.999999999999996
Norma del vettore g non è uguale a sqrt(N): 62.299733447093644
Norma del vettore g: 19.999999999999996
Norma del vettore g non è uguale a sqrt(N): 62.299733447093644
Norma del vettore g: 19.999999999999996
Norma del vettore g non è uguale a sqrt(N): 62.299733447093644
Norma del vettore g: 19.999999999999996
Norma del vettore g non è uguale a sqrt(N): 62.299733447093644
Norma del vettore g: 19.999999999999996
⚠️ Errore numerico: Autovalori troppo piccoli in Sigma. Uso la pseudo-inversa.
Norma del vettore g non è uguale a sqrt(N): 62.299733447093644
Norma del vettore g: 19.999999999999996
⚠️ Errore numerico: Autovalori troppo piccoli in Sigma. Uso la pseudo-inversa.
Norma del vettore g non è uguale a sqrt(N): 62.299733447093644
Norma del vettore g: 19.999999999999996
Norma del vettore g non è uguale a sqrt(N): 62.299733447093644
Norma del vettore g: 19.999999999999996
Norma del vettore g non è uguale a sqrt(N): 62.299733447093644
Norma del vettore g: 19.999999999999996
Norma del vettore g non è uguale a sqrt(N): 62.299733447093644
Norma del vettore g: 19.999999999999996
Norma del vettore g non è uguale a sqrt(N): 62.299733447093644
Norma del vettore g: 19.999999999999996
Norma del vettore g: 19.999999999999996
⚠️ Errore numerico: Autovalori troppo piccoli in Sigma. Uso la pseudo-inversa.
Norma del vettore g: 20.0
⚠️ Errore numerico: Autovalori troppo piccoli in Sigma. Uso la pseudo-inversa.
Norma del vettore g: 20.000000000000004
Norma del vettore g: 20.000000000000007
Norma del vettore g: 20.000000000000004
Norma del vettore g: 20.0
Norma del vettore g: 19.999999999999996
[======                                                                ] 9.09%
Norma del vettore g: 20.0
⚠️ Errore numerico: Autovalori troppo piccoli in Sigma. Uso la pseudo-inversa.
Norma del vettore g: 20.0
⚠️ Errore numerico: Autovalori troppo piccoli in Sigma. Uso la pseudo-inversa.
Norma del vettore g: 20.0
Norma del vettore g: 20.0
Norma del vettore g: 20.0
Norma del vettore g: 20.0
Norma del vettore g: 20.0
Norma del vettore g non è uguale a sqrt(N): 73.27102913873466
Norma del vettore g: 20.0
⚠️ Errore numerico: Autovalori troppo piccoli in Sigma. Uso la pseudo-inversa.
Norma del vettore g non è uguale a sqrt(N): 73.27102913873466
Norma del vettore g: 20.0
⚠️ Errore numerico: Autovalori troppo piccoli in Sigma. Uso la pseudo-inversa.
Norma del vettore g non è uguale a sqrt(N): 73.27102913873466
Norma del vettore g: 20.0
Norma del vettore g non è uguale a sqrt(N): 73.27102913873466
Norma del vettore g: 20.0
Norma del vettore g non è uguale a sqrt(N): 73.27102913873466
Norma del vettore g: 20.0
Norma del vettore g non è uguale a sqrt(N): 73.27102913873466
Norma del vettore g: 20.0
Norma del vettore g non è uguale a sqrt(N): 73.27102913873466
Norma del vettore g: 20.0
Norma del vettore g non è uguale a sqrt(N): 73.27102913873466
Norma del vettore g: 20.0
⚠️ Errore numerico: Autovalori troppo piccoli in Sigma. Uso la pseudo-inversa.
Norma del vettore g non è uguale a sqrt(N): 73.27102913873466
Norma del vettore g: 20.0
⚠️ Errore numerico: Autovalori troppo piccoli in Sigma. Uso la pseudo-inversa.
Norma del vettore g non è uguale a sqrt(N): 73.27102913873466
Norma del vettore g: 20.0
Norma del vettore g non è uguale a sqrt(N): 73.27102913873466
Norma del vettore g: 20.0
Norma del vettore g non è uguale a sqrt(N): 73.27102913873466
Norma del vettore g: 20.0
Norma del vettore g non è uguale a sqrt(N): 73.27102913873466
Norma del vettore g: 20.0
Norma del vettore g non è uguale a sqrt(N): 73.27102913873466
Norma del vettore g: 20.0
Norma del vettore g: 19.999999999999996
⚠️ Errore numerico: Autovalori troppo piccoli in Sigma. Uso la pseudo-inversa.
Norma del vettore g: 20.0
⚠️ Errore numerico: Autovalori troppo piccoli in Sigma. Uso la pseudo-inversa.
Norma del vettore g: 20.0
Norma del vettore g: 19.999999999999993
Norma del vettore g: 20.000000000000014
Norma del vettore g: 20.000000000000007
Norma del vettore g: 19.999999999999996
[======                                                                ] 9.74%
Norma del vettore g: 20.0
⚠️ Errore numerico: Autovalori troppo piccoli in Sigma. Uso la pseudo-inversa.
Norma del vettore g: 20.0
⚠️ Errore numerico: Autovalori troppo piccoli in Sigma. Uso la pseudo-inversa.
Norma del vettore g: 20.0
Norma del vettore g: 20.0
Norma del vettore g: 20.0
Norma del vettore g: 20.0
Norma del vettore g: 20.0
Norma del vettore g non è uguale a sqrt(N): 57.074138421516224
Norma del vettore g: 20.0
⚠️ Errore numerico: Autovalori troppo piccoli in Sigma. Uso la pseudo-inversa.
Norma del vettore g non è uguale a sqrt(N): 57.074138421516224
Norma del vettore g: 20.0
⚠️ Errore numerico: Autovalori troppo piccoli in Sigma. Uso la pseudo-inversa.
Norma del vettore g non è uguale a sqrt(N): 57.074138421516224
Norma del vettore g: 20.0
Norma del vettore g non è uguale a sqrt(N): 57.074138421516224
Norma del vettore g: 20.0
Norma del vettore g non è uguale a sqrt(N): 57.074138421516224
Norma del vettore g: 20.0
Norma del vettore g non è uguale a sqrt(N): 57.074138421516224
Norma del vettore g: 20.0
Norma del vettore g non è uguale a sqrt(N): 57.074138421516224
Norma del vettore g: 20.0
Norma del vettore g non è uguale a sqrt(N): 57.074138421516224
Norma del vettore g: 20.0
⚠️ Errore numerico: Autovalori troppo piccoli in Sigma. Uso la pseudo-inversa.
Norma del vettore g non è uguale a sqrt(N): 57.074138421516224
Norma del vettore g: 20.0
⚠️ Errore numerico: Autovalori troppo piccoli in Sigma. Uso la pseudo-inversa.
Norma del vettore g non è uguale a sqrt(N): 57.074138421516224
Norma del vettore g: 20.0
Norma del vettore g non è uguale a sqrt(N): 57.074138421516224
Norma del vettore g: 20.0
Norma del vettore g non è uguale a sqrt(N): 57.074138421516224
Norma del vettore g: 20.0
Norma del vettore g non è uguale a sqrt(N): 57.074138421516224
Norma del vettore g: 20.0
Norma del vettore g non è uguale a sqrt(N): 57.074138421516224
Norma del vettore g: 20.0
Norma del vettore g: 19.999999999999993
⚠️ Errore numerico: Autovalori troppo piccoli in Sigma. Uso la pseudo-inversa.
Norma del vettore g: 20.0
⚠️ Errore numerico: Autovalori troppo piccoli in Sigma. Uso la pseudo-inversa.
Norma del vettore g: 20.0
Norma del vettore g: 19.999999999999996
Norma del vettore g: 19.999999999999996
Norma del vettore g: 20.000000000000004
Norma del vettore g: 20.000000000000004
[=======                                                               ] 10.39%
Norma del vettore g: 20.0
⚠️ Errore numerico: Autovalori troppo piccoli in Sigma. Uso la pseudo-inversa.
Norma del vettore g: 20.0
⚠️ Errore numerico: Autovalori troppo piccoli in Sigma. Uso la pseudo-inversa.
Norma del vettore g: 20.0
Norma del vettore g: 20.0
Norma del vettore g: 20.0
Norma del vettore g: 20.0
Norma del vettore g: 20.0
Norma del vettore g non è uguale a sqrt(N): 61.74357143714344
Norma del vettore g: 19.999999999999996
⚠️ Errore numerico: Autovalori troppo piccoli in Sigma. Uso la pseudo-inversa.
Norma del vettore g non è uguale a sqrt(N): 61.74357143714344
Norma del vettore g: 19.999999999999996
⚠️ Errore numerico: Autovalori troppo piccoli in Sigma. Uso la pseudo-inversa.
Norma del vettore g non è uguale a sqrt(N): 61.74357143714344
Norma del vettore g: 19.999999999999996
Norma del vettore g non è uguale a sqrt(N): 61.74357143714344
Norma del vettore g: 19.999999999999996
Norma del vettore g non è uguale a sqrt(N): 61.74357143714344
Norma del vettore g: 19.999999999999996
Norma del vettore g non è uguale a sqrt(N): 61.74357143714344
Norma del vettore g: 19.999999999999996
Norma del vettore g non è uguale a sqrt(N): 61.74357143714344
Norma del vettore g: 19.999999999999996
Norma del vettore g non è uguale a sqrt(N): 61.74357143714344
Norma del vettore g: 19.999999999999996
⚠️ Errore numerico: Autovalori troppo piccoli in Sigma. Uso la pseudo-inversa.
Norma del vettore g non è uguale a sqrt(N): 61.74357143714344
Norma del vettore g: 19.999999999999996
⚠️ Errore numerico: Autovalori troppo piccoli in Sigma. Uso la pseudo-inversa.
Norma del vettore g non è uguale a sqrt(N): 61.74357143714344
Norma del vettore g: 19.999999999999996
Norma del vettore g non è uguale a sqrt(N): 61.74357143714344
Norma del vettore g: 19.999999999999996
Norma del vettore g non è uguale a sqrt(N): 61.74357143714344
Norma del vettore g: 19.999999999999996
Norma del vettore g non è uguale a sqrt(N): 61.74357143714344
Norma del vettore g: 19.999999999999996
Norma del vettore g non è uguale a sqrt(N): 61.74357143714344
Norma del vettore g: 19.999999999999996
Norma del vettore g: 20.0
⚠️ Errore numerico: Autovalori troppo piccoli in Sigma. Uso la pseudo-inversa.
Norma del vettore g: 20.0
⚠️ Errore numerico: Autovalori troppo piccoli in Sigma. Uso la pseudo-inversa.
Norma del vettore g: 20.0
Norma del vettore g: 19.999999999999993
Norma del vettore g: 19.999999999999996
Norma del vettore g: 20.0
Norma del vettore g: 19.999999999999996
[=======                                                               ] 11.04%
Norma del vettore g: 20.0
⚠️ Errore numerico: Autovalori troppo piccoli in Sigma. Uso la pseudo-inversa.
Norma del vettore g: 20.0
⚠️ Errore numerico: Autovalori troppo piccoli in Sigma. Uso la pseudo-inversa.
Norma del vettore g: 20.0
Norma del vettore g: 20.0
Norma del vettore g: 20.0
Norma del vettore g: 20.0
Norma del vettore g: 20.0
Norma del vettore g non è uguale a sqrt(N): 68.20301092148051
Norma del vettore g: 20.000000000000004
⚠️ Errore numerico: Autovalori troppo piccoli in Sigma. Uso la pseudo-inversa.
Norma del vettore g non è uguale a sqrt(N): 68.20301092148051
Norma del vettore g: 20.000000000000004
⚠️ Errore numerico: Autovalori troppo piccoli in Sigma. Uso la pseudo-inversa.
Norma del vettore g non è uguale a sqrt(N): 68.20301092148051
Norma del vettore g: 20.000000000000004
Norma del vettore g non è uguale a sqrt(N): 68.20301092148051
Norma del vettore g: 20.000000000000004
Norma del vettore g non è uguale a sqrt(N): 68.20301092148051
Norma del vettore g: 20.000000000000004
Norma del vettore g non è uguale a sqrt(N): 68.20301092148051
Norma del vettore g: 20.000000000000004
Norma del vettore g non è uguale a sqrt(N): 68.20301092148051
Norma del vettore g: 20.000000000000004
Norma del vettore g non è uguale a sqrt(N): 68.20301092148051
Norma del vettore g: 20.000000000000004
⚠️ Errore numerico: Autovalori troppo piccoli in Sigma. Uso la pseudo-inversa.
Norma del vettore g non è uguale a sqrt(N): 68.20301092148051
Norma del vettore g: 20.000000000000004
⚠️ Errore numerico: Autovalori troppo piccoli in Sigma. Uso la pseudo-inversa.
Norma del vettore g non è uguale a sqrt(N): 68.20301092148051
Norma del vettore g: 20.000000000000004
Norma del vettore g non è uguale a sqrt(N): 68.20301092148051
Norma del vettore g: 20.000000000000004
Norma del vettore g non è uguale a sqrt(N): 68.20301092148051
Norma del vettore g: 20.000000000000004
Norma del vettore g non è uguale a sqrt(N): 68.20301092148051
Norma del vettore g: 20.000000000000004
Norma del vettore g non è uguale a sqrt(N): 68.20301092148051
Norma del vettore g: 20.000000000000004
Norma del vettore g: 19.999999999999993
⚠️ Errore numerico: Autovalori troppo piccoli in Sigma. Uso la pseudo-inversa.
Norma del vettore g: 19.999999999999993
⚠️ Errore numerico: Autovalori troppo piccoli in Sigma. Uso la pseudo-inversa.
Norma del vettore g: 19.999999999999993
Norma del vettore g: 20.000000000000004
Norma del vettore g: 19.999999999999996
Norma del vettore g: 19.999999999999996
Norma del vettore g: 19.999999999999993
[========                                                              ] 11.69%
Norma del vettore g: 20.0
⚠️ Errore numerico: Autovalori troppo piccoli in Sigma. Uso la pseudo-inversa.
Norma del vettore g: 20.0
⚠️ Errore numerico: Autovalori troppo piccoli in Sigma. Uso la pseudo-inversa.
Norma del vettore g: 20.0
Norma del vettore g: 20.0
Norma del vettore g: 20.0
Norma del vettore g: 20.0
Norma del vettore g: 20.0
Norma del vettore g non è uguale a sqrt(N): 72.4215284192218
Norma del vettore g: 20.000000000000004
⚠️ Errore numerico: Autovalori troppo piccoli in Sigma. Uso la pseudo-inversa.
Norma del vettore g non è uguale a sqrt(N): 72.4215284192218
Norma del vettore g: 20.000000000000004
⚠️ Errore numerico: Autovalori troppo piccoli in Sigma. Uso la pseudo-inversa.
Norma del vettore g non è uguale a sqrt(N): 72.4215284192218
Norma del vettore g: 20.000000000000004
Norma del vettore g non è uguale a sqrt(N): 72.4215284192218
Norma del vettore g: 20.000000000000004
Norma del vettore g non è uguale a sqrt(N): 72.4215284192218
Norma del vettore g: 20.000000000000004
Norma del vettore g non è uguale a sqrt(N): 72.4215284192218
Norma del vettore g: 20.000000000000004
Norma del vettore g non è uguale a sqrt(N): 72.4215284192218
Norma del vettore g: 20.000000000000004
Norma del vettore g non è uguale a sqrt(N): 72.4215284192218
Norma del vettore g: 20.000000000000004
⚠️ Errore numerico: Autovalori troppo piccoli in Sigma. Uso la pseudo-inversa.
Norma del vettore g non è uguale a sqrt(N): 72.4215284192218
Norma del vettore g: 20.000000000000004
⚠️ Errore numerico: Autovalori troppo piccoli in Sigma. Uso la pseudo-inversa.
Norma del vettore g non è uguale a sqrt(N): 72.4215284192218
Norma del vettore g: 20.000000000000004
Norma del vettore g non è uguale a sqrt(N): 72.4215284192218
Norma del vettore g: 20.000000000000004
Norma del vettore g non è uguale a sqrt(N): 72.4215284192218
Norma del vettore g: 20.000000000000004
Norma del vettore g non è uguale a sqrt(N): 72.4215284192218
Norma del vettore g: 20.000000000000004
Norma del vettore g non è uguale a sqrt(N): 72.4215284192218
Norma del vettore g: 20.000000000000004
Norma del vettore g: 20.0
⚠️ Errore numerico: Autovalori troppo piccoli in Sigma. Uso la pseudo-inversa.
Norma del vettore g: 20.0
⚠️ Errore numerico: Autovalori troppo piccoli in Sigma. Uso la pseudo-inversa.
Norma del vettore g: 19.999999999999993
Norma del vettore g: 20.000000000000004
Norma del vettore g: 20.0
Norma del vettore g: 19.999999999999993
Norma del vettore g: 20.0
[========                                                              ] 12.34%
Norma del vettore g: 20.0
⚠️ Errore numerico: Autovalori troppo piccoli in Sigma. Uso la pseudo-inversa.
Norma del vettore g: 20.0
⚠️ Errore numerico: Autovalori troppo piccoli in Sigma. Uso la pseudo-inversa.
Norma del vettore g: 20.0
Norma del vettore g: 20.0
Norma del vettore g: 20.0
Norma del vettore g: 20.0
Norma del vettore g: 20.0
Norma del vettore g non è uguale a sqrt(N): 62.754457879576286
Norma del vettore g: 20.000000000000004
⚠️ Errore numerico: Autovalori troppo piccoli in Sigma. Uso la pseudo-inversa.
Norma del vettore g non è uguale a sqrt(N): 62.754457879576286
Norma del vettore g: 20.000000000000004
⚠️ Errore numerico: Autovalori troppo piccoli in Sigma. Uso la pseudo-inversa.
Norma del vettore g non è uguale a sqrt(N): 62.754457879576286
Norma del vettore g: 20.000000000000004
Norma del vettore g non è uguale a sqrt(N): 62.754457879576286
Norma del vettore g: 20.000000000000004
Norma del vettore g non è uguale a sqrt(N): 62.754457879576286
Norma del vettore g: 20.000000000000004
Norma del vettore g non è uguale a sqrt(N): 62.754457879576286
Norma del vettore g: 20.000000000000004
Norma del vettore g non è uguale a sqrt(N): 62.754457879576286
Norma del vettore g: 20.000000000000004
Norma del vettore g non è uguale a sqrt(N): 62.754457879576286
Norma del vettore g: 20.000000000000004
⚠️ Errore numerico: Autovalori troppo piccoli in Sigma. Uso la pseudo-inversa.
Norma del vettore g non è uguale a sqrt(N): 62.754457879576286
Norma del vettore g: 20.000000000000004
⚠️ Errore numerico: Autovalori troppo piccoli in Sigma. Uso la pseudo-inversa.
Norma del vettore g non è uguale a sqrt(N): 62.754457879576286
Norma del vettore g: 20.000000000000004
Norma del vettore g non è uguale a sqrt(N): 62.754457879576286
Norma del vettore g: 20.000000000000004
Norma del vettore g non è uguale a sqrt(N): 62.754457879576286
Norma del vettore g: 20.000000000000004
Norma del vettore g non è uguale a sqrt(N): 62.754457879576286
Norma del vettore g: 20.000000000000004
Norma del vettore g non è uguale a sqrt(N): 62.754457879576286
Norma del vettore g: 20.000000000000004
Norma del vettore g: 20.000000000000004
⚠️ Errore numerico: Autovalori troppo piccoli in Sigma. Uso la pseudo-inversa.
Norma del vettore g: 20.0
⚠️ Errore numerico: Autovalori troppo piccoli in Sigma. Uso la pseudo-inversa.
Norma del vettore g: 20.0
Norma del vettore g: 20.0
Norma del vettore g: 20.000000000000004
Norma del vettore g: 20.000000000000004
Norma del vettore g: 20.0
[=========                                                             ] 12.99%
Norma del vettore g: 20.0
⚠️ Errore numerico: Autovalori troppo piccoli in Sigma. Uso la pseudo-inversa.
Norma del vettore g: 20.0
⚠️ Errore numerico: Autovalori troppo piccoli in Sigma. Uso la pseudo-inversa.
Norma del vettore g: 20.0
Norma del vettore g: 20.0
Norma del vettore g: 20.0
Norma del vettore g: 20.0
Norma del vettore g: 20.0
Norma del vettore g non è uguale a sqrt(N): 57.93825747878388
Norma del vettore g: 19.999999999999993
⚠️ Errore numerico: Autovalori troppo piccoli in Sigma. Uso la pseudo-inversa.
Norma del vettore g non è uguale a sqrt(N): 57.93825747878388
Norma del vettore g: 19.999999999999993
⚠️ Errore numerico: Autovalori troppo piccoli in Sigma. Uso la pseudo-inversa.
Norma del vettore g non è uguale a sqrt(N): 57.93825747878388
Norma del vettore g: 19.999999999999993
Norma del vettore g non è uguale a sqrt(N): 57.93825747878388
Norma del vettore g: 19.999999999999993
Norma del vettore g non è uguale a sqrt(N): 57.93825747878388
Norma del vettore g: 19.999999999999993
Norma del vettore g non è uguale a sqrt(N): 57.93825747878388
Norma del vettore g: 19.999999999999993
Norma del vettore g non è uguale a sqrt(N): 57.93825747878388
Norma del vettore g: 19.999999999999993
Norma del vettore g non è uguale a sqrt(N): 57.93825747878388
Norma del vettore g: 19.999999999999993
⚠️ Errore numerico: Autovalori troppo piccoli in Sigma. Uso la pseudo-inversa.
Norma del vettore g non è uguale a sqrt(N): 57.93825747878388
Norma del vettore g: 19.999999999999993
⚠️ Errore numerico: Autovalori troppo piccoli in Sigma. Uso la pseudo-inversa.
Norma del vettore g non è uguale a sqrt(N): 57.93825747878388
Norma del vettore g: 19.999999999999993
Norma del vettore g non è uguale a sqrt(N): 57.93825747878388
Norma del vettore g: 19.999999999999993
Norma del vettore g non è uguale a sqrt(N): 57.93825747878388
Norma del vettore g: 19.999999999999993
Norma del vettore g non è uguale a sqrt(N): 57.93825747878388
Norma del vettore g: 19.999999999999993
Norma del vettore g non è uguale a sqrt(N): 57.93825747878388
Norma del vettore g: 19.999999999999993
Norma del vettore g: 20.0
⚠️ Errore numerico: Autovalori troppo piccoli in Sigma. Uso la pseudo-inversa.
Norma del vettore g: 20.000000000000004
⚠️ Errore numerico: Autovalori troppo piccoli in Sigma. Uso la pseudo-inversa.
Norma del vettore g: 20.000000000000007
Norma del vettore g: 20.0
Norma del vettore g: 20.000000000000004
Norma del vettore g: 20.000000000000004
Norma del vettore g: 19.999999999999996
[=========                                                             ] 13.64%
Norma del vettore g: 20.0
⚠️ Errore numerico: Autovalori troppo piccoli in Sigma. Uso la pseudo-inversa.
Norma del vettore g: 20.0
⚠️ Errore numerico: Autovalori troppo piccoli in Sigma. Uso la pseudo-inversa.
Norma del vettore g: 20.0
Norma del vettore g: 20.0
Norma del vettore g: 20.0
Norma del vettore g: 20.0
⚠️ Errore numerico: Autovalori troppo piccoli in Sigma. Uso la pseudo-inversa.
Norma del vettore g: 20.0
Norma del vettore g non è uguale a sqrt(N): 84.33403662625153
Norma del vettore g: 19.999999999999993
⚠️ Errore numerico: Autovalori troppo piccoli in Sigma. Uso la pseudo-inversa.
Norma del vettore g non è uguale a sqrt(N): 84.33403662625153
Norma del vettore g: 19.999999999999993
⚠️ Errore numerico: Autovalori troppo piccoli in Sigma. Uso la pseudo-inversa.
Norma del vettore g non è uguale a sqrt(N): 84.33403662625153
Norma del vettore g: 19.999999999999993
Norma del vettore g non è uguale a sqrt(N): 84.33403662625153
Norma del vettore g: 19.999999999999993
Norma del vettore g non è uguale a sqrt(N): 84.33403662625153
Norma del vettore g: 19.999999999999993
Norma del vettore g non è uguale a sqrt(N): 84.33403662625153
Norma del vettore g: 19.999999999999993
⚠️ Errore numerico: Autovalori troppo piccoli in Sigma. Uso la pseudo-inversa.
Norma del vettore g non è uguale a sqrt(N): 84.33403662625153
Norma del vettore g: 19.999999999999993
Norma del vettore g non è uguale a sqrt(N): 84.33403662625153
Norma del vettore g: 19.999999999999993
⚠️ Errore numerico: Autovalori troppo piccoli in Sigma. Uso la pseudo-inversa.
Norma del vettore g non è uguale a sqrt(N): 84.33403662625153
Norma del vettore g: 19.999999999999993
⚠️ Errore numerico: Autovalori troppo piccoli in Sigma. Uso la pseudo-inversa.
Norma del vettore g non è uguale a sqrt(N): 84.33403662625153
Norma del vettore g: 19.999999999999993
Norma del vettore g non è uguale a sqrt(N): 84.33403662625153
Norma del vettore g: 19.999999999999993
Norma del vettore g non è uguale a sqrt(N): 84.33403662625153
Norma del vettore g: 19.999999999999993
Norma del vettore g non è uguale a sqrt(N): 84.33403662625153
Norma del vettore g: 19.999999999999993
⚠️ Errore numerico: Autovalori troppo piccoli in Sigma. Uso la pseudo-inversa.
Norma del vettore g non è uguale a sqrt(N): 84.33403662625153
Norma del vettore g: 19.999999999999993
Norma del vettore g: 19.999999999999993
⚠️ Errore numerico: Autovalori troppo piccoli in Sigma. Uso la pseudo-inversa.
Norma del vettore g: 19.999999999999996
⚠️ Errore numerico: Autovalori troppo piccoli in Sigma. Uso la pseudo-inversa.
Norma del vettore g: 19.999999999999993
Norma del vettore g: 20.0
Norma del vettore g: 20.000000000000004
Norma del vettore g: 20.000000000000004
⚠️ Errore numerico: Autovalori troppo piccoli in Sigma. Uso la pseudo-inversa.
Norma del vettore g: 19.999999999999993
[==========                                                            ] 14.29%
Norma del vettore g: 20.0
⚠️ Errore numerico: Autovalori troppo piccoli in Sigma. Uso la pseudo-inversa.
Norma del vettore g: 20.0
⚠️ Errore numerico: Autovalori troppo piccoli in Sigma. Uso la pseudo-inversa.
Norma del vettore g: 20.0
Norma del vettore g: 20.0
Norma del vettore g: 20.0
Norma del vettore g: 20.0
⚠️ Errore numerico: Autovalori troppo piccoli in Sigma. Uso la pseudo-inversa.
Norma del vettore g: 20.0
Norma del vettore g non è uguale a sqrt(N): 119.7584754756136
Norma del vettore g: 20.000000000000007
⚠️ Errore numerico: Autovalori troppo piccoli in Sigma. Uso la pseudo-inversa.
Norma del vettore g non è uguale a sqrt(N): 119.7584754756136
Norma del vettore g: 20.000000000000007
⚠️ Errore numerico: Autovalori troppo piccoli in Sigma. Uso la pseudo-inversa.
Norma del vettore g non è uguale a sqrt(N): 119.7584754756136
Norma del vettore g: 20.000000000000007
Norma del vettore g non è uguale a sqrt(N): 119.7584754756136
Norma del vettore g: 20.000000000000007
Norma del vettore g non è uguale a sqrt(N): 119.7584754756136
Norma del vettore g: 20.000000000000007
Norma del vettore g non è uguale a sqrt(N): 119.7584754756136
Norma del vettore g: 20.000000000000007
⚠️ Errore numerico: Autovalori troppo piccoli in Sigma. Uso la pseudo-inversa.
Norma del vettore g non è uguale a sqrt(N): 119.7584754756136
Norma del vettore g: 20.000000000000007
Norma del vettore g non è uguale a sqrt(N): 119.7584754756136
Norma del vettore g: 20.000000000000007
⚠️ Errore numerico: Autovalori troppo piccoli in Sigma. Uso la pseudo-inversa.
Norma del vettore g non è uguale a sqrt(N): 119.7584754756136
Norma del vettore g: 20.000000000000007
⚠️ Errore numerico: Autovalori troppo piccoli in Sigma. Uso la pseudo-inversa.
Norma del vettore g non è uguale a sqrt(N): 119.7584754756136
Norma del vettore g: 20.000000000000007
Norma del vettore g non è uguale a sqrt(N): 119.7584754756136
Norma del vettore g: 20.000000000000007
Norma del vettore g non è uguale a sqrt(N): 119.7584754756136
Norma del vettore g: 20.000000000000007
Norma del vettore g non è uguale a sqrt(N): 119.7584754756136
Norma del vettore g: 20.000000000000007
⚠️ Errore numerico: Autovalori troppo piccoli in Sigma. Uso la pseudo-inversa.
Norma del vettore g non è uguale a sqrt(N): 119.7584754756136
Norma del vettore g: 20.000000000000007
Norma del vettore g: 20.0
⚠️ Errore numerico: Autovalori troppo piccoli in Sigma. Uso la pseudo-inversa.
Norma del vettore g: 20.0
⚠️ Errore numerico: Autovalori troppo piccoli in Sigma. Uso la pseudo-inversa.
Norma del vettore g: 20.000000000000004
Norma del vettore g: 20.000000000000004
Norma del vettore g: 19.999999999999993
Norma del vettore g: 19.999999999999996
⚠️ Errore numerico: Autovalori troppo piccoli in Sigma. Uso la pseudo-inversa.
Norma del vettore g: 19.999999999999993
[==========                                                            ] 14.94%
Norma del vettore g: 20.0
⚠️ Errore numerico: Autovalori troppo piccoli in Sigma. Uso la pseudo-inversa.
Norma del vettore g: 20.0
⚠️ Errore numerico: Autovalori troppo piccoli in Sigma. Uso la pseudo-inversa.
Norma del vettore g: 20.0
Norma del vettore g: 20.0
Norma del vettore g: 20.0
Norma del vettore g: 20.0
⚠️ Errore numerico: Autovalori troppo piccoli in Sigma. Uso la pseudo-inversa.
Norma del vettore g: 20.0
Norma del vettore g non è uguale a sqrt(N): 138.28081185839252
Norma del vettore g: 19.999999999999996
⚠️ Errore numerico: Autovalori troppo piccoli in Sigma. Uso la pseudo-inversa.
Norma del vettore g non è uguale a sqrt(N): 138.28081185839252
Norma del vettore g: 19.999999999999996
⚠️ Errore numerico: Autovalori troppo piccoli in Sigma. Uso la pseudo-inversa.
Norma del vettore g non è uguale a sqrt(N): 138.28081185839252
Norma del vettore g: 19.999999999999996
Norma del vettore g non è uguale a sqrt(N): 138.28081185839252
Norma del vettore g: 19.999999999999996
Norma del vettore g non è uguale a sqrt(N): 138.28081185839252
Norma del vettore g: 19.999999999999996
Norma del vettore g non è uguale a sqrt(N): 138.28081185839252
Norma del vettore g: 19.999999999999996
⚠️ Errore numerico: Autovalori troppo piccoli in Sigma. Uso la pseudo-inversa.
Norma del vettore g non è uguale a sqrt(N): 138.28081185839252
Norma del vettore g: 19.999999999999996
Norma del vettore g non è uguale a sqrt(N): 138.28081185839252
Norma del vettore g: 19.999999999999996
⚠️ Errore numerico: Autovalori troppo piccoli in Sigma. Uso la pseudo-inversa.
Norma del vettore g non è uguale a sqrt(N): 138.28081185839252
Norma del vettore g: 19.999999999999996
⚠️ Errore numerico: Autovalori troppo piccoli in Sigma. Uso la pseudo-inversa.
Norma del vettore g non è uguale a sqrt(N): 138.28081185839252
Norma del vettore g: 19.999999999999996
Norma del vettore g non è uguale a sqrt(N): 138.28081185839252
Norma del vettore g: 19.999999999999996
Norma del vettore g non è uguale a sqrt(N): 138.28081185839252
Norma del vettore g: 19.999999999999996
Norma del vettore g non è uguale a sqrt(N): 138.28081185839252
Norma del vettore g: 19.999999999999996
⚠️ Errore numerico: Autovalori troppo piccoli in Sigma. Uso la pseudo-inversa.
Norma del vettore g non è uguale a sqrt(N): 138.28081185839252
Norma del vettore g: 19.999999999999996
Norma del vettore g: 19.999999999999996
⚠️ Errore numerico: Autovalori troppo piccoli in Sigma. Uso la pseudo-inversa.
Norma del vettore g: 19.999999999999996
⚠️ Errore numerico: Autovalori troppo piccoli in Sigma. Uso la pseudo-inversa.
Norma del vettore g: 20.0
Norma del vettore g: 20.000000000000007
Norma del vettore g: 20.000000000000004
Norma del vettore g: 19.999999999999993
⚠️ Errore numerico: Autovalori troppo piccoli in Sigma. Uso la pseudo-inversa.
Norma del vettore g: 20.000000000000004
[==========                                                            ] 15.58%
Norma del vettore g: 20.0
⚠️ Errore numerico: Autovalori troppo piccoli in Sigma. Uso la pseudo-inversa.
Norma del vettore g: 20.0
⚠️ Errore numerico: Autovalori troppo piccoli in Sigma. Uso la pseudo-inversa.
Norma del vettore g: 20.0
Norma del vettore g: 20.0
Norma del vettore g: 20.0
Norma del vettore g: 20.0
⚠️ Errore numerico: Autovalori troppo piccoli in Sigma. Uso la pseudo-inversa.
Norma del vettore g: 20.0
Norma del vettore g non è uguale a sqrt(N): 82.15379303494099
Norma del vettore g: 19.999999999999993
⚠️ Errore numerico: Autovalori troppo piccoli in Sigma. Uso la pseudo-inversa.
Norma del vettore g non è uguale a sqrt(N): 82.15379303494099
Norma del vettore g: 19.999999999999993
⚠️ Errore numerico: Autovalori troppo piccoli in Sigma. Uso la pseudo-inversa.
Norma del vettore g non è uguale a sqrt(N): 82.15379303494099
Norma del vettore g: 19.999999999999993
Norma del vettore g non è uguale a sqrt(N): 82.15379303494099
Norma del vettore g: 19.999999999999993
Norma del vettore g non è uguale a sqrt(N): 82.15379303494099
Norma del vettore g: 19.999999999999993
Norma del vettore g non è uguale a sqrt(N): 82.15379303494099
Norma del vettore g: 19.999999999999993
⚠️ Errore numerico: Autovalori troppo piccoli in Sigma. Uso la pseudo-inversa.
Norma del vettore g non è uguale a sqrt(N): 82.15379303494099
Norma del vettore g: 19.999999999999993
Norma del vettore g non è uguale a sqrt(N): 82.15379303494099
Norma del vettore g: 19.999999999999993
⚠️ Errore numerico: Autovalori troppo piccoli in Sigma. Uso la pseudo-inversa.
Norma del vettore g non è uguale a sqrt(N): 82.15379303494099
Norma del vettore g: 19.999999999999993
⚠️ Errore numerico: Autovalori troppo piccoli in Sigma. Uso la pseudo-inversa.
Norma del vettore g non è uguale a sqrt(N): 82.15379303494099
Norma del vettore g: 19.999999999999993
Norma del vettore g non è uguale a sqrt(N): 82.15379303494099
Norma del vettore g: 19.999999999999993
Norma del vettore g non è uguale a sqrt(N): 82.15379303494099
Norma del vettore g: 19.999999999999993
Norma del vettore g non è uguale a sqrt(N): 82.15379303494099
Norma del vettore g: 19.999999999999993
⚠️ Errore numerico: Autovalori troppo piccoli in Sigma. Uso la pseudo-inversa.
Norma del vettore g non è uguale a sqrt(N): 82.15379303494099
Norma del vettore g: 19.999999999999993
Norma del vettore g: 20.000000000000004
⚠️ Errore numerico: Autovalori troppo piccoli in Sigma. Uso la pseudo-inversa.
Norma del vettore g: 20.000000000000007
⚠️ Errore numerico: Autovalori troppo piccoli in Sigma. Uso la pseudo-inversa.
Norma del vettore g: 20.0
Norma del vettore g: 20.0
Norma del vettore g: 20.0
Norma del vettore g: 19.999999999999996
⚠️ Errore numerico: Autovalori troppo piccoli in Sigma. Uso la pseudo-inversa.
Norma del vettore g: 20.0
[===========                                                           ] 16.23%
Norma del vettore g: 20.0
⚠️ Errore numerico: Autovalori troppo piccoli in Sigma. Uso la pseudo-inversa.
Norma del vettore g: 20.0
⚠️ Errore numerico: Autovalori troppo piccoli in Sigma. Uso la pseudo-inversa.
Norma del vettore g: 20.0
Norma del vettore g: 20.0
Norma del vettore g: 20.0
Norma del vettore g: 20.0
⚠️ Errore numerico: Autovalori troppo piccoli in Sigma. Uso la pseudo-inversa.
Norma del vettore g: 20.0
Norma del vettore g non è uguale a sqrt(N): 116.4275306982422
Norma del vettore g: 20.000000000000007
⚠️ Errore numerico: Autovalori troppo piccoli in Sigma. Uso la pseudo-inversa.
Norma del vettore g non è uguale a sqrt(N): 116.4275306982422
Norma del vettore g: 20.000000000000007
⚠️ Errore numerico: Autovalori troppo piccoli in Sigma. Uso la pseudo-inversa.
Norma del vettore g non è uguale a sqrt(N): 116.4275306982422
Norma del vettore g: 20.000000000000007
Norma del vettore g non è uguale a sqrt(N): 116.4275306982422
Norma del vettore g: 20.000000000000007
Norma del vettore g non è uguale a sqrt(N): 116.4275306982422
Norma del vettore g: 20.000000000000007
Norma del vettore g non è uguale a sqrt(N): 116.4275306982422
Norma del vettore g: 20.000000000000007
⚠️ Errore numerico: Autovalori troppo piccoli in Sigma. Uso la pseudo-inversa.
Norma del vettore g non è uguale a sqrt(N): 116.4275306982422
Norma del vettore g: 20.000000000000007
Norma del vettore g non è uguale a sqrt(N): 116.4275306982422
Norma del vettore g: 20.000000000000007
⚠️ Errore numerico: Autovalori troppo piccoli in Sigma. Uso la pseudo-inversa.
Norma del vettore g non è uguale a sqrt(N): 116.4275306982422
Norma del vettore g: 20.000000000000007
⚠️ Errore numerico: Autovalori troppo piccoli in Sigma. Uso la pseudo-inversa.
Norma del vettore g non è uguale a sqrt(N): 116.4275306982422
Norma del vettore g: 20.000000000000007
Norma del vettore g non è uguale a sqrt(N): 116.4275306982422
Norma del vettore g: 20.000000000000007
Norma del vettore g non è uguale a sqrt(N): 116.4275306982422
Norma del vettore g: 20.000000000000007
Norma del vettore g non è uguale a sqrt(N): 116.4275306982422
Norma del vettore g: 20.000000000000007
⚠️ Errore numerico: Autovalori troppo piccoli in Sigma. Uso la pseudo-inversa.
Norma del vettore g non è uguale a sqrt(N): 116.4275306982422
Norma del vettore g: 20.000000000000007
Norma del vettore g: 20.0
⚠️ Errore numerico: Autovalori troppo piccoli in Sigma. Uso la pseudo-inversa.
Norma del vettore g: 19.999999999999993
⚠️ Errore numerico: Autovalori troppo piccoli in Sigma. Uso la pseudo-inversa.
Norma del vettore g: 19.999999999999993
Norma del vettore g: 20.000000000000007
Norma del vettore g: 20.000000000000004
Norma del vettore g: 20.000000000000007
⚠️ Errore numerico: Autovalori troppo piccoli in Sigma. Uso la pseudo-inversa.
Norma del vettore g: 19.999999999999996
[===========                                                           ] 16.88%
Norma del vettore g: 20.0
⚠️ Errore numerico: Autovalori troppo piccoli in Sigma. Uso la pseudo-inversa.
Norma del vettore g: 20.0
⚠️ Errore numerico: Autovalori troppo piccoli in Sigma. Uso la pseudo-inversa.
Norma del vettore g: 20.0
Norma del vettore g: 20.0
Norma del vettore g: 20.0
Norma del vettore g: 20.0
Norma del vettore g: 20.0
Norma del vettore g non è uguale a sqrt(N): 93.2325562430086
Norma del vettore g: 20.0
⚠️ Errore numerico: Autovalori troppo piccoli in Sigma. Uso la pseudo-inversa.
Norma del vettore g non è uguale a sqrt(N): 93.2325562430086
Norma del vettore g: 20.0
⚠️ Errore numerico: Autovalori troppo piccoli in Sigma. Uso la pseudo-inversa.
Norma del vettore g non è uguale a sqrt(N): 93.2325562430086
Norma del vettore g: 20.0
Norma del vettore g non è uguale a sqrt(N): 93.2325562430086
Norma del vettore g: 20.0
Norma del vettore g non è uguale a sqrt(N): 93.2325562430086
Norma del vettore g: 20.0
Norma del vettore g non è uguale a sqrt(N): 93.2325562430086
Norma del vettore g: 20.0
Norma del vettore g non è uguale a sqrt(N): 93.2325562430086
Norma del vettore g: 20.0
Norma del vettore g non è uguale a sqrt(N): 93.2325562430086
Norma del vettore g: 20.0
⚠️ Errore numerico: Autovalori troppo piccoli in Sigma. Uso la pseudo-inversa.
Norma del vettore g non è uguale a sqrt(N): 93.2325562430086
Norma del vettore g: 20.0
⚠️ Errore numerico: Autovalori troppo piccoli in Sigma. Uso la pseudo-inversa.
Norma del vettore g non è uguale a sqrt(N): 93.2325562430086
Norma del vettore g: 20.0
Norma del vettore g non è uguale a sqrt(N): 93.2325562430086
Norma del vettore g: 20.0
Norma del vettore g non è uguale a sqrt(N): 93.2325562430086
Norma del vettore g: 20.0
Norma del vettore g non è uguale a sqrt(N): 93.2325562430086
Norma del vettore g: 20.0
Norma del vettore g non è uguale a sqrt(N): 93.2325562430086
Norma del vettore g: 20.0
Norma del vettore g: 19.999999999999996
⚠️ Errore numerico: Autovalori troppo piccoli in Sigma. Uso la pseudo-inversa.
Norma del vettore g: 20.000000000000004
⚠️ Errore numerico: Autovalori troppo piccoli in Sigma. Uso la pseudo-inversa.
Norma del vettore g: 19.999999999999996
Norma del vettore g: 20.000000000000007
Norma del vettore g: 20.0
Norma del vettore g: 20.000000000000007
Norma del vettore g: 20.0
[============                                                          ] 17.53%
Norma del vettore g: 20.0
⚠️ Errore numerico: Autovalori troppo piccoli in Sigma. Uso la pseudo-inversa.
Norma del vettore g: 20.0
⚠️ Errore numerico: Autovalori troppo piccoli in Sigma. Uso la pseudo-inversa.
Norma del vettore g: 20.0
Norma del vettore g: 20.0
Norma del vettore g: 20.0
Norma del vettore g: 20.0
Norma del vettore g: 20.0
Norma del vettore g non è uguale a sqrt(N): 133.18841823150652
Norma del vettore g: 20.0
⚠️ Errore numerico: Autovalori troppo piccoli in Sigma. Uso la pseudo-inversa.
Norma del vettore g non è uguale a sqrt(N): 133.18841823150652
Norma del vettore g: 20.0
⚠️ Errore numerico: Autovalori troppo piccoli in Sigma. Uso la pseudo-inversa.
Norma del vettore g non è uguale a sqrt(N): 133.18841823150652
Norma del vettore g: 20.0
Norma del vettore g non è uguale a sqrt(N): 133.18841823150652
Norma del vettore g: 20.0
Norma del vettore g non è uguale a sqrt(N): 133.18841823150652
Norma del vettore g: 20.0
Norma del vettore g non è uguale a sqrt(N): 133.18841823150652
Norma del vettore g: 20.0
Norma del vettore g non è uguale a sqrt(N): 133.18841823150652
Norma del vettore g: 20.0
Norma del vettore g non è uguale a sqrt(N): 133.18841823150652
Norma del vettore g: 20.0
⚠️ Errore numerico: Autovalori troppo piccoli in Sigma. Uso la pseudo-inversa.
Norma del vettore g non è uguale a sqrt(N): 133.18841823150652
Norma del vettore g: 20.0
⚠️ Errore numerico: Autovalori troppo piccoli in Sigma. Uso la pseudo-inversa.
Norma del vettore g non è uguale a sqrt(N): 133.18841823150652
Norma del vettore g: 20.0
Norma del vettore g non è uguale a sqrt(N): 133.18841823150652
Norma del vettore g: 20.0
Norma del vettore g non è uguale a sqrt(N): 133.18841823150652
Norma del vettore g: 20.0
Norma del vettore g non è uguale a sqrt(N): 133.18841823150652
Norma del vettore g: 20.0
Norma del vettore g non è uguale a sqrt(N): 133.18841823150652
Norma del vettore g: 20.0
Norma del vettore g: 20.0
⚠️ Errore numerico: Autovalori troppo piccoli in Sigma. Uso la pseudo-inversa.
Norma del vettore g: 20.0
⚠️ Errore numerico: Autovalori troppo piccoli in Sigma. Uso la pseudo-inversa.
Norma del vettore g: 19.999999999999996
Norma del vettore g: 19.999999999999996
Norma del vettore g: 20.000000000000004
Norma del vettore g: 20.0
Norma del vettore g: 20.000000000000007
[============                                                          ] 18.18%
Norma del vettore g: 20.0
⚠️ Errore numerico: Autovalori troppo piccoli in Sigma. Uso la pseudo-inversa.
Norma del vettore g: 20.0
⚠️ Errore numerico: Autovalori troppo piccoli in Sigma. Uso la pseudo-inversa.
Norma del vettore g: 20.0
Norma del vettore g: 20.0
Norma del vettore g: 20.0
Norma del vettore g: 20.0
Norma del vettore g: 20.0
Norma del vettore g non è uguale a sqrt(N): 212.30323650394152
Norma del vettore g: 20.000000000000004
⚠️ Errore numerico: Autovalori troppo piccoli in Sigma. Uso la pseudo-inversa.
Norma del vettore g non è uguale a sqrt(N): 212.30323650394152
Norma del vettore g: 20.000000000000004
⚠️ Errore numerico: Autovalori troppo piccoli in Sigma. Uso la pseudo-inversa.
Norma del vettore g non è uguale a sqrt(N): 212.30323650394152
Norma del vettore g: 20.000000000000004
Norma del vettore g non è uguale a sqrt(N): 212.30323650394152
Norma del vettore g: 20.000000000000004
Norma del vettore g non è uguale a sqrt(N): 212.30323650394152
Norma del vettore g: 20.000000000000004
Norma del vettore g non è uguale a sqrt(N): 212.30323650394152
Norma del vettore g: 20.000000000000004
Norma del vettore g non è uguale a sqrt(N): 212.30323650394152
Norma del vettore g: 20.000000000000004
Norma del vettore g non è uguale a sqrt(N): 212.30323650394152
Norma del vettore g: 20.000000000000004
⚠️ Errore numerico: Autovalori troppo piccoli in Sigma. Uso la pseudo-inversa.
Norma del vettore g non è uguale a sqrt(N): 212.30323650394152
Norma del vettore g: 20.000000000000004
⚠️ Errore numerico: Autovalori troppo piccoli in Sigma. Uso la pseudo-inversa.
Norma del vettore g non è uguale a sqrt(N): 212.30323650394152
Norma del vettore g: 20.000000000000004
Norma del vettore g non è uguale a sqrt(N): 212.30323650394152
Norma del vettore g: 20.000000000000004
Norma del vettore g non è uguale a sqrt(N): 212.30323650394152
Norma del vettore g: 20.000000000000004
Norma del vettore g non è uguale a sqrt(N): 212.30323650394152
Norma del vettore g: 20.000000000000004
Norma del vettore g non è uguale a sqrt(N): 212.30323650394152
Norma del vettore g: 20.000000000000004
Norma del vettore g: 19.999999999999996
⚠️ Errore numerico: Autovalori troppo piccoli in Sigma. Uso la pseudo-inversa.
Norma del vettore g: 19.999999999999993
⚠️ Errore numerico: Autovalori troppo piccoli in Sigma. Uso la pseudo-inversa.
Norma del vettore g: 20.0
Norma del vettore g: 19.999999999999993
Norma del vettore g: 20.000000000000004
Norma del vettore g: 20.0
Norma del vettore g: 19.999999999999996
[=============                                                         ] 18.83%
Norma del vettore g: 20.0
⚠️ Errore numerico: Autovalori troppo piccoli in Sigma. Uso la pseudo-inversa.
Norma del vettore g: 20.0
⚠️ Errore numerico: Autovalori troppo piccoli in Sigma. Uso la pseudo-inversa.
Norma del vettore g: 20.0
Norma del vettore g: 20.0
Norma del vettore g: 20.0
Norma del vettore g: 20.0
Norma del vettore g: 20.0
Norma del vettore g non è uguale a sqrt(N): 94.07622651585999
Norma del vettore g: 19.999999999999996
⚠️ Errore numerico: Autovalori troppo piccoli in Sigma. Uso la pseudo-inversa.
Norma del vettore g non è uguale a sqrt(N): 94.07622651585999
Norma del vettore g: 19.999999999999996
⚠️ Errore numerico: Autovalori troppo piccoli in Sigma. Uso la pseudo-inversa.
Norma del vettore g non è uguale a sqrt(N): 94.07622651585999
Norma del vettore g: 19.999999999999996
Norma del vettore g non è uguale a sqrt(N): 94.07622651585999
Norma del vettore g: 19.999999999999996
Norma del vettore g non è uguale a sqrt(N): 94.07622651585999
Norma del vettore g: 19.999999999999996
Norma del vettore g non è uguale a sqrt(N): 94.07622651585999
Norma del vettore g: 19.999999999999996
Norma del vettore g non è uguale a sqrt(N): 94.07622651585999
Norma del vettore g: 19.999999999999996
Norma del vettore g non è uguale a sqrt(N): 94.07622651585999
Norma del vettore g: 19.999999999999996
⚠️ Errore numerico: Autovalori troppo piccoli in Sigma. Uso la pseudo-inversa.
Norma del vettore g non è uguale a sqrt(N): 94.07622651585999
Norma del vettore g: 19.999999999999996
⚠️ Errore numerico: Autovalori troppo piccoli in Sigma. Uso la pseudo-inversa.
Norma del vettore g non è uguale a sqrt(N): 94.07622651585999
Norma del vettore g: 19.999999999999996
Norma del vettore g non è uguale a sqrt(N): 94.07622651585999
Norma del vettore g: 19.999999999999996
Norma del vettore g non è uguale a sqrt(N): 94.07622651585999
Norma del vettore g: 19.999999999999996
Norma del vettore g non è uguale a sqrt(N): 94.07622651585999
Norma del vettore g: 19.999999999999996
Norma del vettore g non è uguale a sqrt(N): 94.07622651585999
Norma del vettore g: 19.999999999999996
Norma del vettore g: 19.999999999999996
⚠️ Errore numerico: Autovalori troppo piccoli in Sigma. Uso la pseudo-inversa.
Norma del vettore g: 20.0
⚠️ Errore numerico: Autovalori troppo piccoli in Sigma. Uso la pseudo-inversa.
Norma del vettore g: 19.999999999999996
Norma del vettore g: 20.000000000000007
Norma del vettore g: 20.0
Norma del vettore g: 20.000000000000004
Norma del vettore g: 20.000000000000014
[=============                                                         ] 19.48%
Norma del vettore g: 20.0
⚠️ Errore numerico: Autovalori troppo piccoli in Sigma. Uso la pseudo-inversa.
Norma del vettore g: 20.0
⚠️ Errore numerico: Autovalori troppo piccoli in Sigma. Uso la pseudo-inversa.
Norma del vettore g: 20.0
⚠️ Errore numerico: Autovalori troppo piccoli in Sigma. Uso la pseudo-inversa.
Norma del vettore g: 20.0
Norma del vettore g: 20.0
Norma del vettore g: 20.0
Norma del vettore g: 20.0
Norma del vettore g non è uguale a sqrt(N): 82.85148787058208
Norma del vettore g: 20.000000000000004
⚠️ Errore numerico: Autovalori troppo piccoli in Sigma. Uso la pseudo-inversa.
Norma del vettore g non è uguale a sqrt(N): 82.85148787058208
Norma del vettore g: 20.000000000000004
⚠️ Errore numerico: Autovalori troppo piccoli in Sigma. Uso la pseudo-inversa.
Norma del vettore g non è uguale a sqrt(N): 82.85148787058208
Norma del vettore g: 20.000000000000004
⚠️ Errore numerico: Autovalori troppo piccoli in Sigma. Uso la pseudo-inversa.
Norma del vettore g non è uguale a sqrt(N): 82.85148787058208
Norma del vettore g: 20.000000000000004
Norma del vettore g non è uguale a sqrt(N): 82.85148787058208
Norma del vettore g: 20.000000000000004
Norma del vettore g non è uguale a sqrt(N): 82.85148787058208
Norma del vettore g: 20.000000000000004
Norma del vettore g non è uguale a sqrt(N): 82.85148787058208
Norma del vettore g: 20.000000000000004
Norma del vettore g non è uguale a sqrt(N): 82.85148787058208
Norma del vettore g: 20.000000000000004
⚠️ Errore numerico: Autovalori troppo piccoli in Sigma. Uso la pseudo-inversa.
Norma del vettore g non è uguale a sqrt(N): 82.85148787058208
Norma del vettore g: 20.000000000000004
⚠️ Errore numerico: Autovalori troppo piccoli in Sigma. Uso la pseudo-inversa.
Norma del vettore g non è uguale a sqrt(N): 82.85148787058208
Norma del vettore g: 20.000000000000004
⚠️ Errore numerico: Autovalori troppo piccoli in Sigma. Uso la pseudo-inversa.
Norma del vettore g non è uguale a sqrt(N): 82.85148787058208
Norma del vettore g: 20.000000000000004
Norma del vettore g non è uguale a sqrt(N): 82.85148787058208
Norma del vettore g: 20.000000000000004
Norma del vettore g non è uguale a sqrt(N): 82.85148787058208
Norma del vettore g: 20.000000000000004
Norma del vettore g non è uguale a sqrt(N): 82.85148787058208
Norma del vettore g: 20.000000000000004
Norma del vettore g: 19.999999999999996
⚠️ Errore numerico: Autovalori troppo piccoli in Sigma. Uso la pseudo-inversa.
Norma del vettore g: 20.0
⚠️ Errore numerico: Autovalori troppo piccoli in Sigma. Uso la pseudo-inversa.
Norma del vettore g: 20.000000000000007
⚠️ Errore numerico: Autovalori troppo piccoli in Sigma. Uso la pseudo-inversa.
Norma del vettore g: 20.000000000000004
Norma del vettore g: 19.999999999999996
Norma del vettore g: 20.000000000000004
Norma del vettore g: 20.000000000000004
[==============                                                        ] 20.13%
Norma del vettore g: 20.0
⚠️ Errore numerico: Autovalori troppo piccoli in Sigma. Uso la pseudo-inversa.
Norma del vettore g: 20.0
⚠️ Errore numerico: Autovalori troppo piccoli in Sigma. Uso la pseudo-inversa.
Norma del vettore g: 20.0
⚠️ Errore numerico: Autovalori troppo piccoli in Sigma. Uso la pseudo-inversa.
Norma del vettore g: 20.0
Norma del vettore g: 20.0
Norma del vettore g: 20.0
⚠️ Errore numerico: Autovalori troppo piccoli in Sigma. Uso la pseudo-inversa.
Norma del vettore g: 20.0
Norma del vettore g non è uguale a sqrt(N): 114.63197861843639
Norma del vettore g: 19.999999999999993
⚠️ Errore numerico: Autovalori troppo piccoli in Sigma. Uso la pseudo-inversa.
Norma del vettore g non è uguale a sqrt(N): 114.63197861843639
Norma del vettore g: 19.999999999999993
⚠️ Errore numerico: Autovalori troppo piccoli in Sigma. Uso la pseudo-inversa.
Norma del vettore g non è uguale a sqrt(N): 114.63197861843639
Norma del vettore g: 19.999999999999993
⚠️ Errore numerico: Autovalori troppo piccoli in Sigma. Uso la pseudo-inversa.
Norma del vettore g non è uguale a sqrt(N): 114.63197861843639
Norma del vettore g: 19.999999999999993
Norma del vettore g non è uguale a sqrt(N): 114.63197861843639
Norma del vettore g: 19.999999999999993
Norma del vettore g non è uguale a sqrt(N): 114.63197861843639
Norma del vettore g: 19.999999999999993
⚠️ Errore numerico: Autovalori troppo piccoli in Sigma. Uso la pseudo-inversa.
Norma del vettore g non è uguale a sqrt(N): 114.63197861843639
Norma del vettore g: 19.999999999999993
Norma del vettore g non è uguale a sqrt(N): 114.63197861843639
Norma del vettore g: 19.999999999999993
⚠️ Errore numerico: Autovalori troppo piccoli in Sigma. Uso la pseudo-inversa.
Norma del vettore g non è uguale a sqrt(N): 114.63197861843639
Norma del vettore g: 19.999999999999993
⚠️ Errore numerico: Autovalori troppo piccoli in Sigma. Uso la pseudo-inversa.
Norma del vettore g non è uguale a sqrt(N): 114.63197861843639
Norma del vettore g: 19.999999999999993
⚠️ Errore numerico: Autovalori troppo piccoli in Sigma. Uso la pseudo-inversa.
Norma del vettore g non è uguale a sqrt(N): 114.63197861843639
Norma del vettore g: 19.999999999999993
Norma del vettore g non è uguale a sqrt(N): 114.63197861843639
Norma del vettore g: 19.999999999999993
Norma del vettore g non è uguale a sqrt(N): 114.63197861843639
Norma del vettore g: 19.999999999999993
⚠️ Errore numerico: Autovalori troppo piccoli in Sigma. Uso la pseudo-inversa.
Norma del vettore g non è uguale a sqrt(N): 114.63197861843639
Norma del vettore g: 19.999999999999993
Norma del vettore g: 20.0
⚠️ Errore numerico: Autovalori troppo piccoli in Sigma. Uso la pseudo-inversa.
Norma del vettore g: 19.999999999999996
⚠️ Errore numerico: Autovalori troppo piccoli in Sigma. Uso la pseudo-inversa.
Norma del vettore g: 19.999999999999996
⚠️ Errore numerico: Autovalori troppo piccoli in Sigma. Uso la pseudo-inversa.
Norma del vettore g: 19.999999999999996
Norma del vettore g: 19.999999999999996
Norma del vettore g: 19.999999999999996
⚠️ Errore numerico: Autovalori troppo piccoli in Sigma. Uso la pseudo-inversa.
Norma del vettore g: 20.000000000000004
[==============                                                        ] 20.78%
Norma del vettore g: 20.0
⚠️ Errore numerico: Autovalori troppo piccoli in Sigma. Uso la pseudo-inversa.
Norma del vettore g: 20.0
⚠️ Errore numerico: Autovalori troppo piccoli in Sigma. Uso la pseudo-inversa.
Norma del vettore g: 20.0
⚠️ Errore numerico: Autovalori troppo piccoli in Sigma. Uso la pseudo-inversa.
Norma del vettore g: 20.0
Norma del vettore g: 20.0
Norma del vettore g: 20.0
⚠️ Errore numerico: Autovalori troppo piccoli in Sigma. Uso la pseudo-inversa.
Norma del vettore g: 20.0
Norma del vettore g non è uguale a sqrt(N): 56.55082077697146
Norma del vettore g: 19.999999999999996
⚠️ Errore numerico: Autovalori troppo piccoli in Sigma. Uso la pseudo-inversa.
Norma del vettore g non è uguale a sqrt(N): 56.55082077697146
Norma del vettore g: 19.999999999999996
⚠️ Errore numerico: Autovalori troppo piccoli in Sigma. Uso la pseudo-inversa.
Norma del vettore g non è uguale a sqrt(N): 56.55082077697146
Norma del vettore g: 19.999999999999996
⚠️ Errore numerico: Autovalori troppo piccoli in Sigma. Uso la pseudo-inversa.
Norma del vettore g non è uguale a sqrt(N): 56.55082077697146
Norma del vettore g: 19.999999999999996
Norma del vettore g non è uguale a sqrt(N): 56.55082077697146
Norma del vettore g: 19.999999999999996
Norma del vettore g non è uguale a sqrt(N): 56.55082077697146
Norma del vettore g: 19.999999999999996
⚠️ Errore numerico: Autovalori troppo piccoli in Sigma. Uso la pseudo-inversa.
Norma del vettore g non è uguale a sqrt(N): 56.55082077697146
Norma del vettore g: 19.999999999999996
Norma del vettore g non è uguale a sqrt(N): 56.55082077697146
Norma del vettore g: 19.999999999999996
⚠️ Errore numerico: Autovalori troppo piccoli in Sigma. Uso la pseudo-inversa.
Norma del vettore g non è uguale a sqrt(N): 56.55082077697146
Norma del vettore g: 19.999999999999996
⚠️ Errore numerico: Autovalori troppo piccoli in Sigma. Uso la pseudo-inversa.
Norma del vettore g non è uguale a sqrt(N): 56.55082077697146
Norma del vettore g: 19.999999999999996
⚠️ Errore numerico: Autovalori troppo piccoli in Sigma. Uso la pseudo-inversa.
Norma del vettore g non è uguale a sqrt(N): 56.55082077697146
Norma del vettore g: 19.999999999999996
Norma del vettore g non è uguale a sqrt(N): 56.55082077697146
Norma del vettore g: 19.999999999999996
Norma del vettore g non è uguale a sqrt(N): 56.55082077697146
Norma del vettore g: 19.999999999999996
⚠️ Errore numerico: Autovalori troppo piccoli in Sigma. Uso la pseudo-inversa.
Norma del vettore g non è uguale a sqrt(N): 56.55082077697146
Norma del vettore g: 19.999999999999996
Norma del vettore g: 19.999999999999993
⚠️ Errore numerico: Autovalori troppo piccoli in Sigma. Uso la pseudo-inversa.
Norma del vettore g: 20.0
⚠️ Errore numerico: Autovalori troppo piccoli in Sigma. Uso la pseudo-inversa.
Norma del vettore g: 19.999999999999996
⚠️ Errore numerico: Autovalori troppo piccoli in Sigma. Uso la pseudo-inversa.
Norma del vettore g: 20.0
Norma del vettore g: 20.000000000000007
Norma del vettore g: 19.999999999999993
⚠️ Errore numerico: Autovalori troppo piccoli in Sigma. Uso la pseudo-inversa.
Norma del vettore g: 19.999999999999993
[===============                                                       ] 21.43%
Norma del vettore g: 20.0
⚠️ Errore numerico: Autovalori troppo piccoli in Sigma. Uso la pseudo-inversa.
Norma del vettore g: 20.0
⚠️ Errore numerico: Autovalori troppo piccoli in Sigma. Uso la pseudo-inversa.
Norma del vettore g: 20.0
⚠️ Errore numerico: Autovalori troppo piccoli in Sigma. Uso la pseudo-inversa.
Norma del vettore g: 20.0
Norma del vettore g: 20.0
Norma del vettore g: 20.0
⚠️ Errore numerico: Autovalori troppo piccoli in Sigma. Uso la pseudo-inversa.
Norma del vettore g: 20.0
Norma del vettore g non è uguale a sqrt(N): 52.80778594272953
Norma del vettore g: 20.000000000000007
⚠️ Errore numerico: Autovalori troppo piccoli in Sigma. Uso la pseudo-inversa.
Norma del vettore g non è uguale a sqrt(N): 52.80778594272953
Norma del vettore g: 20.000000000000007
⚠️ Errore numerico: Autovalori troppo piccoli in Sigma. Uso la pseudo-inversa.
Norma del vettore g non è uguale a sqrt(N): 52.80778594272953
Norma del vettore g: 20.000000000000007
⚠️ Errore numerico: Autovalori troppo piccoli in Sigma. Uso la pseudo-inversa.
Norma del vettore g non è uguale a sqrt(N): 52.80778594272953
Norma del vettore g: 20.000000000000007
Norma del vettore g non è uguale a sqrt(N): 52.80778594272953
Norma del vettore g: 20.000000000000007
Norma del vettore g non è uguale a sqrt(N): 52.80778594272953
Norma del vettore g: 20.000000000000007
⚠️ Errore numerico: Autovalori troppo piccoli in Sigma. Uso la pseudo-inversa.
Norma del vettore g non è uguale a sqrt(N): 52.80778594272953
Norma del vettore g: 20.000000000000007
Norma del vettore g non è uguale a sqrt(N): 52.80778594272953
Norma del vettore g: 20.000000000000007
⚠️ Errore numerico: Autovalori troppo piccoli in Sigma. Uso la pseudo-inversa.
Norma del vettore g non è uguale a sqrt(N): 52.80778594272953
Norma del vettore g: 20.000000000000007
⚠️ Errore numerico: Autovalori troppo piccoli in Sigma. Uso la pseudo-inversa.
Norma del vettore g non è uguale a sqrt(N): 52.80778594272953
Norma del vettore g: 20.000000000000007
⚠️ Errore numerico: Autovalori troppo piccoli in Sigma. Uso la pseudo-inversa.
Norma del vettore g non è uguale a sqrt(N): 52.80778594272953
Norma del vettore g: 20.000000000000007
Norma del vettore g non è uguale a sqrt(N): 52.80778594272953
Norma del vettore g: 20.000000000000007
Norma del vettore g non è uguale a sqrt(N): 52.80778594272953
Norma del vettore g: 20.000000000000007
⚠️ Errore numerico: Autovalori troppo piccoli in Sigma. Uso la pseudo-inversa.
Norma del vettore g non è uguale a sqrt(N): 52.80778594272953
Norma del vettore g: 20.000000000000007
Norma del vettore g: 20.000000000000007
⚠️ Errore numerico: Autovalori troppo piccoli in Sigma. Uso la pseudo-inversa.
Norma del vettore g: 20.000000000000007
⚠️ Errore numerico: Autovalori troppo piccoli in Sigma. Uso la pseudo-inversa.
Norma del vettore g: 20.0
⚠️ Errore numerico: Autovalori troppo piccoli in Sigma. Uso la pseudo-inversa.
Norma del vettore g: 19.999999999999993
Norma del vettore g: 20.000000000000007
Norma del vettore g: 20.0
⚠️ Errore numerico: Autovalori troppo piccoli in Sigma. Uso la pseudo-inversa.
Norma del vettore g: 20.000000000000004
[===============                                                       ] 22.08%
Norma del vettore g: 20.0
⚠️ Errore numerico: Autovalori troppo piccoli in Sigma. Uso la pseudo-inversa.
Norma del vettore g: 20.0
⚠️ Errore numerico: Autovalori troppo piccoli in Sigma. Uso la pseudo-inversa.
Norma del vettore g: 20.0
⚠️ Errore numerico: Autovalori troppo piccoli in Sigma. Uso la pseudo-inversa.
Norma del vettore g: 20.0
Norma del vettore g: 20.0
Norma del vettore g: 20.0
⚠️ Errore numerico: Autovalori troppo piccoli in Sigma. Uso la pseudo-inversa.
Norma del vettore g: 20.0
Norma del vettore g non è uguale a sqrt(N): 50.03463497053629
Norma del vettore g: 20.000000000000004
⚠️ Errore numerico: Autovalori troppo piccoli in Sigma. Uso la pseudo-inversa.
Norma del vettore g non è uguale a sqrt(N): 50.03463497053629
Norma del vettore g: 20.000000000000004
⚠️ Errore numerico: Autovalori troppo piccoli in Sigma. Uso la pseudo-inversa.
Norma del vettore g non è uguale a sqrt(N): 50.03463497053629
Norma del vettore g: 20.000000000000004
⚠️ Errore numerico: Autovalori troppo piccoli in Sigma. Uso la pseudo-inversa.
Norma del vettore g non è uguale a sqrt(N): 50.03463497053629
Norma del vettore g: 20.000000000000004
Norma del vettore g non è uguale a sqrt(N): 50.03463497053629
Norma del vettore g: 20.000000000000004
Norma del vettore g non è uguale a sqrt(N): 50.03463497053629
Norma del vettore g: 20.000000000000004
⚠️ Errore numerico: Autovalori troppo piccoli in Sigma. Uso la pseudo-inversa.
Norma del vettore g non è uguale a sqrt(N): 50.03463497053629
Norma del vettore g: 20.000000000000004
Norma del vettore g non è uguale a sqrt(N): 50.03463497053629
Norma del vettore g: 20.000000000000004
⚠️ Errore numerico: Autovalori troppo piccoli in Sigma. Uso la pseudo-inversa.
Norma del vettore g non è uguale a sqrt(N): 50.03463497053629
Norma del vettore g: 20.000000000000004
⚠️ Errore numerico: Autovalori troppo piccoli in Sigma. Uso la pseudo-inversa.
Norma del vettore g non è uguale a sqrt(N): 50.03463497053629
Norma del vettore g: 20.000000000000004
⚠️ Errore numerico: Autovalori troppo piccoli in Sigma. Uso la pseudo-inversa.
Norma del vettore g non è uguale a sqrt(N): 50.03463497053629
Norma del vettore g: 20.000000000000004
Norma del vettore g non è uguale a sqrt(N): 50.03463497053629
Norma del vettore g: 20.000000000000004
Norma del vettore g non è uguale a sqrt(N): 50.03463497053629
Norma del vettore g: 20.000000000000004
⚠️ Errore numerico: Autovalori troppo piccoli in Sigma. Uso la pseudo-inversa.
Norma del vettore g non è uguale a sqrt(N): 50.03463497053629
Norma del vettore g: 20.000000000000004
Norma del vettore g: 20.0
⚠️ Errore numerico: Autovalori troppo piccoli in Sigma. Uso la pseudo-inversa.
Norma del vettore g: 19.999999999999993
⚠️ Errore numerico: Autovalori troppo piccoli in Sigma. Uso la pseudo-inversa.
Norma del vettore g: 20.0
⚠️ Errore numerico: Autovalori troppo piccoli in Sigma. Uso la pseudo-inversa.
Norma del vettore g: 20.000000000000007
Norma del vettore g: 19.999999999999996
Norma del vettore g: 20.000000000000007
⚠️ Errore numerico: Autovalori troppo piccoli in Sigma. Uso la pseudo-inversa.
Norma del vettore g: 20.0
[===============                                                       ] 22.73%
Norma del vettore g: 20.0
⚠️ Errore numerico: Autovalori troppo piccoli in Sigma. Uso la pseudo-inversa.
Norma del vettore g: 20.0
⚠️ Errore numerico: Autovalori troppo piccoli in Sigma. Uso la pseudo-inversa.
Norma del vettore g: 20.0
⚠️ Errore numerico: Autovalori troppo piccoli in Sigma. Uso la pseudo-inversa.
Norma del vettore g: 20.0
Norma del vettore g: 20.0
Norma del vettore g: 20.0
⚠️ Errore numerico: Autovalori troppo piccoli in Sigma. Uso la pseudo-inversa.
Norma del vettore g: 20.0
Norma del vettore g non è uguale a sqrt(N): 52.62091290413302
Norma del vettore g: 20.000000000000004
⚠️ Errore numerico: Autovalori troppo piccoli in Sigma. Uso la pseudo-inversa.
Norma del vettore g non è uguale a sqrt(N): 52.62091290413302
Norma del vettore g: 20.000000000000004
⚠️ Errore numerico: Autovalori troppo piccoli in Sigma. Uso la pseudo-inversa.
Norma del vettore g non è uguale a sqrt(N): 52.62091290413302
Norma del vettore g: 20.000000000000004
⚠️ Errore numerico: Autovalori troppo piccoli in Sigma. Uso la pseudo-inversa.
Norma del vettore g non è uguale a sqrt(N): 52.62091290413302
Norma del vettore g: 20.000000000000004
Norma del vettore g non è uguale a sqrt(N): 52.62091290413302
Norma del vettore g: 20.000000000000004
Norma del vettore g non è uguale a sqrt(N): 52.62091290413302
Norma del vettore g: 20.000000000000004
⚠️ Errore numerico: Autovalori troppo piccoli in Sigma. Uso la pseudo-inversa.
Norma del vettore g non è uguale a sqrt(N): 52.62091290413302
Norma del vettore g: 20.000000000000004
Norma del vettore g non è uguale a sqrt(N): 52.62091290413302
Norma del vettore g: 20.000000000000004
⚠️ Errore numerico: Autovalori troppo piccoli in Sigma. Uso la pseudo-inversa.
Norma del vettore g non è uguale a sqrt(N): 52.62091290413302
Norma del vettore g: 20.000000000000004
⚠️ Errore numerico: Autovalori troppo piccoli in Sigma. Uso la pseudo-inversa.
Norma del vettore g non è uguale a sqrt(N): 52.62091290413302
Norma del vettore g: 20.000000000000004
⚠️ Errore numerico: Autovalori troppo piccoli in Sigma. Uso la pseudo-inversa.
Norma del vettore g non è uguale a sqrt(N): 52.62091290413302
Norma del vettore g: 20.000000000000004
Norma del vettore g non è uguale a sqrt(N): 52.62091290413302
Norma del vettore g: 20.000000000000004
Norma del vettore g non è uguale a sqrt(N): 52.62091290413302
Norma del vettore g: 20.000000000000004
⚠️ Errore numerico: Autovalori troppo piccoli in Sigma. Uso la pseudo-inversa.
Norma del vettore g non è uguale a sqrt(N): 52.62091290413302
Norma del vettore g: 20.000000000000004
Norma del vettore g: 19.999999999999993
⚠️ Errore numerico: Autovalori troppo piccoli in Sigma. Uso la pseudo-inversa.
Norma del vettore g: 20.0
⚠️ Errore numerico: Autovalori troppo piccoli in Sigma. Uso la pseudo-inversa.
Norma del vettore g: 20.000000000000004
⚠️ Errore numerico: Autovalori troppo piccoli in Sigma. Uso la pseudo-inversa.
Norma del vettore g: 20.0
Norma del vettore g: 20.0
Norma del vettore g: 20.000000000000007
⚠️ Errore numerico: Autovalori troppo piccoli in Sigma. Uso la pseudo-inversa.
Norma del vettore g: 20.0
[================                                                      ] 23.38%
Norma del vettore g: 20.0
⚠️ Errore numerico: Autovalori troppo piccoli in Sigma. Uso la pseudo-inversa.
Norma del vettore g: 20.0
⚠️ Errore numerico: Autovalori troppo piccoli in Sigma. Uso la pseudo-inversa.
Norma del vettore g: 20.0
⚠️ Errore numerico: Autovalori troppo piccoli in Sigma. Uso la pseudo-inversa.
Norma del vettore g: 20.0
Norma del vettore g: 20.0
Norma del vettore g: 20.0
⚠️ Errore numerico: Autovalori troppo piccoli in Sigma. Uso la pseudo-inversa.
Norma del vettore g: 20.0
Norma del vettore g non è uguale a sqrt(N): 55.94288627251393
Norma del vettore g: 20.000000000000004
⚠️ Errore numerico: Autovalori troppo piccoli in Sigma. Uso la pseudo-inversa.
Norma del vettore g non è uguale a sqrt(N): 55.94288627251393
Norma del vettore g: 20.000000000000004
⚠️ Errore numerico: Autovalori troppo piccoli in Sigma. Uso la pseudo-inversa.
Norma del vettore g non è uguale a sqrt(N): 55.94288627251393
Norma del vettore g: 20.000000000000004
⚠️ Errore numerico: Autovalori troppo piccoli in Sigma. Uso la pseudo-inversa.
Norma del vettore g non è uguale a sqrt(N): 55.94288627251393
Norma del vettore g: 20.000000000000004
Norma del vettore g non è uguale a sqrt(N): 55.94288627251393
Norma del vettore g: 20.000000000000004
Norma del vettore g non è uguale a sqrt(N): 55.94288627251393
Norma del vettore g: 20.000000000000004
⚠️ Errore numerico: Autovalori troppo piccoli in Sigma. Uso la pseudo-inversa.
Norma del vettore g non è uguale a sqrt(N): 55.94288627251393
Norma del vettore g: 20.000000000000004
Norma del vettore g non è uguale a sqrt(N): 55.94288627251393
Norma del vettore g: 20.000000000000004
⚠️ Errore numerico: Autovalori troppo piccoli in Sigma. Uso la pseudo-inversa.
Norma del vettore g non è uguale a sqrt(N): 55.94288627251393
Norma del vettore g: 20.000000000000004
⚠️ Errore numerico: Autovalori troppo piccoli in Sigma. Uso la pseudo-inversa.
Norma del vettore g non è uguale a sqrt(N): 55.94288627251393
Norma del vettore g: 20.000000000000004
⚠️ Errore numerico: Autovalori troppo piccoli in Sigma. Uso la pseudo-inversa.
Norma del vettore g non è uguale a sqrt(N): 55.94288627251393
Norma del vettore g: 20.000000000000004
Norma del vettore g non è uguale a sqrt(N): 55.94288627251393
Norma del vettore g: 20.000000000000004
Norma del vettore g non è uguale a sqrt(N): 55.94288627251393
Norma del vettore g: 20.000000000000004
⚠️ Errore numerico: Autovalori troppo piccoli in Sigma. Uso la pseudo-inversa.
Norma del vettore g non è uguale a sqrt(N): 55.94288627251393
Norma del vettore g: 20.000000000000004
Norma del vettore g: 19.999999999999993
⚠️ Errore numerico: Autovalori troppo piccoli in Sigma. Uso la pseudo-inversa.
Norma del vettore g: 20.000000000000007
⚠️ Errore numerico: Autovalori troppo piccoli in Sigma. Uso la pseudo-inversa.
Norma del vettore g: 20.000000000000004
⚠️ Errore numerico: Autovalori troppo piccoli in Sigma. Uso la pseudo-inversa.
Norma del vettore g: 20.000000000000004
Norma del vettore g: 19.999999999999996
Norma del vettore g: 19.999999999999996
⚠️ Errore numerico: Autovalori troppo piccoli in Sigma. Uso la pseudo-inversa.
Norma del vettore g: 19.999999999999993
[================                                                      ] 24.03%
Norma del vettore g: 20.0
⚠️ Errore numerico: Autovalori troppo piccoli in Sigma. Uso la pseudo-inversa.
Norma del vettore g: 20.0
⚠️ Errore numerico: Autovalori troppo piccoli in Sigma. Uso la pseudo-inversa.
Norma del vettore g: 20.0
⚠️ Errore numerico: Autovalori troppo piccoli in Sigma. Uso la pseudo-inversa.
Norma del vettore g: 20.0
Norma del vettore g: 20.0
Norma del vettore g: 20.0
⚠️ Errore numerico: Autovalori troppo piccoli in Sigma. Uso la pseudo-inversa.
Norma del vettore g: 20.0
Norma del vettore g non è uguale a sqrt(N): 74.31195204999112
Norma del vettore g: 19.999999999999993
⚠️ Errore numerico: Autovalori troppo piccoli in Sigma. Uso la pseudo-inversa.
Norma del vettore g non è uguale a sqrt(N): 74.31195204999112
Norma del vettore g: 19.999999999999993
⚠️ Errore numerico: Autovalori troppo piccoli in Sigma. Uso la pseudo-inversa.
Norma del vettore g non è uguale a sqrt(N): 74.31195204999112
Norma del vettore g: 19.999999999999993
⚠️ Errore numerico: Autovalori troppo piccoli in Sigma. Uso la pseudo-inversa.
Norma del vettore g non è uguale a sqrt(N): 74.31195204999112
Norma del vettore g: 19.999999999999993
Norma del vettore g non è uguale a sqrt(N): 74.31195204999112
Norma del vettore g: 19.999999999999993
Norma del vettore g non è uguale a sqrt(N): 74.31195204999112
Norma del vettore g: 19.999999999999993
⚠️ Errore numerico: Autovalori troppo piccoli in Sigma. Uso la pseudo-inversa.
Norma del vettore g non è uguale a sqrt(N): 74.31195204999112
Norma del vettore g: 19.999999999999993
Norma del vettore g non è uguale a sqrt(N): 74.31195204999112
Norma del vettore g: 19.999999999999993
⚠️ Errore numerico: Autovalori troppo piccoli in Sigma. Uso la pseudo-inversa.
Norma del vettore g non è uguale a sqrt(N): 74.31195204999112
Norma del vettore g: 19.999999999999993
⚠️ Errore numerico: Autovalori troppo piccoli in Sigma. Uso la pseudo-inversa.
Norma del vettore g non è uguale a sqrt(N): 74.31195204999112
Norma del vettore g: 19.999999999999993
⚠️ Errore numerico: Autovalori troppo piccoli in Sigma. Uso la pseudo-inversa.
Norma del vettore g non è uguale a sqrt(N): 74.31195204999112
Norma del vettore g: 19.999999999999993
Norma del vettore g non è uguale a sqrt(N): 74.31195204999112
Norma del vettore g: 19.999999999999993
Norma del vettore g non è uguale a sqrt(N): 74.31195204999112
Norma del vettore g: 19.999999999999993
⚠️ Errore numerico: Autovalori troppo piccoli in Sigma. Uso la pseudo-inversa.
Norma del vettore g non è uguale a sqrt(N): 74.31195204999112
Norma del vettore g: 19.999999999999993
Norma del vettore g: 20.0
⚠️ Errore numerico: Autovalori troppo piccoli in Sigma. Uso la pseudo-inversa.
Norma del vettore g: 20.0
⚠️ Errore numerico: Autovalori troppo piccoli in Sigma. Uso la pseudo-inversa.
Norma del vettore g: 19.999999999999996
⚠️ Errore numerico: Autovalori troppo piccoli in Sigma. Uso la pseudo-inversa.
Norma del vettore g: 20.0
Norma del vettore g: 19.999999999999993
Norma del vettore g: 20.000000000000007
⚠️ Errore numerico: Autovalori troppo piccoli in Sigma. Uso la pseudo-inversa.
Norma del vettore g: 19.999999999999993
[=================                                                     ] 24.68%
Norma del vettore g: 20.0
⚠️ Errore numerico: Autovalori troppo piccoli in Sigma. Uso la pseudo-inversa.
Norma del vettore g: 20.0
⚠️ Errore numerico: Autovalori troppo piccoli in Sigma. Uso la pseudo-inversa.
Norma del vettore g: 20.0
⚠️ Errore numerico: Autovalori troppo piccoli in Sigma. Uso la pseudo-inversa.
Norma del vettore g: 20.0
Norma del vettore g: 20.0
Norma del vettore g: 20.0
⚠️ Errore numerico: Autovalori troppo piccoli in Sigma. Uso la pseudo-inversa.
Norma del vettore g: 20.0
Norma del vettore g non è uguale a sqrt(N): 47.714584144186865
Norma del vettore g: 19.999999999999993
⚠️ Errore numerico: Autovalori troppo piccoli in Sigma. Uso la pseudo-inversa.
Norma del vettore g non è uguale a sqrt(N): 47.714584144186865
Norma del vettore g: 19.999999999999993
⚠️ Errore numerico: Autovalori troppo piccoli in Sigma. Uso la pseudo-inversa.
Norma del vettore g non è uguale a sqrt(N): 47.714584144186865
Norma del vettore g: 19.999999999999993
⚠️ Errore numerico: Autovalori troppo piccoli in Sigma. Uso la pseudo-inversa.
Norma del vettore g non è uguale a sqrt(N): 47.714584144186865
Norma del vettore g: 19.999999999999993
Norma del vettore g non è uguale a sqrt(N): 47.714584144186865
Norma del vettore g: 19.999999999999993
Norma del vettore g non è uguale a sqrt(N): 47.714584144186865
Norma del vettore g: 19.999999999999993
⚠️ Errore numerico: Autovalori troppo piccoli in Sigma. Uso la pseudo-inversa.
Norma del vettore g non è uguale a sqrt(N): 47.714584144186865
Norma del vettore g: 19.999999999999993
Norma del vettore g non è uguale a sqrt(N): 47.714584144186865
Norma del vettore g: 19.999999999999993
⚠️ Errore numerico: Autovalori troppo piccoli in Sigma. Uso la pseudo-inversa.
Norma del vettore g non è uguale a sqrt(N): 47.714584144186865
Norma del vettore g: 19.999999999999993
⚠️ Errore numerico: Autovalori troppo piccoli in Sigma. Uso la pseudo-inversa.
Norma del vettore g non è uguale a sqrt(N): 47.714584144186865
Norma del vettore g: 19.999999999999993
⚠️ Errore numerico: Autovalori troppo piccoli in Sigma. Uso la pseudo-inversa.
Norma del vettore g non è uguale a sqrt(N): 47.714584144186865
Norma del vettore g: 19.999999999999993
Norma del vettore g non è uguale a sqrt(N): 47.714584144186865
Norma del vettore g: 19.999999999999993
Norma del vettore g non è uguale a sqrt(N): 47.714584144186865
Norma del vettore g: 19.999999999999993
⚠️ Errore numerico: Autovalori troppo piccoli in Sigma. Uso la pseudo-inversa.
Norma del vettore g non è uguale a sqrt(N): 47.714584144186865
Norma del vettore g: 19.999999999999993
Norma del vettore g: 20.000000000000004
⚠️ Errore numerico: Autovalori troppo piccoli in Sigma. Uso la pseudo-inversa.
Norma del vettore g: 20.0
⚠️ Errore numerico: Autovalori troppo piccoli in Sigma. Uso la pseudo-inversa.
Norma del vettore g: 20.000000000000007
⚠️ Errore numerico: Autovalori troppo piccoli in Sigma. Uso la pseudo-inversa.
Norma del vettore g: 20.000000000000007
Norma del vettore g: 20.000000000000004
Norma del vettore g: 19.999999999999996
⚠️ Errore numerico: Autovalori troppo piccoli in Sigma. Uso la pseudo-inversa.
Norma del vettore g: 19.999999999999996
[=================                                                     ] 25.32%
Norma del vettore g: 20.0
⚠️ Errore numerico: Autovalori troppo piccoli in Sigma. Uso la pseudo-inversa.
Norma del vettore g: 20.0
⚠️ Errore numerico: Autovalori troppo piccoli in Sigma. Uso la pseudo-inversa.
Norma del vettore g: 20.0
⚠️ Errore numerico: Autovalori troppo piccoli in Sigma. Uso la pseudo-inversa.
Norma del vettore g: 20.0
Norma del vettore g: 20.0
Norma del vettore g: 20.0
⚠️ Errore numerico: Autovalori troppo piccoli in Sigma. Uso la pseudo-inversa.
Norma del vettore g: 20.0
Norma del vettore g non è uguale a sqrt(N): 44.859047040676245
Norma del vettore g: 20.0
⚠️ Errore numerico: Autovalori troppo piccoli in Sigma. Uso la pseudo-inversa.
Norma del vettore g non è uguale a sqrt(N): 44.859047040676245
Norma del vettore g: 20.0
⚠️ Errore numerico: Autovalori troppo piccoli in Sigma. Uso la pseudo-inversa.
Norma del vettore g non è uguale a sqrt(N): 44.859047040676245
Norma del vettore g: 20.0
⚠️ Errore numerico: Autovalori troppo piccoli in Sigma. Uso la pseudo-inversa.
Norma del vettore g non è uguale a sqrt(N): 44.859047040676245
Norma del vettore g: 20.0
Norma del vettore g non è uguale a sqrt(N): 44.859047040676245
Norma del vettore g: 20.0
Norma del vettore g non è uguale a sqrt(N): 44.859047040676245
Norma del vettore g: 20.0
⚠️ Errore numerico: Autovalori troppo piccoli in Sigma. Uso la pseudo-inversa.
Norma del vettore g non è uguale a sqrt(N): 44.859047040676245
Norma del vettore g: 20.0
Norma del vettore g non è uguale a sqrt(N): 44.859047040676245
Norma del vettore g: 20.0
⚠️ Errore numerico: Autovalori troppo piccoli in Sigma. Uso la pseudo-inversa.
Norma del vettore g non è uguale a sqrt(N): 44.859047040676245
Norma del vettore g: 20.0
⚠️ Errore numerico: Autovalori troppo piccoli in Sigma. Uso la pseudo-inversa.
Norma del vettore g non è uguale a sqrt(N): 44.859047040676245
Norma del vettore g: 20.0
⚠️ Errore numerico: Autovalori troppo piccoli in Sigma. Uso la pseudo-inversa.
Norma del vettore g non è uguale a sqrt(N): 44.859047040676245
Norma del vettore g: 20.0
Norma del vettore g non è uguale a sqrt(N): 44.859047040676245
Norma del vettore g: 20.0
Norma del vettore g non è uguale a sqrt(N): 44.859047040676245
Norma del vettore g: 20.0
⚠️ Errore numerico: Autovalori troppo piccoli in Sigma. Uso la pseudo-inversa.
Norma del vettore g non è uguale a sqrt(N): 44.859047040676245
Norma del vettore g: 20.0
Norma del vettore g: 20.000000000000007
⚠️ Errore numerico: Autovalori troppo piccoli in Sigma. Uso la pseudo-inversa.
Norma del vettore g: 20.000000000000007
⚠️ Errore numerico: Autovalori troppo piccoli in Sigma. Uso la pseudo-inversa.
Norma del vettore g: 19.999999999999993
⚠️ Errore numerico: Autovalori troppo piccoli in Sigma. Uso la pseudo-inversa.
Norma del vettore g: 20.0
Norma del vettore g: 20.0
Norma del vettore g: 20.000000000000007
⚠️ Errore numerico: Autovalori troppo piccoli in Sigma. Uso la pseudo-inversa.
Norma del vettore g: 19.999999999999993
[==================                                                    ] 25.97%
Norma del vettore g: 20.0
⚠️ Errore numerico: Autovalori troppo piccoli in Sigma. Uso la pseudo-inversa.
Norma del vettore g: 20.0
⚠️ Errore numerico: Autovalori troppo piccoli in Sigma. Uso la pseudo-inversa.
Norma del vettore g: 20.0
⚠️ Errore numerico: Autovalori troppo piccoli in Sigma. Uso la pseudo-inversa.
Norma del vettore g: 20.0
Norma del vettore g: 20.0
Norma del vettore g: 20.0
⚠️ Errore numerico: Autovalori troppo piccoli in Sigma. Uso la pseudo-inversa.
Norma del vettore g: 20.0
Norma del vettore g non è uguale a sqrt(N): 43.7557910399115
Norma del vettore g: 20.000000000000007
⚠️ Errore numerico: Autovalori troppo piccoli in Sigma. Uso la pseudo-inversa.
Norma del vettore g non è uguale a sqrt(N): 43.7557910399115
Norma del vettore g: 20.000000000000007
⚠️ Errore numerico: Autovalori troppo piccoli in Sigma. Uso la pseudo-inversa.
Norma del vettore g non è uguale a sqrt(N): 43.7557910399115
Norma del vettore g: 20.000000000000007
⚠️ Errore numerico: Autovalori troppo piccoli in Sigma. Uso la pseudo-inversa.
Norma del vettore g non è uguale a sqrt(N): 43.7557910399115
Norma del vettore g: 20.000000000000007
Norma del vettore g non è uguale a sqrt(N): 43.7557910399115
Norma del vettore g: 20.000000000000007
Norma del vettore g non è uguale a sqrt(N): 43.7557910399115
Norma del vettore g: 20.000000000000007
⚠️ Errore numerico: Autovalori troppo piccoli in Sigma. Uso la pseudo-inversa.
Norma del vettore g non è uguale a sqrt(N): 43.7557910399115
Norma del vettore g: 20.000000000000007
Norma del vettore g non è uguale a sqrt(N): 43.7557910399115
Norma del vettore g: 20.000000000000007
⚠️ Errore numerico: Autovalori troppo piccoli in Sigma. Uso la pseudo-inversa.
Norma del vettore g non è uguale a sqrt(N): 43.7557910399115
Norma del vettore g: 20.000000000000007
⚠️ Errore numerico: Autovalori troppo piccoli in Sigma. Uso la pseudo-inversa.
Norma del vettore g non è uguale a sqrt(N): 43.7557910399115
Norma del vettore g: 20.000000000000007
⚠️ Errore numerico: Autovalori troppo piccoli in Sigma. Uso la pseudo-inversa.
Norma del vettore g non è uguale a sqrt(N): 43.7557910399115
Norma del vettore g: 20.000000000000007
Norma del vettore g non è uguale a sqrt(N): 43.7557910399115
Norma del vettore g: 20.000000000000007
Norma del vettore g non è uguale a sqrt(N): 43.7557910399115
Norma del vettore g: 20.000000000000007
⚠️ Errore numerico: Autovalori troppo piccoli in Sigma. Uso la pseudo-inversa.
Norma del vettore g non è uguale a sqrt(N): 43.7557910399115
Norma del vettore g: 20.000000000000007
Norma del vettore g: 19.999999999999996
⚠️ Errore numerico: Autovalori troppo piccoli in Sigma. Uso la pseudo-inversa.
Norma del vettore g: 19.999999999999996
⚠️ Errore numerico: Autovalori troppo piccoli in Sigma. Uso la pseudo-inversa.
Norma del vettore g: 19.999999999999993
⚠️ Errore numerico: Autovalori troppo piccoli in Sigma. Uso la pseudo-inversa.
Norma del vettore g: 20.000000000000014
Norma del vettore g: 20.000000000000004
Norma del vettore g: 19.999999999999996
⚠️ Errore numerico: Autovalori troppo piccoli in Sigma. Uso la pseudo-inversa.
Norma del vettore g: 20.0
[==================                                                    ] 26.62%
Norma del vettore g: 20.0
⚠️ Errore numerico: Autovalori troppo piccoli in Sigma. Uso la pseudo-inversa.
Norma del vettore g: 20.0
⚠️ Errore numerico: Autovalori troppo piccoli in Sigma. Uso la pseudo-inversa.
Norma del vettore g: 20.0
⚠️ Errore numerico: Autovalori troppo piccoli in Sigma. Uso la pseudo-inversa.
Norma del vettore g: 20.0
Norma del vettore g: 20.0
Norma del vettore g: 20.0
⚠️ Errore numerico: Autovalori troppo piccoli in Sigma. Uso la pseudo-inversa.
Norma del vettore g: 20.0
Norma del vettore g non è uguale a sqrt(N): 54.547724181550905
Norma del vettore g: 20.000000000000007
⚠️ Errore numerico: Autovalori troppo piccoli in Sigma. Uso la pseudo-inversa.
Norma del vettore g non è uguale a sqrt(N): 54.547724181550905
Norma del vettore g: 20.000000000000007
⚠️ Errore numerico: Autovalori troppo piccoli in Sigma. Uso la pseudo-inversa.
Norma del vettore g non è uguale a sqrt(N): 54.547724181550905
Norma del vettore g: 20.000000000000007
⚠️ Errore numerico: Autovalori troppo piccoli in Sigma. Uso la pseudo-inversa.
Norma del vettore g non è uguale a sqrt(N): 54.547724181550905
Norma del vettore g: 20.000000000000007
Norma del vettore g non è uguale a sqrt(N): 54.547724181550905
Norma del vettore g: 20.000000000000007
Norma del vettore g non è uguale a sqrt(N): 54.547724181550905
Norma del vettore g: 20.000000000000007
⚠️ Errore numerico: Autovalori troppo piccoli in Sigma. Uso la pseudo-inversa.
Norma del vettore g non è uguale a sqrt(N): 54.547724181550905
Norma del vettore g: 20.000000000000007
Norma del vettore g non è uguale a sqrt(N): 54.547724181550905
Norma del vettore g: 20.000000000000007
⚠️ Errore numerico: Autovalori troppo piccoli in Sigma. Uso la pseudo-inversa.
Norma del vettore g non è uguale a sqrt(N): 54.547724181550905
Norma del vettore g: 20.000000000000007
⚠️ Errore numerico: Autovalori troppo piccoli in Sigma. Uso la pseudo-inversa.
Norma del vettore g non è uguale a sqrt(N): 54.547724181550905
Norma del vettore g: 20.000000000000007
⚠️ Errore numerico: Autovalori troppo piccoli in Sigma. Uso la pseudo-inversa.
Norma del vettore g non è uguale a sqrt(N): 54.547724181550905
Norma del vettore g: 20.000000000000007
Norma del vettore g non è uguale a sqrt(N): 54.547724181550905
Norma del vettore g: 20.000000000000007
Norma del vettore g non è uguale a sqrt(N): 54.547724181550905
Norma del vettore g: 20.000000000000007
⚠️ Errore numerico: Autovalori troppo piccoli in Sigma. Uso la pseudo-inversa.
Norma del vettore g non è uguale a sqrt(N): 54.547724181550905
Norma del vettore g: 20.000000000000007
Norma del vettore g: 20.0
⚠️ Errore numerico: Autovalori troppo piccoli in Sigma. Uso la pseudo-inversa.
Norma del vettore g: 19.999999999999996
⚠️ Errore numerico: Autovalori troppo piccoli in Sigma. Uso la pseudo-inversa.
Norma del vettore g: 19.999999999999996
⚠️ Errore numerico: Autovalori troppo piccoli in Sigma. Uso la pseudo-inversa.
Norma del vettore g: 20.000000000000004
Norma del vettore g: 20.000000000000004
Norma del vettore g: 19.999999999999996
⚠️ Errore numerico: Autovalori troppo piccoli in Sigma. Uso la pseudo-inversa.
Norma del vettore g: 19.999999999999993
[===================                                                   ] 27.27%
Norma del vettore g: 20.0
⚠️ Errore numerico: Autovalori troppo piccoli in Sigma. Uso la pseudo-inversa.
Norma del vettore g: 20.0
⚠️ Errore numerico: Autovalori troppo piccoli in Sigma. Uso la pseudo-inversa.
Norma del vettore g: 20.0
⚠️ Errore numerico: Autovalori troppo piccoli in Sigma. Uso la pseudo-inversa.
Norma del vettore g: 20.0
Norma del vettore g: 20.0
Norma del vettore g: 20.0
⚠️ Errore numerico: Autovalori troppo piccoli in Sigma. Uso la pseudo-inversa.
Norma del vettore g: 20.0
Norma del vettore g non è uguale a sqrt(N): 56.11827722554802
Norma del vettore g: 19.999999999999996
⚠️ Errore numerico: Autovalori troppo piccoli in Sigma. Uso la pseudo-inversa.
Norma del vettore g non è uguale a sqrt(N): 56.11827722554802
Norma del vettore g: 19.999999999999996
⚠️ Errore numerico: Autovalori troppo piccoli in Sigma. Uso la pseudo-inversa.
Norma del vettore g non è uguale a sqrt(N): 56.11827722554802
Norma del vettore g: 19.999999999999996
⚠️ Errore numerico: Autovalori troppo piccoli in Sigma. Uso la pseudo-inversa.
Norma del vettore g non è uguale a sqrt(N): 56.11827722554802
Norma del vettore g: 19.999999999999996
Norma del vettore g non è uguale a sqrt(N): 56.11827722554802
Norma del vettore g: 19.999999999999996
Norma del vettore g non è uguale a sqrt(N): 56.11827722554802
Norma del vettore g: 19.999999999999996
⚠️ Errore numerico: Autovalori troppo piccoli in Sigma. Uso la pseudo-inversa.
Norma del vettore g non è uguale a sqrt(N): 56.11827722554802
Norma del vettore g: 19.999999999999996
Norma del vettore g non è uguale a sqrt(N): 56.11827722554802
Norma del vettore g: 19.999999999999996
⚠️ Errore numerico: Autovalori troppo piccoli in Sigma. Uso la pseudo-inversa.
Norma del vettore g non è uguale a sqrt(N): 56.11827722554802
Norma del vettore g: 19.999999999999996
⚠️ Errore numerico: Autovalori troppo piccoli in Sigma. Uso la pseudo-inversa.
Norma del vettore g non è uguale a sqrt(N): 56.11827722554802
Norma del vettore g: 19.999999999999996
⚠️ Errore numerico: Autovalori troppo piccoli in Sigma. Uso la pseudo-inversa.
Norma del vettore g non è uguale a sqrt(N): 56.11827722554802
Norma del vettore g: 19.999999999999996
Norma del vettore g non è uguale a sqrt(N): 56.11827722554802
Norma del vettore g: 19.999999999999996
Norma del vettore g non è uguale a sqrt(N): 56.11827722554802
Norma del vettore g: 19.999999999999996
⚠️ Errore numerico: Autovalori troppo piccoli in Sigma. Uso la pseudo-inversa.
Norma del vettore g non è uguale a sqrt(N): 56.11827722554802
Norma del vettore g: 19.999999999999996
Norma del vettore g: 20.0
⚠️ Errore numerico: Autovalori troppo piccoli in Sigma. Uso la pseudo-inversa.
Norma del vettore g: 20.0
⚠️ Errore numerico: Autovalori troppo piccoli in Sigma. Uso la pseudo-inversa.
Norma del vettore g: 20.0
⚠️ Errore numerico: Autovalori troppo piccoli in Sigma. Uso la pseudo-inversa.
Norma del vettore g: 20.0
Norma del vettore g: 20.0
Norma del vettore g: 20.000000000000004
⚠️ Errore numerico: Autovalori troppo piccoli in Sigma. Uso la pseudo-inversa.
Norma del vettore g: 19.999999999999996
[===================                                                   ] 27.92%
Norma del vettore g: 20.0
⚠️ Errore numerico: Autovalori troppo piccoli in Sigma. Uso la pseudo-inversa.
Norma del vettore g: 20.0
⚠️ Errore numerico: Autovalori troppo piccoli in Sigma. Uso la pseudo-inversa.
Norma del vettore g: 20.0
⚠️ Errore numerico: Autovalori troppo piccoli in Sigma. Uso la pseudo-inversa.
Norma del vettore g: 20.0
Norma del vettore g: 20.0
Norma del vettore g: 20.0
⚠️ Errore numerico: Autovalori troppo piccoli in Sigma. Uso la pseudo-inversa.
Norma del vettore g: 20.0
Norma del vettore g non è uguale a sqrt(N): 73.9373885565906
Norma del vettore g: 19.999999999999993
⚠️ Errore numerico: Autovalori troppo piccoli in Sigma. Uso la pseudo-inversa.
Norma del vettore g non è uguale a sqrt(N): 73.9373885565906
Norma del vettore g: 19.999999999999993
⚠️ Errore numerico: Autovalori troppo piccoli in Sigma. Uso la pseudo-inversa.
Norma del vettore g non è uguale a sqrt(N): 73.9373885565906
Norma del vettore g: 19.999999999999993
⚠️ Errore numerico: Autovalori troppo piccoli in Sigma. Uso la pseudo-inversa.
Norma del vettore g non è uguale a sqrt(N): 73.9373885565906
Norma del vettore g: 19.999999999999993
Norma del vettore g non è uguale a sqrt(N): 73.9373885565906
Norma del vettore g: 19.999999999999993
Norma del vettore g non è uguale a sqrt(N): 73.9373885565906
Norma del vettore g: 19.999999999999993
⚠️ Errore numerico: Autovalori troppo piccoli in Sigma. Uso la pseudo-inversa.
Norma del vettore g non è uguale a sqrt(N): 73.9373885565906
Norma del vettore g: 19.999999999999993
Norma del vettore g non è uguale a sqrt(N): 73.9373885565906
Norma del vettore g: 19.999999999999993
⚠️ Errore numerico: Autovalori troppo piccoli in Sigma. Uso la pseudo-inversa.
Norma del vettore g non è uguale a sqrt(N): 73.9373885565906
Norma del vettore g: 19.999999999999993
⚠️ Errore numerico: Autovalori troppo piccoli in Sigma. Uso la pseudo-inversa.
Norma del vettore g non è uguale a sqrt(N): 73.9373885565906
Norma del vettore g: 19.999999999999993
⚠️ Errore numerico: Autovalori troppo piccoli in Sigma. Uso la pseudo-inversa.
Norma del vettore g non è uguale a sqrt(N): 73.9373885565906
Norma del vettore g: 19.999999999999993
Norma del vettore g non è uguale a sqrt(N): 73.9373885565906
Norma del vettore g: 19.999999999999993
Norma del vettore g non è uguale a sqrt(N): 73.9373885565906
Norma del vettore g: 19.999999999999993
⚠️ Errore numerico: Autovalori troppo piccoli in Sigma. Uso la pseudo-inversa.
Norma del vettore g non è uguale a sqrt(N): 73.9373885565906
Norma del vettore g: 19.999999999999993
Norma del vettore g: 20.000000000000004
⚠️ Errore numerico: Autovalori troppo piccoli in Sigma. Uso la pseudo-inversa.
Norma del vettore g: 19.999999999999996
⚠️ Errore numerico: Autovalori troppo piccoli in Sigma. Uso la pseudo-inversa.
Norma del vettore g: 20.000000000000007
⚠️ Errore numerico: Autovalori troppo piccoli in Sigma. Uso la pseudo-inversa.
Norma del vettore g: 19.999999999999996
Norma del vettore g: 20.0
Norma del vettore g: 19.999999999999993
⚠️ Errore numerico: Autovalori troppo piccoli in Sigma. Uso la pseudo-inversa.
Norma del vettore g: 20.000000000000004
[====================                                                  ] 28.57%
Norma del vettore g: 20.0
⚠️ Errore numerico: Autovalori troppo piccoli in Sigma. Uso la pseudo-inversa.
Norma del vettore g: 20.0
⚠️ Errore numerico: Autovalori troppo piccoli in Sigma. Uso la pseudo-inversa.
Norma del vettore g: 20.0
⚠️ Errore numerico: Autovalori troppo piccoli in Sigma. Uso la pseudo-inversa.
Norma del vettore g: 20.0
Norma del vettore g: 20.0
Norma del vettore g: 20.0
⚠️ Errore numerico: Autovalori troppo piccoli in Sigma. Uso la pseudo-inversa.
Norma del vettore g: 20.0
Norma del vettore g non è uguale a sqrt(N): 57.65484577878979
Norma del vettore g: 20.000000000000007
⚠️ Errore numerico: Autovalori troppo piccoli in Sigma. Uso la pseudo-inversa.
Norma del vettore g non è uguale a sqrt(N): 57.65484577878979
Norma del vettore g: 20.000000000000007
⚠️ Errore numerico: Autovalori troppo piccoli in Sigma. Uso la pseudo-inversa.
Norma del vettore g non è uguale a sqrt(N): 57.65484577878979
Norma del vettore g: 20.000000000000007
⚠️ Errore numerico: Autovalori troppo piccoli in Sigma. Uso la pseudo-inversa.
Norma del vettore g non è uguale a sqrt(N): 57.65484577878979
Norma del vettore g: 20.000000000000007
Norma del vettore g non è uguale a sqrt(N): 57.65484577878979
Norma del vettore g: 20.000000000000007
Norma del vettore g non è uguale a sqrt(N): 57.65484577878979
Norma del vettore g: 20.000000000000007
⚠️ Errore numerico: Autovalori troppo piccoli in Sigma. Uso la pseudo-inversa.
Norma del vettore g non è uguale a sqrt(N): 57.65484577878979
Norma del vettore g: 20.000000000000007
Norma del vettore g non è uguale a sqrt(N): 57.65484577878979
Norma del vettore g: 20.000000000000007
⚠️ Errore numerico: Autovalori troppo piccoli in Sigma. Uso la pseudo-inversa.
Norma del vettore g non è uguale a sqrt(N): 57.65484577878979
Norma del vettore g: 20.000000000000007
⚠️ Errore numerico: Autovalori troppo piccoli in Sigma. Uso la pseudo-inversa.
Norma del vettore g non è uguale a sqrt(N): 57.65484577878979
Norma del vettore g: 20.000000000000007
⚠️ Errore numerico: Autovalori troppo piccoli in Sigma. Uso la pseudo-inversa.
Norma del vettore g non è uguale a sqrt(N): 57.65484577878979
Norma del vettore g: 20.000000000000007
Norma del vettore g non è uguale a sqrt(N): 57.65484577878979
Norma del vettore g: 20.000000000000007
Norma del vettore g non è uguale a sqrt(N): 57.65484577878979
Norma del vettore g: 20.000000000000007
⚠️ Errore numerico: Autovalori troppo piccoli in Sigma. Uso la pseudo-inversa.
Norma del vettore g non è uguale a sqrt(N): 57.65484577878979
Norma del vettore g: 20.000000000000007
Norma del vettore g: 20.0
⚠️ Errore numerico: Autovalori troppo piccoli in Sigma. Uso la pseudo-inversa.
Norma del vettore g: 19.999999999999993
⚠️ Errore numerico: Autovalori troppo piccoli in Sigma. Uso la pseudo-inversa.
Norma del vettore g: 20.0
⚠️ Errore numerico: Autovalori troppo piccoli in Sigma. Uso la pseudo-inversa.
Norma del vettore g: 19.999999999999993
Norma del vettore g: 20.0
Norma del vettore g: 19.999999999999996
⚠️ Errore numerico: Autovalori troppo piccoli in Sigma. Uso la pseudo-inversa.
Norma del vettore g: 20.0
[====================                                                  ] 29.22%
Norma del vettore g: 20.0
⚠️ Errore numerico: Autovalori troppo piccoli in Sigma. Uso la pseudo-inversa.
Norma del vettore g: 20.0
⚠️ Errore numerico: Autovalori troppo piccoli in Sigma. Uso la pseudo-inversa.
Norma del vettore g: 20.0
⚠️ Errore numerico: Autovalori troppo piccoli in Sigma. Uso la pseudo-inversa.
Norma del vettore g: 20.0
Norma del vettore g: 20.0
Norma del vettore g: 20.0
⚠️ Errore numerico: Autovalori troppo piccoli in Sigma. Uso la pseudo-inversa.
Norma del vettore g: 20.0
Norma del vettore g non è uguale a sqrt(N): 79.8721547132567
Norma del vettore g: 20.000000000000004
⚠️ Errore numerico: Autovalori troppo piccoli in Sigma. Uso la pseudo-inversa.
Norma del vettore g non è uguale a sqrt(N): 79.8721547132567
Norma del vettore g: 20.000000000000004
⚠️ Errore numerico: Autovalori troppo piccoli in Sigma. Uso la pseudo-inversa.
Norma del vettore g non è uguale a sqrt(N): 79.8721547132567
Norma del vettore g: 20.000000000000004
⚠️ Errore numerico: Autovalori troppo piccoli in Sigma. Uso la pseudo-inversa.
Norma del vettore g non è uguale a sqrt(N): 79.8721547132567
Norma del vettore g: 20.000000000000004
Norma del vettore g non è uguale a sqrt(N): 79.8721547132567
Norma del vettore g: 20.000000000000004
Norma del vettore g non è uguale a sqrt(N): 79.8721547132567
Norma del vettore g: 20.000000000000004
⚠️ Errore numerico: Autovalori troppo piccoli in Sigma. Uso la pseudo-inversa.
Norma del vettore g non è uguale a sqrt(N): 79.8721547132567
Norma del vettore g: 20.000000000000004
Norma del vettore g non è uguale a sqrt(N): 79.8721547132567
Norma del vettore g: 20.000000000000004
⚠️ Errore numerico: Autovalori troppo piccoli in Sigma. Uso la pseudo-inversa.
Norma del vettore g non è uguale a sqrt(N): 79.8721547132567
Norma del vettore g: 20.000000000000004
⚠️ Errore numerico: Autovalori troppo piccoli in Sigma. Uso la pseudo-inversa.
Norma del vettore g non è uguale a sqrt(N): 79.8721547132567
Norma del vettore g: 20.000000000000004
⚠️ Errore numerico: Autovalori troppo piccoli in Sigma. Uso la pseudo-inversa.
Norma del vettore g non è uguale a sqrt(N): 79.8721547132567
Norma del vettore g: 20.000000000000004
Norma del vettore g non è uguale a sqrt(N): 79.8721547132567
Norma del vettore g: 20.000000000000004
Norma del vettore g non è uguale a sqrt(N): 79.8721547132567
Norma del vettore g: 20.000000000000004
⚠️ Errore numerico: Autovalori troppo piccoli in Sigma. Uso la pseudo-inversa.
Norma del vettore g non è uguale a sqrt(N): 79.8721547132567
Norma del vettore g: 20.000000000000004
Norma del vettore g: 20.000000000000004
⚠️ Errore numerico: Autovalori troppo piccoli in Sigma. Uso la pseudo-inversa.
Norma del vettore g: 20.000000000000007
⚠️ Errore numerico: Autovalori troppo piccoli in Sigma. Uso la pseudo-inversa.
Norma del vettore g: 20.0
⚠️ Errore numerico: Autovalori troppo piccoli in Sigma. Uso la pseudo-inversa.
Norma del vettore g: 20.000000000000004
Norma del vettore g: 20.0
Norma del vettore g: 20.0
⚠️ Errore numerico: Autovalori troppo piccoli in Sigma. Uso la pseudo-inversa.
Norma del vettore g: 20.000000000000004
[====================                                                  ] 29.87%
Norma del vettore g: 20.0
⚠️ Errore numerico: Autovalori troppo piccoli in Sigma. Uso la pseudo-inversa.
Norma del vettore g: 20.0
⚠️ Errore numerico: Autovalori troppo piccoli in Sigma. Uso la pseudo-inversa.
Norma del vettore g: 20.0
⚠️ Errore numerico: Autovalori troppo piccoli in Sigma. Uso la pseudo-inversa.
Norma del vettore g: 20.0
Norma del vettore g: 20.0
Norma del vettore g: 20.0
⚠️ Errore numerico: Autovalori troppo piccoli in Sigma. Uso la pseudo-inversa.
Norma del vettore g: 20.0
Norma del vettore g non è uguale a sqrt(N): 43.337560442809206
Norma del vettore g: 20.000000000000004
⚠️ Errore numerico: Autovalori troppo piccoli in Sigma. Uso la pseudo-inversa.
Norma del vettore g non è uguale a sqrt(N): 43.337560442809206
Norma del vettore g: 20.000000000000004
⚠️ Errore numerico: Autovalori troppo piccoli in Sigma. Uso la pseudo-inversa.
Norma del vettore g non è uguale a sqrt(N): 43.337560442809206
Norma del vettore g: 20.000000000000004
⚠️ Errore numerico: Autovalori troppo piccoli in Sigma. Uso la pseudo-inversa.
Norma del vettore g non è uguale a sqrt(N): 43.337560442809206
Norma del vettore g: 20.000000000000004
Norma del vettore g non è uguale a sqrt(N): 43.337560442809206
Norma del vettore g: 20.000000000000004
Norma del vettore g non è uguale a sqrt(N): 43.337560442809206
Norma del vettore g: 20.000000000000004
⚠️ Errore numerico: Autovalori troppo piccoli in Sigma. Uso la pseudo-inversa.
Norma del vettore g non è uguale a sqrt(N): 43.337560442809206
Norma del vettore g: 20.000000000000004
Norma del vettore g non è uguale a sqrt(N): 43.337560442809206
Norma del vettore g: 20.000000000000004
⚠️ Errore numerico: Autovalori troppo piccoli in Sigma. Uso la pseudo-inversa.
Norma del vettore g non è uguale a sqrt(N): 43.337560442809206
Norma del vettore g: 20.000000000000004
⚠️ Errore numerico: Autovalori troppo piccoli in Sigma. Uso la pseudo-inversa.
Norma del vettore g non è uguale a sqrt(N): 43.337560442809206
Norma del vettore g: 20.000000000000004
⚠️ Errore numerico: Autovalori troppo piccoli in Sigma. Uso la pseudo-inversa.
Norma del vettore g non è uguale a sqrt(N): 43.337560442809206
Norma del vettore g: 20.000000000000004
Norma del vettore g non è uguale a sqrt(N): 43.337560442809206
Norma del vettore g: 20.000000000000004
Norma del vettore g non è uguale a sqrt(N): 43.337560442809206
Norma del vettore g: 20.000000000000004
⚠️ Errore numerico: Autovalori troppo piccoli in Sigma. Uso la pseudo-inversa.
Norma del vettore g non è uguale a sqrt(N): 43.337560442809206
Norma del vettore g: 20.000000000000004
Norma del vettore g: 20.0
⚠️ Errore numerico: Autovalori troppo piccoli in Sigma. Uso la pseudo-inversa.
Norma del vettore g: 20.0
⚠️ Errore numerico: Autovalori troppo piccoli in Sigma. Uso la pseudo-inversa.
Norma del vettore g: 20.000000000000004
⚠️ Errore numerico: Autovalori troppo piccoli in Sigma. Uso la pseudo-inversa.
Norma del vettore g: 19.999999999999996
Norma del vettore g: 19.999999999999993
Norma del vettore g: 20.000000000000004
⚠️ Errore numerico: Autovalori troppo piccoli in Sigma. Uso la pseudo-inversa.
Norma del vettore g: 19.999999999999996
[=====================                                                 ] 30.52%
Norma del vettore g: 20.0
Norma del vettore g: 20.0
⚠️ Errore numerico: Autovalori troppo piccoli in Sigma. Uso la pseudo-inversa.
Norma del vettore g: 20.0
⚠️ Errore numerico: Autovalori troppo piccoli in Sigma. Uso la pseudo-inversa.
Norma del vettore g: 20.0
Norma del vettore g: 20.0
Norma del vettore g: 20.0
Norma del vettore g: 20.0
Norma del vettore g non è uguale a sqrt(N): 53.51554597345515
Norma del vettore g: 20.0
Norma del vettore g non è uguale a sqrt(N): 53.51554597345515
Norma del vettore g: 20.0
⚠️ Errore numerico: Autovalori troppo piccoli in Sigma. Uso la pseudo-inversa.
Norma del vettore g non è uguale a sqrt(N): 53.51554597345515
Norma del vettore g: 20.0
⚠️ Errore numerico: Autovalori troppo piccoli in Sigma. Uso la pseudo-inversa.
Norma del vettore g non è uguale a sqrt(N): 53.51554597345515
Norma del vettore g: 20.0
Norma del vettore g non è uguale a sqrt(N): 53.51554597345515
Norma del vettore g: 20.0
Norma del vettore g non è uguale a sqrt(N): 53.51554597345515
Norma del vettore g: 20.0
Norma del vettore g non è uguale a sqrt(N): 53.51554597345515
Norma del vettore g: 20.0
Norma del vettore g non è uguale a sqrt(N): 53.51554597345515
Norma del vettore g: 20.0
Norma del vettore g non è uguale a sqrt(N): 53.51554597345515
Norma del vettore g: 20.0
⚠️ Errore numerico: Autovalori troppo piccoli in Sigma. Uso la pseudo-inversa.
Norma del vettore g non è uguale a sqrt(N): 53.51554597345515
Norma del vettore g: 20.0
⚠️ Errore numerico: Autovalori troppo piccoli in Sigma. Uso la pseudo-inversa.
Norma del vettore g non è uguale a sqrt(N): 53.51554597345515
Norma del vettore g: 20.0
Norma del vettore g non è uguale a sqrt(N): 53.51554597345515
Norma del vettore g: 20.0
Norma del vettore g non è uguale a sqrt(N): 53.51554597345515
Norma del vettore g: 20.0
Norma del vettore g non è uguale a sqrt(N): 53.51554597345515
Norma del vettore g: 20.0
Norma del vettore g: 20.000000000000004
Norma del vettore g: 20.000000000000004
⚠️ Errore numerico: Autovalori troppo piccoli in Sigma. Uso la pseudo-inversa.
Norma del vettore g: 19.999999999999993
⚠️ Errore numerico: Autovalori troppo piccoli in Sigma. Uso la pseudo-inversa.
Norma del vettore g: 20.0
Norma del vettore g: 19.999999999999996
Norma del vettore g: 20.0
Norma del vettore g: 20.000000000000004
[=====================                                                 ] 31.17%
Norma del vettore g: 20.0
Norma del vettore g: 20.0
⚠️ Errore numerico: Autovalori troppo piccoli in Sigma. Uso la pseudo-inversa.
Norma del vettore g: 20.0
⚠️ Errore numerico: Autovalori troppo piccoli in Sigma. Uso la pseudo-inversa.
Norma del vettore g: 20.0
Norma del vettore g: 20.0
Norma del vettore g: 20.0
Norma del vettore g: 20.0
Norma del vettore g non è uguale a sqrt(N): 41.618829991959366
Norma del vettore g: 19.999999999999996
Norma del vettore g non è uguale a sqrt(N): 41.618829991959366
Norma del vettore g: 19.999999999999996
⚠️ Errore numerico: Autovalori troppo piccoli in Sigma. Uso la pseudo-inversa.
Norma del vettore g non è uguale a sqrt(N): 41.618829991959366
Norma del vettore g: 19.999999999999996
⚠️ Errore numerico: Autovalori troppo piccoli in Sigma. Uso la pseudo-inversa.
Norma del vettore g non è uguale a sqrt(N): 41.618829991959366
Norma del vettore g: 19.999999999999996
Norma del vettore g non è uguale a sqrt(N): 41.618829991959366
Norma del vettore g: 19.999999999999996
Norma del vettore g non è uguale a sqrt(N): 41.618829991959366
Norma del vettore g: 19.999999999999996
Norma del vettore g non è uguale a sqrt(N): 41.618829991959366
Norma del vettore g: 19.999999999999996
Norma del vettore g non è uguale a sqrt(N): 41.618829991959366
Norma del vettore g: 19.999999999999996
Norma del vettore g non è uguale a sqrt(N): 41.618829991959366
Norma del vettore g: 19.999999999999996
⚠️ Errore numerico: Autovalori troppo piccoli in Sigma. Uso la pseudo-inversa.
Norma del vettore g non è uguale a sqrt(N): 41.618829991959366
Norma del vettore g: 19.999999999999996
⚠️ Errore numerico: Autovalori troppo piccoli in Sigma. Uso la pseudo-inversa.
Norma del vettore g non è uguale a sqrt(N): 41.618829991959366
Norma del vettore g: 19.999999999999996
Norma del vettore g non è uguale a sqrt(N): 41.618829991959366
Norma del vettore g: 19.999999999999996
Norma del vettore g non è uguale a sqrt(N): 41.618829991959366
Norma del vettore g: 19.999999999999996
Norma del vettore g non è uguale a sqrt(N): 41.618829991959366
Norma del vettore g: 19.999999999999996
Norma del vettore g: 19.999999999999996
Norma del vettore g: 19.999999999999996
⚠️ Errore numerico: Autovalori troppo piccoli in Sigma. Uso la pseudo-inversa.
Norma del vettore g: 20.0
⚠️ Errore numerico: Autovalori troppo piccoli in Sigma. Uso la pseudo-inversa.
Norma del vettore g: 19.999999999999996
Norma del vettore g: 20.0
Norma del vettore g: 20.0
Norma del vettore g: 19.999999999999993
[======================                                                ] 31.82%
Norma del vettore g: 20.0
Norma del vettore g: 20.0
⚠️ Errore numerico: Autovalori troppo piccoli in Sigma. Uso la pseudo-inversa.
Norma del vettore g: 20.0
⚠️ Errore numerico: Autovalori troppo piccoli in Sigma. Uso la pseudo-inversa.
Norma del vettore g: 20.0
Norma del vettore g: 20.0
Norma del vettore g: 20.0
Norma del vettore g: 20.0
Norma del vettore g non è uguale a sqrt(N): 43.282762748038955
Norma del vettore g: 19.999999999999993
Norma del vettore g non è uguale a sqrt(N): 43.282762748038955
Norma del vettore g: 19.999999999999993
⚠️ Errore numerico: Autovalori troppo piccoli in Sigma. Uso la pseudo-inversa.
Norma del vettore g non è uguale a sqrt(N): 43.282762748038955
Norma del vettore g: 19.999999999999993
⚠️ Errore numerico: Autovalori troppo piccoli in Sigma. Uso la pseudo-inversa.
Norma del vettore g non è uguale a sqrt(N): 43.282762748038955
Norma del vettore g: 19.999999999999993
Norma del vettore g non è uguale a sqrt(N): 43.282762748038955
Norma del vettore g: 19.999999999999993
Norma del vettore g non è uguale a sqrt(N): 43.282762748038955
Norma del vettore g: 19.999999999999993
Norma del vettore g non è uguale a sqrt(N): 43.282762748038955
Norma del vettore g: 19.999999999999993
Norma del vettore g non è uguale a sqrt(N): 43.282762748038955
Norma del vettore g: 19.999999999999993
Norma del vettore g non è uguale a sqrt(N): 43.282762748038955
Norma del vettore g: 19.999999999999993
⚠️ Errore numerico: Autovalori troppo piccoli in Sigma. Uso la pseudo-inversa.
Norma del vettore g non è uguale a sqrt(N): 43.282762748038955
Norma del vettore g: 19.999999999999993
⚠️ Errore numerico: Autovalori troppo piccoli in Sigma. Uso la pseudo-inversa.
Norma del vettore g non è uguale a sqrt(N): 43.282762748038955
Norma del vettore g: 19.999999999999993
Norma del vettore g non è uguale a sqrt(N): 43.282762748038955
Norma del vettore g: 19.999999999999993
Norma del vettore g non è uguale a sqrt(N): 43.282762748038955
Norma del vettore g: 19.999999999999993
Norma del vettore g non è uguale a sqrt(N): 43.282762748038955
Norma del vettore g: 19.999999999999993
Norma del vettore g: 20.000000000000004
Norma del vettore g: 20.0
⚠️ Errore numerico: Autovalori troppo piccoli in Sigma. Uso la pseudo-inversa.
Norma del vettore g: 20.0
⚠️ Errore numerico: Autovalori troppo piccoli in Sigma. Uso la pseudo-inversa.
Norma del vettore g: 20.00000000000001
Norma del vettore g: 19.999999999999996
Norma del vettore g: 19.999999999999996
Norma del vettore g: 20.000000000000007
[======================                                                ] 32.47%
Norma del vettore g: 20.0
Norma del vettore g: 20.0
⚠️ Errore numerico: Autovalori troppo piccoli in Sigma. Uso la pseudo-inversa.
Norma del vettore g: 20.0
⚠️ Errore numerico: Autovalori troppo piccoli in Sigma. Uso la pseudo-inversa.
Norma del vettore g: 20.0
Norma del vettore g: 20.0
Norma del vettore g: 20.0
Norma del vettore g: 20.0
Norma del vettore g non è uguale a sqrt(N): 68.37176599172552
Norma del vettore g: 20.000000000000007
Norma del vettore g non è uguale a sqrt(N): 68.37176599172552
Norma del vettore g: 20.000000000000007
⚠️ Errore numerico: Autovalori troppo piccoli in Sigma. Uso la pseudo-inversa.
Norma del vettore g non è uguale a sqrt(N): 68.37176599172552
Norma del vettore g: 20.000000000000007
⚠️ Errore numerico: Autovalori troppo piccoli in Sigma. Uso la pseudo-inversa.
Norma del vettore g non è uguale a sqrt(N): 68.37176599172552
Norma del vettore g: 20.000000000000007
Norma del vettore g non è uguale a sqrt(N): 68.37176599172552
Norma del vettore g: 20.000000000000007
Norma del vettore g non è uguale a sqrt(N): 68.37176599172552
Norma del vettore g: 20.000000000000007
Norma del vettore g non è uguale a sqrt(N): 68.37176599172552
Norma del vettore g: 20.000000000000007
Norma del vettore g non è uguale a sqrt(N): 68.37176599172552
Norma del vettore g: 20.000000000000007
Norma del vettore g non è uguale a sqrt(N): 68.37176599172552
Norma del vettore g: 20.000000000000007
⚠️ Errore numerico: Autovalori troppo piccoli in Sigma. Uso la pseudo-inversa.
Norma del vettore g non è uguale a sqrt(N): 68.37176599172552
Norma del vettore g: 20.000000000000007
⚠️ Errore numerico: Autovalori troppo piccoli in Sigma. Uso la pseudo-inversa.
Norma del vettore g non è uguale a sqrt(N): 68.37176599172552
Norma del vettore g: 20.000000000000007
Norma del vettore g non è uguale a sqrt(N): 68.37176599172552
Norma del vettore g: 20.000000000000007
Norma del vettore g non è uguale a sqrt(N): 68.37176599172552
Norma del vettore g: 20.000000000000007
Norma del vettore g non è uguale a sqrt(N): 68.37176599172552
Norma del vettore g: 20.000000000000007
Norma del vettore g: 19.999999999999996
Norma del vettore g: 19.999999999999993
⚠️ Errore numerico: Autovalori troppo piccoli in Sigma. Uso la pseudo-inversa.
Norma del vettore g: 19.999999999999996
⚠️ Errore numerico: Autovalori troppo piccoli in Sigma. Uso la pseudo-inversa.
Norma del vettore g: 19.999999999999993
Norma del vettore g: 19.999999999999993
Norma del vettore g: 20.0
Norma del vettore g: 20.000000000000007
[=======================                                               ] 33.12%
Norma del vettore g: 20.0
Norma del vettore g: 20.0
⚠️ Errore numerico: Autovalori troppo piccoli in Sigma. Uso la pseudo-inversa.
Norma del vettore g: 20.0
⚠️ Errore numerico: Autovalori troppo piccoli in Sigma. Uso la pseudo-inversa.
Norma del vettore g: 20.0
Norma del vettore g: 20.0
Norma del vettore g: 20.0
Norma del vettore g: 20.0
Norma del vettore g non è uguale a sqrt(N): 58.36842273768455
Norma del vettore g: 20.000000000000004
Norma del vettore g non è uguale a sqrt(N): 58.36842273768455
Norma del vettore g: 20.000000000000004
⚠️ Errore numerico: Autovalori troppo piccoli in Sigma. Uso la pseudo-inversa.
Norma del vettore g non è uguale a sqrt(N): 58.36842273768455
Norma del vettore g: 20.000000000000004
⚠️ Errore numerico: Autovalori troppo piccoli in Sigma. Uso la pseudo-inversa.
Norma del vettore g non è uguale a sqrt(N): 58.36842273768455
Norma del vettore g: 20.000000000000004
Norma del vettore g non è uguale a sqrt(N): 58.36842273768455
Norma del vettore g: 20.000000000000004
Norma del vettore g non è uguale a sqrt(N): 58.36842273768455
Norma del vettore g: 20.000000000000004
Norma del vettore g non è uguale a sqrt(N): 58.36842273768455
Norma del vettore g: 20.000000000000004
Norma del vettore g non è uguale a sqrt(N): 58.36842273768455
Norma del vettore g: 20.000000000000004
Norma del vettore g non è uguale a sqrt(N): 58.36842273768455
Norma del vettore g: 20.000000000000004
⚠️ Errore numerico: Autovalori troppo piccoli in Sigma. Uso la pseudo-inversa.
Norma del vettore g non è uguale a sqrt(N): 58.36842273768455
Norma del vettore g: 20.000000000000004
⚠️ Errore numerico: Autovalori troppo piccoli in Sigma. Uso la pseudo-inversa.
Norma del vettore g non è uguale a sqrt(N): 58.36842273768455
Norma del vettore g: 20.000000000000004
Norma del vettore g non è uguale a sqrt(N): 58.36842273768455
Norma del vettore g: 20.000000000000004
Norma del vettore g non è uguale a sqrt(N): 58.36842273768455
Norma del vettore g: 20.000000000000004
Norma del vettore g non è uguale a sqrt(N): 58.36842273768455
Norma del vettore g: 20.000000000000004
Norma del vettore g: 20.000000000000004
Norma del vettore g: 20.0
⚠️ Errore numerico: Autovalori troppo piccoli in Sigma. Uso la pseudo-inversa.
Norma del vettore g: 19.999999999999996
⚠️ Errore numerico: Autovalori troppo piccoli in Sigma. Uso la pseudo-inversa.
Norma del vettore g: 19.999999999999993
Norma del vettore g: 20.0
Norma del vettore g: 20.0
Norma del vettore g: 19.999999999999996
[=======================                                               ] 33.77%
Norma del vettore g: 20.0
Norma del vettore g: 20.0
⚠️ Errore numerico: Autovalori troppo piccoli in Sigma. Uso la pseudo-inversa.
Norma del vettore g: 20.0
⚠️ Errore numerico: Autovalori troppo piccoli in Sigma. Uso la pseudo-inversa.
Norma del vettore g: 20.0
Norma del vettore g: 20.0
Norma del vettore g: 20.0
Norma del vettore g: 20.0
Norma del vettore g non è uguale a sqrt(N): 43.6729545782674
Norma del vettore g: 20.0
Norma del vettore g non è uguale a sqrt(N): 43.6729545782674
Norma del vettore g: 20.0
⚠️ Errore numerico: Autovalori troppo piccoli in Sigma. Uso la pseudo-inversa.
Norma del vettore g non è uguale a sqrt(N): 43.6729545782674
Norma del vettore g: 20.0
⚠️ Errore numerico: Autovalori troppo piccoli in Sigma. Uso la pseudo-inversa.
Norma del vettore g non è uguale a sqrt(N): 43.6729545782674
Norma del vettore g: 20.0
Norma del vettore g non è uguale a sqrt(N): 43.6729545782674
Norma del vettore g: 20.0
Norma del vettore g non è uguale a sqrt(N): 43.6729545782674
Norma del vettore g: 20.0
Norma del vettore g non è uguale a sqrt(N): 43.6729545782674
Norma del vettore g: 20.0
Norma del vettore g non è uguale a sqrt(N): 43.6729545782674
Norma del vettore g: 20.0
Norma del vettore g non è uguale a sqrt(N): 43.6729545782674
Norma del vettore g: 20.0
⚠️ Errore numerico: Autovalori troppo piccoli in Sigma. Uso la pseudo-inversa.
Norma del vettore g non è uguale a sqrt(N): 43.6729545782674
Norma del vettore g: 20.0
⚠️ Errore numerico: Autovalori troppo piccoli in Sigma. Uso la pseudo-inversa.
Norma del vettore g non è uguale a sqrt(N): 43.6729545782674
Norma del vettore g: 20.0
Norma del vettore g non è uguale a sqrt(N): 43.6729545782674
Norma del vettore g: 20.0
Norma del vettore g non è uguale a sqrt(N): 43.6729545782674
Norma del vettore g: 20.0
Norma del vettore g non è uguale a sqrt(N): 43.6729545782674
Norma del vettore g: 20.0
Norma del vettore g: 20.000000000000007
Norma del vettore g: 20.0
⚠️ Errore numerico: Autovalori troppo piccoli in Sigma. Uso la pseudo-inversa.
Norma del vettore g: 19.999999999999993
⚠️ Errore numerico: Autovalori troppo piccoli in Sigma. Uso la pseudo-inversa.
Norma del vettore g: 19.999999999999996
Norma del vettore g: 20.0
Norma del vettore g: 20.000000000000004
Norma del vettore g: 20.0
[========================                                              ] 34.42%
Norma del vettore g: 20.0
Norma del vettore g: 20.0
⚠️ Errore numerico: Autovalori troppo piccoli in Sigma. Uso la pseudo-inversa.
Norma del vettore g: 20.0
⚠️ Errore numerico: Autovalori troppo piccoli in Sigma. Uso la pseudo-inversa.
Norma del vettore g: 20.0
Norma del vettore g: 20.0
Norma del vettore g: 20.0
Norma del vettore g: 20.0
Norma del vettore g non è uguale a sqrt(N): 50.42290593248052
Norma del vettore g: 19.999999999999996
Norma del vettore g non è uguale a sqrt(N): 50.42290593248052
Norma del vettore g: 19.999999999999996
⚠️ Errore numerico: Autovalori troppo piccoli in Sigma. Uso la pseudo-inversa.
Norma del vettore g non è uguale a sqrt(N): 50.42290593248052
Norma del vettore g: 19.999999999999996
⚠️ Errore numerico: Autovalori troppo piccoli in Sigma. Uso la pseudo-inversa.
Norma del vettore g non è uguale a sqrt(N): 50.42290593248052
Norma del vettore g: 19.999999999999996
Norma del vettore g non è uguale a sqrt(N): 50.42290593248052
Norma del vettore g: 19.999999999999996
Norma del vettore g non è uguale a sqrt(N): 50.42290593248052
Norma del vettore g: 19.999999999999996
Norma del vettore g non è uguale a sqrt(N): 50.42290593248052
Norma del vettore g: 19.999999999999996
Norma del vettore g non è uguale a sqrt(N): 50.42290593248052
Norma del vettore g: 19.999999999999996
Norma del vettore g non è uguale a sqrt(N): 50.42290593248052
Norma del vettore g: 19.999999999999996
⚠️ Errore numerico: Autovalori troppo piccoli in Sigma. Uso la pseudo-inversa.
Norma del vettore g non è uguale a sqrt(N): 50.42290593248052
Norma del vettore g: 19.999999999999996
⚠️ Errore numerico: Autovalori troppo piccoli in Sigma. Uso la pseudo-inversa.
Norma del vettore g non è uguale a sqrt(N): 50.42290593248052
Norma del vettore g: 19.999999999999996
Norma del vettore g non è uguale a sqrt(N): 50.42290593248052
Norma del vettore g: 19.999999999999996
Norma del vettore g non è uguale a sqrt(N): 50.42290593248052
Norma del vettore g: 19.999999999999996
Norma del vettore g non è uguale a sqrt(N): 50.42290593248052
Norma del vettore g: 19.999999999999996
Norma del vettore g: 20.000000000000007
Norma del vettore g: 20.000000000000004
⚠️ Errore numerico: Autovalori troppo piccoli in Sigma. Uso la pseudo-inversa.
Norma del vettore g: 19.999999999999993
⚠️ Errore numerico: Autovalori troppo piccoli in Sigma. Uso la pseudo-inversa.
Norma del vettore g: 19.999999999999996
Norma del vettore g: 19.999999999999993
Norma del vettore g: 19.999999999999993
Norma del vettore g: 20.0
[========================                                              ] 35.06%
Norma del vettore g: 20.0
Norma del vettore g: 20.0
Norma del vettore g: 20.0
Norma del vettore g: 20.0
Norma del vettore g: 20.0
Norma del vettore g: 20.0
Norma del vettore g: 20.0
Norma del vettore g non è uguale a sqrt(N): 61.72173234288986
Norma del vettore g: 20.0
Norma del vettore g non è uguale a sqrt(N): 61.72173234288986
Norma del vettore g: 20.0
Norma del vettore g non è uguale a sqrt(N): 61.72173234288986
Norma del vettore g: 20.0
Norma del vettore g non è uguale a sqrt(N): 61.72173234288986
Norma del vettore g: 20.0
Norma del vettore g non è uguale a sqrt(N): 61.72173234288986
Norma del vettore g: 20.0
Norma del vettore g non è uguale a sqrt(N): 61.72173234288986
Norma del vettore g: 20.0
Norma del vettore g non è uguale a sqrt(N): 61.72173234288986
Norma del vettore g: 20.0
Norma del vettore g non è uguale a sqrt(N): 61.72173234288986
Norma del vettore g: 20.0
Norma del vettore g non è uguale a sqrt(N): 61.72173234288986
Norma del vettore g: 20.0
Norma del vettore g non è uguale a sqrt(N): 61.72173234288986
Norma del vettore g: 20.0
Norma del vettore g non è uguale a sqrt(N): 61.72173234288986
Norma del vettore g: 20.0
Norma del vettore g non è uguale a sqrt(N): 61.72173234288986
Norma del vettore g: 20.0
Norma del vettore g non è uguale a sqrt(N): 61.72173234288986
Norma del vettore g: 20.0
Norma del vettore g non è uguale a sqrt(N): 61.72173234288986
Norma del vettore g: 20.0
Norma del vettore g: 19.999999999999993
Norma del vettore g: 20.0
Norma del vettore g: 20.000000000000004
Norma del vettore g: 20.0
Norma del vettore g: 20.000000000000007
Norma del vettore g: 20.000000000000007
Norma del vettore g: 20.0
[=========================                                             ] 35.71%
Norma del vettore g: 20.0
Norma del vettore g: 20.0
Norma del vettore g: 20.0
Norma del vettore g: 20.0
Norma del vettore g: 20.0
Norma del vettore g: 20.0
Norma del vettore g: 20.0
Norma del vettore g non è uguale a sqrt(N): 67.32228905706359
Norma del vettore g: 20.0
Norma del vettore g non è uguale a sqrt(N): 67.32228905706359
Norma del vettore g: 20.0
Norma del vettore g non è uguale a sqrt(N): 67.32228905706359
Norma del vettore g: 20.0
Norma del vettore g non è uguale a sqrt(N): 67.32228905706359
Norma del vettore g: 20.0
Norma del vettore g non è uguale a sqrt(N): 67.32228905706359
Norma del vettore g: 20.0
Norma del vettore g non è uguale a sqrt(N): 67.32228905706359
Norma del vettore g: 20.0
Norma del vettore g non è uguale a sqrt(N): 67.32228905706359
Norma del vettore g: 20.0
Norma del vettore g non è uguale a sqrt(N): 67.32228905706359
Norma del vettore g: 20.0
Norma del vettore g non è uguale a sqrt(N): 67.32228905706359
Norma del vettore g: 20.0
Norma del vettore g non è uguale a sqrt(N): 67.32228905706359
Norma del vettore g: 20.0
Norma del vettore g non è uguale a sqrt(N): 67.32228905706359
Norma del vettore g: 20.0
Norma del vettore g non è uguale a sqrt(N): 67.32228905706359
Norma del vettore g: 20.0
Norma del vettore g non è uguale a sqrt(N): 67.32228905706359
Norma del vettore g: 20.0
Norma del vettore g non è uguale a sqrt(N): 67.32228905706359
Norma del vettore g: 20.0
Norma del vettore g: 19.999999999999996
Norma del vettore g: 20.000000000000004
Norma del vettore g: 19.999999999999993
Norma del vettore g: 19.999999999999996
Norma del vettore g: 20.000000000000004
Norma del vettore g: 20.000000000000004
Norma del vettore g: 20.0
[=========================                                             ] 36.36%
Norma del vettore g: 20.0
Norma del vettore g: 20.0
Norma del vettore g: 20.0
Norma del vettore g: 20.0
Norma del vettore g: 20.0
Norma del vettore g: 20.0
Norma del vettore g: 20.0
Norma del vettore g non è uguale a sqrt(N): 89.38125375879697
Norma del vettore g: 20.000000000000007
Norma del vettore g non è uguale a sqrt(N): 89.38125375879697
Norma del vettore g: 20.000000000000007
Norma del vettore g non è uguale a sqrt(N): 89.38125375879697
Norma del vettore g: 20.000000000000007
Norma del vettore g non è uguale a sqrt(N): 89.38125375879697
Norma del vettore g: 20.000000000000007
Norma del vettore g non è uguale a sqrt(N): 89.38125375879697
Norma del vettore g: 20.000000000000007
Norma del vettore g non è uguale a sqrt(N): 89.38125375879697
Norma del vettore g: 20.000000000000007
Norma del vettore g non è uguale a sqrt(N): 89.38125375879697
Norma del vettore g: 20.000000000000007
Norma del vettore g non è uguale a sqrt(N): 89.38125375879697
Norma del vettore g: 20.000000000000007
Norma del vettore g non è uguale a sqrt(N): 89.38125375879697
Norma del vettore g: 20.000000000000007
Norma del vettore g non è uguale a sqrt(N): 89.38125375879697
Norma del vettore g: 20.000000000000007
Norma del vettore g non è uguale a sqrt(N): 89.38125375879697
Norma del vettore g: 20.000000000000007
Norma del vettore g non è uguale a sqrt(N): 89.38125375879697
Norma del vettore g: 20.000000000000007
Norma del vettore g non è uguale a sqrt(N): 89.38125375879697
Norma del vettore g: 20.000000000000007
Norma del vettore g non è uguale a sqrt(N): 89.38125375879697
Norma del vettore g: 20.000000000000007
Norma del vettore g: 19.999999999999993
Norma del vettore g: 19.999999999999996
Norma del vettore g: 20.0
Norma del vettore g: 20.000000000000004
Norma del vettore g: 19.999999999999996
Norma del vettore g: 19.999999999999996
Norma del vettore g: 20.0
[=========================                                             ] 37.01%
Norma del vettore g: 20.0
Norma del vettore g: 20.0
Norma del vettore g: 20.0
Norma del vettore g: 20.0
Norma del vettore g: 20.0
Norma del vettore g: 20.0
Norma del vettore g: 20.0
Norma del vettore g non è uguale a sqrt(N): 42.464583129764314
Norma del vettore g: 19.999999999999996
Norma del vettore g non è uguale a sqrt(N): 42.464583129764314
Norma del vettore g: 19.999999999999996
Norma del vettore g non è uguale a sqrt(N): 42.464583129764314
Norma del vettore g: 19.999999999999996
Norma del vettore g non è uguale a sqrt(N): 42.464583129764314
Norma del vettore g: 19.999999999999996
Norma del vettore g non è uguale a sqrt(N): 42.464583129764314
Norma del vettore g: 19.999999999999996
Norma del vettore g non è uguale a sqrt(N): 42.464583129764314
Norma del vettore g: 19.999999999999996
Norma del vettore g non è uguale a sqrt(N): 42.464583129764314
Norma del vettore g: 19.999999999999996
Norma del vettore g non è uguale a sqrt(N): 42.464583129764314
Norma del vettore g: 19.999999999999996
Norma del vettore g non è uguale a sqrt(N): 42.464583129764314
Norma del vettore g: 19.999999999999996
Norma del vettore g non è uguale a sqrt(N): 42.464583129764314
Norma del vettore g: 19.999999999999996
Norma del vettore g non è uguale a sqrt(N): 42.464583129764314
Norma del vettore g: 19.999999999999996
Norma del vettore g non è uguale a sqrt(N): 42.464583129764314
Norma del vettore g: 19.999999999999996
Norma del vettore g non è uguale a sqrt(N): 42.464583129764314
Norma del vettore g: 19.999999999999996
Norma del vettore g non è uguale a sqrt(N): 42.464583129764314
Norma del vettore g: 19.999999999999996
Norma del vettore g: 20.0
Norma del vettore g: 20.0
Norma del vettore g: 19.999999999999996
Norma del vettore g: 19.999999999999993
Norma del vettore g: 20.0
Norma del vettore g: 20.000000000000004
Norma del vettore g: 20.0
[==========================                                            ] 37.66%
Norma del vettore g: 20.0
Norma del vettore g: 20.0
Norma del vettore g: 20.0
Norma del vettore g: 20.0
Norma del vettore g: 20.0
Norma del vettore g: 20.0
Norma del vettore g: 20.0
Norma del vettore g non è uguale a sqrt(N): 44.881794198160776
Norma del vettore g: 20.000000000000007
Norma del vettore g non è uguale a sqrt(N): 44.881794198160776
Norma del vettore g: 20.000000000000007
Norma del vettore g non è uguale a sqrt(N): 44.881794198160776
Norma del vettore g: 20.000000000000007
Norma del vettore g non è uguale a sqrt(N): 44.881794198160776
Norma del vettore g: 20.000000000000007
Norma del vettore g non è uguale a sqrt(N): 44.881794198160776
Norma del vettore g: 20.000000000000007
Norma del vettore g non è uguale a sqrt(N): 44.881794198160776
Norma del vettore g: 20.000000000000007
Norma del vettore g non è uguale a sqrt(N): 44.881794198160776
Norma del vettore g: 20.000000000000007
Norma del vettore g non è uguale a sqrt(N): 44.881794198160776
Norma del vettore g: 20.000000000000007
Norma del vettore g non è uguale a sqrt(N): 44.881794198160776
Norma del vettore g: 20.000000000000007
Norma del vettore g non è uguale a sqrt(N): 44.881794198160776
Norma del vettore g: 20.000000000000007
Norma del vettore g non è uguale a sqrt(N): 44.881794198160776
Norma del vettore g: 20.000000000000007
Norma del vettore g non è uguale a sqrt(N): 44.881794198160776
Norma del vettore g: 20.000000000000007
Norma del vettore g non è uguale a sqrt(N): 44.881794198160776
Norma del vettore g: 20.000000000000007
Norma del vettore g non è uguale a sqrt(N): 44.881794198160776
Norma del vettore g: 20.000000000000007
Norma del vettore g: 20.0
Norma del vettore g: 20.0
Norma del vettore g: 20.0
Norma del vettore g: 20.000000000000004
Norma del vettore g: 19.999999999999996
Norma del vettore g: 19.999999999999996
Norma del vettore g: 20.000000000000004
[==========================                                            ] 38.31%
Norma del vettore g: 20.0
Norma del vettore g: 20.0
Norma del vettore g: 20.0
Norma del vettore g: 20.0
Norma del vettore g: 20.0
Norma del vettore g: 20.0
Norma del vettore g: 20.0
Norma del vettore g non è uguale a sqrt(N): 51.16685452674095
Norma del vettore g: 20.000000000000004
Norma del vettore g non è uguale a sqrt(N): 51.16685452674095
Norma del vettore g: 20.000000000000004
Norma del vettore g non è uguale a sqrt(N): 51.16685452674095
Norma del vettore g: 20.000000000000004
Norma del vettore g non è uguale a sqrt(N): 51.16685452674095
Norma del vettore g: 20.000000000000004
Norma del vettore g non è uguale a sqrt(N): 51.16685452674095
Norma del vettore g: 20.000000000000004
Norma del vettore g non è uguale a sqrt(N): 51.16685452674095
Norma del vettore g: 20.000000000000004
Norma del vettore g non è uguale a sqrt(N): 51.16685452674095
Norma del vettore g: 20.000000000000004
Norma del vettore g non è uguale a sqrt(N): 51.16685452674095
Norma del vettore g: 20.000000000000004
Norma del vettore g non è uguale a sqrt(N): 51.16685452674095
Norma del vettore g: 20.000000000000004
Norma del vettore g non è uguale a sqrt(N): 51.16685452674095
Norma del vettore g: 20.000000000000004
Norma del vettore g non è uguale a sqrt(N): 51.16685452674095
Norma del vettore g: 20.000000000000004
Norma del vettore g non è uguale a sqrt(N): 51.16685452674095
Norma del vettore g: 20.000000000000004
Norma del vettore g non è uguale a sqrt(N): 51.16685452674095
Norma del vettore g: 20.000000000000004
Norma del vettore g non è uguale a sqrt(N): 51.16685452674095
Norma del vettore g: 20.000000000000004
Norma del vettore g: 19.999999999999996
Norma del vettore g: 19.999999999999996
Norma del vettore g: 19.999999999999996
Norma del vettore g: 20.00000000000001
Norma del vettore g: 19.999999999999996
Norma del vettore g: 20.0
Norma del vettore g: 20.000000000000014
[===========================                                           ] 38.96%
Norma del vettore g: 20.0
Norma del vettore g: 20.0
Norma del vettore g: 20.0
Norma del vettore g: 20.0
Norma del vettore g: 20.0
Norma del vettore g: 20.0
Norma del vettore g: 20.0
Norma del vettore g non è uguale a sqrt(N): 41.59012210684371
Norma del vettore g: 20.0
Norma del vettore g non è uguale a sqrt(N): 41.59012210684371
Norma del vettore g: 20.0
Norma del vettore g non è uguale a sqrt(N): 41.59012210684371
Norma del vettore g: 20.0
Norma del vettore g non è uguale a sqrt(N): 41.59012210684371
Norma del vettore g: 20.0
Norma del vettore g non è uguale a sqrt(N): 41.59012210684371
Norma del vettore g: 20.0
Norma del vettore g non è uguale a sqrt(N): 41.59012210684371
Norma del vettore g: 20.0
Norma del vettore g non è uguale a sqrt(N): 41.59012210684371
Norma del vettore g: 20.0
Norma del vettore g non è uguale a sqrt(N): 41.59012210684371
Norma del vettore g: 20.0
Norma del vettore g non è uguale a sqrt(N): 41.59012210684371
Norma del vettore g: 20.0
Norma del vettore g non è uguale a sqrt(N): 41.59012210684371
Norma del vettore g: 20.0
Norma del vettore g non è uguale a sqrt(N): 41.59012210684371
Norma del vettore g: 20.0
Norma del vettore g non è uguale a sqrt(N): 41.59012210684371
Norma del vettore g: 20.0
Norma del vettore g non è uguale a sqrt(N): 41.59012210684371
Norma del vettore g: 20.0
Norma del vettore g non è uguale a sqrt(N): 41.59012210684371
Norma del vettore g: 20.0
Norma del vettore g: 19.999999999999996
Norma del vettore g: 20.000000000000007
Norma del vettore g: 20.0
Norma del vettore g: 20.000000000000004
Norma del vettore g: 20.000000000000004
Norma del vettore g: 20.000000000000004
Norma del vettore g: 20.000000000000007
[===========================                                           ] 39.61%
Norma del vettore g: 20.0
Norma del vettore g: 20.0
Norma del vettore g: 20.0
Norma del vettore g: 20.0
Norma del vettore g: 20.0
Norma del vettore g: 20.0
Norma del vettore g: 20.0
Norma del vettore g non è uguale a sqrt(N): 54.38034664248898
Norma del vettore g: 20.0
Norma del vettore g non è uguale a sqrt(N): 54.38034664248898
Norma del vettore g: 20.0
Norma del vettore g non è uguale a sqrt(N): 54.38034664248898
Norma del vettore g: 20.0
Norma del vettore g non è uguale a sqrt(N): 54.38034664248898
Norma del vettore g: 20.0
Norma del vettore g non è uguale a sqrt(N): 54.38034664248898
Norma del vettore g: 20.0
Norma del vettore g non è uguale a sqrt(N): 54.38034664248898
Norma del vettore g: 20.0
Norma del vettore g non è uguale a sqrt(N): 54.38034664248898
Norma del vettore g: 20.0
Norma del vettore g non è uguale a sqrt(N): 54.38034664248898
Norma del vettore g: 20.0
Norma del vettore g non è uguale a sqrt(N): 54.38034664248898
Norma del vettore g: 20.0
Norma del vettore g non è uguale a sqrt(N): 54.38034664248898
Norma del vettore g: 20.0
Norma del vettore g non è uguale a sqrt(N): 54.38034664248898
Norma del vettore g: 20.0
Norma del vettore g non è uguale a sqrt(N): 54.38034664248898
Norma del vettore g: 20.0
Norma del vettore g non è uguale a sqrt(N): 54.38034664248898
Norma del vettore g: 20.0
Norma del vettore g non è uguale a sqrt(N): 54.38034664248898
Norma del vettore g: 20.0
Norma del vettore g: 20.000000000000007
Norma del vettore g: 20.0
Norma del vettore g: 19.999999999999993
Norma del vettore g: 20.000000000000004
Norma del vettore g: 19.999999999999993
Norma del vettore g: 20.000000000000004
Norma del vettore g: 20.0
[============================                                          ] 40.26%
Norma del vettore g: 20.0
Norma del vettore g: 20.0
Norma del vettore g: 20.0
Norma del vettore g: 20.0
Norma del vettore g: 20.0
Norma del vettore g: 20.0
Norma del vettore g: 20.0
Norma del vettore g non è uguale a sqrt(N): 51.163329726991485
Norma del vettore g: 20.000000000000007
Norma del vettore g non è uguale a sqrt(N): 51.163329726991485
Norma del vettore g: 20.000000000000007
Norma del vettore g non è uguale a sqrt(N): 51.163329726991485
Norma del vettore g: 20.000000000000007
Norma del vettore g non è uguale a sqrt(N): 51.163329726991485
Norma del vettore g: 20.000000000000007
Norma del vettore g non è uguale a sqrt(N): 51.163329726991485
Norma del vettore g: 20.000000000000007
Norma del vettore g non è uguale a sqrt(N): 51.163329726991485
Norma del vettore g: 20.000000000000007
Norma del vettore g non è uguale a sqrt(N): 51.163329726991485
Norma del vettore g: 20.000000000000007
Norma del vettore g non è uguale a sqrt(N): 51.163329726991485
Norma del vettore g: 20.000000000000007
Norma del vettore g non è uguale a sqrt(N): 51.163329726991485
Norma del vettore g: 20.000000000000007
Norma del vettore g non è uguale a sqrt(N): 51.163329726991485
Norma del vettore g: 20.000000000000007
Norma del vettore g non è uguale a sqrt(N): 51.163329726991485
Norma del vettore g: 20.000000000000007
Norma del vettore g non è uguale a sqrt(N): 51.163329726991485
Norma del vettore g: 20.000000000000007
Norma del vettore g non è uguale a sqrt(N): 51.163329726991485
Norma del vettore g: 20.000000000000007
Norma del vettore g non è uguale a sqrt(N): 51.163329726991485
Norma del vettore g: 20.000000000000007
Norma del vettore g: 20.0
Norma del vettore g: 19.999999999999993
Norma del vettore g: 20.0
Norma del vettore g: 20.0
Norma del vettore g: 20.000000000000007
Norma del vettore g: 19.999999999999996
Norma del vettore g: 19.999999999999996
[============================                                          ] 40.91%
Norma del vettore g: 20.0
Norma del vettore g: 20.0
Norma del vettore g: 20.0
Norma del vettore g: 20.0
Norma del vettore g: 20.0
Norma del vettore g: 20.0
Norma del vettore g: 20.0
Norma del vettore g non è uguale a sqrt(N): 43.11435878647077
Norma del vettore g: 20.000000000000007
Norma del vettore g non è uguale a sqrt(N): 43.11435878647077
Norma del vettore g: 20.000000000000007
Norma del vettore g non è uguale a sqrt(N): 43.11435878647077
Norma del vettore g: 20.000000000000007
Norma del vettore g non è uguale a sqrt(N): 43.11435878647077
Norma del vettore g: 20.000000000000007
Norma del vettore g non è uguale a sqrt(N): 43.11435878647077
Norma del vettore g: 20.000000000000007
Norma del vettore g non è uguale a sqrt(N): 43.11435878647077
Norma del vettore g: 20.000000000000007
Norma del vettore g non è uguale a sqrt(N): 43.11435878647077
Norma del vettore g: 20.000000000000007
Norma del vettore g non è uguale a sqrt(N): 43.11435878647077
Norma del vettore g: 20.000000000000007
Norma del vettore g non è uguale a sqrt(N): 43.11435878647077
Norma del vettore g: 20.000000000000007
Norma del vettore g non è uguale a sqrt(N): 43.11435878647077
Norma del vettore g: 20.000000000000007
Norma del vettore g non è uguale a sqrt(N): 43.11435878647077
Norma del vettore g: 20.000000000000007
Norma del vettore g non è uguale a sqrt(N): 43.11435878647077
Norma del vettore g: 20.000000000000007
Norma del vettore g non è uguale a sqrt(N): 43.11435878647077
Norma del vettore g: 20.000000000000007
Norma del vettore g non è uguale a sqrt(N): 43.11435878647077
Norma del vettore g: 20.000000000000007
Norma del vettore g: 20.000000000000004
Norma del vettore g: 19.999999999999993
Norma del vettore g: 19.999999999999993
Norma del vettore g: 20.0
Norma del vettore g: 19.999999999999996
Norma del vettore g: 19.999999999999993
Norma del vettore g: 19.999999999999996
[=============================                                         ] 41.56%
Norma del vettore g: 20.0
Norma del vettore g: 20.0
Norma del vettore g: 20.0
Norma del vettore g: 20.0
Norma del vettore g: 20.0
Norma del vettore g: 20.0
Norma del vettore g: 20.0
Norma del vettore g non è uguale a sqrt(N): 43.97337916080963
Norma del vettore g: 20.000000000000004
Norma del vettore g non è uguale a sqrt(N): 43.97337916080963
Norma del vettore g: 20.000000000000004
Norma del vettore g non è uguale a sqrt(N): 43.97337916080963
Norma del vettore g: 20.000000000000004
Norma del vettore g non è uguale a sqrt(N): 43.97337916080963
Norma del vettore g: 20.000000000000004
Norma del vettore g non è uguale a sqrt(N): 43.97337916080963
Norma del vettore g: 20.000000000000004
Norma del vettore g non è uguale a sqrt(N): 43.97337916080963
Norma del vettore g: 20.000000000000004
Norma del vettore g non è uguale a sqrt(N): 43.97337916080963
Norma del vettore g: 20.000000000000004
Norma del vettore g non è uguale a sqrt(N): 43.97337916080963
Norma del vettore g: 20.000000000000004
Norma del vettore g non è uguale a sqrt(N): 43.97337916080963
Norma del vettore g: 20.000000000000004
Norma del vettore g non è uguale a sqrt(N): 43.97337916080963
Norma del vettore g: 20.000000000000004
Norma del vettore g non è uguale a sqrt(N): 43.97337916080963
Norma del vettore g: 20.000000000000004
Norma del vettore g non è uguale a sqrt(N): 43.97337916080963
Norma del vettore g: 20.000000000000004
Norma del vettore g non è uguale a sqrt(N): 43.97337916080963
Norma del vettore g: 20.000000000000004
Norma del vettore g non è uguale a sqrt(N): 43.97337916080963
Norma del vettore g: 20.000000000000004
Norma del vettore g: 20.000000000000004
Norma del vettore g: 19.999999999999996
Norma del vettore g: 20.0
Norma del vettore g: 20.0
Norma del vettore g: 19.999999999999996
Norma del vettore g: 19.999999999999996
Norma del vettore g: 19.999999999999996
[=============================                                         ] 42.21%
Norma del vettore g: 20.0
Norma del vettore g: 20.0
Norma del vettore g: 20.0
Norma del vettore g: 20.0
Norma del vettore g: 20.0
Norma del vettore g: 20.0
Norma del vettore g: 20.0
Norma del vettore g non è uguale a sqrt(N): 71.05274779041527
Norma del vettore g: 19.999999999999993
Norma del vettore g non è uguale a sqrt(N): 71.05274779041527
Norma del vettore g: 19.999999999999993
Norma del vettore g non è uguale a sqrt(N): 71.05274779041527
Norma del vettore g: 19.999999999999993
Norma del vettore g non è uguale a sqrt(N): 71.05274779041527
Norma del vettore g: 19.999999999999993
Norma del vettore g non è uguale a sqrt(N): 71.05274779041527
Norma del vettore g: 19.999999999999993
Norma del vettore g non è uguale a sqrt(N): 71.05274779041527
Norma del vettore g: 19.999999999999993
Norma del vettore g non è uguale a sqrt(N): 71.05274779041527
Norma del vettore g: 19.999999999999993
Norma del vettore g non è uguale a sqrt(N): 71.05274779041527
Norma del vettore g: 19.999999999999993
Norma del vettore g non è uguale a sqrt(N): 71.05274779041527
Norma del vettore g: 19.999999999999993
Norma del vettore g non è uguale a sqrt(N): 71.05274779041527
Norma del vettore g: 19.999999999999993
Norma del vettore g non è uguale a sqrt(N): 71.05274779041527
Norma del vettore g: 19.999999999999993
Norma del vettore g non è uguale a sqrt(N): 71.05274779041527
Norma del vettore g: 19.999999999999993
Norma del vettore g non è uguale a sqrt(N): 71.05274779041527
Norma del vettore g: 19.999999999999993
Norma del vettore g non è uguale a sqrt(N): 71.05274779041527
Norma del vettore g: 19.999999999999993
Norma del vettore g: 19.999999999999993
Norma del vettore g: 20.000000000000007
Norma del vettore g: 20.000000000000007
Norma del vettore g: 19.999999999999993
Norma del vettore g: 20.0
Norma del vettore g: 19.999999999999996
Norma del vettore g: 20.0
[==============================                                        ] 42.86%
Norma del vettore g: 20.0
Norma del vettore g: 20.0
Norma del vettore g: 20.0
Norma del vettore g: 20.0
Norma del vettore g: 20.0
Norma del vettore g: 20.0
Norma del vettore g: 20.0
Norma del vettore g non è uguale a sqrt(N): 61.06210509010623
Norma del vettore g: 20.0
Norma del vettore g non è uguale a sqrt(N): 61.06210509010623
Norma del vettore g: 20.0
Norma del vettore g non è uguale a sqrt(N): 61.06210509010623
Norma del vettore g: 20.0
Norma del vettore g non è uguale a sqrt(N): 61.06210509010623
Norma del vettore g: 20.0
Norma del vettore g non è uguale a sqrt(N): 61.06210509010623
Norma del vettore g: 20.0
Norma del vettore g non è uguale a sqrt(N): 61.06210509010623
Norma del vettore g: 20.0
Norma del vettore g non è uguale a sqrt(N): 61.06210509010623
Norma del vettore g: 20.0
Norma del vettore g non è uguale a sqrt(N): 61.06210509010623
Norma del vettore g: 20.0
Norma del vettore g non è uguale a sqrt(N): 61.06210509010623
Norma del vettore g: 20.0
Norma del vettore g non è uguale a sqrt(N): 61.06210509010623
Norma del vettore g: 20.0
Norma del vettore g non è uguale a sqrt(N): 61.06210509010623
Norma del vettore g: 20.0
Norma del vettore g non è uguale a sqrt(N): 61.06210509010623
Norma del vettore g: 20.0
Norma del vettore g non è uguale a sqrt(N): 61.06210509010623
Norma del vettore g: 20.0
Norma del vettore g non è uguale a sqrt(N): 61.06210509010623
Norma del vettore g: 20.0
Norma del vettore g: 19.999999999999996
Norma del vettore g: 20.000000000000004
Norma del vettore g: 20.000000000000004
Norma del vettore g: 20.000000000000007
Norma del vettore g: 19.999999999999993
Norma del vettore g: 19.999999999999993
Norma del vettore g: 19.999999999999996
[==============================                                        ] 43.51%
Norma del vettore g: 20.0
Norma del vettore g: 20.0
Norma del vettore g: 20.0
Norma del vettore g: 20.0
Norma del vettore g: 20.0
Norma del vettore g: 20.0
Norma del vettore g: 20.0
Norma del vettore g non è uguale a sqrt(N): 51.03385521330271
Norma del vettore g: 20.000000000000004
Norma del vettore g non è uguale a sqrt(N): 51.03385521330271
Norma del vettore g: 20.000000000000004
Norma del vettore g non è uguale a sqrt(N): 51.03385521330271
Norma del vettore g: 20.000000000000004
Norma del vettore g non è uguale a sqrt(N): 51.03385521330271
Norma del vettore g: 20.000000000000004
Norma del vettore g non è uguale a sqrt(N): 51.03385521330271
Norma del vettore g: 20.000000000000004
Norma del vettore g non è uguale a sqrt(N): 51.03385521330271
Norma del vettore g: 20.000000000000004
Norma del vettore g non è uguale a sqrt(N): 51.03385521330271
Norma del vettore g: 20.000000000000004
Norma del vettore g non è uguale a sqrt(N): 51.03385521330271
Norma del vettore g: 20.000000000000004
Norma del vettore g non è uguale a sqrt(N): 51.03385521330271
Norma del vettore g: 20.000000000000004
Norma del vettore g non è uguale a sqrt(N): 51.03385521330271
Norma del vettore g: 20.000000000000004
Norma del vettore g non è uguale a sqrt(N): 51.03385521330271
Norma del vettore g: 20.000000000000004
Norma del vettore g non è uguale a sqrt(N): 51.03385521330271
Norma del vettore g: 20.000000000000004
Norma del vettore g non è uguale a sqrt(N): 51.03385521330271
Norma del vettore g: 20.000000000000004
Norma del vettore g non è uguale a sqrt(N): 51.03385521330271
Norma del vettore g: 20.000000000000004
Norma del vettore g: 20.000000000000004
Norma del vettore g: 20.0
Norma del vettore g: 20.000000000000004
Norma del vettore g: 20.0
Norma del vettore g: 19.999999999999996
Norma del vettore g: 19.999999999999996
Norma del vettore g: 19.999999999999996
[==============================                                        ] 44.16%
Norma del vettore g: 20.0
Norma del vettore g: 20.0
Norma del vettore g: 20.0
Norma del vettore g: 20.0
Norma del vettore g: 20.0
Norma del vettore g: 20.0
Norma del vettore g: 20.0
Norma del vettore g non è uguale a sqrt(N): 53.46099226889841
Norma del vettore g: 20.000000000000004
Norma del vettore g non è uguale a sqrt(N): 53.46099226889841
Norma del vettore g: 20.000000000000004
Norma del vettore g non è uguale a sqrt(N): 53.46099226889841
Norma del vettore g: 20.000000000000004
Norma del vettore g non è uguale a sqrt(N): 53.46099226889841
Norma del vettore g: 20.000000000000004
Norma del vettore g non è uguale a sqrt(N): 53.46099226889841
Norma del vettore g: 20.000000000000004
Norma del vettore g non è uguale a sqrt(N): 53.46099226889841
Norma del vettore g: 20.000000000000004
Norma del vettore g non è uguale a sqrt(N): 53.46099226889841
Norma del vettore g: 20.000000000000004
Norma del vettore g non è uguale a sqrt(N): 53.46099226889841
Norma del vettore g: 20.000000000000004
Norma del vettore g non è uguale a sqrt(N): 53.46099226889841
Norma del vettore g: 20.000000000000004
Norma del vettore g non è uguale a sqrt(N): 53.46099226889841
Norma del vettore g: 20.000000000000004
Norma del vettore g non è uguale a sqrt(N): 53.46099226889841
Norma del vettore g: 20.000000000000004
Norma del vettore g non è uguale a sqrt(N): 53.46099226889841
Norma del vettore g: 20.000000000000004
Norma del vettore g non è uguale a sqrt(N): 53.46099226889841
Norma del vettore g: 20.000000000000004
Norma del vettore g non è uguale a sqrt(N): 53.46099226889841
Norma del vettore g: 20.000000000000004
Norma del vettore g: 20.0
Norma del vettore g: 20.0
Norma del vettore g: 20.000000000000004
Norma del vettore g: 20.000000000000007
Norma del vettore g: 19.999999999999996
Norma del vettore g: 19.999999999999993
Norma del vettore g: 20.000000000000004
[===============================                                       ] 44.81%
Norma del vettore g: 20.0
Norma del vettore g: 20.0
Norma del vettore g: 20.0
Norma del vettore g: 20.0
Norma del vettore g: 20.0
Norma del vettore g: 20.0
Norma del vettore g: 20.0
Norma del vettore g non è uguale a sqrt(N): 44.667423621616294
Norma del vettore g: 20.0
Norma del vettore g non è uguale a sqrt(N): 44.667423621616294
Norma del vettore g: 20.0
Norma del vettore g non è uguale a sqrt(N): 44.667423621616294
Norma del vettore g: 20.0
Norma del vettore g non è uguale a sqrt(N): 44.667423621616294
Norma del vettore g: 20.0
Norma del vettore g non è uguale a sqrt(N): 44.667423621616294
Norma del vettore g: 20.0
Norma del vettore g non è uguale a sqrt(N): 44.667423621616294
Norma del vettore g: 20.0
Norma del vettore g non è uguale a sqrt(N): 44.667423621616294
Norma del vettore g: 20.0
Norma del vettore g non è uguale a sqrt(N): 44.667423621616294
Norma del vettore g: 20.0
Norma del vettore g non è uguale a sqrt(N): 44.667423621616294
Norma del vettore g: 20.0
Norma del vettore g non è uguale a sqrt(N): 44.667423621616294
Norma del vettore g: 20.0
Norma del vettore g non è uguale a sqrt(N): 44.667423621616294
Norma del vettore g: 20.0
Norma del vettore g non è uguale a sqrt(N): 44.667423621616294
Norma del vettore g: 20.0
Norma del vettore g non è uguale a sqrt(N): 44.667423621616294
Norma del vettore g: 20.0
Norma del vettore g non è uguale a sqrt(N): 44.667423621616294
Norma del vettore g: 20.0
Norma del vettore g: 20.0
Norma del vettore g: 19.999999999999996
Norma del vettore g: 19.999999999999996
Norma del vettore g: 20.000000000000007
Norma del vettore g: 20.000000000000004
Norma del vettore g: 19.99999999999999
Norma del vettore g: 20.0
[===============================                                       ] 45.45%
Norma del vettore g: 20.0
Norma del vettore g: 20.0
Norma del vettore g: 20.0
Norma del vettore g: 20.0
Norma del vettore g: 20.0
Norma del vettore g: 20.0
Norma del vettore g: 20.0
Norma del vettore g non è uguale a sqrt(N): 40.77957664671342
Norma del vettore g: 20.000000000000004
Norma del vettore g non è uguale a sqrt(N): 40.77957664671342
Norma del vettore g: 20.000000000000004
Norma del vettore g non è uguale a sqrt(N): 40.77957664671342
Norma del vettore g: 20.000000000000004
Norma del vettore g non è uguale a sqrt(N): 40.77957664671342
Norma del vettore g: 20.000000000000004
Norma del vettore g non è uguale a sqrt(N): 40.77957664671342
Norma del vettore g: 20.000000000000004
Norma del vettore g non è uguale a sqrt(N): 40.77957664671342
Norma del vettore g: 20.000000000000004
Norma del vettore g non è uguale a sqrt(N): 40.77957664671342
Norma del vettore g: 20.000000000000004
Norma del vettore g non è uguale a sqrt(N): 40.77957664671342
Norma del vettore g: 20.000000000000004
Norma del vettore g non è uguale a sqrt(N): 40.77957664671342
Norma del vettore g: 20.000000000000004
Norma del vettore g non è uguale a sqrt(N): 40.77957664671342
Norma del vettore g: 20.000000000000004
Norma del vettore g non è uguale a sqrt(N): 40.77957664671342
Norma del vettore g: 20.000000000000004
Norma del vettore g non è uguale a sqrt(N): 40.77957664671342
Norma del vettore g: 20.000000000000004
Norma del vettore g non è uguale a sqrt(N): 40.77957664671342
Norma del vettore g: 20.000000000000004
Norma del vettore g non è uguale a sqrt(N): 40.77957664671342
Norma del vettore g: 20.000000000000004
Norma del vettore g: 20.0
Norma del vettore g: 19.999999999999993
Norma del vettore g: 20.0
Norma del vettore g: 20.000000000000007
Norma del vettore g: 19.999999999999996
Norma del vettore g: 20.0
Norma del vettore g: 20.0
[================================                                      ] 46.10%
Norma del vettore g: 20.0
Norma del vettore g: 20.0
Norma del vettore g: 20.0
Norma del vettore g: 20.0
Norma del vettore g: 20.0
Norma del vettore g: 20.0
Norma del vettore g: 20.0
Norma del vettore g non è uguale a sqrt(N): 54.398558708703895
Norma del vettore g: 20.000000000000014
Norma del vettore g non è uguale a sqrt(N): 54.398558708703895
Norma del vettore g: 20.000000000000014
Norma del vettore g non è uguale a sqrt(N): 54.398558708703895
Norma del vettore g: 20.000000000000014
Norma del vettore g non è uguale a sqrt(N): 54.398558708703895
Norma del vettore g: 20.000000000000014
Norma del vettore g non è uguale a sqrt(N): 54.398558708703895
Norma del vettore g: 20.000000000000014
Norma del vettore g non è uguale a sqrt(N): 54.398558708703895
Norma del vettore g: 20.000000000000014
Norma del vettore g non è uguale a sqrt(N): 54.398558708703895
Norma del vettore g: 20.000000000000014
Norma del vettore g non è uguale a sqrt(N): 54.398558708703895
Norma del vettore g: 20.000000000000014
Norma del vettore g non è uguale a sqrt(N): 54.398558708703895
Norma del vettore g: 20.000000000000014
Norma del vettore g non è uguale a sqrt(N): 54.398558708703895
Norma del vettore g: 20.000000000000014
Norma del vettore g non è uguale a sqrt(N): 54.398558708703895
Norma del vettore g: 20.000000000000014
Norma del vettore g non è uguale a sqrt(N): 54.398558708703895
Norma del vettore g: 20.000000000000014
Norma del vettore g non è uguale a sqrt(N): 54.398558708703895
Norma del vettore g: 20.000000000000014
Norma del vettore g non è uguale a sqrt(N): 54.398558708703895
Norma del vettore g: 20.000000000000014
Norma del vettore g: 20.0
Norma del vettore g: 20.000000000000007
Norma del vettore g: 20.0
Norma del vettore g: 20.000000000000007
Norma del vettore g: 20.000000000000007
Norma del vettore g: 20.0
Norma del vettore g: 20.000000000000004
[================================                                      ] 46.75%
Norma del vettore g: 20.0
Norma del vettore g: 20.0
Norma del vettore g: 20.0
Norma del vettore g: 20.0
Norma del vettore g: 20.0
Norma del vettore g: 20.0
Norma del vettore g: 20.0
Norma del vettore g non è uguale a sqrt(N): 46.70646104008763
Norma del vettore g: 19.999999999999996
Norma del vettore g non è uguale a sqrt(N): 46.70646104008763
Norma del vettore g: 19.999999999999996
Norma del vettore g non è uguale a sqrt(N): 46.70646104008763
Norma del vettore g: 19.999999999999996
Norma del vettore g non è uguale a sqrt(N): 46.70646104008763
Norma del vettore g: 19.999999999999996
Norma del vettore g non è uguale a sqrt(N): 46.70646104008763
Norma del vettore g: 19.999999999999996
Norma del vettore g non è uguale a sqrt(N): 46.70646104008763
Norma del vettore g: 19.999999999999996
Norma del vettore g non è uguale a sqrt(N): 46.70646104008763
Norma del vettore g: 19.999999999999996
Norma del vettore g non è uguale a sqrt(N): 46.70646104008763
Norma del vettore g: 19.999999999999996
Norma del vettore g non è uguale a sqrt(N): 46.70646104008763
Norma del vettore g: 19.999999999999996
Norma del vettore g non è uguale a sqrt(N): 46.70646104008763
Norma del vettore g: 19.999999999999996
Norma del vettore g non è uguale a sqrt(N): 46.70646104008763
Norma del vettore g: 19.999999999999996
Norma del vettore g non è uguale a sqrt(N): 46.70646104008763
Norma del vettore g: 19.999999999999996
Norma del vettore g non è uguale a sqrt(N): 46.70646104008763
Norma del vettore g: 19.999999999999996
Norma del vettore g non è uguale a sqrt(N): 46.70646104008763
Norma del vettore g: 19.999999999999996
Norma del vettore g: 20.000000000000007
Norma del vettore g: 19.999999999999993
Norma del vettore g: 20.0
Norma del vettore g: 20.000000000000007
Norma del vettore g: 19.999999999999996
Norma del vettore g: 19.999999999999996
Norma del vettore g: 20.000000000000004
[=================================                                     ] 47.40%
Norma del vettore g: 20.0
Norma del vettore g: 20.0
Norma del vettore g: 20.0
Norma del vettore g: 20.0
Norma del vettore g: 20.0
Norma del vettore g: 20.0
Norma del vettore g: 20.0
Norma del vettore g non è uguale a sqrt(N): 61.600298477955135
Norma del vettore g: 20.0
Norma del vettore g non è uguale a sqrt(N): 61.600298477955135
Norma del vettore g: 20.0
Norma del vettore g non è uguale a sqrt(N): 61.600298477955135
Norma del vettore g: 20.0
Norma del vettore g non è uguale a sqrt(N): 61.600298477955135
Norma del vettore g: 20.0
Norma del vettore g non è uguale a sqrt(N): 61.600298477955135
Norma del vettore g: 20.0
Norma del vettore g non è uguale a sqrt(N): 61.600298477955135
Norma del vettore g: 20.0
Norma del vettore g non è uguale a sqrt(N): 61.600298477955135
Norma del vettore g: 20.0
Norma del vettore g non è uguale a sqrt(N): 61.600298477955135
Norma del vettore g: 20.0
Norma del vettore g non è uguale a sqrt(N): 61.600298477955135
Norma del vettore g: 20.0
Norma del vettore g non è uguale a sqrt(N): 61.600298477955135
Norma del vettore g: 20.0
Norma del vettore g non è uguale a sqrt(N): 61.600298477955135
Norma del vettore g: 20.0
Norma del vettore g non è uguale a sqrt(N): 61.600298477955135
Norma del vettore g: 20.0
Norma del vettore g non è uguale a sqrt(N): 61.600298477955135
Norma del vettore g: 20.0
Norma del vettore g non è uguale a sqrt(N): 61.600298477955135
Norma del vettore g: 20.0
Norma del vettore g: 19.999999999999996
Norma del vettore g: 20.0
Norma del vettore g: 20.0
Norma del vettore g: 20.000000000000007
Norma del vettore g: 19.999999999999993
Norma del vettore g: 20.00000000000001
Norma del vettore g: 20.0
[=================================                                     ] 48.05%
Norma del vettore g: 20.0
Norma del vettore g: 20.0
Norma del vettore g: 20.0
Norma del vettore g: 20.0
Norma del vettore g: 20.0
Norma del vettore g: 20.0
Norma del vettore g: 20.0
Norma del vettore g non è uguale a sqrt(N): 53.124911469766865
Norma del vettore g: 19.999999999999993
Norma del vettore g non è uguale a sqrt(N): 53.124911469766865
Norma del vettore g: 19.999999999999993
Norma del vettore g non è uguale a sqrt(N): 53.124911469766865
Norma del vettore g: 19.999999999999993
Norma del vettore g non è uguale a sqrt(N): 53.124911469766865
Norma del vettore g: 19.999999999999993
Norma del vettore g non è uguale a sqrt(N): 53.124911469766865
Norma del vettore g: 19.999999999999993
Norma del vettore g non è uguale a sqrt(N): 53.124911469766865
Norma del vettore g: 19.999999999999993
Norma del vettore g non è uguale a sqrt(N): 53.124911469766865
Norma del vettore g: 19.999999999999993
Norma del vettore g non è uguale a sqrt(N): 53.124911469766865
Norma del vettore g: 19.999999999999993
Norma del vettore g non è uguale a sqrt(N): 53.124911469766865
Norma del vettore g: 19.999999999999993
Norma del vettore g non è uguale a sqrt(N): 53.124911469766865
Norma del vettore g: 19.999999999999993
Norma del vettore g non è uguale a sqrt(N): 53.124911469766865
Norma del vettore g: 19.999999999999993
Norma del vettore g non è uguale a sqrt(N): 53.124911469766865
Norma del vettore g: 19.999999999999993
Norma del vettore g non è uguale a sqrt(N): 53.124911469766865
Norma del vettore g: 19.999999999999993
Norma del vettore g non è uguale a sqrt(N): 53.124911469766865
Norma del vettore g: 19.999999999999993
Norma del vettore g: 19.999999999999996
Norma del vettore g: 20.0
Norma del vettore g: 20.000000000000004
Norma del vettore g: 20.000000000000007
Norma del vettore g: 19.999999999999993
Norma del vettore g: 20.0
Norma del vettore g: 19.999999999999996
[==================================                                    ] 48.70%
Norma del vettore g: 20.0
Norma del vettore g: 20.0
Norma del vettore g: 20.0
Norma del vettore g: 20.0
Norma del vettore g: 20.0
Norma del vettore g: 20.0
Norma del vettore g: 20.0
Norma del vettore g non è uguale a sqrt(N): 46.99713271577908
Norma del vettore g: 19.999999999999993
Norma del vettore g non è uguale a sqrt(N): 46.99713271577908
Norma del vettore g: 19.999999999999993
Norma del vettore g non è uguale a sqrt(N): 46.99713271577908
Norma del vettore g: 19.999999999999993
Norma del vettore g non è uguale a sqrt(N): 46.99713271577908
Norma del vettore g: 19.999999999999993
Norma del vettore g non è uguale a sqrt(N): 46.99713271577908
Norma del vettore g: 19.999999999999993
Norma del vettore g non è uguale a sqrt(N): 46.99713271577908
Norma del vettore g: 19.999999999999993
Norma del vettore g non è uguale a sqrt(N): 46.99713271577908
Norma del vettore g: 19.999999999999993
Norma del vettore g non è uguale a sqrt(N): 46.99713271577908
Norma del vettore g: 19.999999999999993
Norma del vettore g non è uguale a sqrt(N): 46.99713271577908
Norma del vettore g: 19.999999999999993
Norma del vettore g non è uguale a sqrt(N): 46.99713271577908
Norma del vettore g: 19.999999999999993
Norma del vettore g non è uguale a sqrt(N): 46.99713271577908
Norma del vettore g: 19.999999999999993
Norma del vettore g non è uguale a sqrt(N): 46.99713271577908
Norma del vettore g: 19.999999999999993
Norma del vettore g non è uguale a sqrt(N): 46.99713271577908
Norma del vettore g: 19.999999999999993
Norma del vettore g non è uguale a sqrt(N): 46.99713271577908
Norma del vettore g: 19.999999999999993
Norma del vettore g: 20.0
Norma del vettore g: 19.999999999999993
Norma del vettore g: 20.0
Norma del vettore g: 20.0
Norma del vettore g: 20.000000000000004
Norma del vettore g: 19.999999999999993
Norma del vettore g: 19.999999999999996
[==================================                                    ] 49.35%
Norma del vettore g: 20.0
Norma del vettore g: 20.0
Norma del vettore g: 20.0
Norma del vettore g: 20.0
Norma del vettore g: 20.0
Norma del vettore g: 20.0
Norma del vettore g: 20.0
Norma del vettore g non è uguale a sqrt(N): 51.748244532942685
Norma del vettore g: 19.999999999999996
Norma del vettore g non è uguale a sqrt(N): 51.748244532942685
Norma del vettore g: 19.999999999999996
Norma del vettore g non è uguale a sqrt(N): 51.748244532942685
Norma del vettore g: 19.999999999999996
Norma del vettore g non è uguale a sqrt(N): 51.748244532942685
Norma del vettore g: 19.999999999999996
Norma del vettore g non è uguale a sqrt(N): 51.748244532942685
Norma del vettore g: 19.999999999999996
Norma del vettore g non è uguale a sqrt(N): 51.748244532942685
Norma del vettore g: 19.999999999999996
Norma del vettore g non è uguale a sqrt(N): 51.748244532942685
Norma del vettore g: 19.999999999999996
Norma del vettore g non è uguale a sqrt(N): 51.748244532942685
Norma del vettore g: 19.999999999999996
Norma del vettore g non è uguale a sqrt(N): 51.748244532942685
Norma del vettore g: 19.999999999999996
Norma del vettore g non è uguale a sqrt(N): 51.748244532942685
Norma del vettore g: 19.999999999999996
Norma del vettore g non è uguale a sqrt(N): 51.748244532942685
Norma del vettore g: 19.999999999999996
Norma del vettore g non è uguale a sqrt(N): 51.748244532942685
Norma del vettore g: 19.999999999999996
Norma del vettore g non è uguale a sqrt(N): 51.748244532942685
Norma del vettore g: 19.999999999999996
Norma del vettore g non è uguale a sqrt(N): 51.748244532942685
Norma del vettore g: 19.999999999999996
Norma del vettore g: 19.999999999999993
Norma del vettore g: 19.999999999999996
Norma del vettore g: 20.000000000000004
Norma del vettore g: 20.000000000000004
Norma del vettore g: 19.999999999999996
Norma del vettore g: 20.0
Norma del vettore g: 20.000000000000004
[===================================                                   ] 50.00%
Norma del vettore g: 20.0
Norma del vettore g: 20.0
Norma del vettore g: 20.0
Norma del vettore g: 20.0
Norma del vettore g: 20.0
Norma del vettore g: 20.0
Norma del vettore g: 20.0
Norma del vettore g non è uguale a sqrt(N): 39.31136028862449
Norma del vettore g: 19.999999999999996
Norma del vettore g non è uguale a sqrt(N): 39.31136028862449
Norma del vettore g: 19.999999999999996
Norma del vettore g non è uguale a sqrt(N): 39.31136028862449
Norma del vettore g: 19.999999999999996
Norma del vettore g non è uguale a sqrt(N): 39.31136028862449
Norma del vettore g: 19.999999999999996
Norma del vettore g non è uguale a sqrt(N): 39.31136028862449
Norma del vettore g: 19.999999999999996
Norma del vettore g non è uguale a sqrt(N): 39.31136028862449
Norma del vettore g: 19.999999999999996
Norma del vettore g non è uguale a sqrt(N): 39.31136028862449
Norma del vettore g: 19.999999999999996
Norma del vettore g non è uguale a sqrt(N): 39.31136028862449
Norma del vettore g: 19.999999999999996
Norma del vettore g non è uguale a sqrt(N): 39.31136028862449
Norma del vettore g: 19.999999999999996
Norma del vettore g non è uguale a sqrt(N): 39.31136028862449
Norma del vettore g: 19.999999999999996
Norma del vettore g non è uguale a sqrt(N): 39.31136028862449
Norma del vettore g: 19.999999999999996
Norma del vettore g non è uguale a sqrt(N): 39.31136028862449
Norma del vettore g: 19.999999999999996
Norma del vettore g non è uguale a sqrt(N): 39.31136028862449
Norma del vettore g: 19.999999999999996
Norma del vettore g non è uguale a sqrt(N): 39.31136028862449
Norma del vettore g: 19.999999999999996
Norma del vettore g: 20.0
Norma del vettore g: 19.999999999999996
Norma del vettore g: 20.0
Norma del vettore g: 20.000000000000004
Norma del vettore g: 20.000000000000004
Norma del vettore g: 19.999999999999996
Norma del vettore g: 20.0
[===================================                                   ] 50.65%
Norma del vettore g: 20.0
Norma del vettore g: 20.0
Norma del vettore g: 20.0
Norma del vettore g: 20.0
Norma del vettore g: 20.0
Norma del vettore g: 20.0
Norma del vettore g: 20.0
Norma del vettore g non è uguale a sqrt(N): 34.933035405832825
Norma del vettore g: 19.999999999999993
Norma del vettore g non è uguale a sqrt(N): 34.933035405832825
Norma del vettore g: 19.999999999999993
Norma del vettore g non è uguale a sqrt(N): 34.933035405832825
Norma del vettore g: 19.999999999999993
Norma del vettore g non è uguale a sqrt(N): 34.933035405832825
Norma del vettore g: 19.999999999999993
Norma del vettore g non è uguale a sqrt(N): 34.933035405832825
Norma del vettore g: 19.999999999999993
Norma del vettore g non è uguale a sqrt(N): 34.933035405832825
Norma del vettore g: 19.999999999999993
Norma del vettore g non è uguale a sqrt(N): 34.933035405832825
Norma del vettore g: 19.999999999999993
Norma del vettore g non è uguale a sqrt(N): 34.933035405832825
Norma del vettore g: 19.999999999999993
Norma del vettore g non è uguale a sqrt(N): 34.933035405832825
Norma del vettore g: 19.999999999999993
Norma del vettore g non è uguale a sqrt(N): 34.933035405832825
Norma del vettore g: 19.999999999999993
Norma del vettore g non è uguale a sqrt(N): 34.933035405832825
Norma del vettore g: 19.999999999999993
Norma del vettore g non è uguale a sqrt(N): 34.933035405832825
Norma del vettore g: 19.999999999999993
Norma del vettore g non è uguale a sqrt(N): 34.933035405832825
Norma del vettore g: 19.999999999999993
Norma del vettore g non è uguale a sqrt(N): 34.933035405832825
Norma del vettore g: 19.999999999999993
Norma del vettore g: 20.0
Norma del vettore g: 20.0
Norma del vettore g: 20.0
Norma del vettore g: 19.999999999999993
Norma del vettore g: 19.999999999999996
Norma del vettore g: 19.999999999999993
Norma del vettore g: 20.0
[===================================                                   ] 51.30%
Norma del vettore g: 20.0
Norma del vettore g: 20.0
Norma del vettore g: 20.0
Norma del vettore g: 20.0
Norma del vettore g: 20.0
Norma del vettore g: 20.0
Norma del vettore g: 20.0
Norma del vettore g non è uguale a sqrt(N): 45.81544383274384
Norma del vettore g: 20.000000000000004
Norma del vettore g non è uguale a sqrt(N): 45.81544383274384
Norma del vettore g: 20.000000000000004
Norma del vettore g non è uguale a sqrt(N): 45.81544383274384
Norma del vettore g: 20.000000000000004
Norma del vettore g non è uguale a sqrt(N): 45.81544383274384
Norma del vettore g: 20.000000000000004
Norma del vettore g non è uguale a sqrt(N): 45.81544383274384
Norma del vettore g: 20.000000000000004
Norma del vettore g non è uguale a sqrt(N): 45.81544383274384
Norma del vettore g: 20.000000000000004
Norma del vettore g non è uguale a sqrt(N): 45.81544383274384
Norma del vettore g: 20.000000000000004
Norma del vettore g non è uguale a sqrt(N): 45.81544383274384
Norma del vettore g: 20.000000000000004
Norma del vettore g non è uguale a sqrt(N): 45.81544383274384
Norma del vettore g: 20.000000000000004
Norma del vettore g non è uguale a sqrt(N): 45.81544383274384
Norma del vettore g: 20.000000000000004
Norma del vettore g non è uguale a sqrt(N): 45.81544383274384
Norma del vettore g: 20.000000000000004
Norma del vettore g non è uguale a sqrt(N): 45.81544383274384
Norma del vettore g: 20.000000000000004
Norma del vettore g non è uguale a sqrt(N): 45.81544383274384
Norma del vettore g: 20.000000000000004
Norma del vettore g non è uguale a sqrt(N): 45.81544383274384
Norma del vettore g: 20.000000000000004
Norma del vettore g: 20.0
Norma del vettore g: 20.000000000000004
Norma del vettore g: 19.999999999999996
Norma del vettore g: 20.0
Norma del vettore g: 20.0
Norma del vettore g: 19.999999999999993
Norma del vettore g: 19.999999999999993
[====================================                                  ] 51.95%
Norma del vettore g: 20.0
Norma del vettore g: 20.0
Norma del vettore g: 20.0
Norma del vettore g: 20.0
Norma del vettore g: 20.0
Norma del vettore g: 20.0
Norma del vettore g: 20.0
Norma del vettore g non è uguale a sqrt(N): 30.735391696928094
Norma del vettore g: 20.000000000000004
Norma del vettore g non è uguale a sqrt(N): 30.735391696928094
Norma del vettore g: 20.000000000000004
Norma del vettore g non è uguale a sqrt(N): 30.735391696928094
Norma del vettore g: 20.000000000000004
Norma del vettore g non è uguale a sqrt(N): 30.735391696928094
Norma del vettore g: 20.000000000000004
Norma del vettore g non è uguale a sqrt(N): 30.735391696928094
Norma del vettore g: 20.000000000000004
Norma del vettore g non è uguale a sqrt(N): 30.735391696928094
Norma del vettore g: 20.000000000000004
Norma del vettore g non è uguale a sqrt(N): 30.735391696928094
Norma del vettore g: 20.000000000000004
Norma del vettore g non è uguale a sqrt(N): 30.735391696928094
Norma del vettore g: 20.000000000000004
Norma del vettore g non è uguale a sqrt(N): 30.735391696928094
Norma del vettore g: 20.000000000000004
Norma del vettore g non è uguale a sqrt(N): 30.735391696928094
Norma del vettore g: 20.000000000000004
Norma del vettore g non è uguale a sqrt(N): 30.735391696928094
Norma del vettore g: 20.000000000000004
Norma del vettore g non è uguale a sqrt(N): 30.735391696928094
Norma del vettore g: 20.000000000000004
Norma del vettore g non è uguale a sqrt(N): 30.735391696928094
Norma del vettore g: 20.000000000000004
Norma del vettore g non è uguale a sqrt(N): 30.735391696928094
Norma del vettore g: 20.000000000000004
Norma del vettore g: 20.000000000000004
Norma del vettore g: 19.999999999999993
Norma del vettore g: 20.000000000000007
Norma del vettore g: 19.999999999999996
Norma del vettore g: 20.000000000000007
Norma del vettore g: 20.0
Norma del vettore g: 20.000000000000004
[====================================                                  ] 52.60%
Norma del vettore g: 20.0
Norma del vettore g: 20.0
Norma del vettore g: 20.0
Norma del vettore g: 20.0
Norma del vettore g: 20.0
Norma del vettore g: 20.0
Norma del vettore g: 20.0
Norma del vettore g non è uguale a sqrt(N): 32.87969329266791
Norma del vettore g: 19.999999999999996
Norma del vettore g non è uguale a sqrt(N): 32.87969329266791
Norma del vettore g: 19.999999999999996
Norma del vettore g non è uguale a sqrt(N): 32.87969329266791
Norma del vettore g: 19.999999999999996
Norma del vettore g non è uguale a sqrt(N): 32.87969329266791
Norma del vettore g: 19.999999999999996
Norma del vettore g non è uguale a sqrt(N): 32.87969329266791
Norma del vettore g: 19.999999999999996
Norma del vettore g non è uguale a sqrt(N): 32.87969329266791
Norma del vettore g: 19.999999999999996
Norma del vettore g non è uguale a sqrt(N): 32.87969329266791
Norma del vettore g: 19.999999999999996
Norma del vettore g non è uguale a sqrt(N): 32.87969329266791
Norma del vettore g: 19.999999999999996
Norma del vettore g non è uguale a sqrt(N): 32.87969329266791
Norma del vettore g: 19.999999999999996
Norma del vettore g non è uguale a sqrt(N): 32.87969329266791
Norma del vettore g: 19.999999999999996
Norma del vettore g non è uguale a sqrt(N): 32.87969329266791
Norma del vettore g: 19.999999999999996
Norma del vettore g non è uguale a sqrt(N): 32.87969329266791
Norma del vettore g: 19.999999999999996
Norma del vettore g non è uguale a sqrt(N): 32.87969329266791
Norma del vettore g: 19.999999999999996
Norma del vettore g non è uguale a sqrt(N): 32.87969329266791
Norma del vettore g: 19.999999999999996
Norma del vettore g: 20.000000000000004
Norma del vettore g: 20.0
Norma del vettore g: 20.000000000000004
Norma del vettore g: 19.999999999999996
Norma del vettore g: 20.0
Norma del vettore g: 19.999999999999996
Norma del vettore g: 19.999999999999996
[=====================================                                 ] 53.25%
Norma del vettore g: 20.0
Norma del vettore g: 20.0
Norma del vettore g: 20.0
Norma del vettore g: 20.0
Norma del vettore g: 20.0
Norma del vettore g: 20.0
Norma del vettore g: 20.0
Norma del vettore g non è uguale a sqrt(N): 36.444733115916854
Norma del vettore g: 20.0
Norma del vettore g non è uguale a sqrt(N): 36.444733115916854
Norma del vettore g: 20.0
Norma del vettore g non è uguale a sqrt(N): 36.444733115916854
Norma del vettore g: 20.0
Norma del vettore g non è uguale a sqrt(N): 36.444733115916854
Norma del vettore g: 20.0
Norma del vettore g non è uguale a sqrt(N): 36.444733115916854
Norma del vettore g: 20.0
Norma del vettore g non è uguale a sqrt(N): 36.444733115916854
Norma del vettore g: 20.0
Norma del vettore g non è uguale a sqrt(N): 36.444733115916854
Norma del vettore g: 20.0
Norma del vettore g non è uguale a sqrt(N): 36.444733115916854
Norma del vettore g: 20.0
Norma del vettore g non è uguale a sqrt(N): 36.444733115916854
Norma del vettore g: 20.0
Norma del vettore g non è uguale a sqrt(N): 36.444733115916854
Norma del vettore g: 20.0
Norma del vettore g non è uguale a sqrt(N): 36.444733115916854
Norma del vettore g: 20.0
Norma del vettore g non è uguale a sqrt(N): 36.444733115916854
Norma del vettore g: 20.0
Norma del vettore g non è uguale a sqrt(N): 36.444733115916854
Norma del vettore g: 20.0
Norma del vettore g non è uguale a sqrt(N): 36.444733115916854
Norma del vettore g: 20.0
Norma del vettore g: 20.0
Norma del vettore g: 19.999999999999996
Norma del vettore g: 20.0
Norma del vettore g: 19.999999999999996
Norma del vettore g: 20.0
Norma del vettore g: 20.0
Norma del vettore g: 20.0
[=====================================                                 ] 53.90%
Norma del vettore g: 20.0
Norma del vettore g: 20.0
Norma del vettore g: 20.0
Norma del vettore g: 20.0
Norma del vettore g: 20.0
Norma del vettore g: 20.0
Norma del vettore g: 20.0
Norma del vettore g non è uguale a sqrt(N): 40.39716434682329
Norma del vettore g: 19.999999999999996
Norma del vettore g non è uguale a sqrt(N): 40.39716434682329
Norma del vettore g: 19.999999999999996
Norma del vettore g non è uguale a sqrt(N): 40.39716434682329
Norma del vettore g: 19.999999999999996
Norma del vettore g non è uguale a sqrt(N): 40.39716434682329
Norma del vettore g: 19.999999999999996
Norma del vettore g non è uguale a sqrt(N): 40.39716434682329
Norma del vettore g: 19.999999999999996
Norma del vettore g non è uguale a sqrt(N): 40.39716434682329
Norma del vettore g: 19.999999999999996
Norma del vettore g non è uguale a sqrt(N): 40.39716434682329
Norma del vettore g: 19.999999999999996
Norma del vettore g non è uguale a sqrt(N): 40.39716434682329
Norma del vettore g: 19.999999999999996
Norma del vettore g non è uguale a sqrt(N): 40.39716434682329
Norma del vettore g: 19.999999999999996
Norma del vettore g non è uguale a sqrt(N): 40.39716434682329
Norma del vettore g: 19.999999999999996
Norma del vettore g non è uguale a sqrt(N): 40.39716434682329
Norma del vettore g: 19.999999999999996
Norma del vettore g non è uguale a sqrt(N): 40.39716434682329
Norma del vettore g: 19.999999999999996
Norma del vettore g non è uguale a sqrt(N): 40.39716434682329
Norma del vettore g: 19.999999999999996
Norma del vettore g non è uguale a sqrt(N): 40.39716434682329
Norma del vettore g: 19.999999999999996
Norma del vettore g: 19.999999999999996
Norma del vettore g: 20.000000000000007
Norma del vettore g: 20.0
Norma del vettore g: 19.999999999999996
Norma del vettore g: 19.999999999999996
Norma del vettore g: 20.00000000000001
Norma del vettore g: 20.000000000000004
[======================================                                ] 54.55%
Norma del vettore g: 20.0
Norma del vettore g: 20.0
Norma del vettore g: 20.0
Norma del vettore g: 20.0
Norma del vettore g: 20.0
Norma del vettore g: 20.0
Norma del vettore g: 20.0
Norma del vettore g non è uguale a sqrt(N): 59.19634916611832
Norma del vettore g: 20.000000000000007
Norma del vettore g non è uguale a sqrt(N): 59.19634916611832
Norma del vettore g: 20.000000000000007
Norma del vettore g non è uguale a sqrt(N): 59.19634916611832
Norma del vettore g: 20.000000000000007
Norma del vettore g non è uguale a sqrt(N): 59.19634916611832
Norma del vettore g: 20.000000000000007
Norma del vettore g non è uguale a sqrt(N): 59.19634916611832
Norma del vettore g: 20.000000000000007
Norma del vettore g non è uguale a sqrt(N): 59.19634916611832
Norma del vettore g: 20.000000000000007
Norma del vettore g non è uguale a sqrt(N): 59.19634916611832
Norma del vettore g: 20.000000000000007
Norma del vettore g non è uguale a sqrt(N): 59.19634916611832
Norma del vettore g: 20.000000000000007
Norma del vettore g non è uguale a sqrt(N): 59.19634916611832
Norma del vettore g: 20.000000000000007
Norma del vettore g non è uguale a sqrt(N): 59.19634916611832
Norma del vettore g: 20.000000000000007
Norma del vettore g non è uguale a sqrt(N): 59.19634916611832
Norma del vettore g: 20.000000000000007
Norma del vettore g non è uguale a sqrt(N): 59.19634916611832
Norma del vettore g: 20.000000000000007
Norma del vettore g non è uguale a sqrt(N): 59.19634916611832
Norma del vettore g: 20.000000000000007
Norma del vettore g non è uguale a sqrt(N): 59.19634916611832
Norma del vettore g: 20.000000000000007
Norma del vettore g: 20.000000000000007
Norma del vettore g: 19.999999999999993
Norma del vettore g: 20.000000000000007
Norma del vettore g: 20.0
Norma del vettore g: 19.999999999999993
Norma del vettore g: 20.00000000000001
Norma del vettore g: 20.000000000000007
[======================================                                ] 55.19%
Norma del vettore g: 20.0
Norma del vettore g: 20.0
Norma del vettore g: 20.0
Norma del vettore g: 20.0
Norma del vettore g: 20.0
Norma del vettore g: 20.0
Norma del vettore g: 20.0
Norma del vettore g non è uguale a sqrt(N): 43.56036009741698
Norma del vettore g: 19.999999999999996
Norma del vettore g non è uguale a sqrt(N): 43.56036009741698
Norma del vettore g: 19.999999999999996
Norma del vettore g non è uguale a sqrt(N): 43.56036009741698
Norma del vettore g: 19.999999999999996
Norma del vettore g non è uguale a sqrt(N): 43.56036009741698
Norma del vettore g: 19.999999999999996
Norma del vettore g non è uguale a sqrt(N): 43.56036009741698
Norma del vettore g: 19.999999999999996
Norma del vettore g non è uguale a sqrt(N): 43.56036009741698
Norma del vettore g: 19.999999999999996
Norma del vettore g non è uguale a sqrt(N): 43.56036009741698
Norma del vettore g: 19.999999999999996
Norma del vettore g non è uguale a sqrt(N): 43.56036009741698
Norma del vettore g: 19.999999999999996
Norma del vettore g non è uguale a sqrt(N): 43.56036009741698
Norma del vettore g: 19.999999999999996
Norma del vettore g non è uguale a sqrt(N): 43.56036009741698
Norma del vettore g: 19.999999999999996
Norma del vettore g non è uguale a sqrt(N): 43.56036009741698
Norma del vettore g: 19.999999999999996
Norma del vettore g non è uguale a sqrt(N): 43.56036009741698
Norma del vettore g: 19.999999999999996
Norma del vettore g non è uguale a sqrt(N): 43.56036009741698
Norma del vettore g: 19.999999999999996
Norma del vettore g non è uguale a sqrt(N): 43.56036009741698
Norma del vettore g: 19.999999999999996
Norma del vettore g: 20.0
Norma del vettore g: 19.999999999999993
Norma del vettore g: 20.0
Norma del vettore g: 20.000000000000007
Norma del vettore g: 20.0
Norma del vettore g: 19.999999999999996
Norma del vettore g: 19.999999999999993
[=======================================                               ] 55.84%
Norma del vettore g: 20.0
Norma del vettore g: 20.0
Norma del vettore g: 20.0
Norma del vettore g: 20.0
Norma del vettore g: 20.0
Norma del vettore g: 20.0
Norma del vettore g: 20.0
Norma del vettore g non è uguale a sqrt(N): 44.921084089544706
Norma del vettore g: 20.0
Norma del vettore g non è uguale a sqrt(N): 44.921084089544706
Norma del vettore g: 20.0
Norma del vettore g non è uguale a sqrt(N): 44.921084089544706
Norma del vettore g: 20.0
Norma del vettore g non è uguale a sqrt(N): 44.921084089544706
Norma del vettore g: 20.0
Norma del vettore g non è uguale a sqrt(N): 44.921084089544706
Norma del vettore g: 20.0
Norma del vettore g non è uguale a sqrt(N): 44.921084089544706
Norma del vettore g: 20.0
Norma del vettore g non è uguale a sqrt(N): 44.921084089544706
Norma del vettore g: 20.0
Norma del vettore g non è uguale a sqrt(N): 44.921084089544706
Norma del vettore g: 20.0
Norma del vettore g non è uguale a sqrt(N): 44.921084089544706
Norma del vettore g: 20.0
Norma del vettore g non è uguale a sqrt(N): 44.921084089544706
Norma del vettore g: 20.0
Norma del vettore g non è uguale a sqrt(N): 44.921084089544706
Norma del vettore g: 20.0
Norma del vettore g non è uguale a sqrt(N): 44.921084089544706
Norma del vettore g: 20.0
Norma del vettore g non è uguale a sqrt(N): 44.921084089544706
Norma del vettore g: 20.0
Norma del vettore g non è uguale a sqrt(N): 44.921084089544706
Norma del vettore g: 20.0
Norma del vettore g: 19.999999999999996
Norma del vettore g: 20.0
Norma del vettore g: 20.000000000000007
Norma del vettore g: 19.999999999999993
Norma del vettore g: 19.999999999999996
Norma del vettore g: 20.0
Norma del vettore g: 20.000000000000004
[=======================================                               ] 56.49%
Norma del vettore g: 20.0
Norma del vettore g: 20.0
Norma del vettore g: 20.0
Norma del vettore g: 20.0
Norma del vettore g: 20.0
Norma del vettore g: 20.0
Norma del vettore g: 20.0
Norma del vettore g non è uguale a sqrt(N): 45.491300063445735
Norma del vettore g: 20.000000000000007
Norma del vettore g non è uguale a sqrt(N): 45.491300063445735
Norma del vettore g: 20.000000000000007
Norma del vettore g non è uguale a sqrt(N): 45.491300063445735
Norma del vettore g: 20.000000000000007
Norma del vettore g non è uguale a sqrt(N): 45.491300063445735
Norma del vettore g: 20.000000000000007
Norma del vettore g non è uguale a sqrt(N): 45.491300063445735
Norma del vettore g: 20.000000000000007
Norma del vettore g non è uguale a sqrt(N): 45.491300063445735
Norma del vettore g: 20.000000000000007
Norma del vettore g non è uguale a sqrt(N): 45.491300063445735
Norma del vettore g: 20.000000000000007
Norma del vettore g non è uguale a sqrt(N): 45.491300063445735
Norma del vettore g: 20.000000000000007
Norma del vettore g non è uguale a sqrt(N): 45.491300063445735
Norma del vettore g: 20.000000000000007
Norma del vettore g non è uguale a sqrt(N): 45.491300063445735
Norma del vettore g: 20.000000000000007
Norma del vettore g non è uguale a sqrt(N): 45.491300063445735
Norma del vettore g: 20.000000000000007
Norma del vettore g non è uguale a sqrt(N): 45.491300063445735
Norma del vettore g: 20.000000000000007
Norma del vettore g non è uguale a sqrt(N): 45.491300063445735
Norma del vettore g: 20.000000000000007
Norma del vettore g non è uguale a sqrt(N): 45.491300063445735
Norma del vettore g: 20.000000000000007
Norma del vettore g: 20.0
Norma del vettore g: 19.999999999999996
Norma del vettore g: 20.0
Norma del vettore g: 19.999999999999996
Norma del vettore g: 20.0
Norma del vettore g: 19.999999999999993
Norma del vettore g: 20.0
[========================================                              ] 57.14%
Norma del vettore g: 20.0
Norma del vettore g: 20.0
Norma del vettore g: 20.0
Norma del vettore g: 20.0
Norma del vettore g: 20.0
Norma del vettore g: 20.0
Norma del vettore g: 20.0
Norma del vettore g non è uguale a sqrt(N): 37.56156648480506
Norma del vettore g: 20.0
Norma del vettore g non è uguale a sqrt(N): 37.56156648480506
Norma del vettore g: 20.0
Norma del vettore g non è uguale a sqrt(N): 37.56156648480506
Norma del vettore g: 20.0
Norma del vettore g non è uguale a sqrt(N): 37.56156648480506
Norma del vettore g: 20.0
Norma del vettore g non è uguale a sqrt(N): 37.56156648480506
Norma del vettore g: 20.0
Norma del vettore g non è uguale a sqrt(N): 37.56156648480506
Norma del vettore g: 20.0
Norma del vettore g non è uguale a sqrt(N): 37.56156648480506
Norma del vettore g: 20.0
Norma del vettore g non è uguale a sqrt(N): 37.56156648480506
Norma del vettore g: 20.0
Norma del vettore g non è uguale a sqrt(N): 37.56156648480506
Norma del vettore g: 20.0
Norma del vettore g non è uguale a sqrt(N): 37.56156648480506
Norma del vettore g: 20.0
Norma del vettore g non è uguale a sqrt(N): 37.56156648480506
Norma del vettore g: 20.0
Norma del vettore g non è uguale a sqrt(N): 37.56156648480506
Norma del vettore g: 20.0
Norma del vettore g non è uguale a sqrt(N): 37.56156648480506
Norma del vettore g: 20.0
Norma del vettore g non è uguale a sqrt(N): 37.56156648480506
Norma del vettore g: 20.0
Norma del vettore g: 20.0
Norma del vettore g: 20.0
Norma del vettore g: 19.999999999999993
Norma del vettore g: 20.000000000000004
Norma del vettore g: 19.999999999999993
Norma del vettore g: 20.000000000000004
Norma del vettore g: 20.000000000000004
[========================================                              ] 57.79%
Norma del vettore g: 20.0
Norma del vettore g: 20.0
Norma del vettore g: 20.0
Norma del vettore g: 20.0
Norma del vettore g: 20.0
Norma del vettore g: 20.0
Norma del vettore g: 20.0
Norma del vettore g non è uguale a sqrt(N): 40.194045137275836
Norma del vettore g: 20.0
Norma del vettore g non è uguale a sqrt(N): 40.194045137275836
Norma del vettore g: 20.0
Norma del vettore g non è uguale a sqrt(N): 40.194045137275836
Norma del vettore g: 20.0
Norma del vettore g non è uguale a sqrt(N): 40.194045137275836
Norma del vettore g: 20.0
Norma del vettore g non è uguale a sqrt(N): 40.194045137275836
Norma del vettore g: 20.0
Norma del vettore g non è uguale a sqrt(N): 40.194045137275836
Norma del vettore g: 20.0
Norma del vettore g non è uguale a sqrt(N): 40.194045137275836
Norma del vettore g: 20.0
Norma del vettore g non è uguale a sqrt(N): 40.194045137275836
Norma del vettore g: 20.0
Norma del vettore g non è uguale a sqrt(N): 40.194045137275836
Norma del vettore g: 20.0
Norma del vettore g non è uguale a sqrt(N): 40.194045137275836
Norma del vettore g: 20.0
Norma del vettore g non è uguale a sqrt(N): 40.194045137275836
Norma del vettore g: 20.0
Norma del vettore g non è uguale a sqrt(N): 40.194045137275836
Norma del vettore g: 20.0
Norma del vettore g non è uguale a sqrt(N): 40.194045137275836
Norma del vettore g: 20.0
Norma del vettore g non è uguale a sqrt(N): 40.194045137275836
Norma del vettore g: 20.0
Norma del vettore g: 19.999999999999996
Norma del vettore g: 19.999999999999996
Norma del vettore g: 20.000000000000004
Norma del vettore g: 20.0
Norma del vettore g: 19.999999999999996
Norma del vettore g: 19.999999999999993
Norma del vettore g: 19.999999999999993
[========================================                              ] 58.44%
Norma del vettore g: 20.0
Norma del vettore g: 20.0
Norma del vettore g: 20.0
Norma del vettore g: 20.0
Norma del vettore g: 20.0
Norma del vettore g: 20.0
Norma del vettore g: 20.0
Norma del vettore g non è uguale a sqrt(N): 45.99631863048562
Norma del vettore g: 20.0
Norma del vettore g non è uguale a sqrt(N): 45.99631863048562
Norma del vettore g: 20.0
Norma del vettore g non è uguale a sqrt(N): 45.99631863048562
Norma del vettore g: 20.0
Norma del vettore g non è uguale a sqrt(N): 45.99631863048562
Norma del vettore g: 20.0
Norma del vettore g non è uguale a sqrt(N): 45.99631863048562
Norma del vettore g: 20.0
Norma del vettore g non è uguale a sqrt(N): 45.99631863048562
Norma del vettore g: 20.0
Norma del vettore g non è uguale a sqrt(N): 45.99631863048562
Norma del vettore g: 20.0
Norma del vettore g non è uguale a sqrt(N): 45.99631863048562
Norma del vettore g: 20.0
Norma del vettore g non è uguale a sqrt(N): 45.99631863048562
Norma del vettore g: 20.0
Norma del vettore g non è uguale a sqrt(N): 45.99631863048562
Norma del vettore g: 20.0
Norma del vettore g non è uguale a sqrt(N): 45.99631863048562
Norma del vettore g: 20.0
Norma del vettore g non è uguale a sqrt(N): 45.99631863048562
Norma del vettore g: 20.0
Norma del vettore g non è uguale a sqrt(N): 45.99631863048562
Norma del vettore g: 20.0
Norma del vettore g non è uguale a sqrt(N): 45.99631863048562
Norma del vettore g: 20.0
Norma del vettore g: 20.000000000000007
Norma del vettore g: 20.0
Norma del vettore g: 19.999999999999996
Norma del vettore g: 19.999999999999993
Norma del vettore g: 20.0
Norma del vettore g: 19.999999999999993
Norma del vettore g: 19.999999999999996
[=========================================                             ] 59.09%
Norma del vettore g: 20.0
Norma del vettore g: 20.0
Norma del vettore g: 20.0
Norma del vettore g: 20.0
Norma del vettore g: 20.0
Norma del vettore g: 20.0
Norma del vettore g: 20.0
Norma del vettore g non è uguale a sqrt(N): 46.98344056483904
Norma del vettore g: 20.000000000000004
Norma del vettore g non è uguale a sqrt(N): 46.98344056483904
Norma del vettore g: 20.000000000000004
Norma del vettore g non è uguale a sqrt(N): 46.98344056483904
Norma del vettore g: 20.000000000000004
Norma del vettore g non è uguale a sqrt(N): 46.98344056483904
Norma del vettore g: 20.000000000000004
Norma del vettore g non è uguale a sqrt(N): 46.98344056483904
Norma del vettore g: 20.000000000000004
Norma del vettore g non è uguale a sqrt(N): 46.98344056483904
Norma del vettore g: 20.000000000000004
Norma del vettore g non è uguale a sqrt(N): 46.98344056483904
Norma del vettore g: 20.000000000000004
Norma del vettore g non è uguale a sqrt(N): 46.98344056483904
Norma del vettore g: 20.000000000000004
Norma del vettore g non è uguale a sqrt(N): 46.98344056483904
Norma del vettore g: 20.000000000000004
Norma del vettore g non è uguale a sqrt(N): 46.98344056483904
Norma del vettore g: 20.000000000000004
Norma del vettore g non è uguale a sqrt(N): 46.98344056483904
Norma del vettore g: 20.000000000000004
Norma del vettore g non è uguale a sqrt(N): 46.98344056483904
Norma del vettore g: 20.000000000000004
Norma del vettore g non è uguale a sqrt(N): 46.98344056483904
Norma del vettore g: 20.000000000000004
Norma del vettore g non è uguale a sqrt(N): 46.98344056483904
Norma del vettore g: 20.000000000000004
Norma del vettore g: 19.999999999999993
Norma del vettore g: 20.000000000000007
Norma del vettore g: 19.999999999999996
Norma del vettore g: 19.999999999999993
Norma del vettore g: 19.999999999999996
Norma del vettore g: 20.000000000000007
Norma del vettore g: 20.0
[=========================================                             ] 59.74%
Norma del vettore g: 20.0
Norma del vettore g: 20.0
Norma del vettore g: 20.0
Norma del vettore g: 20.0
Norma del vettore g: 20.0
Norma del vettore g: 20.0
Norma del vettore g: 20.0
Norma del vettore g non è uguale a sqrt(N): 41.460872325749015
Norma del vettore g: 20.0
Norma del vettore g non è uguale a sqrt(N): 41.460872325749015
Norma del vettore g: 20.0
Norma del vettore g non è uguale a sqrt(N): 41.460872325749015
Norma del vettore g: 20.0
Norma del vettore g non è uguale a sqrt(N): 41.460872325749015
Norma del vettore g: 20.0
Norma del vettore g non è uguale a sqrt(N): 41.460872325749015
Norma del vettore g: 20.0
Norma del vettore g non è uguale a sqrt(N): 41.460872325749015
Norma del vettore g: 20.0
Norma del vettore g non è uguale a sqrt(N): 41.460872325749015
Norma del vettore g: 20.0
Norma del vettore g non è uguale a sqrt(N): 41.460872325749015
Norma del vettore g: 20.0
Norma del vettore g non è uguale a sqrt(N): 41.460872325749015
Norma del vettore g: 20.0
Norma del vettore g non è uguale a sqrt(N): 41.460872325749015
Norma del vettore g: 20.0
Norma del vettore g non è uguale a sqrt(N): 41.460872325749015
Norma del vettore g: 20.0
Norma del vettore g non è uguale a sqrt(N): 41.460872325749015
Norma del vettore g: 20.0
Norma del vettore g non è uguale a sqrt(N): 41.460872325749015
Norma del vettore g: 20.0
Norma del vettore g non è uguale a sqrt(N): 41.460872325749015
Norma del vettore g: 20.0
Norma del vettore g: 19.999999999999996
Norma del vettore g: 19.999999999999996
Norma del vettore g: 20.0
Norma del vettore g: 20.0
Norma del vettore g: 19.999999999999993
Norma del vettore g: 20.0
Norma del vettore g: 20.000000000000007
[==========================================                            ] 60.39%
Norma del vettore g: 20.0
Norma del vettore g: 20.0
Norma del vettore g: 20.0
Norma del vettore g: 20.0
Norma del vettore g: 20.0
Norma del vettore g: 20.0
Norma del vettore g: 20.0
Norma del vettore g non è uguale a sqrt(N): 51.71193502880312
Norma del vettore g: 20.000000000000004
Norma del vettore g non è uguale a sqrt(N): 51.71193502880312
Norma del vettore g: 20.000000000000004
Norma del vettore g non è uguale a sqrt(N): 51.71193502880312
Norma del vettore g: 20.000000000000004
Norma del vettore g non è uguale a sqrt(N): 51.71193502880312
Norma del vettore g: 20.000000000000004
Norma del vettore g non è uguale a sqrt(N): 51.71193502880312
Norma del vettore g: 20.000000000000004
Norma del vettore g non è uguale a sqrt(N): 51.71193502880312
Norma del vettore g: 20.000000000000004
Norma del vettore g non è uguale a sqrt(N): 51.71193502880312
Norma del vettore g: 20.000000000000004
Norma del vettore g non è uguale a sqrt(N): 51.71193502880312
Norma del vettore g: 20.000000000000004
Norma del vettore g non è uguale a sqrt(N): 51.71193502880312
Norma del vettore g: 20.000000000000004
Norma del vettore g non è uguale a sqrt(N): 51.71193502880312
Norma del vettore g: 20.000000000000004
Norma del vettore g non è uguale a sqrt(N): 51.71193502880312
Norma del vettore g: 20.000000000000004
Norma del vettore g non è uguale a sqrt(N): 51.71193502880312
Norma del vettore g: 20.000000000000004
Norma del vettore g non è uguale a sqrt(N): 51.71193502880312
Norma del vettore g: 20.000000000000004
Norma del vettore g non è uguale a sqrt(N): 51.71193502880312
Norma del vettore g: 20.000000000000004
Norma del vettore g: 19.999999999999996
Norma del vettore g: 20.0
Norma del vettore g: 20.000000000000007
Norma del vettore g: 20.000000000000004
Norma del vettore g: 20.0
Norma del vettore g: 19.999999999999993
Norma del vettore g: 20.0
[==========================================                            ] 61.04%
Norma del vettore g: 20.0
Norma del vettore g: 20.0
Norma del vettore g: 20.0
Norma del vettore g: 20.0
Norma del vettore g: 20.0
Norma del vettore g: 20.0
Norma del vettore g: 20.0
Norma del vettore g non è uguale a sqrt(N): 52.18018184113089
Norma del vettore g: 19.999999999999996
Norma del vettore g non è uguale a sqrt(N): 52.18018184113089
Norma del vettore g: 19.999999999999996
Norma del vettore g non è uguale a sqrt(N): 52.18018184113089
Norma del vettore g: 19.999999999999996
Norma del vettore g non è uguale a sqrt(N): 52.18018184113089
Norma del vettore g: 19.999999999999996
Norma del vettore g non è uguale a sqrt(N): 52.18018184113089
Norma del vettore g: 19.999999999999996
Norma del vettore g non è uguale a sqrt(N): 52.18018184113089
Norma del vettore g: 19.999999999999996
Norma del vettore g non è uguale a sqrt(N): 52.18018184113089
Norma del vettore g: 19.999999999999996
Norma del vettore g non è uguale a sqrt(N): 52.18018184113089
Norma del vettore g: 19.999999999999996
Norma del vettore g non è uguale a sqrt(N): 52.18018184113089
Norma del vettore g: 19.999999999999996
Norma del vettore g non è uguale a sqrt(N): 52.18018184113089
Norma del vettore g: 19.999999999999996
Norma del vettore g non è uguale a sqrt(N): 52.18018184113089
Norma del vettore g: 19.999999999999996
Norma del vettore g non è uguale a sqrt(N): 52.18018184113089
Norma del vettore g: 19.999999999999996
Norma del vettore g non è uguale a sqrt(N): 52.18018184113089
Norma del vettore g: 19.999999999999996
Norma del vettore g non è uguale a sqrt(N): 52.18018184113089
Norma del vettore g: 19.999999999999996
Norma del vettore g: 19.999999999999993
Norma del vettore g: 20.000000000000007
Norma del vettore g: 20.000000000000004
Norma del vettore g: 20.0
Norma del vettore g: 20.0
Norma del vettore g: 19.999999999999996
Norma del vettore g: 20.0
[===========================================                           ] 61.69%
Norma del vettore g: 20.0
Norma del vettore g: 20.0
Norma del vettore g: 20.0
Norma del vettore g: 20.0
Norma del vettore g: 20.0
Norma del vettore g: 20.0
Norma del vettore g: 20.0
Norma del vettore g non è uguale a sqrt(N): 57.203976352291306
Norma del vettore g: 19.999999999999996
Norma del vettore g non è uguale a sqrt(N): 57.203976352291306
Norma del vettore g: 19.999999999999996
Norma del vettore g non è uguale a sqrt(N): 57.203976352291306
Norma del vettore g: 19.999999999999996
Norma del vettore g non è uguale a sqrt(N): 57.203976352291306
Norma del vettore g: 19.999999999999996
Norma del vettore g non è uguale a sqrt(N): 57.203976352291306
Norma del vettore g: 19.999999999999996
Norma del vettore g non è uguale a sqrt(N): 57.203976352291306
Norma del vettore g: 19.999999999999996
Norma del vettore g non è uguale a sqrt(N): 57.203976352291306
Norma del vettore g: 19.999999999999996
Norma del vettore g non è uguale a sqrt(N): 57.203976352291306
Norma del vettore g: 19.999999999999996
Norma del vettore g non è uguale a sqrt(N): 57.203976352291306
Norma del vettore g: 19.999999999999996
Norma del vettore g non è uguale a sqrt(N): 57.203976352291306
Norma del vettore g: 19.999999999999996
Norma del vettore g non è uguale a sqrt(N): 57.203976352291306
Norma del vettore g: 19.999999999999996
Norma del vettore g non è uguale a sqrt(N): 57.203976352291306
Norma del vettore g: 19.999999999999996
Norma del vettore g non è uguale a sqrt(N): 57.203976352291306
Norma del vettore g: 19.999999999999996
Norma del vettore g non è uguale a sqrt(N): 57.203976352291306
Norma del vettore g: 19.999999999999996
Norma del vettore g: 20.000000000000004
Norma del vettore g: 19.999999999999993
Norma del vettore g: 20.0
Norma del vettore g: 19.999999999999993
Norma del vettore g: 20.000000000000004
Norma del vettore g: 20.000000000000004
Norma del vettore g: 20.000000000000004
[===========================================                           ] 62.34%
Norma del vettore g: 20.0
Norma del vettore g: 20.0
Norma del vettore g: 20.0
Norma del vettore g: 20.0
Norma del vettore g: 20.0
Norma del vettore g: 20.0
Norma del vettore g: 20.0
Norma del vettore g non è uguale a sqrt(N): 48.01766087005583
Norma del vettore g: 20.000000000000007
Norma del vettore g non è uguale a sqrt(N): 48.01766087005583
Norma del vettore g: 20.000000000000007
Norma del vettore g non è uguale a sqrt(N): 48.01766087005583
Norma del vettore g: 20.000000000000007
Norma del vettore g non è uguale a sqrt(N): 48.01766087005583
Norma del vettore g: 20.000000000000007
Norma del vettore g non è uguale a sqrt(N): 48.01766087005583
Norma del vettore g: 20.000000000000007
Norma del vettore g non è uguale a sqrt(N): 48.01766087005583
Norma del vettore g: 20.000000000000007
Norma del vettore g non è uguale a sqrt(N): 48.01766087005583
Norma del vettore g: 20.000000000000007
Norma del vettore g non è uguale a sqrt(N): 48.01766087005583
Norma del vettore g: 20.000000000000007
Norma del vettore g non è uguale a sqrt(N): 48.01766087005583
Norma del vettore g: 20.000000000000007
Norma del vettore g non è uguale a sqrt(N): 48.01766087005583
Norma del vettore g: 20.000000000000007
Norma del vettore g non è uguale a sqrt(N): 48.01766087005583
Norma del vettore g: 20.000000000000007
Norma del vettore g non è uguale a sqrt(N): 48.01766087005583
Norma del vettore g: 20.000000000000007
Norma del vettore g non è uguale a sqrt(N): 48.01766087005583
Norma del vettore g: 20.000000000000007
Norma del vettore g non è uguale a sqrt(N): 48.01766087005583
Norma del vettore g: 20.000000000000007
Norma del vettore g: 20.0
Norma del vettore g: 20.000000000000004
Norma del vettore g: 20.000000000000004
Norma del vettore g: 20.0
Norma del vettore g: 20.000000000000004
Norma del vettore g: 20.0
Norma del vettore g: 20.0
[============================================                          ] 62.99%
Norma del vettore g: 20.0
Norma del vettore g: 20.0
Norma del vettore g: 20.0
Norma del vettore g: 20.0
Norma del vettore g: 20.0
Norma del vettore g: 20.0
Norma del vettore g: 20.0
Norma del vettore g non è uguale a sqrt(N): 86.93984912589467
Norma del vettore g: 20.000000000000007
Norma del vettore g non è uguale a sqrt(N): 86.93984912589467
Norma del vettore g: 20.000000000000007
Norma del vettore g non è uguale a sqrt(N): 86.93984912589467
Norma del vettore g: 20.000000000000007
Norma del vettore g non è uguale a sqrt(N): 86.93984912589467
Norma del vettore g: 20.000000000000007
Norma del vettore g non è uguale a sqrt(N): 86.93984912589467
Norma del vettore g: 20.000000000000007
Norma del vettore g non è uguale a sqrt(N): 86.93984912589467
Norma del vettore g: 20.000000000000007
Norma del vettore g non è uguale a sqrt(N): 86.93984912589467
Norma del vettore g: 20.000000000000007
Norma del vettore g non è uguale a sqrt(N): 86.93984912589467
Norma del vettore g: 20.000000000000007
Norma del vettore g non è uguale a sqrt(N): 86.93984912589467
Norma del vettore g: 20.000000000000007
Norma del vettore g non è uguale a sqrt(N): 86.93984912589467
Norma del vettore g: 20.000000000000007
Norma del vettore g non è uguale a sqrt(N): 86.93984912589467
Norma del vettore g: 20.000000000000007
Norma del vettore g non è uguale a sqrt(N): 86.93984912589467
Norma del vettore g: 20.000000000000007
Norma del vettore g non è uguale a sqrt(N): 86.93984912589467
Norma del vettore g: 20.000000000000007
Norma del vettore g non è uguale a sqrt(N): 86.93984912589467
Norma del vettore g: 20.000000000000007
Norma del vettore g: 19.999999999999996
Norma del vettore g: 20.0
Norma del vettore g: 20.000000000000007
Norma del vettore g: 19.999999999999996
Norma del vettore g: 20.0
Norma del vettore g: 20.00000000000001
Norma del vettore g: 20.000000000000007
[============================================                          ] 63.64%
Norma del vettore g: 20.0
Norma del vettore g: 20.0
Norma del vettore g: 20.0
Norma del vettore g: 20.0
Norma del vettore g: 20.0
Norma del vettore g: 20.0
Norma del vettore g: 20.0
Norma del vettore g non è uguale a sqrt(N): 62.10535997985532
Norma del vettore g: 19.999999999999996
Norma del vettore g non è uguale a sqrt(N): 62.10535997985532
Norma del vettore g: 19.999999999999996
Norma del vettore g non è uguale a sqrt(N): 62.10535997985532
Norma del vettore g: 19.999999999999996
Norma del vettore g non è uguale a sqrt(N): 62.10535997985532
Norma del vettore g: 19.999999999999996
Norma del vettore g non è uguale a sqrt(N): 62.10535997985532
Norma del vettore g: 19.999999999999996
Norma del vettore g non è uguale a sqrt(N): 62.10535997985532
Norma del vettore g: 19.999999999999996
Norma del vettore g non è uguale a sqrt(N): 62.10535997985532
Norma del vettore g: 19.999999999999996
Norma del vettore g non è uguale a sqrt(N): 62.10535997985532
Norma del vettore g: 19.999999999999996
Norma del vettore g non è uguale a sqrt(N): 62.10535997985532
Norma del vettore g: 19.999999999999996
Norma del vettore g non è uguale a sqrt(N): 62.10535997985532
Norma del vettore g: 19.999999999999996
Norma del vettore g non è uguale a sqrt(N): 62.10535997985532
Norma del vettore g: 19.999999999999996
Norma del vettore g non è uguale a sqrt(N): 62.10535997985532
Norma del vettore g: 19.999999999999996
Norma del vettore g non è uguale a sqrt(N): 62.10535997985532
Norma del vettore g: 19.999999999999996
Norma del vettore g non è uguale a sqrt(N): 62.10535997985532
Norma del vettore g: 19.999999999999996
Norma del vettore g: 20.000000000000004
Norma del vettore g: 20.000000000000007
Norma del vettore g: 19.999999999999993
Norma del vettore g: 19.999999999999996
Norma del vettore g: 20.0
Norma del vettore g: 20.0
Norma del vettore g: 20.0
[=============================================                         ] 64.29%
Norma del vettore g: 20.0
Norma del vettore g: 20.0
Norma del vettore g: 20.0
Norma del vettore g: 20.0
Norma del vettore g: 20.0
Norma del vettore g: 20.0
Norma del vettore g: 20.0
Norma del vettore g non è uguale a sqrt(N): 41.700233232833355
Norma del vettore g: 19.999999999999993
Norma del vettore g non è uguale a sqrt(N): 41.700233232833355
Norma del vettore g: 19.999999999999993
Norma del vettore g non è uguale a sqrt(N): 41.700233232833355
Norma del vettore g: 19.999999999999993
Norma del vettore g non è uguale a sqrt(N): 41.700233232833355
Norma del vettore g: 19.999999999999993
Norma del vettore g non è uguale a sqrt(N): 41.700233232833355
Norma del vettore g: 19.999999999999993
Norma del vettore g non è uguale a sqrt(N): 41.700233232833355
Norma del vettore g: 19.999999999999993
Norma del vettore g non è uguale a sqrt(N): 41.700233232833355
Norma del vettore g: 19.999999999999993
Norma del vettore g non è uguale a sqrt(N): 41.700233232833355
Norma del vettore g: 19.999999999999993
Norma del vettore g non è uguale a sqrt(N): 41.700233232833355
Norma del vettore g: 19.999999999999993
Norma del vettore g non è uguale a sqrt(N): 41.700233232833355
Norma del vettore g: 19.999999999999993
Norma del vettore g non è uguale a sqrt(N): 41.700233232833355
Norma del vettore g: 19.999999999999993
Norma del vettore g non è uguale a sqrt(N): 41.700233232833355
Norma del vettore g: 19.999999999999993
Norma del vettore g non è uguale a sqrt(N): 41.700233232833355
Norma del vettore g: 19.999999999999993
Norma del vettore g non è uguale a sqrt(N): 41.700233232833355
Norma del vettore g: 19.999999999999993
Norma del vettore g: 20.000000000000007
Norma del vettore g: 19.999999999999996
Norma del vettore g: 20.0
Norma del vettore g: 20.0
Norma del vettore g: 20.000000000000004
Norma del vettore g: 20.000000000000007
Norma del vettore g: 19.999999999999996
[=============================================                         ] 64.94%
Norma del vettore g: 20.0
Norma del vettore g: 20.0
Norma del vettore g: 20.0
Norma del vettore g: 20.0
Norma del vettore g: 20.0
Norma del vettore g: 20.0
Norma del vettore g: 20.0
Norma del vettore g non è uguale a sqrt(N): 52.368284145409454
Norma del vettore g: 20.0
Norma del vettore g non è uguale a sqrt(N): 52.368284145409454
Norma del vettore g: 20.0
Norma del vettore g non è uguale a sqrt(N): 52.368284145409454
Norma del vettore g: 20.0
Norma del vettore g non è uguale a sqrt(N): 52.368284145409454
Norma del vettore g: 20.0
Norma del vettore g non è uguale a sqrt(N): 52.368284145409454
Norma del vettore g: 20.0
Norma del vettore g non è uguale a sqrt(N): 52.368284145409454
Norma del vettore g: 20.0
Norma del vettore g non è uguale a sqrt(N): 52.368284145409454
Norma del vettore g: 20.0
Norma del vettore g non è uguale a sqrt(N): 52.368284145409454
Norma del vettore g: 20.0
Norma del vettore g non è uguale a sqrt(N): 52.368284145409454
Norma del vettore g: 20.0
Norma del vettore g non è uguale a sqrt(N): 52.368284145409454
Norma del vettore g: 20.0
Norma del vettore g non è uguale a sqrt(N): 52.368284145409454
Norma del vettore g: 20.0
Norma del vettore g non è uguale a sqrt(N): 52.368284145409454
Norma del vettore g: 20.0
Norma del vettore g non è uguale a sqrt(N): 52.368284145409454
Norma del vettore g: 20.0
Norma del vettore g non è uguale a sqrt(N): 52.368284145409454
Norma del vettore g: 20.0
Norma del vettore g: 20.0
Norma del vettore g: 20.000000000000007
Norma del vettore g: 19.999999999999996
Norma del vettore g: 19.999999999999996
Norma del vettore g: 19.999999999999993
Norma del vettore g: 20.0
Norma del vettore g: 20.0
[=============================================                         ] 65.58%
Norma del vettore g: 20.0
Norma del vettore g: 20.0
Norma del vettore g: 20.0
Norma del vettore g: 20.0
Norma del vettore g: 20.0
Norma del vettore g: 20.0
Norma del vettore g: 20.0
Norma del vettore g non è uguale a sqrt(N): 48.85191918833821
Norma del vettore g: 19.999999999999996
Norma del vettore g non è uguale a sqrt(N): 48.85191918833821
Norma del vettore g: 19.999999999999996
Norma del vettore g non è uguale a sqrt(N): 48.85191918833821
Norma del vettore g: 19.999999999999996
Norma del vettore g non è uguale a sqrt(N): 48.85191918833821
Norma del vettore g: 19.999999999999996
Norma del vettore g non è uguale a sqrt(N): 48.85191918833821
Norma del vettore g: 19.999999999999996
Norma del vettore g non è uguale a sqrt(N): 48.85191918833821
Norma del vettore g: 19.999999999999996
Norma del vettore g non è uguale a sqrt(N): 48.85191918833821
Norma del vettore g: 19.999999999999996
Norma del vettore g non è uguale a sqrt(N): 48.85191918833821
Norma del vettore g: 19.999999999999996
Norma del vettore g non è uguale a sqrt(N): 48.85191918833821
Norma del vettore g: 19.999999999999996
Norma del vettore g non è uguale a sqrt(N): 48.85191918833821
Norma del vettore g: 19.999999999999996
Norma del vettore g non è uguale a sqrt(N): 48.85191918833821
Norma del vettore g: 19.999999999999996
Norma del vettore g non è uguale a sqrt(N): 48.85191918833821
Norma del vettore g: 19.999999999999996
Norma del vettore g non è uguale a sqrt(N): 48.85191918833821
Norma del vettore g: 19.999999999999996
Norma del vettore g non è uguale a sqrt(N): 48.85191918833821
Norma del vettore g: 19.999999999999996
Norma del vettore g: 20.000000000000004
Norma del vettore g: 19.999999999999996
Norma del vettore g: 20.0
Norma del vettore g: 19.999999999999993
Norma del vettore g: 20.000000000000004
Norma del vettore g: 20.0
Norma del vettore g: 20.000000000000007
[==============================================                        ] 66.23%
Norma del vettore g: 20.0
Norma del vettore g: 20.0
Norma del vettore g: 20.0
Norma del vettore g: 20.0
Norma del vettore g: 20.0
Norma del vettore g: 20.0
Norma del vettore g: 20.0
Norma del vettore g non è uguale a sqrt(N): 40.63297895954782
Norma del vettore g: 20.0
Norma del vettore g non è uguale a sqrt(N): 40.63297895954782
Norma del vettore g: 20.0
Norma del vettore g non è uguale a sqrt(N): 40.63297895954782
Norma del vettore g: 20.0
Norma del vettore g non è uguale a sqrt(N): 40.63297895954782
Norma del vettore g: 20.0
Norma del vettore g non è uguale a sqrt(N): 40.63297895954782
Norma del vettore g: 20.0
Norma del vettore g non è uguale a sqrt(N): 40.63297895954782
Norma del vettore g: 20.0
Norma del vettore g non è uguale a sqrt(N): 40.63297895954782
Norma del vettore g: 20.0
Norma del vettore g non è uguale a sqrt(N): 40.63297895954782
Norma del vettore g: 20.0
Norma del vettore g non è uguale a sqrt(N): 40.63297895954782
Norma del vettore g: 20.0
Norma del vettore g non è uguale a sqrt(N): 40.63297895954782
Norma del vettore g: 20.0
Norma del vettore g non è uguale a sqrt(N): 40.63297895954782
Norma del vettore g: 20.0
Norma del vettore g non è uguale a sqrt(N): 40.63297895954782
Norma del vettore g: 20.0
Norma del vettore g non è uguale a sqrt(N): 40.63297895954782
Norma del vettore g: 20.0
Norma del vettore g non è uguale a sqrt(N): 40.63297895954782
Norma del vettore g: 20.0
Norma del vettore g: 20.000000000000004
Norma del vettore g: 20.000000000000004
Norma del vettore g: 19.999999999999993
Norma del vettore g: 20.0
Norma del vettore g: 20.000000000000004
Norma del vettore g: 19.999999999999993
Norma del vettore g: 19.999999999999993
[==============================================                        ] 66.88%
Norma del vettore g: 20.0
Norma del vettore g: 20.0
Norma del vettore g: 20.0
Norma del vettore g: 20.0
Norma del vettore g: 20.0
Norma del vettore g: 20.0
Norma del vettore g: 20.0
Norma del vettore g non è uguale a sqrt(N): 46.29305462619045
Norma del vettore g: 20.0
Norma del vettore g non è uguale a sqrt(N): 46.29305462619045
Norma del vettore g: 20.0
Norma del vettore g non è uguale a sqrt(N): 46.29305462619045
Norma del vettore g: 20.0
Norma del vettore g non è uguale a sqrt(N): 46.29305462619045
Norma del vettore g: 20.0
Norma del vettore g non è uguale a sqrt(N): 46.29305462619045
Norma del vettore g: 20.0
Norma del vettore g non è uguale a sqrt(N): 46.29305462619045
Norma del vettore g: 20.0
Norma del vettore g non è uguale a sqrt(N): 46.29305462619045
Norma del vettore g: 20.0
Norma del vettore g non è uguale a sqrt(N): 46.29305462619045
Norma del vettore g: 20.0
Norma del vettore g non è uguale a sqrt(N): 46.29305462619045
Norma del vettore g: 20.0
Norma del vettore g non è uguale a sqrt(N): 46.29305462619045
Norma del vettore g: 20.0
Norma del vettore g non è uguale a sqrt(N): 46.29305462619045
Norma del vettore g: 20.0
Norma del vettore g non è uguale a sqrt(N): 46.29305462619045
Norma del vettore g: 20.0
Norma del vettore g non è uguale a sqrt(N): 46.29305462619045
Norma del vettore g: 20.0
Norma del vettore g non è uguale a sqrt(N): 46.29305462619045
Norma del vettore g: 20.0
Norma del vettore g: 20.000000000000007
Norma del vettore g: 20.00000000000001
Norma del vettore g: 20.000000000000004
Norma del vettore g: 20.000000000000004
Norma del vettore g: 20.0
Norma del vettore g: 20.0
Norma del vettore g: 20.0
[===============================================                       ] 67.53%
Norma del vettore g: 20.0
Norma del vettore g: 20.0
Norma del vettore g: 20.0
Norma del vettore g: 20.0
Norma del vettore g: 20.0
Norma del vettore g: 20.0
Norma del vettore g: 20.0
Norma del vettore g non è uguale a sqrt(N): 59.41865719290358
Norma del vettore g: 20.0
Norma del vettore g non è uguale a sqrt(N): 59.41865719290358
Norma del vettore g: 20.0
Norma del vettore g non è uguale a sqrt(N): 59.41865719290358
Norma del vettore g: 20.0
Norma del vettore g non è uguale a sqrt(N): 59.41865719290358
Norma del vettore g: 20.0
Norma del vettore g non è uguale a sqrt(N): 59.41865719290358
Norma del vettore g: 20.0
Norma del vettore g non è uguale a sqrt(N): 59.41865719290358
Norma del vettore g: 20.0
Norma del vettore g non è uguale a sqrt(N): 59.41865719290358
Norma del vettore g: 20.0
Norma del vettore g non è uguale a sqrt(N): 59.41865719290358
Norma del vettore g: 20.0
Norma del vettore g non è uguale a sqrt(N): 59.41865719290358
Norma del vettore g: 20.0
Norma del vettore g non è uguale a sqrt(N): 59.41865719290358
Norma del vettore g: 20.0
Norma del vettore g non è uguale a sqrt(N): 59.41865719290358
Norma del vettore g: 20.0
Norma del vettore g non è uguale a sqrt(N): 59.41865719290358
Norma del vettore g: 20.0
Norma del vettore g non è uguale a sqrt(N): 59.41865719290358
Norma del vettore g: 20.0
Norma del vettore g non è uguale a sqrt(N): 59.41865719290358
Norma del vettore g: 20.0
Norma del vettore g: 19.999999999999996
Norma del vettore g: 20.000000000000007
Norma del vettore g: 20.000000000000004
Norma del vettore g: 20.000000000000007
Norma del vettore g: 19.999999999999993
Norma del vettore g: 20.000000000000007
Norma del vettore g: 20.000000000000004
[===============================================                       ] 68.18%
Norma del vettore g: 20.0
Norma del vettore g: 20.0
Norma del vettore g: 20.0
Norma del vettore g: 20.0
Norma del vettore g: 20.0
Norma del vettore g: 20.0
Norma del vettore g: 20.0
Norma del vettore g non è uguale a sqrt(N): 65.11243166821914
Norma del vettore g: 20.0
Norma del vettore g non è uguale a sqrt(N): 65.11243166821914
Norma del vettore g: 20.0
Norma del vettore g non è uguale a sqrt(N): 65.11243166821914
Norma del vettore g: 20.0
Norma del vettore g non è uguale a sqrt(N): 65.11243166821914
Norma del vettore g: 20.0
Norma del vettore g non è uguale a sqrt(N): 65.11243166821914
Norma del vettore g: 20.0
Norma del vettore g non è uguale a sqrt(N): 65.11243166821914
Norma del vettore g: 20.0
Norma del vettore g non è uguale a sqrt(N): 65.11243166821914
Norma del vettore g: 20.0
Norma del vettore g non è uguale a sqrt(N): 65.11243166821914
Norma del vettore g: 20.0
Norma del vettore g non è uguale a sqrt(N): 65.11243166821914
Norma del vettore g: 20.0
Norma del vettore g non è uguale a sqrt(N): 65.11243166821914
Norma del vettore g: 20.0
Norma del vettore g non è uguale a sqrt(N): 65.11243166821914
Norma del vettore g: 20.0
Norma del vettore g non è uguale a sqrt(N): 65.11243166821914
Norma del vettore g: 20.0
Norma del vettore g non è uguale a sqrt(N): 65.11243166821914
Norma del vettore g: 20.0
Norma del vettore g non è uguale a sqrt(N): 65.11243166821914
Norma del vettore g: 20.0
Norma del vettore g: 20.000000000000004
Norma del vettore g: 20.000000000000004
Norma del vettore g: 20.0
Norma del vettore g: 19.999999999999993
Norma del vettore g: 20.000000000000004
Norma del vettore g: 20.0
Norma del vettore g: 20.0
[================================================                      ] 68.83%
Norma del vettore g: 20.0
Norma del vettore g: 20.0
Norma del vettore g: 20.0
Norma del vettore g: 20.0
Norma del vettore g: 20.0
Norma del vettore g: 20.0
Norma del vettore g: 20.0
Norma del vettore g non è uguale a sqrt(N): 42.177618350361165
Norma del vettore g: 20.000000000000004
Norma del vettore g non è uguale a sqrt(N): 42.177618350361165
Norma del vettore g: 20.000000000000004
Norma del vettore g non è uguale a sqrt(N): 42.177618350361165
Norma del vettore g: 20.000000000000004
Norma del vettore g non è uguale a sqrt(N): 42.177618350361165
Norma del vettore g: 20.000000000000004
Norma del vettore g non è uguale a sqrt(N): 42.177618350361165
Norma del vettore g: 20.000000000000004
Norma del vettore g non è uguale a sqrt(N): 42.177618350361165
Norma del vettore g: 20.000000000000004
Norma del vettore g non è uguale a sqrt(N): 42.177618350361165
Norma del vettore g: 20.000000000000004
Norma del vettore g non è uguale a sqrt(N): 42.177618350361165
Norma del vettore g: 20.000000000000004
Norma del vettore g non è uguale a sqrt(N): 42.177618350361165
Norma del vettore g: 20.000000000000004
Norma del vettore g non è uguale a sqrt(N): 42.177618350361165
Norma del vettore g: 20.000000000000004
Norma del vettore g non è uguale a sqrt(N): 42.177618350361165
Norma del vettore g: 20.000000000000004
Norma del vettore g non è uguale a sqrt(N): 42.177618350361165
Norma del vettore g: 20.000000000000004
Norma del vettore g non è uguale a sqrt(N): 42.177618350361165
Norma del vettore g: 20.000000000000004
Norma del vettore g non è uguale a sqrt(N): 42.177618350361165
Norma del vettore g: 20.000000000000004
Norma del vettore g: 20.000000000000007
Norma del vettore g: 19.999999999999993
Norma del vettore g: 20.000000000000007
Norma del vettore g: 20.000000000000004
Norma del vettore g: 20.000000000000004
Norma del vettore g: 19.999999999999996
Norma del vettore g: 20.000000000000004
[================================================                      ] 69.48%
Norma del vettore g: 20.0
Norma del vettore g: 20.0
Norma del vettore g: 20.0
Norma del vettore g: 20.0
Norma del vettore g: 20.0
Norma del vettore g: 20.0
Norma del vettore g: 20.0
Norma del vettore g non è uguale a sqrt(N): 38.852402503394565
Norma del vettore g: 19.999999999999993
Norma del vettore g non è uguale a sqrt(N): 38.852402503394565
Norma del vettore g: 19.999999999999993
Norma del vettore g non è uguale a sqrt(N): 38.852402503394565
Norma del vettore g: 19.999999999999993
Norma del vettore g non è uguale a sqrt(N): 38.852402503394565
Norma del vettore g: 19.999999999999993
Norma del vettore g non è uguale a sqrt(N): 38.852402503394565
Norma del vettore g: 19.999999999999993
Norma del vettore g non è uguale a sqrt(N): 38.852402503394565
Norma del vettore g: 19.999999999999993
Norma del vettore g non è uguale a sqrt(N): 38.852402503394565
Norma del vettore g: 19.999999999999993
Norma del vettore g non è uguale a sqrt(N): 38.852402503394565
Norma del vettore g: 19.999999999999993
Norma del vettore g non è uguale a sqrt(N): 38.852402503394565
Norma del vettore g: 19.999999999999993
Norma del vettore g non è uguale a sqrt(N): 38.852402503394565
Norma del vettore g: 19.999999999999993
Norma del vettore g non è uguale a sqrt(N): 38.852402503394565
Norma del vettore g: 19.999999999999993
Norma del vettore g non è uguale a sqrt(N): 38.852402503394565
Norma del vettore g: 19.999999999999993
Norma del vettore g non è uguale a sqrt(N): 38.852402503394565
Norma del vettore g: 19.999999999999993
Norma del vettore g non è uguale a sqrt(N): 38.852402503394565
Norma del vettore g: 19.999999999999993
Norma del vettore g: 20.000000000000007
Norma del vettore g: 20.0
Norma del vettore g: 20.000000000000007
Norma del vettore g: 20.000000000000004
Norma del vettore g: 19.999999999999993
Norma del vettore g: 19.999999999999996
Norma del vettore g: 20.000000000000004
[=================================================                     ] 70.13%
Norma del vettore g: 20.0
Norma del vettore g: 20.0
Norma del vettore g: 20.0
Norma del vettore g: 20.0
Norma del vettore g: 20.0
Norma del vettore g: 20.0
Norma del vettore g: 20.0
Norma del vettore g non è uguale a sqrt(N): 38.92769937056006
Norma del vettore g: 20.000000000000004
Norma del vettore g non è uguale a sqrt(N): 38.92769937056006
Norma del vettore g: 20.000000000000004
Norma del vettore g non è uguale a sqrt(N): 38.92769937056006
Norma del vettore g: 20.000000000000004
Norma del vettore g non è uguale a sqrt(N): 38.92769937056006
Norma del vettore g: 20.000000000000004
Norma del vettore g non è uguale a sqrt(N): 38.92769937056006
Norma del vettore g: 20.000000000000004
Norma del vettore g non è uguale a sqrt(N): 38.92769937056006
Norma del vettore g: 20.000000000000004
Norma del vettore g non è uguale a sqrt(N): 38.92769937056006
Norma del vettore g: 20.000000000000004
Norma del vettore g non è uguale a sqrt(N): 38.92769937056006
Norma del vettore g: 20.000000000000004
Norma del vettore g non è uguale a sqrt(N): 38.92769937056006
Norma del vettore g: 20.000000000000004
Norma del vettore g non è uguale a sqrt(N): 38.92769937056006
Norma del vettore g: 20.000000000000004
Norma del vettore g non è uguale a sqrt(N): 38.92769937056006
Norma del vettore g: 20.000000000000004
Norma del vettore g non è uguale a sqrt(N): 38.92769937056006
Norma del vettore g: 20.000000000000004
Norma del vettore g non è uguale a sqrt(N): 38.92769937056006
Norma del vettore g: 20.000000000000004
Norma del vettore g non è uguale a sqrt(N): 38.92769937056006
Norma del vettore g: 20.000000000000004
Norma del vettore g: 19.999999999999996
Norma del vettore g: 20.000000000000004
Norma del vettore g: 20.0
Norma del vettore g: 20.0
Norma del vettore g: 19.999999999999996
Norma del vettore g: 19.999999999999996
Norma del vettore g: 19.999999999999996
[=================================================                     ] 70.78%
Norma del vettore g: 20.0
Norma del vettore g: 20.0
Norma del vettore g: 20.0
Norma del vettore g: 20.0
Norma del vettore g: 20.0
Norma del vettore g: 20.0
Norma del vettore g: 20.0
Norma del vettore g non è uguale a sqrt(N): 44.65089410147328
Norma del vettore g: 20.000000000000007
Norma del vettore g non è uguale a sqrt(N): 44.65089410147328
Norma del vettore g: 20.000000000000007
Norma del vettore g non è uguale a sqrt(N): 44.65089410147328
Norma del vettore g: 20.000000000000007
Norma del vettore g non è uguale a sqrt(N): 44.65089410147328
Norma del vettore g: 20.000000000000007
Norma del vettore g non è uguale a sqrt(N): 44.65089410147328
Norma del vettore g: 20.000000000000007
Norma del vettore g non è uguale a sqrt(N): 44.65089410147328
Norma del vettore g: 20.000000000000007
Norma del vettore g non è uguale a sqrt(N): 44.65089410147328
Norma del vettore g: 20.000000000000007
Norma del vettore g non è uguale a sqrt(N): 44.65089410147328
Norma del vettore g: 20.000000000000007
Norma del vettore g non è uguale a sqrt(N): 44.65089410147328
Norma del vettore g: 20.000000000000007
Norma del vettore g non è uguale a sqrt(N): 44.65089410147328
Norma del vettore g: 20.000000000000007
Norma del vettore g non è uguale a sqrt(N): 44.65089410147328
Norma del vettore g: 20.000000000000007
Norma del vettore g non è uguale a sqrt(N): 44.65089410147328
Norma del vettore g: 20.000000000000007
Norma del vettore g non è uguale a sqrt(N): 44.65089410147328
Norma del vettore g: 20.000000000000007
Norma del vettore g non è uguale a sqrt(N): 44.65089410147328
Norma del vettore g: 20.000000000000007
Norma del vettore g: 20.000000000000007
Norma del vettore g: 20.000000000000004
Norma del vettore g: 19.999999999999996
Norma del vettore g: 20.0
Norma del vettore g: 20.0
Norma del vettore g: 20.000000000000007
Norma del vettore g: 20.000000000000004
[==================================================                    ] 71.43%
Norma del vettore g: 20.0
Norma del vettore g: 20.0
Norma del vettore g: 20.0
Norma del vettore g: 20.0
Norma del vettore g: 20.0
Norma del vettore g: 20.0
Norma del vettore g: 20.0
Norma del vettore g non è uguale a sqrt(N): 38.71776784206766
Norma del vettore g: 20.000000000000004
Norma del vettore g non è uguale a sqrt(N): 38.71776784206766
Norma del vettore g: 20.000000000000004
Norma del vettore g non è uguale a sqrt(N): 38.71776784206766
Norma del vettore g: 20.000000000000004
Norma del vettore g non è uguale a sqrt(N): 38.71776784206766
Norma del vettore g: 20.000000000000004
Norma del vettore g non è uguale a sqrt(N): 38.71776784206766
Norma del vettore g: 20.000000000000004
Norma del vettore g non è uguale a sqrt(N): 38.71776784206766
Norma del vettore g: 20.000000000000004
Norma del vettore g non è uguale a sqrt(N): 38.71776784206766
Norma del vettore g: 20.000000000000004
Norma del vettore g non è uguale a sqrt(N): 38.71776784206766
Norma del vettore g: 20.000000000000004
Norma del vettore g non è uguale a sqrt(N): 38.71776784206766
Norma del vettore g: 20.000000000000004
Norma del vettore g non è uguale a sqrt(N): 38.71776784206766
Norma del vettore g: 20.000000000000004
Norma del vettore g non è uguale a sqrt(N): 38.71776784206766
Norma del vettore g: 20.000000000000004
Norma del vettore g non è uguale a sqrt(N): 38.71776784206766
Norma del vettore g: 20.000000000000004
Norma del vettore g non è uguale a sqrt(N): 38.71776784206766
Norma del vettore g: 20.000000000000004
Norma del vettore g non è uguale a sqrt(N): 38.71776784206766
Norma del vettore g: 20.000000000000004
Norma del vettore g: 20.000000000000004
Norma del vettore g: 20.0
Norma del vettore g: 20.0
Norma del vettore g: 19.999999999999996
Norma del vettore g: 20.0
Norma del vettore g: 20.000000000000004
Norma del vettore g: 20.0
[==================================================                    ] 72.08%
Norma del vettore g: 20.0
Norma del vettore g: 20.0
Norma del vettore g: 20.0
Norma del vettore g: 20.0
Norma del vettore g: 20.0
Norma del vettore g: 20.0
Norma del vettore g: 20.0
Norma del vettore g non è uguale a sqrt(N): 35.749385007915194
Norma del vettore g: 20.0
Norma del vettore g non è uguale a sqrt(N): 35.749385007915194
Norma del vettore g: 20.0
Norma del vettore g non è uguale a sqrt(N): 35.749385007915194
Norma del vettore g: 20.0
Norma del vettore g non è uguale a sqrt(N): 35.749385007915194
Norma del vettore g: 20.0
Norma del vettore g non è uguale a sqrt(N): 35.749385007915194
Norma del vettore g: 20.0
Norma del vettore g non è uguale a sqrt(N): 35.749385007915194
Norma del vettore g: 20.0
Norma del vettore g non è uguale a sqrt(N): 35.749385007915194
Norma del vettore g: 20.0
Norma del vettore g non è uguale a sqrt(N): 35.749385007915194
Norma del vettore g: 20.0
Norma del vettore g non è uguale a sqrt(N): 35.749385007915194
Norma del vettore g: 20.0
Norma del vettore g non è uguale a sqrt(N): 35.749385007915194
Norma del vettore g: 20.0
Norma del vettore g non è uguale a sqrt(N): 35.749385007915194
Norma del vettore g: 20.0
Norma del vettore g non è uguale a sqrt(N): 35.749385007915194
Norma del vettore g: 20.0
Norma del vettore g non è uguale a sqrt(N): 35.749385007915194
Norma del vettore g: 20.0
Norma del vettore g non è uguale a sqrt(N): 35.749385007915194
Norma del vettore g: 20.0
Norma del vettore g: 20.0
Norma del vettore g: 20.0
Norma del vettore g: 20.0
Norma del vettore g: 19.999999999999996
Norma del vettore g: 20.000000000000007
Norma del vettore g: 19.999999999999996
Norma del vettore g: 20.0
[==================================================                    ] 72.73%
Norma del vettore g: 20.0
Norma del vettore g: 20.0
Norma del vettore g: 20.0
Norma del vettore g: 20.0
Norma del vettore g: 20.0
Norma del vettore g: 20.0
Norma del vettore g: 20.0
Norma del vettore g non è uguale a sqrt(N): 40.56848494690373
Norma del vettore g: 20.000000000000007
Norma del vettore g non è uguale a sqrt(N): 40.56848494690373
Norma del vettore g: 20.000000000000007
Norma del vettore g non è uguale a sqrt(N): 40.56848494690373
Norma del vettore g: 20.000000000000007
Norma del vettore g non è uguale a sqrt(N): 40.56848494690373
Norma del vettore g: 20.000000000000007
Norma del vettore g non è uguale a sqrt(N): 40.56848494690373
Norma del vettore g: 20.000000000000007
Norma del vettore g non è uguale a sqrt(N): 40.56848494690373
Norma del vettore g: 20.000000000000007
Norma del vettore g non è uguale a sqrt(N): 40.56848494690373
Norma del vettore g: 20.000000000000007
Norma del vettore g non è uguale a sqrt(N): 40.56848494690373
Norma del vettore g: 20.000000000000007
Norma del vettore g non è uguale a sqrt(N): 40.56848494690373
Norma del vettore g: 20.000000000000007
Norma del vettore g non è uguale a sqrt(N): 40.56848494690373
Norma del vettore g: 20.000000000000007
Norma del vettore g non è uguale a sqrt(N): 40.56848494690373
Norma del vettore g: 20.000000000000007
Norma del vettore g non è uguale a sqrt(N): 40.56848494690373
Norma del vettore g: 20.000000000000007
Norma del vettore g non è uguale a sqrt(N): 40.56848494690373
Norma del vettore g: 20.000000000000007
Norma del vettore g non è uguale a sqrt(N): 40.56848494690373
Norma del vettore g: 20.000000000000007
Norma del vettore g: 20.000000000000007
Norma del vettore g: 20.0
Norma del vettore g: 19.999999999999996
Norma del vettore g: 20.0
Norma del vettore g: 19.999999999999996
Norma del vettore g: 19.999999999999996
Norma del vettore g: 20.000000000000004
[===================================================                   ] 73.38%
Norma del vettore g: 20.0
Norma del vettore g: 20.0
Norma del vettore g: 20.0
Norma del vettore g: 20.0
Norma del vettore g: 20.0
Norma del vettore g: 20.0
Norma del vettore g: 20.0
Norma del vettore g non è uguale a sqrt(N): 53.3899012576136
Norma del vettore g: 20.000000000000004
Norma del vettore g non è uguale a sqrt(N): 53.3899012576136
Norma del vettore g: 20.000000000000004
Norma del vettore g non è uguale a sqrt(N): 53.3899012576136
Norma del vettore g: 20.000000000000004
Norma del vettore g non è uguale a sqrt(N): 53.3899012576136
Norma del vettore g: 20.000000000000004
Norma del vettore g non è uguale a sqrt(N): 53.3899012576136
Norma del vettore g: 20.000000000000004
Norma del vettore g non è uguale a sqrt(N): 53.3899012576136
Norma del vettore g: 20.000000000000004
Norma del vettore g non è uguale a sqrt(N): 53.3899012576136
Norma del vettore g: 20.000000000000004
Norma del vettore g non è uguale a sqrt(N): 53.3899012576136
Norma del vettore g: 20.000000000000004
Norma del vettore g non è uguale a sqrt(N): 53.3899012576136
Norma del vettore g: 20.000000000000004
Norma del vettore g non è uguale a sqrt(N): 53.3899012576136
Norma del vettore g: 20.000000000000004
Norma del vettore g non è uguale a sqrt(N): 53.3899012576136
Norma del vettore g: 20.000000000000004
Norma del vettore g non è uguale a sqrt(N): 53.3899012576136
Norma del vettore g: 20.000000000000004
Norma del vettore g non è uguale a sqrt(N): 53.3899012576136
Norma del vettore g: 20.000000000000004
Norma del vettore g non è uguale a sqrt(N): 53.3899012576136
Norma del vettore g: 20.000000000000004
Norma del vettore g: 19.999999999999996
Norma del vettore g: 19.999999999999996
Norma del vettore g: 20.000000000000004
Norma del vettore g: 19.999999999999996
Norma del vettore g: 20.0
Norma del vettore g: 20.0
Norma del vettore g: 19.999999999999996
[===================================================                   ] 74.03%
Norma del vettore g: 20.0
Norma del vettore g: 20.0
Norma del vettore g: 20.0
Norma del vettore g: 20.0
Norma del vettore g: 20.0
Norma del vettore g: 20.0
Norma del vettore g: 20.0
Norma del vettore g non è uguale a sqrt(N): 51.58581747540187
Norma del vettore g: 20.0
Norma del vettore g non è uguale a sqrt(N): 51.58581747540187
Norma del vettore g: 20.0
Norma del vettore g non è uguale a sqrt(N): 51.58581747540187
Norma del vettore g: 20.0
Norma del vettore g non è uguale a sqrt(N): 51.58581747540187
Norma del vettore g: 20.0
Norma del vettore g non è uguale a sqrt(N): 51.58581747540187
Norma del vettore g: 20.0
Norma del vettore g non è uguale a sqrt(N): 51.58581747540187
Norma del vettore g: 20.0
Norma del vettore g non è uguale a sqrt(N): 51.58581747540187
Norma del vettore g: 20.0
Norma del vettore g non è uguale a sqrt(N): 51.58581747540187
Norma del vettore g: 20.0
Norma del vettore g non è uguale a sqrt(N): 51.58581747540187
Norma del vettore g: 20.0
Norma del vettore g non è uguale a sqrt(N): 51.58581747540187
Norma del vettore g: 20.0
Norma del vettore g non è uguale a sqrt(N): 51.58581747540187
Norma del vettore g: 20.0
Norma del vettore g non è uguale a sqrt(N): 51.58581747540187
Norma del vettore g: 20.0
Norma del vettore g non è uguale a sqrt(N): 51.58581747540187
Norma del vettore g: 20.0
Norma del vettore g non è uguale a sqrt(N): 51.58581747540187
Norma del vettore g: 20.0
Norma del vettore g: 19.99999999999999
Norma del vettore g: 20.0
Norma del vettore g: 20.000000000000004
Norma del vettore g: 20.000000000000004
Norma del vettore g: 20.0
Norma del vettore g: 20.000000000000007
Norma del vettore g: 20.0
[====================================================                  ] 74.68%
Norma del vettore g: 20.0
Norma del vettore g: 20.0
Norma del vettore g: 20.0
Norma del vettore g: 20.0
Norma del vettore g: 20.0
Norma del vettore g: 20.0
Norma del vettore g: 20.0
Norma del vettore g non è uguale a sqrt(N): 63.481586028963044
Norma del vettore g: 20.000000000000004
Norma del vettore g non è uguale a sqrt(N): 63.481586028963044
Norma del vettore g: 20.000000000000004
Norma del vettore g non è uguale a sqrt(N): 63.481586028963044
Norma del vettore g: 20.000000000000004
Norma del vettore g non è uguale a sqrt(N): 63.481586028963044
Norma del vettore g: 20.000000000000004
Norma del vettore g non è uguale a sqrt(N): 63.481586028963044
Norma del vettore g: 20.000000000000004
Norma del vettore g non è uguale a sqrt(N): 63.481586028963044
Norma del vettore g: 20.000000000000004
Norma del vettore g non è uguale a sqrt(N): 63.481586028963044
Norma del vettore g: 20.000000000000004
Norma del vettore g non è uguale a sqrt(N): 63.481586028963044
Norma del vettore g: 20.000000000000004
Norma del vettore g non è uguale a sqrt(N): 63.481586028963044
Norma del vettore g: 20.000000000000004
Norma del vettore g non è uguale a sqrt(N): 63.481586028963044
Norma del vettore g: 20.000000000000004
Norma del vettore g non è uguale a sqrt(N): 63.481586028963044
Norma del vettore g: 20.000000000000004
Norma del vettore g non è uguale a sqrt(N): 63.481586028963044
Norma del vettore g: 20.000000000000004
Norma del vettore g non è uguale a sqrt(N): 63.481586028963044
Norma del vettore g: 20.000000000000004
Norma del vettore g non è uguale a sqrt(N): 63.481586028963044
Norma del vettore g: 20.000000000000004
Norma del vettore g: 20.0
Norma del vettore g: 20.000000000000007
Norma del vettore g: 20.000000000000004
Norma del vettore g: 20.000000000000007
Norma del vettore g: 19.999999999999993
Norma del vettore g: 20.0
Norma del vettore g: 20.0
[====================================================                  ] 75.32%
Norma del vettore g: 20.0
Norma del vettore g: 20.0
Norma del vettore g: 20.0
Norma del vettore g: 20.0
Norma del vettore g: 20.0
Norma del vettore g: 20.0
Norma del vettore g: 20.0
Norma del vettore g non è uguale a sqrt(N): 50.85660340035776
Norma del vettore g: 20.0
Norma del vettore g non è uguale a sqrt(N): 50.85660340035776
Norma del vettore g: 20.0
Norma del vettore g non è uguale a sqrt(N): 50.85660340035776
Norma del vettore g: 20.0
Norma del vettore g non è uguale a sqrt(N): 50.85660340035776
Norma del vettore g: 20.0
Norma del vettore g non è uguale a sqrt(N): 50.85660340035776
Norma del vettore g: 20.0
Norma del vettore g non è uguale a sqrt(N): 50.85660340035776
Norma del vettore g: 20.0
Norma del vettore g non è uguale a sqrt(N): 50.85660340035776
Norma del vettore g: 20.0
Norma del vettore g non è uguale a sqrt(N): 50.85660340035776
Norma del vettore g: 20.0
Norma del vettore g non è uguale a sqrt(N): 50.85660340035776
Norma del vettore g: 20.0
Norma del vettore g non è uguale a sqrt(N): 50.85660340035776
Norma del vettore g: 20.0
Norma del vettore g non è uguale a sqrt(N): 50.85660340035776
Norma del vettore g: 20.0
Norma del vettore g non è uguale a sqrt(N): 50.85660340035776
Norma del vettore g: 20.0
Norma del vettore g non è uguale a sqrt(N): 50.85660340035776
Norma del vettore g: 20.0
Norma del vettore g non è uguale a sqrt(N): 50.85660340035776
Norma del vettore g: 20.0
Norma del vettore g: 19.999999999999996
Norma del vettore g: 20.000000000000004
Norma del vettore g: 19.999999999999996
Norma del vettore g: 20.0
Norma del vettore g: 20.000000000000007
Norma del vettore g: 20.000000000000004
Norma del vettore g: 20.0
[=====================================================                 ] 75.97%
Norma del vettore g: 20.0
Norma del vettore g: 20.0
Norma del vettore g: 20.0
Norma del vettore g: 20.0
Norma del vettore g: 20.0
Norma del vettore g: 20.0
Norma del vettore g: 20.0
Norma del vettore g non è uguale a sqrt(N): 42.54934800963627
Norma del vettore g: 20.000000000000004
Norma del vettore g non è uguale a sqrt(N): 42.54934800963627
Norma del vettore g: 20.000000000000004
Norma del vettore g non è uguale a sqrt(N): 42.54934800963627
Norma del vettore g: 20.000000000000004
Norma del vettore g non è uguale a sqrt(N): 42.54934800963627
Norma del vettore g: 20.000000000000004
Norma del vettore g non è uguale a sqrt(N): 42.54934800963627
Norma del vettore g: 20.000000000000004
Norma del vettore g non è uguale a sqrt(N): 42.54934800963627
Norma del vettore g: 20.000000000000004
Norma del vettore g non è uguale a sqrt(N): 42.54934800963627
Norma del vettore g: 20.000000000000004
Norma del vettore g non è uguale a sqrt(N): 42.54934800963627
Norma del vettore g: 20.000000000000004
Norma del vettore g non è uguale a sqrt(N): 42.54934800963627
Norma del vettore g: 20.000000000000004
Norma del vettore g non è uguale a sqrt(N): 42.54934800963627
Norma del vettore g: 20.000000000000004
Norma del vettore g non è uguale a sqrt(N): 42.54934800963627
Norma del vettore g: 20.000000000000004
Norma del vettore g non è uguale a sqrt(N): 42.54934800963627
Norma del vettore g: 20.000000000000004
Norma del vettore g non è uguale a sqrt(N): 42.54934800963627
Norma del vettore g: 20.000000000000004
Norma del vettore g non è uguale a sqrt(N): 42.54934800963627
Norma del vettore g: 20.000000000000004
Norma del vettore g: 20.0
Norma del vettore g: 20.0
Norma del vettore g: 20.000000000000007
Norma del vettore g: 20.0
Norma del vettore g: 20.0
Norma del vettore g: 20.0
Norma del vettore g: 20.000000000000007
[=====================================================                 ] 76.62%
Norma del vettore g: 20.0
Norma del vettore g: 20.0
Norma del vettore g: 20.0
Norma del vettore g: 20.0
Norma del vettore g: 20.0
Norma del vettore g: 20.0
Norma del vettore g: 20.0
Norma del vettore g non è uguale a sqrt(N): 44.65816117992208
Norma del vettore g: 20.000000000000007
Norma del vettore g non è uguale a sqrt(N): 44.65816117992208
Norma del vettore g: 20.000000000000007
Norma del vettore g non è uguale a sqrt(N): 44.65816117992208
Norma del vettore g: 20.000000000000007
Norma del vettore g non è uguale a sqrt(N): 44.65816117992208
Norma del vettore g: 20.000000000000007
Norma del vettore g non è uguale a sqrt(N): 44.65816117992208
Norma del vettore g: 20.000000000000007
Norma del vettore g non è uguale a sqrt(N): 44.65816117992208
Norma del vettore g: 20.000000000000007
Norma del vettore g non è uguale a sqrt(N): 44.65816117992208
Norma del vettore g: 20.000000000000007
Norma del vettore g non è uguale a sqrt(N): 44.65816117992208
Norma del vettore g: 20.000000000000007
Norma del vettore g non è uguale a sqrt(N): 44.65816117992208
Norma del vettore g: 20.000000000000007
Norma del vettore g non è uguale a sqrt(N): 44.65816117992208
Norma del vettore g: 20.000000000000007
Norma del vettore g non è uguale a sqrt(N): 44.65816117992208
Norma del vettore g: 20.000000000000007
Norma del vettore g non è uguale a sqrt(N): 44.65816117992208
Norma del vettore g: 20.000000000000007
Norma del vettore g non è uguale a sqrt(N): 44.65816117992208
Norma del vettore g: 20.000000000000007
Norma del vettore g non è uguale a sqrt(N): 44.65816117992208
Norma del vettore g: 20.000000000000007
Norma del vettore g: 20.00000000000001
Norma del vettore g: 19.999999999999993
Norma del vettore g: 19.999999999999993
Norma del vettore g: 19.999999999999996
Norma del vettore g: 20.0
Norma del vettore g: 20.0
Norma del vettore g: 19.999999999999996
[======================================================                ] 77.27%
Norma del vettore g: 20.0
Norma del vettore g: 20.0
Norma del vettore g: 20.0
Norma del vettore g: 20.0
Norma del vettore g: 20.0
Norma del vettore g: 20.0
Norma del vettore g: 20.0
Norma del vettore g non è uguale a sqrt(N): 53.741865527996815
Norma del vettore g: 19.999999999999996
Norma del vettore g non è uguale a sqrt(N): 53.741865527996815
Norma del vettore g: 19.999999999999996
Norma del vettore g non è uguale a sqrt(N): 53.741865527996815
Norma del vettore g: 19.999999999999996
Norma del vettore g non è uguale a sqrt(N): 53.741865527996815
Norma del vettore g: 19.999999999999996
Norma del vettore g non è uguale a sqrt(N): 53.741865527996815
Norma del vettore g: 19.999999999999996
Norma del vettore g non è uguale a sqrt(N): 53.741865527996815
Norma del vettore g: 19.999999999999996
Norma del vettore g non è uguale a sqrt(N): 53.741865527996815
Norma del vettore g: 19.999999999999996
Norma del vettore g non è uguale a sqrt(N): 53.741865527996815
Norma del vettore g: 19.999999999999996
Norma del vettore g non è uguale a sqrt(N): 53.741865527996815
Norma del vettore g: 19.999999999999996
Norma del vettore g non è uguale a sqrt(N): 53.741865527996815
Norma del vettore g: 19.999999999999996
Norma del vettore g non è uguale a sqrt(N): 53.741865527996815
Norma del vettore g: 19.999999999999996
Norma del vettore g non è uguale a sqrt(N): 53.741865527996815
Norma del vettore g: 19.999999999999996
Norma del vettore g non è uguale a sqrt(N): 53.741865527996815
Norma del vettore g: 19.999999999999996
Norma del vettore g non è uguale a sqrt(N): 53.741865527996815
Norma del vettore g: 19.999999999999996
Norma del vettore g: 20.0
Norma del vettore g: 20.000000000000007
Norma del vettore g: 20.0
Norma del vettore g: 20.0
Norma del vettore g: 20.000000000000007
Norma del vettore g: 20.000000000000004
Norma del vettore g: 20.000000000000004
[======================================================                ] 77.92%
Norma del vettore g: 20.0
Norma del vettore g: 20.0
Norma del vettore g: 20.0
Norma del vettore g: 20.0
Norma del vettore g: 20.0
Norma del vettore g: 20.0
Norma del vettore g: 20.0
Norma del vettore g non è uguale a sqrt(N): 52.96605655205466
Norma del vettore g: 19.999999999999996
Norma del vettore g non è uguale a sqrt(N): 52.96605655205466
Norma del vettore g: 19.999999999999996
Norma del vettore g non è uguale a sqrt(N): 52.96605655205466
Norma del vettore g: 19.999999999999996
Norma del vettore g non è uguale a sqrt(N): 52.96605655205466
Norma del vettore g: 19.999999999999996
Norma del vettore g non è uguale a sqrt(N): 52.96605655205466
Norma del vettore g: 19.999999999999996
Norma del vettore g non è uguale a sqrt(N): 52.96605655205466
Norma del vettore g: 19.999999999999996
Norma del vettore g non è uguale a sqrt(N): 52.96605655205466
Norma del vettore g: 19.999999999999996
Norma del vettore g non è uguale a sqrt(N): 52.96605655205466
Norma del vettore g: 19.999999999999996
Norma del vettore g non è uguale a sqrt(N): 52.96605655205466
Norma del vettore g: 19.999999999999996
Norma del vettore g non è uguale a sqrt(N): 52.96605655205466
Norma del vettore g: 19.999999999999996
Norma del vettore g non è uguale a sqrt(N): 52.96605655205466
Norma del vettore g: 19.999999999999996
Norma del vettore g non è uguale a sqrt(N): 52.96605655205466
Norma del vettore g: 19.999999999999996
Norma del vettore g non è uguale a sqrt(N): 52.96605655205466
Norma del vettore g: 19.999999999999996
Norma del vettore g non è uguale a sqrt(N): 52.96605655205466
Norma del vettore g: 19.999999999999996
Norma del vettore g: 20.000000000000004
Norma del vettore g: 20.000000000000004
Norma del vettore g: 20.000000000000004
Norma del vettore g: 20.0
Norma del vettore g: 19.999999999999993
Norma del vettore g: 20.0
Norma del vettore g: 20.0
[=======================================================               ] 78.57%
Norma del vettore g: 20.0
Norma del vettore g: 20.0
Norma del vettore g: 20.0
Norma del vettore g: 20.0
Norma del vettore g: 20.0
Norma del vettore g: 20.0
Norma del vettore g: 20.0
Norma del vettore g non è uguale a sqrt(N): 48.41733694888603
Norma del vettore g: 19.999999999999996
Norma del vettore g non è uguale a sqrt(N): 48.41733694888603
Norma del vettore g: 19.999999999999996
Norma del vettore g non è uguale a sqrt(N): 48.41733694888603
Norma del vettore g: 19.999999999999996
Norma del vettore g non è uguale a sqrt(N): 48.41733694888603
Norma del vettore g: 19.999999999999996
Norma del vettore g non è uguale a sqrt(N): 48.41733694888603
Norma del vettore g: 19.999999999999996
Norma del vettore g non è uguale a sqrt(N): 48.41733694888603
Norma del vettore g: 19.999999999999996
Norma del vettore g non è uguale a sqrt(N): 48.41733694888603
Norma del vettore g: 19.999999999999996
Norma del vettore g non è uguale a sqrt(N): 48.41733694888603
Norma del vettore g: 19.999999999999996
Norma del vettore g non è uguale a sqrt(N): 48.41733694888603
Norma del vettore g: 19.999999999999996
Norma del vettore g non è uguale a sqrt(N): 48.41733694888603
Norma del vettore g: 19.999999999999996
Norma del vettore g non è uguale a sqrt(N): 48.41733694888603
Norma del vettore g: 19.999999999999996
Norma del vettore g non è uguale a sqrt(N): 48.41733694888603
Norma del vettore g: 19.999999999999996
Norma del vettore g non è uguale a sqrt(N): 48.41733694888603
Norma del vettore g: 19.999999999999996
Norma del vettore g non è uguale a sqrt(N): 48.41733694888603
Norma del vettore g: 19.999999999999996
Norma del vettore g: 19.999999999999996
Norma del vettore g: 20.0
Norma del vettore g: 20.0
Norma del vettore g: 19.999999999999996
Norma del vettore g: 19.999999999999993
Norma del vettore g: 19.999999999999996
Norma del vettore g: 19.999999999999993
[=======================================================               ] 79.22%
Norma del vettore g: 20.0
Norma del vettore g: 20.0
Norma del vettore g: 20.0
Norma del vettore g: 20.0
Norma del vettore g: 20.0
Norma del vettore g: 20.0
Norma del vettore g: 20.0
Norma del vettore g non è uguale a sqrt(N): 42.99179813412146
Norma del vettore g: 19.999999999999996
Norma del vettore g non è uguale a sqrt(N): 42.99179813412146
Norma del vettore g: 19.999999999999996
Norma del vettore g non è uguale a sqrt(N): 42.99179813412146
Norma del vettore g: 19.999999999999996
Norma del vettore g non è uguale a sqrt(N): 42.99179813412146
Norma del vettore g: 19.999999999999996
Norma del vettore g non è uguale a sqrt(N): 42.99179813412146
Norma del vettore g: 19.999999999999996
Norma del vettore g non è uguale a sqrt(N): 42.99179813412146
Norma del vettore g: 19.999999999999996
Norma del vettore g non è uguale a sqrt(N): 42.99179813412146
Norma del vettore g: 19.999999999999996
Norma del vettore g non è uguale a sqrt(N): 42.99179813412146
Norma del vettore g: 19.999999999999996
Norma del vettore g non è uguale a sqrt(N): 42.99179813412146
Norma del vettore g: 19.999999999999996
Norma del vettore g non è uguale a sqrt(N): 42.99179813412146
Norma del vettore g: 19.999999999999996
Norma del vettore g non è uguale a sqrt(N): 42.99179813412146
Norma del vettore g: 19.999999999999996
Norma del vettore g non è uguale a sqrt(N): 42.99179813412146
Norma del vettore g: 19.999999999999996
Norma del vettore g non è uguale a sqrt(N): 42.99179813412146
Norma del vettore g: 19.999999999999996
Norma del vettore g non è uguale a sqrt(N): 42.99179813412146
Norma del vettore g: 19.999999999999996
Norma del vettore g: 20.000000000000004
Norma del vettore g: 20.0
Norma del vettore g: 20.000000000000007
Norma del vettore g: 20.000000000000007
Norma del vettore g: 19.999999999999993
Norma del vettore g: 19.999999999999996
Norma del vettore g: 20.0
[=======================================================               ] 79.87%
Norma del vettore g: 20.0
Norma del vettore g: 20.0
Norma del vettore g: 20.0
Norma del vettore g: 20.0
Norma del vettore g: 20.0
Norma del vettore g: 20.0
Norma del vettore g: 20.0
Norma del vettore g non è uguale a sqrt(N): 43.676570951709806
Norma del vettore g: 20.0
Norma del vettore g non è uguale a sqrt(N): 43.676570951709806
Norma del vettore g: 20.0
Norma del vettore g non è uguale a sqrt(N): 43.676570951709806
Norma del vettore g: 20.0
Norma del vettore g non è uguale a sqrt(N): 43.676570951709806
Norma del vettore g: 20.0
Norma del vettore g non è uguale a sqrt(N): 43.676570951709806
Norma del vettore g: 20.0
Norma del vettore g non è uguale a sqrt(N): 43.676570951709806
Norma del vettore g: 20.0
Norma del vettore g non è uguale a sqrt(N): 43.676570951709806
Norma del vettore g: 20.0
Norma del vettore g non è uguale a sqrt(N): 43.676570951709806
Norma del vettore g: 20.0
Norma del vettore g non è uguale a sqrt(N): 43.676570951709806
Norma del vettore g: 20.0
Norma del vettore g non è uguale a sqrt(N): 43.676570951709806
Norma del vettore g: 20.0
Norma del vettore g non è uguale a sqrt(N): 43.676570951709806
Norma del vettore g: 20.0
Norma del vettore g non è uguale a sqrt(N): 43.676570951709806
Norma del vettore g: 20.0
Norma del vettore g non è uguale a sqrt(N): 43.676570951709806
Norma del vettore g: 20.0
Norma del vettore g non è uguale a sqrt(N): 43.676570951709806
Norma del vettore g: 20.0
Norma del vettore g: 20.0
Norma del vettore g: 20.000000000000007
Norma del vettore g: 19.999999999999993
Norma del vettore g: 19.999999999999993
Norma del vettore g: 20.000000000000004
Norma del vettore g: 20.0
Norma del vettore g: 20.0
[========================================================              ] 80.52%
Norma del vettore g: 20.0
Norma del vettore g: 20.0
Norma del vettore g: 20.0
Norma del vettore g: 20.0
Norma del vettore g: 20.0
Norma del vettore g: 20.0
Norma del vettore g: 20.0
Norma del vettore g non è uguale a sqrt(N): 70.13433653194267
Norma del vettore g: 20.000000000000004
Norma del vettore g non è uguale a sqrt(N): 70.13433653194267
Norma del vettore g: 20.000000000000004
Norma del vettore g non è uguale a sqrt(N): 70.13433653194267
Norma del vettore g: 20.000000000000004
Norma del vettore g non è uguale a sqrt(N): 70.13433653194267
Norma del vettore g: 20.000000000000004
Norma del vettore g non è uguale a sqrt(N): 70.13433653194267
Norma del vettore g: 20.000000000000004
Norma del vettore g non è uguale a sqrt(N): 70.13433653194267
Norma del vettore g: 20.000000000000004
Norma del vettore g non è uguale a sqrt(N): 70.13433653194267
Norma del vettore g: 20.000000000000004
Norma del vettore g non è uguale a sqrt(N): 70.13433653194267
Norma del vettore g: 20.000000000000004
Norma del vettore g non è uguale a sqrt(N): 70.13433653194267
Norma del vettore g: 20.000000000000004
Norma del vettore g non è uguale a sqrt(N): 70.13433653194267
Norma del vettore g: 20.000000000000004
Norma del vettore g non è uguale a sqrt(N): 70.13433653194267
Norma del vettore g: 20.000000000000004
Norma del vettore g non è uguale a sqrt(N): 70.13433653194267
Norma del vettore g: 20.000000000000004
Norma del vettore g non è uguale a sqrt(N): 70.13433653194267
Norma del vettore g: 20.000000000000004
Norma del vettore g non è uguale a sqrt(N): 70.13433653194267
Norma del vettore g: 20.000000000000004
Norma del vettore g: 20.0
Norma del vettore g: 20.000000000000004
Norma del vettore g: 20.000000000000004
Norma del vettore g: 20.0
Norma del vettore g: 19.999999999999996
Norma del vettore g: 20.000000000000004
Norma del vettore g: 20.0
[========================================================              ] 81.17%
Norma del vettore g: 20.0
Norma del vettore g: 20.0
Norma del vettore g: 20.0
Norma del vettore g: 20.0
Norma del vettore g: 20.0
Norma del vettore g: 20.0
Norma del vettore g: 20.0
Norma del vettore g non è uguale a sqrt(N): 43.2201747734877
Norma del vettore g: 20.0
Norma del vettore g non è uguale a sqrt(N): 43.2201747734877
Norma del vettore g: 20.0
Norma del vettore g non è uguale a sqrt(N): 43.2201747734877
Norma del vettore g: 20.0
Norma del vettore g non è uguale a sqrt(N): 43.2201747734877
Norma del vettore g: 20.0
Norma del vettore g non è uguale a sqrt(N): 43.2201747734877
Norma del vettore g: 20.0
Norma del vettore g non è uguale a sqrt(N): 43.2201747734877
Norma del vettore g: 20.0
Norma del vettore g non è uguale a sqrt(N): 43.2201747734877
Norma del vettore g: 20.0
Norma del vettore g non è uguale a sqrt(N): 43.2201747734877
Norma del vettore g: 20.0
Norma del vettore g non è uguale a sqrt(N): 43.2201747734877
Norma del vettore g: 20.0
Norma del vettore g non è uguale a sqrt(N): 43.2201747734877
Norma del vettore g: 20.0
Norma del vettore g non è uguale a sqrt(N): 43.2201747734877
Norma del vettore g: 20.0
Norma del vettore g non è uguale a sqrt(N): 43.2201747734877
Norma del vettore g: 20.0
Norma del vettore g non è uguale a sqrt(N): 43.2201747734877
Norma del vettore g: 20.0
Norma del vettore g non è uguale a sqrt(N): 43.2201747734877
Norma del vettore g: 20.0
Norma del vettore g: 19.999999999999996
Norma del vettore g: 20.000000000000004
Norma del vettore g: 19.999999999999996
Norma del vettore g: 19.999999999999996
Norma del vettore g: 20.0
Norma del vettore g: 19.999999999999996
Norma del vettore g: 20.000000000000004
[=========================================================             ] 81.82%
Norma del vettore g: 20.0
Norma del vettore g: 20.0
Norma del vettore g: 20.0
Norma del vettore g: 20.0
Norma del vettore g: 20.0
Norma del vettore g: 20.0
Norma del vettore g: 20.0
Norma del vettore g non è uguale a sqrt(N): 44.89284963237021
Norma del vettore g: 20.0
Norma del vettore g non è uguale a sqrt(N): 44.89284963237021
Norma del vettore g: 20.0
Norma del vettore g non è uguale a sqrt(N): 44.89284963237021
Norma del vettore g: 20.0
Norma del vettore g non è uguale a sqrt(N): 44.89284963237021
Norma del vettore g: 20.0
Norma del vettore g non è uguale a sqrt(N): 44.89284963237021
Norma del vettore g: 20.0
Norma del vettore g non è uguale a sqrt(N): 44.89284963237021
Norma del vettore g: 20.0
Norma del vettore g non è uguale a sqrt(N): 44.89284963237021
Norma del vettore g: 20.0
Norma del vettore g non è uguale a sqrt(N): 44.89284963237021
Norma del vettore g: 20.0
Norma del vettore g non è uguale a sqrt(N): 44.89284963237021
Norma del vettore g: 20.0
Norma del vettore g non è uguale a sqrt(N): 44.89284963237021
Norma del vettore g: 20.0
Norma del vettore g non è uguale a sqrt(N): 44.89284963237021
Norma del vettore g: 20.0
Norma del vettore g non è uguale a sqrt(N): 44.89284963237021
Norma del vettore g: 20.0
Norma del vettore g non è uguale a sqrt(N): 44.89284963237021
Norma del vettore g: 20.0
Norma del vettore g non è uguale a sqrt(N): 44.89284963237021
Norma del vettore g: 20.0
Norma del vettore g: 20.000000000000004
Norma del vettore g: 20.0
Norma del vettore g: 20.000000000000004
Norma del vettore g: 20.000000000000007
Norma del vettore g: 20.000000000000007
Norma del vettore g: 19.999999999999996
Norma del vettore g: 19.999999999999996
[=========================================================             ] 82.47%
Norma del vettore g: 20.0
Norma del vettore g: 20.0
Norma del vettore g: 20.0
Norma del vettore g: 20.0
Norma del vettore g: 20.0
Norma del vettore g: 20.0
Norma del vettore g: 20.0
Norma del vettore g non è uguale a sqrt(N): 63.47647877773082
Norma del vettore g: 19.999999999999993
Norma del vettore g non è uguale a sqrt(N): 63.47647877773082
Norma del vettore g: 19.999999999999993
Norma del vettore g non è uguale a sqrt(N): 63.47647877773082
Norma del vettore g: 19.999999999999993
Norma del vettore g non è uguale a sqrt(N): 63.47647877773082
Norma del vettore g: 19.999999999999993
Norma del vettore g non è uguale a sqrt(N): 63.47647877773082
Norma del vettore g: 19.999999999999993
Norma del vettore g non è uguale a sqrt(N): 63.47647877773082
Norma del vettore g: 19.999999999999993
Norma del vettore g non è uguale a sqrt(N): 63.47647877773082
Norma del vettore g: 19.999999999999993
Norma del vettore g non è uguale a sqrt(N): 63.47647877773082
Norma del vettore g: 19.999999999999993
Norma del vettore g non è uguale a sqrt(N): 63.47647877773082
Norma del vettore g: 19.999999999999993
Norma del vettore g non è uguale a sqrt(N): 63.47647877773082
Norma del vettore g: 19.999999999999993
Norma del vettore g non è uguale a sqrt(N): 63.47647877773082
Norma del vettore g: 19.999999999999993
Norma del vettore g non è uguale a sqrt(N): 63.47647877773082
Norma del vettore g: 19.999999999999993
Norma del vettore g non è uguale a sqrt(N): 63.47647877773082
Norma del vettore g: 19.999999999999993
Norma del vettore g non è uguale a sqrt(N): 63.47647877773082
Norma del vettore g: 19.999999999999993
Norma del vettore g: 19.999999999999993
Norma del vettore g: 19.999999999999993
Norma del vettore g: 20.000000000000007
Norma del vettore g: 19.999999999999996
Norma del vettore g: 20.000000000000004
Norma del vettore g: 20.0
Norma del vettore g: 20.000000000000007
[==========================================================            ] 83.12%
Norma del vettore g: 20.0
Norma del vettore g: 20.0
Norma del vettore g: 20.0
Norma del vettore g: 20.0
Norma del vettore g: 20.0
Norma del vettore g: 20.0
Norma del vettore g: 20.0
Norma del vettore g non è uguale a sqrt(N): 42.7380252950515
Norma del vettore g: 20.000000000000007
Norma del vettore g non è uguale a sqrt(N): 42.7380252950515
Norma del vettore g: 20.000000000000007
Norma del vettore g non è uguale a sqrt(N): 42.7380252950515
Norma del vettore g: 20.000000000000007
Norma del vettore g non è uguale a sqrt(N): 42.7380252950515
Norma del vettore g: 20.000000000000007
Norma del vettore g non è uguale a sqrt(N): 42.7380252950515
Norma del vettore g: 20.000000000000007
Norma del vettore g non è uguale a sqrt(N): 42.7380252950515
Norma del vettore g: 20.000000000000007
Norma del vettore g non è uguale a sqrt(N): 42.7380252950515
Norma del vettore g: 20.000000000000007
Norma del vettore g non è uguale a sqrt(N): 42.7380252950515
Norma del vettore g: 20.000000000000007
Norma del vettore g non è uguale a sqrt(N): 42.7380252950515
Norma del vettore g: 20.000000000000007
Norma del vettore g non è uguale a sqrt(N): 42.7380252950515
Norma del vettore g: 20.000000000000007
Norma del vettore g non è uguale a sqrt(N): 42.7380252950515
Norma del vettore g: 20.000000000000007
Norma del vettore g non è uguale a sqrt(N): 42.7380252950515
Norma del vettore g: 20.000000000000007
Norma del vettore g non è uguale a sqrt(N): 42.7380252950515
Norma del vettore g: 20.000000000000007
Norma del vettore g non è uguale a sqrt(N): 42.7380252950515
Norma del vettore g: 20.000000000000007
Norma del vettore g: 20.000000000000007
Norma del vettore g: 19.999999999999993
Norma del vettore g: 20.000000000000004
Norma del vettore g: 20.0
Norma del vettore g: 20.0
Norma del vettore g: 19.999999999999993
Norma del vettore g: 20.000000000000004
[==========================================================            ] 83.77%
Norma del vettore g: 20.0
Norma del vettore g: 20.0
Norma del vettore g: 20.0
Norma del vettore g: 20.0
Norma del vettore g: 20.0
Norma del vettore g: 20.0
Norma del vettore g: 20.0
Norma del vettore g non è uguale a sqrt(N): 47.40833295936884
Norma del vettore g: 20.0
Norma del vettore g non è uguale a sqrt(N): 47.40833295936884
Norma del vettore g: 20.0
Norma del vettore g non è uguale a sqrt(N): 47.40833295936884
Norma del vettore g: 20.0
Norma del vettore g non è uguale a sqrt(N): 47.40833295936884
Norma del vettore g: 20.0
Norma del vettore g non è uguale a sqrt(N): 47.40833295936884
Norma del vettore g: 20.0
Norma del vettore g non è uguale a sqrt(N): 47.40833295936884
Norma del vettore g: 20.0
Norma del vettore g non è uguale a sqrt(N): 47.40833295936884
Norma del vettore g: 20.0
Norma del vettore g non è uguale a sqrt(N): 47.40833295936884
Norma del vettore g: 20.0
Norma del vettore g non è uguale a sqrt(N): 47.40833295936884
Norma del vettore g: 20.0
Norma del vettore g non è uguale a sqrt(N): 47.40833295936884
Norma del vettore g: 20.0
Norma del vettore g non è uguale a sqrt(N): 47.40833295936884
Norma del vettore g: 20.0
Norma del vettore g non è uguale a sqrt(N): 47.40833295936884
Norma del vettore g: 20.0
Norma del vettore g non è uguale a sqrt(N): 47.40833295936884
Norma del vettore g: 20.0
Norma del vettore g non è uguale a sqrt(N): 47.40833295936884
Norma del vettore g: 20.0
Norma del vettore g: 20.0
Norma del vettore g: 20.000000000000004
Norma del vettore g: 20.0
Norma del vettore g: 20.0
Norma del vettore g: 20.0
Norma del vettore g: 20.0
Norma del vettore g: 19.999999999999996
[===========================================================           ] 84.42%
Norma del vettore g: 20.0
Norma del vettore g: 20.0
Norma del vettore g: 20.0
Norma del vettore g: 20.0
Norma del vettore g: 20.0
Norma del vettore g: 20.0
Norma del vettore g: 20.0
Norma del vettore g non è uguale a sqrt(N): 42.83095435001574
Norma del vettore g: 20.0
Norma del vettore g non è uguale a sqrt(N): 42.83095435001574
Norma del vettore g: 20.0
Norma del vettore g non è uguale a sqrt(N): 42.83095435001574
Norma del vettore g: 20.0
Norma del vettore g non è uguale a sqrt(N): 42.83095435001574
Norma del vettore g: 20.0
Norma del vettore g non è uguale a sqrt(N): 42.83095435001574
Norma del vettore g: 20.0
Norma del vettore g non è uguale a sqrt(N): 42.83095435001574
Norma del vettore g: 20.0
Norma del vettore g non è uguale a sqrt(N): 42.83095435001574
Norma del vettore g: 20.0
Norma del vettore g non è uguale a sqrt(N): 42.83095435001574
Norma del vettore g: 20.0
Norma del vettore g non è uguale a sqrt(N): 42.83095435001574
Norma del vettore g: 20.0
Norma del vettore g non è uguale a sqrt(N): 42.83095435001574
Norma del vettore g: 20.0
Norma del vettore g non è uguale a sqrt(N): 42.83095435001574
Norma del vettore g: 20.0
Norma del vettore g non è uguale a sqrt(N): 42.83095435001574
Norma del vettore g: 20.0
Norma del vettore g non è uguale a sqrt(N): 42.83095435001574
Norma del vettore g: 20.0
Norma del vettore g non è uguale a sqrt(N): 42.83095435001574
Norma del vettore g: 20.0
Norma del vettore g: 19.999999999999996
Norma del vettore g: 20.0
Norma del vettore g: 20.000000000000007
Norma del vettore g: 19.999999999999993
Norma del vettore g: 20.000000000000004
Norma del vettore g: 20.0
Norma del vettore g: 19.999999999999996
[===========================================================           ] 85.06%
Norma del vettore g: 20.0
Norma del vettore g: 20.0
Norma del vettore g: 20.0
Norma del vettore g: 20.0
Norma del vettore g: 20.0
Norma del vettore g: 20.0
Norma del vettore g: 20.0
Norma del vettore g non è uguale a sqrt(N): 46.92752533679218
Norma del vettore g: 20.0
Norma del vettore g non è uguale a sqrt(N): 46.92752533679218
Norma del vettore g: 20.0
Norma del vettore g non è uguale a sqrt(N): 46.92752533679218
Norma del vettore g: 20.0
Norma del vettore g non è uguale a sqrt(N): 46.92752533679218
Norma del vettore g: 20.0
Norma del vettore g non è uguale a sqrt(N): 46.92752533679218
Norma del vettore g: 20.0
Norma del vettore g non è uguale a sqrt(N): 46.92752533679218
Norma del vettore g: 20.0
Norma del vettore g non è uguale a sqrt(N): 46.92752533679218
Norma del vettore g: 20.0
Norma del vettore g non è uguale a sqrt(N): 46.92752533679218
Norma del vettore g: 20.0
Norma del vettore g non è uguale a sqrt(N): 46.92752533679218
Norma del vettore g: 20.0
Norma del vettore g non è uguale a sqrt(N): 46.92752533679218
Norma del vettore g: 20.0
Norma del vettore g non è uguale a sqrt(N): 46.92752533679218
Norma del vettore g: 20.0
Norma del vettore g non è uguale a sqrt(N): 46.92752533679218
Norma del vettore g: 20.0
Norma del vettore g non è uguale a sqrt(N): 46.92752533679218
Norma del vettore g: 20.0
Norma del vettore g non è uguale a sqrt(N): 46.92752533679218
Norma del vettore g: 20.0
Norma del vettore g: 20.0
Norma del vettore g: 20.000000000000004
Norma del vettore g: 19.999999999999996
Norma del vettore g: 20.000000000000004
Norma del vettore g: 20.000000000000007
Norma del vettore g: 20.0
Norma del vettore g: 19.999999999999996
[============================================================          ] 85.71%
Norma del vettore g: 20.0
Norma del vettore g: 20.0
Norma del vettore g: 20.0
Norma del vettore g: 20.0
Norma del vettore g: 20.0
Norma del vettore g: 20.0
Norma del vettore g: 20.0
Norma del vettore g non è uguale a sqrt(N): 42.61545479280419
Norma del vettore g: 20.000000000000004
Norma del vettore g non è uguale a sqrt(N): 42.61545479280419
Norma del vettore g: 20.000000000000004
Norma del vettore g non è uguale a sqrt(N): 42.61545479280419
Norma del vettore g: 20.000000000000004
Norma del vettore g non è uguale a sqrt(N): 42.61545479280419
Norma del vettore g: 20.000000000000004
Norma del vettore g non è uguale a sqrt(N): 42.61545479280419
Norma del vettore g: 20.000000000000004
Norma del vettore g non è uguale a sqrt(N): 42.61545479280419
Norma del vettore g: 20.000000000000004
Norma del vettore g non è uguale a sqrt(N): 42.61545479280419
Norma del vettore g: 20.000000000000004
Norma del vettore g non è uguale a sqrt(N): 42.61545479280419
Norma del vettore g: 20.000000000000004
Norma del vettore g non è uguale a sqrt(N): 42.61545479280419
Norma del vettore g: 20.000000000000004
Norma del vettore g non è uguale a sqrt(N): 42.61545479280419
Norma del vettore g: 20.000000000000004
Norma del vettore g non è uguale a sqrt(N): 42.61545479280419
Norma del vettore g: 20.000000000000004
Norma del vettore g non è uguale a sqrt(N): 42.61545479280419
Norma del vettore g: 20.000000000000004
Norma del vettore g non è uguale a sqrt(N): 42.61545479280419
Norma del vettore g: 20.000000000000004
Norma del vettore g non è uguale a sqrt(N): 42.61545479280419
Norma del vettore g: 20.000000000000004
Norma del vettore g: 20.0
Norma del vettore g: 20.0
Norma del vettore g: 19.999999999999996
Norma del vettore g: 20.000000000000004
Norma del vettore g: 20.000000000000004
Norma del vettore g: 20.0
Norma del vettore g: 20.0
[============================================================          ] 86.36%
Norma del vettore g: 20.0
Norma del vettore g: 20.0
Norma del vettore g: 20.0
Norma del vettore g: 20.0
Norma del vettore g: 20.0
Norma del vettore g: 20.0
Norma del vettore g: 20.0
Norma del vettore g non è uguale a sqrt(N): 57.10055267482087
Norma del vettore g: 19.999999999999993
Norma del vettore g non è uguale a sqrt(N): 57.10055267482087
Norma del vettore g: 19.999999999999993
Norma del vettore g non è uguale a sqrt(N): 57.10055267482087
Norma del vettore g: 19.999999999999993
Norma del vettore g non è uguale a sqrt(N): 57.10055267482087
Norma del vettore g: 19.999999999999993
Norma del vettore g non è uguale a sqrt(N): 57.10055267482087
Norma del vettore g: 19.999999999999993
Norma del vettore g non è uguale a sqrt(N): 57.10055267482087
Norma del vettore g: 19.999999999999993
Norma del vettore g non è uguale a sqrt(N): 57.10055267482087
Norma del vettore g: 19.999999999999993
Norma del vettore g non è uguale a sqrt(N): 57.10055267482087
Norma del vettore g: 19.999999999999993
Norma del vettore g non è uguale a sqrt(N): 57.10055267482087
Norma del vettore g: 19.999999999999993
Norma del vettore g non è uguale a sqrt(N): 57.10055267482087
Norma del vettore g: 19.999999999999993
Norma del vettore g non è uguale a sqrt(N): 57.10055267482087
Norma del vettore g: 19.999999999999993
Norma del vettore g non è uguale a sqrt(N): 57.10055267482087
Norma del vettore g: 19.999999999999993
Norma del vettore g non è uguale a sqrt(N): 57.10055267482087
Norma del vettore g: 19.999999999999993
Norma del vettore g non è uguale a sqrt(N): 57.10055267482087
Norma del vettore g: 19.999999999999993
Norma del vettore g: 19.999999999999996
Norma del vettore g: 20.000000000000004
Norma del vettore g: 20.0
Norma del vettore g: 20.0
Norma del vettore g: 19.999999999999996
Norma del vettore g: 20.000000000000004
Norma del vettore g: 19.999999999999993
[============================================================          ] 87.01%
Norma del vettore g: 20.0
Norma del vettore g: 20.0
Norma del vettore g: 20.0
Norma del vettore g: 20.0
Norma del vettore g: 20.0
Norma del vettore g: 20.0
Norma del vettore g: 20.0
Norma del vettore g non è uguale a sqrt(N): 48.2306129737138
Norma del vettore g: 19.999999999999996
Norma del vettore g non è uguale a sqrt(N): 48.2306129737138
Norma del vettore g: 19.999999999999996
Norma del vettore g non è uguale a sqrt(N): 48.2306129737138
Norma del vettore g: 19.999999999999996
Norma del vettore g non è uguale a sqrt(N): 48.2306129737138
Norma del vettore g: 19.999999999999996
Norma del vettore g non è uguale a sqrt(N): 48.2306129737138
Norma del vettore g: 19.999999999999996
Norma del vettore g non è uguale a sqrt(N): 48.2306129737138
Norma del vettore g: 19.999999999999996
Norma del vettore g non è uguale a sqrt(N): 48.2306129737138
Norma del vettore g: 19.999999999999996
Norma del vettore g non è uguale a sqrt(N): 48.2306129737138
Norma del vettore g: 19.999999999999996
Norma del vettore g non è uguale a sqrt(N): 48.2306129737138
Norma del vettore g: 19.999999999999996
Norma del vettore g non è uguale a sqrt(N): 48.2306129737138
Norma del vettore g: 19.999999999999996
Norma del vettore g non è uguale a sqrt(N): 48.2306129737138
Norma del vettore g: 19.999999999999996
Norma del vettore g non è uguale a sqrt(N): 48.2306129737138
Norma del vettore g: 19.999999999999996
Norma del vettore g non è uguale a sqrt(N): 48.2306129737138
Norma del vettore g: 19.999999999999996
Norma del vettore g non è uguale a sqrt(N): 48.2306129737138
Norma del vettore g: 19.999999999999996
Norma del vettore g: 20.000000000000004
Norma del vettore g: 19.999999999999996
Norma del vettore g: 20.0
Norma del vettore g: 19.999999999999996
Norma del vettore g: 19.999999999999993
Norma del vettore g: 20.000000000000004
Norma del vettore g: 19.999999999999996
[=============================================================         ] 87.66%
Norma del vettore g: 20.0
Norma del vettore g: 20.0
Norma del vettore g: 20.0
Norma del vettore g: 20.0
Norma del vettore g: 20.0
Norma del vettore g: 20.0
Norma del vettore g: 20.0
Norma del vettore g non è uguale a sqrt(N): 74.6349361956695
Norma del vettore g: 20.000000000000004
Norma del vettore g non è uguale a sqrt(N): 74.6349361956695
Norma del vettore g: 20.000000000000004
Norma del vettore g non è uguale a sqrt(N): 74.6349361956695
Norma del vettore g: 20.000000000000004
Norma del vettore g non è uguale a sqrt(N): 74.6349361956695
Norma del vettore g: 20.000000000000004
Norma del vettore g non è uguale a sqrt(N): 74.6349361956695
Norma del vettore g: 20.000000000000004
Norma del vettore g non è uguale a sqrt(N): 74.6349361956695
Norma del vettore g: 20.000000000000004
Norma del vettore g non è uguale a sqrt(N): 74.6349361956695
Norma del vettore g: 20.000000000000004
Norma del vettore g non è uguale a sqrt(N): 74.6349361956695
Norma del vettore g: 20.000000000000004
Norma del vettore g non è uguale a sqrt(N): 74.6349361956695
Norma del vettore g: 20.000000000000004
Norma del vettore g non è uguale a sqrt(N): 74.6349361956695
Norma del vettore g: 20.000000000000004
Norma del vettore g non è uguale a sqrt(N): 74.6349361956695
Norma del vettore g: 20.000000000000004
Norma del vettore g non è uguale a sqrt(N): 74.6349361956695
Norma del vettore g: 20.000000000000004
Norma del vettore g non è uguale a sqrt(N): 74.6349361956695
Norma del vettore g: 20.000000000000004
Norma del vettore g non è uguale a sqrt(N): 74.6349361956695
Norma del vettore g: 20.000000000000004
Norma del vettore g: 20.0
Norma del vettore g: 20.0
Norma del vettore g: 19.999999999999996
Norma del vettore g: 19.999999999999993
Norma del vettore g: 20.000000000000007
Norma del vettore g: 20.000000000000004
Norma del vettore g: 19.999999999999996
[=============================================================         ] 88.31%
Norma del vettore g: 20.0
Norma del vettore g: 20.0
Norma del vettore g: 20.0
Norma del vettore g: 20.0
Norma del vettore g: 20.0
Norma del vettore g: 20.0
Norma del vettore g: 20.0
Norma del vettore g non è uguale a sqrt(N): 46.56785538040787
Norma del vettore g: 20.0
Norma del vettore g non è uguale a sqrt(N): 46.56785538040787
Norma del vettore g: 20.0
Norma del vettore g non è uguale a sqrt(N): 46.56785538040787
Norma del vettore g: 20.0
Norma del vettore g non è uguale a sqrt(N): 46.56785538040787
Norma del vettore g: 20.0
Norma del vettore g non è uguale a sqrt(N): 46.56785538040787
Norma del vettore g: 20.0
Norma del vettore g non è uguale a sqrt(N): 46.56785538040787
Norma del vettore g: 20.0
Norma del vettore g non è uguale a sqrt(N): 46.56785538040787
Norma del vettore g: 20.0
Norma del vettore g non è uguale a sqrt(N): 46.56785538040787
Norma del vettore g: 20.0
Norma del vettore g non è uguale a sqrt(N): 46.56785538040787
Norma del vettore g: 20.0
Norma del vettore g non è uguale a sqrt(N): 46.56785538040787
Norma del vettore g: 20.0
Norma del vettore g non è uguale a sqrt(N): 46.56785538040787
Norma del vettore g: 20.0
Norma del vettore g non è uguale a sqrt(N): 46.56785538040787
Norma del vettore g: 20.0
Norma del vettore g non è uguale a sqrt(N): 46.56785538040787
Norma del vettore g: 20.0
Norma del vettore g non è uguale a sqrt(N): 46.56785538040787
Norma del vettore g: 20.0
Norma del vettore g: 20.000000000000007
Norma del vettore g: 20.000000000000004
Norma del vettore g: 20.0
Norma del vettore g: 19.999999999999996
Norma del vettore g: 20.000000000000004
Norma del vettore g: 19.999999999999996
Norma del vettore g: 19.999999999999996
[==============================================================        ] 88.96%
Norma del vettore g: 20.0
Norma del vettore g: 20.0
Norma del vettore g: 20.0
Norma del vettore g: 20.0
Norma del vettore g: 20.0
Norma del vettore g: 20.0
Norma del vettore g: 20.0
Norma del vettore g non è uguale a sqrt(N): 114.91505986892598
Norma del vettore g: 20.000000000000004
Norma del vettore g non è uguale a sqrt(N): 114.91505986892598
Norma del vettore g: 20.000000000000004
Norma del vettore g non è uguale a sqrt(N): 114.91505986892598
Norma del vettore g: 20.000000000000004
Norma del vettore g non è uguale a sqrt(N): 114.91505986892598
Norma del vettore g: 20.000000000000004
Norma del vettore g non è uguale a sqrt(N): 114.91505986892598
Norma del vettore g: 20.000000000000004
Norma del vettore g non è uguale a sqrt(N): 114.91505986892598
Norma del vettore g: 20.000000000000004
Norma del vettore g non è uguale a sqrt(N): 114.91505986892598
Norma del vettore g: 20.000000000000004
Norma del vettore g non è uguale a sqrt(N): 114.91505986892598
Norma del vettore g: 20.000000000000004
Norma del vettore g non è uguale a sqrt(N): 114.91505986892598
Norma del vettore g: 20.000000000000004
Norma del vettore g non è uguale a sqrt(N): 114.91505986892598
Norma del vettore g: 20.000000000000004
Norma del vettore g non è uguale a sqrt(N): 114.91505986892598
Norma del vettore g: 20.000000000000004
Norma del vettore g non è uguale a sqrt(N): 114.91505986892598
Norma del vettore g: 20.000000000000004
Norma del vettore g non è uguale a sqrt(N): 114.91505986892598
Norma del vettore g: 20.000000000000004
Norma del vettore g non è uguale a sqrt(N): 114.91505986892598
Norma del vettore g: 20.000000000000004
Norma del vettore g: 19.999999999999993
Norma del vettore g: 19.999999999999996
Norma del vettore g: 19.999999999999993
Norma del vettore g: 20.000000000000004
Norma del vettore g: 20.000000000000007
Norma del vettore g: 20.0
Norma del vettore g: 19.999999999999996
[==============================================================        ] 89.61%
Norma del vettore g: 20.0
Norma del vettore g: 20.0
Norma del vettore g: 20.0
Norma del vettore g: 20.0
Norma del vettore g: 20.0
Norma del vettore g: 20.0
Norma del vettore g: 20.0
Norma del vettore g non è uguale a sqrt(N): 109.84824280635496
Norma del vettore g: 20.0
Norma del vettore g non è uguale a sqrt(N): 109.84824280635496
Norma del vettore g: 20.0
Norma del vettore g non è uguale a sqrt(N): 109.84824280635496
Norma del vettore g: 20.0
Norma del vettore g non è uguale a sqrt(N): 109.84824280635496
Norma del vettore g: 20.0
Norma del vettore g non è uguale a sqrt(N): 109.84824280635496
Norma del vettore g: 20.0
Norma del vettore g non è uguale a sqrt(N): 109.84824280635496
Norma del vettore g: 20.0
Norma del vettore g non è uguale a sqrt(N): 109.84824280635496
Norma del vettore g: 20.0
Norma del vettore g non è uguale a sqrt(N): 109.84824280635496
Norma del vettore g: 20.0
Norma del vettore g non è uguale a sqrt(N): 109.84824280635496
Norma del vettore g: 20.0
Norma del vettore g non è uguale a sqrt(N): 109.84824280635496
Norma del vettore g: 20.0
Norma del vettore g non è uguale a sqrt(N): 109.84824280635496
Norma del vettore g: 20.0
Norma del vettore g non è uguale a sqrt(N): 109.84824280635496
Norma del vettore g: 20.0
Norma del vettore g non è uguale a sqrt(N): 109.84824280635496
Norma del vettore g: 20.0
Norma del vettore g non è uguale a sqrt(N): 109.84824280635496
Norma del vettore g: 20.0
Norma del vettore g: 19.999999999999993
Norma del vettore g: 20.0
Norma del vettore g: 19.999999999999996
Norma del vettore g: 19.999999999999996
Norma del vettore g: 20.0
Norma del vettore g: 20.000000000000004
Norma del vettore g: 19.999999999999993
[===============================================================       ] 90.26%
Norma del vettore g: 20.0
Norma del vettore g: 20.0
Norma del vettore g: 20.0
Norma del vettore g: 20.0
Norma del vettore g: 20.0
Norma del vettore g: 20.0
Norma del vettore g: 20.0
Norma del vettore g non è uguale a sqrt(N): 211.59955153701893
Norma del vettore g: 20.000000000000007
Norma del vettore g non è uguale a sqrt(N): 211.59955153701893
Norma del vettore g: 20.000000000000007
Norma del vettore g non è uguale a sqrt(N): 211.59955153701893
Norma del vettore g: 20.000000000000007
Norma del vettore g non è uguale a sqrt(N): 211.59955153701893
Norma del vettore g: 20.000000000000007
Norma del vettore g non è uguale a sqrt(N): 211.59955153701893
Norma del vettore g: 20.000000000000007
Norma del vettore g non è uguale a sqrt(N): 211.59955153701893
Norma del vettore g: 20.000000000000007
Norma del vettore g non è uguale a sqrt(N): 211.59955153701893
Norma del vettore g: 20.000000000000007
Norma del vettore g non è uguale a sqrt(N): 211.59955153701893
Norma del vettore g: 20.000000000000007
Norma del vettore g non è uguale a sqrt(N): 211.59955153701893
Norma del vettore g: 20.000000000000007
Norma del vettore g non è uguale a sqrt(N): 211.59955153701893
Norma del vettore g: 20.000000000000007
Norma del vettore g non è uguale a sqrt(N): 211.59955153701893
Norma del vettore g: 20.000000000000007
Norma del vettore g non è uguale a sqrt(N): 211.59955153701893
Norma del vettore g: 20.000000000000007
Norma del vettore g non è uguale a sqrt(N): 211.59955153701893
Norma del vettore g: 20.000000000000007
Norma del vettore g non è uguale a sqrt(N): 211.59955153701893
Norma del vettore g: 20.000000000000007
Norma del vettore g: 19.999999999999996
Norma del vettore g: 20.0
Norma del vettore g: 20.0
Norma del vettore g: 20.000000000000004
Norma del vettore g: 20.000000000000004
Norma del vettore g: 20.0
Norma del vettore g: 20.0
[===============================================================       ] 90.91%
Norma del vettore g: 20.0
Norma del vettore g: 20.0
Norma del vettore g: 20.0
Norma del vettore g: 20.0
Norma del vettore g: 20.0
Norma del vettore g: 20.0
Norma del vettore g: 20.0
Norma del vettore g non è uguale a sqrt(N): 74.12437179832173
Norma del vettore g: 20.000000000000004
Norma del vettore g non è uguale a sqrt(N): 74.12437179832173
Norma del vettore g: 20.000000000000004
Norma del vettore g non è uguale a sqrt(N): 74.12437179832173
Norma del vettore g: 20.000000000000004
Norma del vettore g non è uguale a sqrt(N): 74.12437179832173
Norma del vettore g: 20.000000000000004
Norma del vettore g non è uguale a sqrt(N): 74.12437179832173
Norma del vettore g: 20.000000000000004
Norma del vettore g non è uguale a sqrt(N): 74.12437179832173
Norma del vettore g: 20.000000000000004
Norma del vettore g non è uguale a sqrt(N): 74.12437179832173
Norma del vettore g: 20.000000000000004
Norma del vettore g non è uguale a sqrt(N): 74.12437179832173
Norma del vettore g: 20.000000000000004
Norma del vettore g non è uguale a sqrt(N): 74.12437179832173
Norma del vettore g: 20.000000000000004
Norma del vettore g non è uguale a sqrt(N): 74.12437179832173
Norma del vettore g: 20.000000000000004
Norma del vettore g non è uguale a sqrt(N): 74.12437179832173
Norma del vettore g: 20.000000000000004
Norma del vettore g non è uguale a sqrt(N): 74.12437179832173
Norma del vettore g: 20.000000000000004
Norma del vettore g non è uguale a sqrt(N): 74.12437179832173
Norma del vettore g: 20.000000000000004
Norma del vettore g non è uguale a sqrt(N): 74.12437179832173
Norma del vettore g: 20.000000000000004
Norma del vettore g: 20.0
Norma del vettore g: 19.999999999999993
Norma del vettore g: 19.999999999999993
Norma del vettore g: 20.000000000000007
Norma del vettore g: 19.999999999999993
Norma del vettore g: 20.0
Norma del vettore g: 19.999999999999993
[================================================================      ] 91.56%
Norma del vettore g: 20.0
Norma del vettore g: 20.0
Norma del vettore g: 20.0
Norma del vettore g: 20.0
Norma del vettore g: 20.0
Norma del vettore g: 20.0
Norma del vettore g: 20.0
Norma del vettore g non è uguale a sqrt(N): 58.839489736553325
Norma del vettore g: 19.999999999999993
Norma del vettore g non è uguale a sqrt(N): 58.839489736553325
Norma del vettore g: 19.999999999999993
Norma del vettore g non è uguale a sqrt(N): 58.839489736553325
Norma del vettore g: 19.999999999999993
Norma del vettore g non è uguale a sqrt(N): 58.839489736553325
Norma del vettore g: 19.999999999999993
Norma del vettore g non è uguale a sqrt(N): 58.839489736553325
Norma del vettore g: 19.999999999999993
Norma del vettore g non è uguale a sqrt(N): 58.839489736553325
Norma del vettore g: 19.999999999999993
Norma del vettore g non è uguale a sqrt(N): 58.839489736553325
Norma del vettore g: 19.999999999999993
Norma del vettore g non è uguale a sqrt(N): 58.839489736553325
Norma del vettore g: 19.999999999999993
Norma del vettore g non è uguale a sqrt(N): 58.839489736553325
Norma del vettore g: 19.999999999999993
Norma del vettore g non è uguale a sqrt(N): 58.839489736553325
Norma del vettore g: 19.999999999999993
Norma del vettore g non è uguale a sqrt(N): 58.839489736553325
Norma del vettore g: 19.999999999999993
Norma del vettore g non è uguale a sqrt(N): 58.839489736553325
Norma del vettore g: 19.999999999999993
Norma del vettore g non è uguale a sqrt(N): 58.839489736553325
Norma del vettore g: 19.999999999999993
Norma del vettore g non è uguale a sqrt(N): 58.839489736553325
Norma del vettore g: 19.999999999999993
Norma del vettore g: 20.0
Norma del vettore g: 20.0
Norma del vettore g: 19.999999999999996
Norma del vettore g: 20.000000000000004
Norma del vettore g: 20.0
Norma del vettore g: 20.000000000000007
Norma del vettore g: 20.000000000000004
[================================================================      ] 92.21%
Norma del vettore g: 20.0
Norma del vettore g: 20.0
Norma del vettore g: 20.0
Norma del vettore g: 20.0
Norma del vettore g: 20.0
Norma del vettore g: 20.0
Norma del vettore g: 20.0
Norma del vettore g non è uguale a sqrt(N): 64.04811516428677
Norma del vettore g: 19.999999999999993
Norma del vettore g non è uguale a sqrt(N): 64.04811516428677
Norma del vettore g: 19.999999999999993
Norma del vettore g non è uguale a sqrt(N): 64.04811516428677
Norma del vettore g: 19.999999999999993
Norma del vettore g non è uguale a sqrt(N): 64.04811516428677
Norma del vettore g: 19.999999999999993
Norma del vettore g non è uguale a sqrt(N): 64.04811516428677
Norma del vettore g: 19.999999999999993
Norma del vettore g non è uguale a sqrt(N): 64.04811516428677
Norma del vettore g: 19.999999999999993
Norma del vettore g non è uguale a sqrt(N): 64.04811516428677
Norma del vettore g: 19.999999999999993
Norma del vettore g non è uguale a sqrt(N): 64.04811516428677
Norma del vettore g: 19.999999999999993
Norma del vettore g non è uguale a sqrt(N): 64.04811516428677
Norma del vettore g: 19.999999999999993
Norma del vettore g non è uguale a sqrt(N): 64.04811516428677
Norma del vettore g: 19.999999999999993
Norma del vettore g non è uguale a sqrt(N): 64.04811516428677
Norma del vettore g: 19.999999999999993
Norma del vettore g non è uguale a sqrt(N): 64.04811516428677
Norma del vettore g: 19.999999999999993
Norma del vettore g non è uguale a sqrt(N): 64.04811516428677
Norma del vettore g: 19.999999999999993
Norma del vettore g non è uguale a sqrt(N): 64.04811516428677
Norma del vettore g: 19.999999999999993
Norma del vettore g: 19.999999999999996
Norma del vettore g: 19.999999999999993
Norma del vettore g: 20.000000000000007
Norma del vettore g: 20.000000000000004
Norma del vettore g: 20.000000000000004
Norma del vettore g: 20.000000000000004
Norma del vettore g: 20.0
[=================================================================     ] 92.86%
Norma del vettore g: 20.0
Norma del vettore g: 20.0
Norma del vettore g: 20.0
Norma del vettore g: 20.0
Norma del vettore g: 20.0
Norma del vettore g: 20.0
Norma del vettore g: 20.0
Norma del vettore g non è uguale a sqrt(N): 52.82661504198082
Norma del vettore g: 20.000000000000007
Norma del vettore g non è uguale a sqrt(N): 52.82661504198082
Norma del vettore g: 20.000000000000007
Norma del vettore g non è uguale a sqrt(N): 52.82661504198082
Norma del vettore g: 20.000000000000007
Norma del vettore g non è uguale a sqrt(N): 52.82661504198082
Norma del vettore g: 20.000000000000007
Norma del vettore g non è uguale a sqrt(N): 52.82661504198082
Norma del vettore g: 20.000000000000007
Norma del vettore g non è uguale a sqrt(N): 52.82661504198082
Norma del vettore g: 20.000000000000007
Norma del vettore g non è uguale a sqrt(N): 52.82661504198082
Norma del vettore g: 20.000000000000007
Norma del vettore g non è uguale a sqrt(N): 52.82661504198082
Norma del vettore g: 20.000000000000007
Norma del vettore g non è uguale a sqrt(N): 52.82661504198082
Norma del vettore g: 20.000000000000007
Norma del vettore g non è uguale a sqrt(N): 52.82661504198082
Norma del vettore g: 20.000000000000007
Norma del vettore g non è uguale a sqrt(N): 52.82661504198082
Norma del vettore g: 20.000000000000007
Norma del vettore g non è uguale a sqrt(N): 52.82661504198082
Norma del vettore g: 20.000000000000007
Norma del vettore g non è uguale a sqrt(N): 52.82661504198082
Norma del vettore g: 20.000000000000007
Norma del vettore g non è uguale a sqrt(N): 52.82661504198082
Norma del vettore g: 20.000000000000007
Norma del vettore g: 20.000000000000004
Norma del vettore g: 20.000000000000007
Norma del vettore g: 20.0
Norma del vettore g: 19.999999999999993
Norma del vettore g: 19.999999999999996
Norma del vettore g: 20.000000000000004
Norma del vettore g: 20.000000000000004
[=================================================================     ] 93.51%
Norma del vettore g: 20.0
Norma del vettore g: 20.0
Norma del vettore g: 20.0
Norma del vettore g: 20.0
Norma del vettore g: 20.0
Norma del vettore g: 20.0
Norma del vettore g: 20.0
Norma del vettore g non è uguale a sqrt(N): 79.30833320318938
Norma del vettore g: 20.0
Norma del vettore g non è uguale a sqrt(N): 79.30833320318938
Norma del vettore g: 20.0
Norma del vettore g non è uguale a sqrt(N): 79.30833320318938
Norma del vettore g: 20.0
Norma del vettore g non è uguale a sqrt(N): 79.30833320318938
Norma del vettore g: 20.0
Norma del vettore g non è uguale a sqrt(N): 79.30833320318938
Norma del vettore g: 20.0
Norma del vettore g non è uguale a sqrt(N): 79.30833320318938
Norma del vettore g: 20.0
Norma del vettore g non è uguale a sqrt(N): 79.30833320318938
Norma del vettore g: 20.0
Norma del vettore g non è uguale a sqrt(N): 79.30833320318938
Norma del vettore g: 20.0
Norma del vettore g non è uguale a sqrt(N): 79.30833320318938
Norma del vettore g: 20.0
Norma del vettore g non è uguale a sqrt(N): 79.30833320318938
Norma del vettore g: 20.0
Norma del vettore g non è uguale a sqrt(N): 79.30833320318938
Norma del vettore g: 20.0
Norma del vettore g non è uguale a sqrt(N): 79.30833320318938
Norma del vettore g: 20.0
Norma del vettore g non è uguale a sqrt(N): 79.30833320318938
Norma del vettore g: 20.0
Norma del vettore g non è uguale a sqrt(N): 79.30833320318938
Norma del vettore g: 20.0
Norma del vettore g: 20.0
Norma del vettore g: 19.999999999999996
Norma del vettore g: 19.999999999999996
Norma del vettore g: 20.0
Norma del vettore g: 20.000000000000007
Norma del vettore g: 20.000000000000004
Norma del vettore g: 19.999999999999996
[=================================================================     ] 94.16%
Norma del vettore g: 20.0
Norma del vettore g: 20.0
Norma del vettore g: 20.0
Norma del vettore g: 20.0
Norma del vettore g: 20.0
Norma del vettore g: 20.0
Norma del vettore g: 20.0
Norma del vettore g non è uguale a sqrt(N): 97.12604143691645
Norma del vettore g: 19.999999999999993
Norma del vettore g non è uguale a sqrt(N): 97.12604143691645
Norma del vettore g: 19.999999999999993
Norma del vettore g non è uguale a sqrt(N): 97.12604143691645
Norma del vettore g: 19.999999999999993
Norma del vettore g non è uguale a sqrt(N): 97.12604143691645
Norma del vettore g: 19.999999999999993
Norma del vettore g non è uguale a sqrt(N): 97.12604143691645
Norma del vettore g: 19.999999999999993
Norma del vettore g non è uguale a sqrt(N): 97.12604143691645
Norma del vettore g: 19.999999999999993
Norma del vettore g non è uguale a sqrt(N): 97.12604143691645
Norma del vettore g: 19.999999999999993
Norma del vettore g non è uguale a sqrt(N): 97.12604143691645
Norma del vettore g: 19.999999999999993
Norma del vettore g non è uguale a sqrt(N): 97.12604143691645
Norma del vettore g: 19.999999999999993
Norma del vettore g non è uguale a sqrt(N): 97.12604143691645
Norma del vettore g: 19.999999999999993
Norma del vettore g non è uguale a sqrt(N): 97.12604143691645
Norma del vettore g: 19.999999999999993
Norma del vettore g non è uguale a sqrt(N): 97.12604143691645
Norma del vettore g: 19.999999999999993
Norma del vettore g non è uguale a sqrt(N): 97.12604143691645
Norma del vettore g: 19.999999999999993
Norma del vettore g non è uguale a sqrt(N): 97.12604143691645
Norma del vettore g: 19.999999999999993
Norma del vettore g: 20.000000000000007
Norma del vettore g: 20.000000000000004
Norma del vettore g: 20.000000000000004
Norma del vettore g: 19.999999999999996
Norma del vettore g: 20.0
Norma del vettore g: 20.0
Norma del vettore g: 19.99999999999999
[==================================================================    ] 94.81%
Norma del vettore g: 20.0
Norma del vettore g: 20.0
Norma del vettore g: 20.0
Norma del vettore g: 20.0
Norma del vettore g: 20.0
Norma del vettore g: 20.0
Norma del vettore g: 20.0
Norma del vettore g non è uguale a sqrt(N): 75.02953618425202
Norma del vettore g: 19.999999999999996
Norma del vettore g non è uguale a sqrt(N): 75.02953618425202
Norma del vettore g: 19.999999999999996
Norma del vettore g non è uguale a sqrt(N): 75.02953618425202
Norma del vettore g: 19.999999999999996
Norma del vettore g non è uguale a sqrt(N): 75.02953618425202
Norma del vettore g: 19.999999999999996
Norma del vettore g non è uguale a sqrt(N): 75.02953618425202
Norma del vettore g: 19.999999999999996
Norma del vettore g non è uguale a sqrt(N): 75.02953618425202
Norma del vettore g: 19.999999999999996
Norma del vettore g non è uguale a sqrt(N): 75.02953618425202
Norma del vettore g: 19.999999999999996
Norma del vettore g non è uguale a sqrt(N): 75.02953618425202
Norma del vettore g: 19.999999999999996
Norma del vettore g non è uguale a sqrt(N): 75.02953618425202
Norma del vettore g: 19.999999999999996
Norma del vettore g non è uguale a sqrt(N): 75.02953618425202
Norma del vettore g: 19.999999999999996
Norma del vettore g non è uguale a sqrt(N): 75.02953618425202
Norma del vettore g: 19.999999999999996
Norma del vettore g non è uguale a sqrt(N): 75.02953618425202
Norma del vettore g: 19.999999999999996
Norma del vettore g non è uguale a sqrt(N): 75.02953618425202
Norma del vettore g: 19.999999999999996
Norma del vettore g non è uguale a sqrt(N): 75.02953618425202
Norma del vettore g: 19.999999999999996
Norma del vettore g: 19.999999999999996
Norma del vettore g: 20.0
Norma del vettore g: 20.0
Norma del vettore g: 19.999999999999996
Norma del vettore g: 20.000000000000004
Norma del vettore g: 20.00000000000001
Norma del vettore g: 20.00000000000001
[==================================================================    ] 95.45%
Norma del vettore g: 20.0
Norma del vettore g: 20.0
Norma del vettore g: 20.0
Norma del vettore g: 20.0
Norma del vettore g: 20.0
Norma del vettore g: 20.0
Norma del vettore g: 20.0
Norma del vettore g non è uguale a sqrt(N): 68.23452119023908
Norma del vettore g: 20.0
Norma del vettore g non è uguale a sqrt(N): 68.23452119023908
Norma del vettore g: 20.0
Norma del vettore g non è uguale a sqrt(N): 68.23452119023908
Norma del vettore g: 20.0
Norma del vettore g non è uguale a sqrt(N): 68.23452119023908
Norma del vettore g: 20.0
Norma del vettore g non è uguale a sqrt(N): 68.23452119023908
Norma del vettore g: 20.0
Norma del vettore g non è uguale a sqrt(N): 68.23452119023908
Norma del vettore g: 20.0
Norma del vettore g non è uguale a sqrt(N): 68.23452119023908
Norma del vettore g: 20.0
Norma del vettore g non è uguale a sqrt(N): 68.23452119023908
Norma del vettore g: 20.0
Norma del vettore g non è uguale a sqrt(N): 68.23452119023908
Norma del vettore g: 20.0
Norma del vettore g non è uguale a sqrt(N): 68.23452119023908
Norma del vettore g: 20.0
Norma del vettore g non è uguale a sqrt(N): 68.23452119023908
Norma del vettore g: 20.0
Norma del vettore g non è uguale a sqrt(N): 68.23452119023908
Norma del vettore g: 20.0
Norma del vettore g non è uguale a sqrt(N): 68.23452119023908
Norma del vettore g: 20.0
Norma del vettore g non è uguale a sqrt(N): 68.23452119023908
Norma del vettore g: 20.0
Norma del vettore g: 20.000000000000004
Norma del vettore g: 19.999999999999996
Norma del vettore g: 19.999999999999996
Norma del vettore g: 20.000000000000004
Norma del vettore g: 20.00000000000001
Norma del vettore g: 20.0
Norma del vettore g: 20.0
[===================================================================   ] 96.10%
Norma del vettore g: 20.0
Norma del vettore g: 20.0
Norma del vettore g: 20.0
Norma del vettore g: 20.0
Norma del vettore g: 20.0
Norma del vettore g: 20.0
Norma del vettore g: 20.0
Norma del vettore g non è uguale a sqrt(N): 76.83453151813765
Norma del vettore g: 20.000000000000004
Norma del vettore g non è uguale a sqrt(N): 76.83453151813765
Norma del vettore g: 20.000000000000004
Norma del vettore g non è uguale a sqrt(N): 76.83453151813765
Norma del vettore g: 20.000000000000004
Norma del vettore g non è uguale a sqrt(N): 76.83453151813765
Norma del vettore g: 20.000000000000004
Norma del vettore g non è uguale a sqrt(N): 76.83453151813765
Norma del vettore g: 20.000000000000004
Norma del vettore g non è uguale a sqrt(N): 76.83453151813765
Norma del vettore g: 20.000000000000004
Norma del vettore g non è uguale a sqrt(N): 76.83453151813765
Norma del vettore g: 20.000000000000004
Norma del vettore g non è uguale a sqrt(N): 76.83453151813765
Norma del vettore g: 20.000000000000004
Norma del vettore g non è uguale a sqrt(N): 76.83453151813765
Norma del vettore g: 20.000000000000004
Norma del vettore g non è uguale a sqrt(N): 76.83453151813765
Norma del vettore g: 20.000000000000004
Norma del vettore g non è uguale a sqrt(N): 76.83453151813765
Norma del vettore g: 20.000000000000004
Norma del vettore g non è uguale a sqrt(N): 76.83453151813765
Norma del vettore g: 20.000000000000004
Norma del vettore g non è uguale a sqrt(N): 76.83453151813765
Norma del vettore g: 20.000000000000004
Norma del vettore g non è uguale a sqrt(N): 76.83453151813765
Norma del vettore g: 20.000000000000004
Norma del vettore g: 20.0
Norma del vettore g: 20.000000000000007
Norma del vettore g: 20.0
Norma del vettore g: 19.999999999999996
Norma del vettore g: 19.99999999999999
Norma del vettore g: 19.999999999999993
Norma del vettore g: 19.999999999999993
[===================================================================   ] 96.75%
Norma del vettore g: 20.0
Norma del vettore g: 20.0
Norma del vettore g: 20.0
Norma del vettore g: 20.0
Norma del vettore g: 20.0
Norma del vettore g: 20.0
Norma del vettore g: 20.0
Norma del vettore g non è uguale a sqrt(N): 55.40789469764972
Norma del vettore g: 19.999999999999993
Norma del vettore g non è uguale a sqrt(N): 55.40789469764972
Norma del vettore g: 19.999999999999993
Norma del vettore g non è uguale a sqrt(N): 55.40789469764972
Norma del vettore g: 19.999999999999993
Norma del vettore g non è uguale a sqrt(N): 55.40789469764972
Norma del vettore g: 19.999999999999993
Norma del vettore g non è uguale a sqrt(N): 55.40789469764972
Norma del vettore g: 19.999999999999993
Norma del vettore g non è uguale a sqrt(N): 55.40789469764972
Norma del vettore g: 19.999999999999993
Norma del vettore g non è uguale a sqrt(N): 55.40789469764972
Norma del vettore g: 19.999999999999993
Norma del vettore g non è uguale a sqrt(N): 55.40789469764972
Norma del vettore g: 19.999999999999993
Norma del vettore g non è uguale a sqrt(N): 55.40789469764972
Norma del vettore g: 19.999999999999993
Norma del vettore g non è uguale a sqrt(N): 55.40789469764972
Norma del vettore g: 19.999999999999993
Norma del vettore g non è uguale a sqrt(N): 55.40789469764972
Norma del vettore g: 19.999999999999993
Norma del vettore g non è uguale a sqrt(N): 55.40789469764972
Norma del vettore g: 19.999999999999993
Norma del vettore g non è uguale a sqrt(N): 55.40789469764972
Norma del vettore g: 19.999999999999993
Norma del vettore g non è uguale a sqrt(N): 55.40789469764972
Norma del vettore g: 19.999999999999993
Norma del vettore g: 19.999999999999996
Norma del vettore g: 20.0
Norma del vettore g: 20.0
Norma del vettore g: 19.999999999999993
Norma del vettore g: 19.999999999999993
Norma del vettore g: 19.999999999999996
Norma del vettore g: 19.999999999999996
[====================================================================  ] 97.40%
Norma del vettore g: 20.0
Norma del vettore g: 20.0
Norma del vettore g: 20.0
Norma del vettore g: 20.0
Norma del vettore g: 20.0
Norma del vettore g: 20.0
Norma del vettore g: 20.0
Norma del vettore g non è uguale a sqrt(N): 36.913312648967114
Norma del vettore g: 20.000000000000004
Norma del vettore g non è uguale a sqrt(N): 36.913312648967114
Norma del vettore g: 20.000000000000004
Norma del vettore g non è uguale a sqrt(N): 36.913312648967114
Norma del vettore g: 20.000000000000004
Norma del vettore g non è uguale a sqrt(N): 36.913312648967114
Norma del vettore g: 20.000000000000004
Norma del vettore g non è uguale a sqrt(N): 36.913312648967114
Norma del vettore g: 20.000000000000004
Norma del vettore g non è uguale a sqrt(N): 36.913312648967114
Norma del vettore g: 20.000000000000004
Norma del vettore g non è uguale a sqrt(N): 36.913312648967114
Norma del vettore g: 20.000000000000004
Norma del vettore g non è uguale a sqrt(N): 36.913312648967114
Norma del vettore g: 20.000000000000004
Norma del vettore g non è uguale a sqrt(N): 36.913312648967114
Norma del vettore g: 20.000000000000004
Norma del vettore g non è uguale a sqrt(N): 36.913312648967114
Norma del vettore g: 20.000000000000004
Norma del vettore g non è uguale a sqrt(N): 36.913312648967114
Norma del vettore g: 20.000000000000004
Norma del vettore g non è uguale a sqrt(N): 36.913312648967114
Norma del vettore g: 20.000000000000004
Norma del vettore g non è uguale a sqrt(N): 36.913312648967114
Norma del vettore g: 20.000000000000004
Norma del vettore g non è uguale a sqrt(N): 36.913312648967114
Norma del vettore g: 20.000000000000004
Norma del vettore g: 20.000000000000007
Norma del vettore g: 19.999999999999993
Norma del vettore g: 20.0
Norma del vettore g: 19.999999999999996
Norma del vettore g: 19.999999999999996
Norma del vettore g: 19.999999999999996
Norma del vettore g: 20.000000000000004
[====================================================================  ] 98.05%
Norma del vettore g: 20.0
Norma del vettore g: 20.0
Norma del vettore g: 20.0
Norma del vettore g: 20.0
Norma del vettore g: 20.0
Norma del vettore g: 20.0
Norma del vettore g: 20.0
Norma del vettore g non è uguale a sqrt(N): 51.98095987243066
Norma del vettore g: 20.0
Norma del vettore g non è uguale a sqrt(N): 51.98095987243066
Norma del vettore g: 20.0
Norma del vettore g non è uguale a sqrt(N): 51.98095987243066
Norma del vettore g: 20.0
Norma del vettore g non è uguale a sqrt(N): 51.98095987243066
Norma del vettore g: 20.0
Norma del vettore g non è uguale a sqrt(N): 51.98095987243066
Norma del vettore g: 20.0
Norma del vettore g non è uguale a sqrt(N): 51.98095987243066
Norma del vettore g: 20.0
Norma del vettore g non è uguale a sqrt(N): 51.98095987243066
Norma del vettore g: 20.0
Norma del vettore g non è uguale a sqrt(N): 51.98095987243066
Norma del vettore g: 20.0
Norma del vettore g non è uguale a sqrt(N): 51.98095987243066
Norma del vettore g: 20.0
Norma del vettore g non è uguale a sqrt(N): 51.98095987243066
Norma del vettore g: 20.0
Norma del vettore g non è uguale a sqrt(N): 51.98095987243066
Norma del vettore g: 20.0
Norma del vettore g non è uguale a sqrt(N): 51.98095987243066
Norma del vettore g: 20.0
Norma del vettore g non è uguale a sqrt(N): 51.98095987243066
Norma del vettore g: 20.0
Norma del vettore g non è uguale a sqrt(N): 51.98095987243066
Norma del vettore g: 20.0
Norma del vettore g: 19.999999999999993
Norma del vettore g: 20.000000000000004
Norma del vettore g: 20.000000000000004
Norma del vettore g: 20.000000000000004
Norma del vettore g: 20.000000000000004
Norma del vettore g: 20.0
Norma del vettore g: 20.000000000000007
[===================================================================== ] 98.70%
