Train shape: (155, 400, 800)
Test shape: (155, 400, 60)
[                                                                      ] 0.00%
Norma del vettore g: 20.0
⚠️ Errore numerico: Autovalori troppo piccoli in Sigma. Uso la pseudo-inversa.
Strategy: min_var , portfolio variance: 1.3005326209754308e-05
Norma del vettore g: 20.0
⚠️ Errore numerico: Autovalori troppo piccoli in Sigma. Uso la pseudo-inversa.
Strategy: min_var , portfolio variance: 5.964247172027599e-16
Norma del vettore g: 20.0
Strategy: min_var , portfolio variance: 7.002812176799564e-13
Norma del vettore g: 20.0
Strategy: min_var , portfolio variance: 1.5615099329101947e-06
Norma del vettore g: 20.0
Strategy: min_var , portfolio variance: 2.422303588849494e-05
Norma del vettore g: 20.0
Strategy: min_var , portfolio variance: 0.1113331361742818
Norma del vettore g: 20.0
Strategy: min_var , portfolio variance: 6.418579267058558e-05
Norma del vettore g: 20.0
Strategy: min_var , portfolio variance: 7.057901232732142e-05
Norma del vettore g non è uguale a sqrt(N): 45.58665157226964
Norma del vettore g: 19.999999999999993
⚠️ Errore numerico: Autovalori troppo piccoli in Sigma. Uso la pseudo-inversa.
Strategy: omn     , portfolio variance: 9.280760800166052e-07
Norma del vettore g non è uguale a sqrt(N): 45.58665157226964
Norma del vettore g: 19.999999999999993
⚠️ Errore numerico: Autovalori troppo piccoli in Sigma. Uso la pseudo-inversa.
Strategy: omn     , portfolio variance: 1.3548211687114454e-14
Norma del vettore g non è uguale a sqrt(N): 45.58665157226964
Norma del vettore g: 19.999999999999993
Strategy: omn     , portfolio variance: 2.891976692493567e-10
Norma del vettore g non è uguale a sqrt(N): 45.58665157226964
Norma del vettore g: 19.999999999999993
Strategy: omn     , portfolio variance: 1.951934243130302e-06
Norma del vettore g non è uguale a sqrt(N): 45.58665157226964
Norma del vettore g: 19.999999999999993
Strategy: omn     , portfolio variance: 1.6342157185999077e-06
Norma del vettore g non è uguale a sqrt(N): 45.58665157226964
Norma del vettore g: 19.999999999999993
Strategy: omn     , portfolio variance: 0.002335093267263268
Norma del vettore g non è uguale a sqrt(N): 45.58665157226964
Norma del vettore g: 19.999999999999993
Strategy: omn     , portfolio variance: 2.3350369274663445e-06
Norma del vettore g non è uguale a sqrt(N): 45.58665157226964
Norma del vettore g: 19.999999999999993
Strategy: omn     , portfolio variance: 2.4613952324789987e-06
Norma del vettore g non è uguale a sqrt(N): 45.58665157226964
Norma del vettore g: 19.999999999999993
⚠️ Errore numerico: Autovalori troppo piccoli in Sigma. Uso la pseudo-inversa.
Strategy: mean_rev, portfolio variance: 9.280760800166052e-07
Norma del vettore g non è uguale a sqrt(N): 45.58665157226964
Norma del vettore g: 19.999999999999993
⚠️ Errore numerico: Autovalori troppo piccoli in Sigma. Uso la pseudo-inversa.
Strategy: mean_rev, portfolio variance: 1.3548211687114454e-14
Norma del vettore g non è uguale a sqrt(N): 45.58665157226964
Norma del vettore g: 19.999999999999993
Strategy: mean_rev, portfolio variance: 2.891976692493567e-10
Norma del vettore g non è uguale a sqrt(N): 45.58665157226964
Norma del vettore g: 19.999999999999993
Strategy: mean_rev, portfolio variance: 1.951934243130302e-06
Norma del vettore g non è uguale a sqrt(N): 45.58665157226964
Norma del vettore g: 19.999999999999993
Strategy: mean_rev, portfolio variance: 1.6342157185999077e-06
Norma del vettore g non è uguale a sqrt(N): 45.58665157226964
Norma del vettore g: 19.999999999999993
Strategy: mean_rev, portfolio variance: 0.002335093267263268
Norma del vettore g non è uguale a sqrt(N): 45.58665157226964
Norma del vettore g: 19.999999999999993
Strategy: mean_rev, portfolio variance: 2.3350369274663445e-06
Norma del vettore g non è uguale a sqrt(N): 45.58665157226964
Norma del vettore g: 19.999999999999993
Strategy: mean_rev, portfolio variance: 2.4613952324789987e-06
Norma del vettore g: 20.0
⚠️ Errore numerico: Autovalori troppo piccoli in Sigma. Uso la pseudo-inversa.
Strategy: rnd     , portfolio variance: 2.762685730602067e-15
Norma del vettore g: 20.000000000000007
⚠️ Errore numerico: Autovalori troppo piccoli in Sigma. Uso la pseudo-inversa.
Strategy: rnd     , portfolio variance: 4.0786007224829305e-15
Norma del vettore g: 19.999999999999993
Strategy: rnd     , portfolio variance: 1.795609130491219e-10
Norma del vettore g: 20.000000000000004
Strategy: rnd     , portfolio variance: 1.5862298632736352e-06
Norma del vettore g: 20.0
Strategy: rnd     , portfolio variance: 5.992537878920609e-07
Norma del vettore g: 19.999999999999996
Strategy: rnd     , portfolio variance: 7.785704074148088e-05
Norma del vettore g: 20.000000000000004
Strategy: rnd     , portfolio variance: 5.763900782287636e-15
Norma del vettore g: 20.000000000000004
Strategy: rnd     , portfolio variance: 1.3478853361472397e-14
[                                                                      ] 0.65%
Norma del vettore g: 20.0
⚠️ Errore numerico: Autovalori troppo piccoli in Sigma. Uso la pseudo-inversa.
Strategy: min_var , portfolio variance: 1.3125914635414587e-05
Norma del vettore g: 20.0
⚠️ Errore numerico: Autovalori troppo piccoli in Sigma. Uso la pseudo-inversa.
Strategy: min_var , portfolio variance: 5.798541339921615e-16
Norma del vettore g: 20.0
Strategy: min_var , portfolio variance: 7.008459118974313e-13
Norma del vettore g: 20.0
Strategy: min_var , portfolio variance: 1.562664940925647e-06
Norma del vettore g: 20.0
Strategy: min_var , portfolio variance: 2.429811149605212e-05
Norma del vettore g: 20.0
Strategy: min_var , portfolio variance: 0.11169032485563311
Norma del vettore g: 20.0
Strategy: min_var , portfolio variance: 6.402756231039294e-05
Norma del vettore g: 20.0
Strategy: min_var , portfolio variance: 7.279252255123087e-05
Norma del vettore g non è uguale a sqrt(N): 53.2995089513751
Norma del vettore g: 19.999999999999996
⚠️ Errore numerico: Autovalori troppo piccoli in Sigma. Uso la pseudo-inversa.
Strategy: omn     , portfolio variance: 1.0814999507633636e-06
Norma del vettore g non è uguale a sqrt(N): 53.2995089513751
Norma del vettore g: 19.999999999999996
⚠️ Errore numerico: Autovalori troppo piccoli in Sigma. Uso la pseudo-inversa.
Strategy: omn     , portfolio variance: 5.776838978435613e-15
Norma del vettore g non è uguale a sqrt(N): 53.2995089513751
Norma del vettore g: 19.999999999999996
Strategy: omn     , portfolio variance: 3.586170763194749e-12
Norma del vettore g non è uguale a sqrt(N): 53.2995089513751
Norma del vettore g: 19.999999999999996
Strategy: omn     , portfolio variance: 2.0138303958116748e-06
Norma del vettore g non è uguale a sqrt(N): 53.2995089513751
Norma del vettore g: 19.999999999999996
Strategy: omn     , portfolio variance: 1.7794126195837213e-06
Norma del vettore g non è uguale a sqrt(N): 53.2995089513751
Norma del vettore g: 19.999999999999996
Strategy: omn     , portfolio variance: 0.0022572777104891933
Norma del vettore g non è uguale a sqrt(N): 53.2995089513751
Norma del vettore g: 19.999999999999996
Strategy: omn     , portfolio variance: 2.70912101319388e-06
Norma del vettore g non è uguale a sqrt(N): 53.2995089513751
Norma del vettore g: 19.999999999999996
Strategy: omn     , portfolio variance: 3.2248805744768155e-06
Norma del vettore g non è uguale a sqrt(N): 53.2995089513751
Norma del vettore g: 19.999999999999996
⚠️ Errore numerico: Autovalori troppo piccoli in Sigma. Uso la pseudo-inversa.
Strategy: mean_rev, portfolio variance: 1.0814999507633636e-06
Norma del vettore g non è uguale a sqrt(N): 53.2995089513751
Norma del vettore g: 19.999999999999996
⚠️ Errore numerico: Autovalori troppo piccoli in Sigma. Uso la pseudo-inversa.
Strategy: mean_rev, portfolio variance: 5.776838978435613e-15
Norma del vettore g non è uguale a sqrt(N): 53.2995089513751
Norma del vettore g: 19.999999999999996
Strategy: mean_rev, portfolio variance: 3.586170763194749e-12
Norma del vettore g non è uguale a sqrt(N): 53.2995089513751
Norma del vettore g: 19.999999999999996
Strategy: mean_rev, portfolio variance: 2.0138303958116748e-06
Norma del vettore g non è uguale a sqrt(N): 53.2995089513751
Norma del vettore g: 19.999999999999996
Strategy: mean_rev, portfolio variance: 1.7794126195837213e-06
Norma del vettore g non è uguale a sqrt(N): 53.2995089513751
Norma del vettore g: 19.999999999999996
Strategy: mean_rev, portfolio variance: 0.0022572777104891933
Norma del vettore g non è uguale a sqrt(N): 53.2995089513751
Norma del vettore g: 19.999999999999996
Strategy: mean_rev, portfolio variance: 2.70912101319388e-06
Norma del vettore g non è uguale a sqrt(N): 53.2995089513751
Norma del vettore g: 19.999999999999996
Strategy: mean_rev, portfolio variance: 3.2248805744768155e-06
Norma del vettore g: 20.000000000000007
⚠️ Errore numerico: Autovalori troppo piccoli in Sigma. Uso la pseudo-inversa.
Strategy: rnd     , portfolio variance: 8.361220713424789e-13
Norma del vettore g: 19.999999999999993
⚠️ Errore numerico: Autovalori troppo piccoli in Sigma. Uso la pseudo-inversa.
Strategy: rnd     , portfolio variance: 6.417897515651919e-15
Norma del vettore g: 20.000000000000004
Strategy: rnd     , portfolio variance: 4.016677562024222e-10
Norma del vettore g: 20.0
Strategy: rnd     , portfolio variance: 1.6218033571659984e-06
Norma del vettore g: 19.999999999999993
Strategy: rnd     , portfolio variance: 6.286634534958401e-07
Norma del vettore g: 20.000000000000004
Strategy: rnd     , portfolio variance: 0.0007296416980299832
Norma del vettore g: 20.000000000000007
Strategy: rnd     , portfolio variance: 2.313226810718806e-15
Norma del vettore g: 19.999999999999996
Strategy: rnd     , portfolio variance: 1.2194760314984685e-13
[                                                                      ] 1.30%
Norma del vettore g: 20.0
⚠️ Errore numerico: Autovalori troppo piccoli in Sigma. Uso la pseudo-inversa.
Strategy: min_var , portfolio variance: 1.31599042779634e-05
Norma del vettore g: 20.0
⚠️ Errore numerico: Autovalori troppo piccoli in Sigma. Uso la pseudo-inversa.
Strategy: min_var , portfolio variance: 5.269375738998814e-16
Norma del vettore g: 20.0
Strategy: min_var , portfolio variance: 6.900171486388837e-13
Norma del vettore g: 20.0
Strategy: min_var , portfolio variance: 1.5557859862697357e-06
Norma del vettore g: 20.0
Strategy: min_var , portfolio variance: 2.422008235135511e-05
Norma del vettore g: 20.0
Strategy: min_var , portfolio variance: 0.11157172276391225
Norma del vettore g: 20.0
Strategy: min_var , portfolio variance: 6.564814713753526e-05
Norma del vettore g: 20.0
Strategy: min_var , portfolio variance: 7.211339094093995e-05
Norma del vettore g non è uguale a sqrt(N): 74.41893879267562
Norma del vettore g: 20.0
⚠️ Errore numerico: Autovalori troppo piccoli in Sigma. Uso la pseudo-inversa.
Strategy: omn     , portfolio variance: 1.930231869354248e-06
Norma del vettore g non è uguale a sqrt(N): 74.41893879267562
Norma del vettore g: 20.0
⚠️ Errore numerico: Autovalori troppo piccoli in Sigma. Uso la pseudo-inversa.
Strategy: omn     , portfolio variance: 2.1758602022932936e-16
Norma del vettore g non è uguale a sqrt(N): 74.41893879267562
Norma del vettore g: 20.0
Strategy: omn     , portfolio variance: 1.64760296166093e-12
Norma del vettore g non è uguale a sqrt(N): 74.41893879267562
Norma del vettore g: 20.0
Strategy: omn     , portfolio variance: 2.255214223142455e-06
Norma del vettore g non è uguale a sqrt(N): 74.41893879267562
Norma del vettore g: 20.0
Strategy: omn     , portfolio variance: 3.2379364721212855e-06
Norma del vettore g non è uguale a sqrt(N): 74.41893879267562
Norma del vettore g: 20.0
Strategy: omn     , portfolio variance: 0.00377819917477382
Norma del vettore g non è uguale a sqrt(N): 74.41893879267562
Norma del vettore g: 20.0
Strategy: omn     , portfolio variance: 6.727007382115151e-06
Norma del vettore g non è uguale a sqrt(N): 74.41893879267562
Norma del vettore g: 20.0
Strategy: omn     , portfolio variance: 7.82325213961359e-06
Norma del vettore g non è uguale a sqrt(N): 74.41893879267562
Norma del vettore g: 20.0
⚠️ Errore numerico: Autovalori troppo piccoli in Sigma. Uso la pseudo-inversa.
Strategy: mean_rev, portfolio variance: 1.930231869354248e-06
Norma del vettore g non è uguale a sqrt(N): 74.41893879267562
Norma del vettore g: 20.0
⚠️ Errore numerico: Autovalori troppo piccoli in Sigma. Uso la pseudo-inversa.
Strategy: mean_rev, portfolio variance: 2.1758602022932936e-16
Norma del vettore g non è uguale a sqrt(N): 74.41893879267562
Norma del vettore g: 20.0
Strategy: mean_rev, portfolio variance: 1.64760296166093e-12
Norma del vettore g non è uguale a sqrt(N): 74.41893879267562
Norma del vettore g: 20.0
Strategy: mean_rev, portfolio variance: 2.255214223142455e-06
Norma del vettore g non è uguale a sqrt(N): 74.41893879267562
Norma del vettore g: 20.0
Strategy: mean_rev, portfolio variance: 3.2379364721212855e-06
Norma del vettore g non è uguale a sqrt(N): 74.41893879267562
Norma del vettore g: 20.0
Strategy: mean_rev, portfolio variance: 0.00377819917477382
Norma del vettore g non è uguale a sqrt(N): 74.41893879267562
Norma del vettore g: 20.0
Strategy: mean_rev, portfolio variance: 6.727007382115151e-06
Norma del vettore g non è uguale a sqrt(N): 74.41893879267562
Norma del vettore g: 20.0
Strategy: mean_rev, portfolio variance: 7.82325213961359e-06
Norma del vettore g: 20.000000000000004
⚠️ Errore numerico: Autovalori troppo piccoli in Sigma. Uso la pseudo-inversa.
Strategy: rnd     , portfolio variance: 6.463782776053155e-16
Norma del vettore g: 19.999999999999996
⚠️ Errore numerico: Autovalori troppo piccoli in Sigma. Uso la pseudo-inversa.
Strategy: rnd     , portfolio variance: 1.4555251269447154e-15
Norma del vettore g: 19.999999999999993
Strategy: rnd     , portfolio variance: 1.3844235877283903e-09
Norma del vettore g: 20.000000000000004
Strategy: rnd     , portfolio variance: 1.6119853414743455e-06
Norma del vettore g: 19.999999999999996
Strategy: rnd     , portfolio variance: 6.155265496570638e-07
Norma del vettore g: 20.000000000000004
Strategy: rnd     , portfolio variance: 1.2185726142404843e-05
Norma del vettore g: 20.0
Strategy: rnd     , portfolio variance: 9.248298604523343e-15
Norma del vettore g: 20.000000000000004
Strategy: rnd     , portfolio variance: 3.215842689028482e-15
[=                                                                     ] 1.95%
Norma del vettore g: 20.0
⚠️ Errore numerico: Autovalori troppo piccoli in Sigma. Uso la pseudo-inversa.
Strategy: min_var , portfolio variance: 1.3019612669493823e-05
Norma del vettore g: 20.0
⚠️ Errore numerico: Autovalori troppo piccoli in Sigma. Uso la pseudo-inversa.
Strategy: min_var , portfolio variance: 5.190665051292623e-16
Norma del vettore g: 20.0
Strategy: min_var , portfolio variance: 6.860591391666747e-13
Norma del vettore g: 20.0
Strategy: min_var , portfolio variance: 1.5667786681139226e-06
Norma del vettore g: 20.0
Strategy: min_var , portfolio variance: 2.4409470896162778e-05
Norma del vettore g: 20.0
Strategy: min_var , portfolio variance: 0.11511576833089063
Norma del vettore g: 20.0
Strategy: min_var , portfolio variance: 6.52785280895919e-05
Norma del vettore g: 20.0
Strategy: min_var , portfolio variance: 7.18959301080085e-05
Norma del vettore g non è uguale a sqrt(N): 63.654894187876195
Norma del vettore g: 20.0
⚠️ Errore numerico: Autovalori troppo piccoli in Sigma. Uso la pseudo-inversa.
Strategy: omn     , portfolio variance: 1.4864038429024876e-06
Norma del vettore g non è uguale a sqrt(N): 63.654894187876195
Norma del vettore g: 20.0
⚠️ Errore numerico: Autovalori troppo piccoli in Sigma. Uso la pseudo-inversa.
Strategy: omn     , portfolio variance: 5.139090163710911e-16
Norma del vettore g non è uguale a sqrt(N): 63.654894187876195
Norma del vettore g: 20.0
Strategy: omn     , portfolio variance: 1.9758189047271216e-12
Norma del vettore g non è uguale a sqrt(N): 63.654894187876195
Norma del vettore g: 20.0
Strategy: omn     , portfolio variance: 2.272539312823816e-06
Norma del vettore g non è uguale a sqrt(N): 63.654894187876195
Norma del vettore g: 20.0
Strategy: omn     , portfolio variance: 2.6594793475897055e-06
Norma del vettore g non è uguale a sqrt(N): 63.654894187876195
Norma del vettore g: 20.0
Strategy: omn     , portfolio variance: 0.0032881232351666
Norma del vettore g non è uguale a sqrt(N): 63.654894187876195
Norma del vettore g: 20.0
Strategy: omn     , portfolio variance: 4.958367732899705e-06
Norma del vettore g non è uguale a sqrt(N): 63.654894187876195
Norma del vettore g: 20.0
Strategy: omn     , portfolio variance: 5.87833243799954e-06
Norma del vettore g non è uguale a sqrt(N): 63.654894187876195
Norma del vettore g: 20.0
⚠️ Errore numerico: Autovalori troppo piccoli in Sigma. Uso la pseudo-inversa.
Strategy: mean_rev, portfolio variance: 1.4864038429024876e-06
Norma del vettore g non è uguale a sqrt(N): 63.654894187876195
Norma del vettore g: 20.0
⚠️ Errore numerico: Autovalori troppo piccoli in Sigma. Uso la pseudo-inversa.
Strategy: mean_rev, portfolio variance: 5.139090163710911e-16
Norma del vettore g non è uguale a sqrt(N): 63.654894187876195
Norma del vettore g: 20.0
Strategy: mean_rev, portfolio variance: 1.9758189047271216e-12
Norma del vettore g non è uguale a sqrt(N): 63.654894187876195
Norma del vettore g: 20.0
Strategy: mean_rev, portfolio variance: 2.272539312823816e-06
Norma del vettore g non è uguale a sqrt(N): 63.654894187876195
Norma del vettore g: 20.0
Strategy: mean_rev, portfolio variance: 2.6594793475897055e-06
Norma del vettore g non è uguale a sqrt(N): 63.654894187876195
Norma del vettore g: 20.0
Strategy: mean_rev, portfolio variance: 0.0032881232351666
Norma del vettore g non è uguale a sqrt(N): 63.654894187876195
Norma del vettore g: 20.0
Strategy: mean_rev, portfolio variance: 4.958367732899705e-06
Norma del vettore g non è uguale a sqrt(N): 63.654894187876195
Norma del vettore g: 20.0
Strategy: mean_rev, portfolio variance: 5.87833243799954e-06
Norma del vettore g: 20.00000000000001
⚠️ Errore numerico: Autovalori troppo piccoli in Sigma. Uso la pseudo-inversa.
Strategy: rnd     , portfolio variance: 5.111522377849912e-15
Norma del vettore g: 19.999999999999996
⚠️ Errore numerico: Autovalori troppo piccoli in Sigma. Uso la pseudo-inversa.
Strategy: rnd     , portfolio variance: 2.110340175058876e-15
Norma del vettore g: 20.0
Strategy: rnd     , portfolio variance: 2.931272622799801e-09
Norma del vettore g: 20.0
Strategy: rnd     , portfolio variance: 1.4972723335609522e-06
Norma del vettore g: 20.0
Strategy: rnd     , portfolio variance: 6.152618581967166e-07
Norma del vettore g: 20.0
Strategy: rnd     , portfolio variance: 0.00018460774988843682
Norma del vettore g: 20.0
Strategy: rnd     , portfolio variance: 3.073906812669125e-14
Norma del vettore g: 19.999999999999993
Strategy: rnd     , portfolio variance: 9.730242700014284e-13
[=                                                                     ] 2.60%
Norma del vettore g: 20.0
⚠️ Errore numerico: Autovalori troppo piccoli in Sigma. Uso la pseudo-inversa.
Strategy: min_var , portfolio variance: 1.2794624921120893e-05
Norma del vettore g: 20.0
⚠️ Errore numerico: Autovalori troppo piccoli in Sigma. Uso la pseudo-inversa.
Strategy: min_var , portfolio variance: 4.609663295365028e-16
Norma del vettore g: 20.0
Strategy: min_var , portfolio variance: 6.804611411618938e-13
Norma del vettore g: 20.0
Strategy: min_var , portfolio variance: 1.5649867884020001e-06
Norma del vettore g: 20.0
Strategy: min_var , portfolio variance: 2.437343044267434e-05
Norma del vettore g: 20.0
Strategy: min_var , portfolio variance: 0.11623424400547652
Norma del vettore g: 20.0
Strategy: min_var , portfolio variance: 6.393010541303199e-05
Norma del vettore g: 20.0
Strategy: min_var , portfolio variance: 7.152443854304604e-05
Norma del vettore g non è uguale a sqrt(N): 50.18832316323429
Norma del vettore g: 19.999999999999996
⚠️ Errore numerico: Autovalori troppo piccoli in Sigma. Uso la pseudo-inversa.
Strategy: omn     , portfolio variance: 9.216419351556654e-07
Norma del vettore g non è uguale a sqrt(N): 50.18832316323429
Norma del vettore g: 19.999999999999996
⚠️ Errore numerico: Autovalori troppo piccoli in Sigma. Uso la pseudo-inversa.
Strategy: omn     , portfolio variance: 4.125669510358566e-12
Norma del vettore g non è uguale a sqrt(N): 50.18832316323429
Norma del vettore g: 19.999999999999996
Strategy: omn     , portfolio variance: 5.000019485091666e-12
Norma del vettore g non è uguale a sqrt(N): 50.18832316323429
Norma del vettore g: 19.999999999999996
Strategy: omn     , portfolio variance: 2.6238874963874815e-06
Norma del vettore g non è uguale a sqrt(N): 50.18832316323429
Norma del vettore g: 19.999999999999996
Strategy: omn     , portfolio variance: 1.6459784446031952e-06
Norma del vettore g non è uguale a sqrt(N): 50.18832316323429
Norma del vettore g: 19.999999999999996
Strategy: omn     , portfolio variance: 0.0022642212981308996
Norma del vettore g non è uguale a sqrt(N): 50.18832316323429
Norma del vettore g: 19.999999999999996
Strategy: omn     , portfolio variance: 2.5397407307801124e-06
Norma del vettore g non è uguale a sqrt(N): 50.18832316323429
Norma del vettore g: 19.999999999999996
Strategy: omn     , portfolio variance: 2.839025285176962e-06
Norma del vettore g non è uguale a sqrt(N): 50.18832316323429
Norma del vettore g: 19.999999999999996
⚠️ Errore numerico: Autovalori troppo piccoli in Sigma. Uso la pseudo-inversa.
Strategy: mean_rev, portfolio variance: 9.216419351556654e-07
Norma del vettore g non è uguale a sqrt(N): 50.18832316323429
Norma del vettore g: 19.999999999999996
⚠️ Errore numerico: Autovalori troppo piccoli in Sigma. Uso la pseudo-inversa.
Strategy: mean_rev, portfolio variance: 4.125669510358566e-12
Norma del vettore g non è uguale a sqrt(N): 50.18832316323429
Norma del vettore g: 19.999999999999996
Strategy: mean_rev, portfolio variance: 5.000019485091666e-12
Norma del vettore g non è uguale a sqrt(N): 50.18832316323429
Norma del vettore g: 19.999999999999996
Strategy: mean_rev, portfolio variance: 2.6238874963874815e-06
Norma del vettore g non è uguale a sqrt(N): 50.18832316323429
Norma del vettore g: 19.999999999999996
Strategy: mean_rev, portfolio variance: 1.6459784446031952e-06
Norma del vettore g non è uguale a sqrt(N): 50.18832316323429
Norma del vettore g: 19.999999999999996
Strategy: mean_rev, portfolio variance: 0.0022642212981308996
Norma del vettore g non è uguale a sqrt(N): 50.18832316323429
Norma del vettore g: 19.999999999999996
Strategy: mean_rev, portfolio variance: 2.5397407307801124e-06
Norma del vettore g non è uguale a sqrt(N): 50.18832316323429
Norma del vettore g: 19.999999999999996
Strategy: mean_rev, portfolio variance: 2.839025285176962e-06
Norma del vettore g: 20.000000000000004
⚠️ Errore numerico: Autovalori troppo piccoli in Sigma. Uso la pseudo-inversa.
Strategy: rnd     , portfolio variance: 3.631665812703461e-12
Norma del vettore g: 20.0
⚠️ Errore numerico: Autovalori troppo piccoli in Sigma. Uso la pseudo-inversa.
Strategy: rnd     , portfolio variance: 4.2748668815335815e-12
Norma del vettore g: 20.0
Strategy: rnd     , portfolio variance: 2.800966855558876e-10
Norma del vettore g: 20.000000000000004
Strategy: rnd     , portfolio variance: 1.547362380762444e-06
Norma del vettore g: 20.0
Strategy: rnd     , portfolio variance: 5.781508703439159e-07
Norma del vettore g: 20.000000000000007
Strategy: rnd     , portfolio variance: 2.2419094273062275e-06
Norma del vettore g: 20.000000000000004
Strategy: rnd     , portfolio variance: 9.690961255313775e-15
Norma del vettore g: 20.000000000000004
Strategy: rnd     , portfolio variance: 9.525888560669148e-15
[==                                                                    ] 3.25%
Norma del vettore g: 20.0
⚠️ Errore numerico: Autovalori troppo piccoli in Sigma. Uso la pseudo-inversa.
Strategy: min_var , portfolio variance: 1.265140200816697e-05
Norma del vettore g: 20.0
⚠️ Errore numerico: Autovalori troppo piccoli in Sigma. Uso la pseudo-inversa.
Strategy: min_var , portfolio variance: 4.693447370483615e-16
Norma del vettore g: 20.0
Strategy: min_var , portfolio variance: 6.785311639036583e-13
Norma del vettore g: 20.0
Strategy: min_var , portfolio variance: 1.5688878664074488e-06
Norma del vettore g: 20.0
Strategy: min_var , portfolio variance: 2.4381423772648296e-05
Norma del vettore g: 20.0
Strategy: min_var , portfolio variance: 0.11621196632116933
Norma del vettore g: 20.0
Strategy: min_var , portfolio variance: 6.361171108788315e-05
Norma del vettore g: 20.0
Strategy: min_var , portfolio variance: 7.173030884168394e-05
Norma del vettore g non è uguale a sqrt(N): 46.55456009633764
Norma del vettore g: 20.0
⚠️ Errore numerico: Autovalori troppo piccoli in Sigma. Uso la pseudo-inversa.
Strategy: omn     , portfolio variance: 7.703634076277492e-07
Norma del vettore g non è uguale a sqrt(N): 46.55456009633764
Norma del vettore g: 20.0
⚠️ Errore numerico: Autovalori troppo piccoli in Sigma. Uso la pseudo-inversa.
Strategy: omn     , portfolio variance: 9.95250250025626e-16
Norma del vettore g non è uguale a sqrt(N): 46.55456009633764
Norma del vettore g: 20.0
Strategy: omn     , portfolio variance: 5.323033014505365e-12
Norma del vettore g non è uguale a sqrt(N): 46.55456009633764
Norma del vettore g: 20.0
Strategy: omn     , portfolio variance: 2.245198247813648e-06
Norma del vettore g non è uguale a sqrt(N): 46.55456009633764
Norma del vettore g: 20.0
Strategy: omn     , portfolio variance: 1.436134295588383e-06
Norma del vettore g non è uguale a sqrt(N): 46.55456009633764
Norma del vettore g: 20.0
Strategy: omn     , portfolio variance: 0.002061374337821751
Norma del vettore g non è uguale a sqrt(N): 46.55456009633764
Norma del vettore g: 20.0
Strategy: omn     , portfolio variance: 2.2524339229745612e-06
Norma del vettore g non è uguale a sqrt(N): 46.55456009633764
Norma del vettore g: 20.0
Strategy: omn     , portfolio variance: 2.3195921022824683e-06
Norma del vettore g non è uguale a sqrt(N): 46.55456009633764
Norma del vettore g: 20.0
⚠️ Errore numerico: Autovalori troppo piccoli in Sigma. Uso la pseudo-inversa.
Strategy: mean_rev, portfolio variance: 7.703634076277492e-07
Norma del vettore g non è uguale a sqrt(N): 46.55456009633764
Norma del vettore g: 20.0
⚠️ Errore numerico: Autovalori troppo piccoli in Sigma. Uso la pseudo-inversa.
Strategy: mean_rev, portfolio variance: 9.95250250025626e-16
Norma del vettore g non è uguale a sqrt(N): 46.55456009633764
Norma del vettore g: 20.0
Strategy: mean_rev, portfolio variance: 5.323033014505365e-12
Norma del vettore g non è uguale a sqrt(N): 46.55456009633764
Norma del vettore g: 20.0
Strategy: mean_rev, portfolio variance: 2.245198247813648e-06
Norma del vettore g non è uguale a sqrt(N): 46.55456009633764
Norma del vettore g: 20.0
Strategy: mean_rev, portfolio variance: 1.436134295588383e-06
Norma del vettore g non è uguale a sqrt(N): 46.55456009633764
Norma del vettore g: 20.0
Strategy: mean_rev, portfolio variance: 0.002061374337821751
Norma del vettore g non è uguale a sqrt(N): 46.55456009633764
Norma del vettore g: 20.0
Strategy: mean_rev, portfolio variance: 2.2524339229745612e-06
Norma del vettore g non è uguale a sqrt(N): 46.55456009633764
Norma del vettore g: 20.0
Strategy: mean_rev, portfolio variance: 2.3195921022824683e-06
Norma del vettore g: 20.0
⚠️ Errore numerico: Autovalori troppo piccoli in Sigma. Uso la pseudo-inversa.
Strategy: rnd     , portfolio variance: 9.423071883143093e-15
Norma del vettore g: 20.000000000000007
⚠️ Errore numerico: Autovalori troppo piccoli in Sigma. Uso la pseudo-inversa.
Strategy: rnd     , portfolio variance: 3.286129495373555e-14
Norma del vettore g: 20.000000000000004
Strategy: rnd     , portfolio variance: 1.056524021219314e-09
Norma del vettore g: 19.999999999999996
Strategy: rnd     , portfolio variance: 1.633380754489382e-06
Norma del vettore g: 20.000000000000004
Strategy: rnd     , portfolio variance: 6.466993124392433e-07
Norma del vettore g: 20.000000000000004
Strategy: rnd     , portfolio variance: 1.4574750504519222e-05
Norma del vettore g: 20.000000000000007
Strategy: rnd     , portfolio variance: 1.8868826773046077e-14
Norma del vettore g: 20.000000000000014
Strategy: rnd     , portfolio variance: 3.4073429923529774e-13
[==                                                                    ] 3.90%
Norma del vettore g: 20.0
⚠️ Errore numerico: Autovalori troppo piccoli in Sigma. Uso la pseudo-inversa.
Strategy: min_var , portfolio variance: 1.2925258055503157e-05
Norma del vettore g: 20.0
⚠️ Errore numerico: Autovalori troppo piccoli in Sigma. Uso la pseudo-inversa.
Strategy: min_var , portfolio variance: 4.820249449987653e-16
Norma del vettore g: 20.0
Strategy: min_var , portfolio variance: 6.739209823175355e-13
Norma del vettore g: 20.0
Strategy: min_var , portfolio variance: 1.5732126380730684e-06
Norma del vettore g: 20.0
Strategy: min_var , portfolio variance: 2.4737861043931888e-05
Norma del vettore g: 20.0
Strategy: min_var , portfolio variance: 0.11818975812611107
Norma del vettore g: 20.0
Strategy: min_var , portfolio variance: 6.3897123588933e-05
Norma del vettore g: 20.0
Strategy: min_var , portfolio variance: 7.302377330871105e-05
Norma del vettore g non è uguale a sqrt(N): 50.34992562804906
Norma del vettore g: 19.999999999999993
⚠️ Errore numerico: Autovalori troppo piccoli in Sigma. Uso la pseudo-inversa.
Strategy: omn     , portfolio variance: 9.63992314165058e-07
Norma del vettore g non è uguale a sqrt(N): 50.34992562804906
Norma del vettore g: 19.999999999999993
⚠️ Errore numerico: Autovalori troppo piccoli in Sigma. Uso la pseudo-inversa.
Strategy: omn     , portfolio variance: 9.990068221006499e-15
Norma del vettore g non è uguale a sqrt(N): 50.34992562804906
Norma del vettore g: 19.999999999999993
Strategy: omn     , portfolio variance: 3.3929428718873815e-12
Norma del vettore g non è uguale a sqrt(N): 50.34992562804906
Norma del vettore g: 19.999999999999993
Strategy: omn     , portfolio variance: 1.9453239103716268e-06
Norma del vettore g non è uguale a sqrt(N): 50.34992562804906
Norma del vettore g: 19.999999999999993
Strategy: omn     , portfolio variance: 1.8481278413884284e-06
Norma del vettore g non è uguale a sqrt(N): 50.34992562804906
Norma del vettore g: 19.999999999999993
Strategy: omn     , portfolio variance: 0.00285397883547376
Norma del vettore g non è uguale a sqrt(N): 50.34992562804906
Norma del vettore g: 19.999999999999993
Strategy: omn     , portfolio variance: 2.732764257020748e-06
Norma del vettore g non è uguale a sqrt(N): 50.34992562804906
Norma del vettore g: 19.999999999999993
Strategy: omn     , portfolio variance: 2.7244628964232484e-06
Norma del vettore g non è uguale a sqrt(N): 50.34992562804906
Norma del vettore g: 19.999999999999993
⚠️ Errore numerico: Autovalori troppo piccoli in Sigma. Uso la pseudo-inversa.
Strategy: mean_rev, portfolio variance: 9.63992314165058e-07
Norma del vettore g non è uguale a sqrt(N): 50.34992562804906
Norma del vettore g: 19.999999999999993
⚠️ Errore numerico: Autovalori troppo piccoli in Sigma. Uso la pseudo-inversa.
Strategy: mean_rev, portfolio variance: 9.990068221006499e-15
Norma del vettore g non è uguale a sqrt(N): 50.34992562804906
Norma del vettore g: 19.999999999999993
Strategy: mean_rev, portfolio variance: 3.3929428718873815e-12
Norma del vettore g non è uguale a sqrt(N): 50.34992562804906
Norma del vettore g: 19.999999999999993
Strategy: mean_rev, portfolio variance: 1.9453239103716268e-06
Norma del vettore g non è uguale a sqrt(N): 50.34992562804906
Norma del vettore g: 19.999999999999993
Strategy: mean_rev, portfolio variance: 1.8481278413884284e-06
Norma del vettore g non è uguale a sqrt(N): 50.34992562804906
Norma del vettore g: 19.999999999999993
Strategy: mean_rev, portfolio variance: 0.00285397883547376
Norma del vettore g non è uguale a sqrt(N): 50.34992562804906
Norma del vettore g: 19.999999999999993
Strategy: mean_rev, portfolio variance: 2.732764257020748e-06
Norma del vettore g non è uguale a sqrt(N): 50.34992562804906
Norma del vettore g: 19.999999999999993
Strategy: mean_rev, portfolio variance: 2.7244628964232484e-06
Norma del vettore g: 19.999999999999996
⚠️ Errore numerico: Autovalori troppo piccoli in Sigma. Uso la pseudo-inversa.
Strategy: rnd     , portfolio variance: 5.747507861198266e-15
Norma del vettore g: 19.999999999999996
⚠️ Errore numerico: Autovalori troppo piccoli in Sigma. Uso la pseudo-inversa.
Strategy: rnd     , portfolio variance: 9.71214651977485e-13
Norma del vettore g: 20.0
Strategy: rnd     , portfolio variance: 1.54485245968541e-10
Norma del vettore g: 20.000000000000004
Strategy: rnd     , portfolio variance: 1.586056912631428e-06
Norma del vettore g: 20.000000000000004
Strategy: rnd     , portfolio variance: 5.961461727744468e-07
Norma del vettore g: 20.000000000000007
Strategy: rnd     , portfolio variance: 1.7561648677040573e-06
Norma del vettore g: 20.0
Strategy: rnd     , portfolio variance: 3.5938643676966174e-14
Norma del vettore g: 20.000000000000004
Strategy: rnd     , portfolio variance: 4.598519376158191e-15
[===                                                                   ] 4.55%
Norma del vettore g: 20.0
⚠️ Errore numerico: Autovalori troppo piccoli in Sigma. Uso la pseudo-inversa.
Strategy: min_var , portfolio variance: 1.2834341520520878e-05
Norma del vettore g: 20.0
⚠️ Errore numerico: Autovalori troppo piccoli in Sigma. Uso la pseudo-inversa.
Strategy: min_var , portfolio variance: 5.003863190548468e-16
Norma del vettore g: 20.0
Strategy: min_var , portfolio variance: 6.700394752222635e-13
Norma del vettore g: 20.0
Strategy: min_var , portfolio variance: 1.5702895030038703e-06
Norma del vettore g: 20.0
Strategy: min_var , portfolio variance: 2.4881829881792044e-05
Norma del vettore g: 20.0
Strategy: min_var , portfolio variance: 0.11894753161547052
Norma del vettore g: 20.0
Strategy: min_var , portfolio variance: 6.507182657017467e-05
Norma del vettore g: 20.0
Strategy: min_var , portfolio variance: 7.376573291581985e-05
Norma del vettore g non è uguale a sqrt(N): 49.97311528473345
Norma del vettore g: 19.999999999999996
⚠️ Errore numerico: Autovalori troppo piccoli in Sigma. Uso la pseudo-inversa.
Strategy: omn     , portfolio variance: 9.33952216094679e-07
Norma del vettore g non è uguale a sqrt(N): 49.97311528473345
Norma del vettore g: 19.999999999999996
⚠️ Errore numerico: Autovalori troppo piccoli in Sigma. Uso la pseudo-inversa.
Strategy: omn     , portfolio variance: 1.2579429245937966e-14
Norma del vettore g non è uguale a sqrt(N): 49.97311528473345
Norma del vettore g: 19.999999999999996
Strategy: omn     , portfolio variance: 2.8431932426818624e-12
Norma del vettore g non è uguale a sqrt(N): 49.97311528473345
Norma del vettore g: 19.999999999999996
Strategy: omn     , portfolio variance: 2.0829902414022016e-06
Norma del vettore g non è uguale a sqrt(N): 49.97311528473345
Norma del vettore g: 19.999999999999996
Strategy: omn     , portfolio variance: 1.7819963724489228e-06
Norma del vettore g non è uguale a sqrt(N): 49.97311528473345
Norma del vettore g: 19.999999999999996
Strategy: omn     , portfolio variance: 0.002562933361957522
Norma del vettore g non è uguale a sqrt(N): 49.97311528473345
Norma del vettore g: 19.999999999999996
Strategy: omn     , portfolio variance: 2.4301922834263834e-06
Norma del vettore g non è uguale a sqrt(N): 49.97311528473345
Norma del vettore g: 19.999999999999996
Strategy: omn     , portfolio variance: 2.59196598406861e-06
Norma del vettore g non è uguale a sqrt(N): 49.97311528473345
Norma del vettore g: 19.999999999999996
⚠️ Errore numerico: Autovalori troppo piccoli in Sigma. Uso la pseudo-inversa.
Strategy: mean_rev, portfolio variance: 9.33952216094679e-07
Norma del vettore g non è uguale a sqrt(N): 49.97311528473345
Norma del vettore g: 19.999999999999996
⚠️ Errore numerico: Autovalori troppo piccoli in Sigma. Uso la pseudo-inversa.
Strategy: mean_rev, portfolio variance: 1.2579429245937966e-14
Norma del vettore g non è uguale a sqrt(N): 49.97311528473345
Norma del vettore g: 19.999999999999996
Strategy: mean_rev, portfolio variance: 2.8431932426818624e-12
Norma del vettore g non è uguale a sqrt(N): 49.97311528473345
Norma del vettore g: 19.999999999999996
Strategy: mean_rev, portfolio variance: 2.0829902414022016e-06
Norma del vettore g non è uguale a sqrt(N): 49.97311528473345
Norma del vettore g: 19.999999999999996
Strategy: mean_rev, portfolio variance: 1.7819963724489228e-06
Norma del vettore g non è uguale a sqrt(N): 49.97311528473345
Norma del vettore g: 19.999999999999996
Strategy: mean_rev, portfolio variance: 0.002562933361957522
Norma del vettore g non è uguale a sqrt(N): 49.97311528473345
Norma del vettore g: 19.999999999999996
Strategy: mean_rev, portfolio variance: 2.4301922834263834e-06
Norma del vettore g non è uguale a sqrt(N): 49.97311528473345
Norma del vettore g: 19.999999999999996
Strategy: mean_rev, portfolio variance: 2.59196598406861e-06
Norma del vettore g: 19.999999999999993
⚠️ Errore numerico: Autovalori troppo piccoli in Sigma. Uso la pseudo-inversa.
Strategy: rnd     , portfolio variance: 9.327090182812209e-16
Norma del vettore g: 20.000000000000007
⚠️ Errore numerico: Autovalori troppo piccoli in Sigma. Uso la pseudo-inversa.
Strategy: rnd     , portfolio variance: 3.2497137873054872e-15
Norma del vettore g: 20.0
Strategy: rnd     , portfolio variance: 1.0060471693357437e-08
Norma del vettore g: 19.999999999999993
Strategy: rnd     , portfolio variance: 1.548572449823271e-06
Norma del vettore g: 20.0
Strategy: rnd     , portfolio variance: 5.975032961052994e-07
Norma del vettore g: 20.000000000000004
Strategy: rnd     , portfolio variance: 0.0002607636715094228
Norma del vettore g: 20.0
Strategy: rnd     , portfolio variance: 1.3815315660199219e-13
Norma del vettore g: 19.999999999999993
Strategy: rnd     , portfolio variance: 1.3825579471802748e-14
[===                                                                   ] 5.19%
Norma del vettore g: 20.0
⚠️ Errore numerico: Autovalori troppo piccoli in Sigma. Uso la pseudo-inversa.
Strategy: min_var , portfolio variance: 1.3261986461275242e-05
Norma del vettore g: 20.0
⚠️ Errore numerico: Autovalori troppo piccoli in Sigma. Uso la pseudo-inversa.
Strategy: min_var , portfolio variance: 4.950984839070413e-16
Norma del vettore g: 20.0
Strategy: min_var , portfolio variance: 6.64472671604999e-13
Norma del vettore g: 20.0
Strategy: min_var , portfolio variance: 1.589220019028594e-06
Norma del vettore g: 20.0
Strategy: min_var , portfolio variance: 2.5585793455864217e-05
Norma del vettore g: 20.0
Strategy: min_var , portfolio variance: 0.12157009309027747
Norma del vettore g: 20.0
Strategy: min_var , portfolio variance: 6.676211750449844e-05
Norma del vettore g: 20.0
Strategy: min_var , portfolio variance: 7.371523632795484e-05
Norma del vettore g non è uguale a sqrt(N): 54.970855185248595
Norma del vettore g: 19.999999999999996
⚠️ Errore numerico: Autovalori troppo piccoli in Sigma. Uso la pseudo-inversa.
Strategy: omn     , portfolio variance: 1.0678596418156173e-06
Norma del vettore g non è uguale a sqrt(N): 54.970855185248595
Norma del vettore g: 19.999999999999996
⚠️ Errore numerico: Autovalori troppo piccoli in Sigma. Uso la pseudo-inversa.
Strategy: omn     , portfolio variance: 5.737533528356253e-16
Norma del vettore g non è uguale a sqrt(N): 54.970855185248595
Norma del vettore g: 19.999999999999996
Strategy: omn     , portfolio variance: 2.5188578174091566e-12
Norma del vettore g non è uguale a sqrt(N): 54.970855185248595
Norma del vettore g: 19.999999999999996
Strategy: omn     , portfolio variance: 2.207377575286552e-06
Norma del vettore g non è uguale a sqrt(N): 54.970855185248595
Norma del vettore g: 19.999999999999996
Strategy: omn     , portfolio variance: 1.9517357631397195e-06
Norma del vettore g non è uguale a sqrt(N): 54.970855185248595
Norma del vettore g: 19.999999999999996
Strategy: omn     , portfolio variance: 0.0028446748806886407
Norma del vettore g non è uguale a sqrt(N): 54.970855185248595
Norma del vettore g: 19.999999999999996
Strategy: omn     , portfolio variance: 2.661222751395694e-06
Norma del vettore g non è uguale a sqrt(N): 54.970855185248595
Norma del vettore g: 19.999999999999996
Strategy: omn     , portfolio variance: 2.722527372098983e-06
Norma del vettore g non è uguale a sqrt(N): 54.970855185248595
Norma del vettore g: 19.999999999999996
⚠️ Errore numerico: Autovalori troppo piccoli in Sigma. Uso la pseudo-inversa.
Strategy: mean_rev, portfolio variance: 1.0678596418156173e-06
Norma del vettore g non è uguale a sqrt(N): 54.970855185248595
Norma del vettore g: 19.999999999999996
⚠️ Errore numerico: Autovalori troppo piccoli in Sigma. Uso la pseudo-inversa.
Strategy: mean_rev, portfolio variance: 5.737533528356253e-16
Norma del vettore g non è uguale a sqrt(N): 54.970855185248595
Norma del vettore g: 19.999999999999996
Strategy: mean_rev, portfolio variance: 2.5188578174091566e-12
Norma del vettore g non è uguale a sqrt(N): 54.970855185248595
Norma del vettore g: 19.999999999999996
Strategy: mean_rev, portfolio variance: 2.207377575286552e-06
Norma del vettore g non è uguale a sqrt(N): 54.970855185248595
Norma del vettore g: 19.999999999999996
Strategy: mean_rev, portfolio variance: 1.9517357631397195e-06
Norma del vettore g non è uguale a sqrt(N): 54.970855185248595
Norma del vettore g: 19.999999999999996
Strategy: mean_rev, portfolio variance: 0.0028446748806886407
Norma del vettore g non è uguale a sqrt(N): 54.970855185248595
Norma del vettore g: 19.999999999999996
Strategy: mean_rev, portfolio variance: 2.661222751395694e-06
Norma del vettore g non è uguale a sqrt(N): 54.970855185248595
Norma del vettore g: 19.999999999999996
Strategy: mean_rev, portfolio variance: 2.722527372098983e-06
Norma del vettore g: 19.999999999999993
⚠️ Errore numerico: Autovalori troppo piccoli in Sigma. Uso la pseudo-inversa.
Strategy: rnd     , portfolio variance: 2.2720220375272614e-14
Norma del vettore g: 20.000000000000004
⚠️ Errore numerico: Autovalori troppo piccoli in Sigma. Uso la pseudo-inversa.
Strategy: rnd     , portfolio variance: 7.725619397387404e-15
Norma del vettore g: 20.000000000000004
Strategy: rnd     , portfolio variance: 5.754375172573167e-11
Norma del vettore g: 20.000000000000004
Strategy: rnd     , portfolio variance: 1.7094641429420413e-06
Norma del vettore g: 20.000000000000004
Strategy: rnd     , portfolio variance: 6.48441147089686e-07
Norma del vettore g: 20.000000000000004
Strategy: rnd     , portfolio variance: 2.364622798713004e-06
Norma del vettore g: 20.000000000000004
Strategy: rnd     , portfolio variance: 6.629615374150058e-15
Norma del vettore g: 19.999999999999996
Strategy: rnd     , portfolio variance: 1.2440754241638512e-14
[====                                                                  ] 5.84%
Norma del vettore g: 20.0
⚠️ Errore numerico: Autovalori troppo piccoli in Sigma. Uso la pseudo-inversa.
Strategy: min_var , portfolio variance: 1.3606212008215069e-05
Norma del vettore g: 20.0
⚠️ Errore numerico: Autovalori troppo piccoli in Sigma. Uso la pseudo-inversa.
Strategy: min_var , portfolio variance: 4.651065735523025e-16
Norma del vettore g: 20.0
Strategy: min_var , portfolio variance: 6.555258179483701e-13
Norma del vettore g: 20.0
Strategy: min_var , portfolio variance: 1.6058967095251278e-06
Norma del vettore g: 20.0
Strategy: min_var , portfolio variance: 2.632341995497619e-05
Norma del vettore g: 20.0
Strategy: min_var , portfolio variance: 0.12510829221045067
Norma del vettore g: 20.0
Strategy: min_var , portfolio variance: 6.787233662492923e-05
Norma del vettore g: 20.0
Strategy: min_var , portfolio variance: 7.489051909160429e-05
Norma del vettore g non è uguale a sqrt(N): 57.89192392935818
Norma del vettore g: 20.0
⚠️ Errore numerico: Autovalori troppo piccoli in Sigma. Uso la pseudo-inversa.
Strategy: omn     , portfolio variance: 1.1950206865444847e-06
Norma del vettore g non è uguale a sqrt(N): 57.89192392935818
Norma del vettore g: 20.0
⚠️ Errore numerico: Autovalori troppo piccoli in Sigma. Uso la pseudo-inversa.
Strategy: omn     , portfolio variance: 1.2972390614372171e-15
Norma del vettore g non è uguale a sqrt(N): 57.89192392935818
Norma del vettore g: 20.0
Strategy: omn     , portfolio variance: 1.2932080884788045e-11
Norma del vettore g non è uguale a sqrt(N): 57.89192392935818
Norma del vettore g: 20.0
Strategy: omn     , portfolio variance: 2.4934050212018073e-06
Norma del vettore g non è uguale a sqrt(N): 57.89192392935818
Norma del vettore g: 20.0
Strategy: omn     , portfolio variance: 2.0300681516103987e-06
Norma del vettore g non è uguale a sqrt(N): 57.89192392935818
Norma del vettore g: 20.0
Strategy: omn     , portfolio variance: 0.0024085235676839603
Norma del vettore g non è uguale a sqrt(N): 57.89192392935818
Norma del vettore g: 20.0
Strategy: omn     , portfolio variance: 2.953069494308477e-06
Norma del vettore g non è uguale a sqrt(N): 57.89192392935818
Norma del vettore g: 20.0
Strategy: omn     , portfolio variance: 2.960269467804171e-06
Norma del vettore g non è uguale a sqrt(N): 57.89192392935818
Norma del vettore g: 20.0
⚠️ Errore numerico: Autovalori troppo piccoli in Sigma. Uso la pseudo-inversa.
Strategy: mean_rev, portfolio variance: 1.1950206865444847e-06
Norma del vettore g non è uguale a sqrt(N): 57.89192392935818
Norma del vettore g: 20.0
⚠️ Errore numerico: Autovalori troppo piccoli in Sigma. Uso la pseudo-inversa.
Strategy: mean_rev, portfolio variance: 1.2972390614372171e-15
Norma del vettore g non è uguale a sqrt(N): 57.89192392935818
Norma del vettore g: 20.0
Strategy: mean_rev, portfolio variance: 1.2932080884788045e-11
Norma del vettore g non è uguale a sqrt(N): 57.89192392935818
Norma del vettore g: 20.0
Strategy: mean_rev, portfolio variance: 2.4934050212018073e-06
Norma del vettore g non è uguale a sqrt(N): 57.89192392935818
Norma del vettore g: 20.0
Strategy: mean_rev, portfolio variance: 2.0300681516103987e-06
Norma del vettore g non è uguale a sqrt(N): 57.89192392935818
Norma del vettore g: 20.0
Strategy: mean_rev, portfolio variance: 0.0024085235676839603
Norma del vettore g non è uguale a sqrt(N): 57.89192392935818
Norma del vettore g: 20.0
Strategy: mean_rev, portfolio variance: 2.953069494308477e-06
Norma del vettore g non è uguale a sqrt(N): 57.89192392935818
Norma del vettore g: 20.0
Strategy: mean_rev, portfolio variance: 2.960269467804171e-06
Norma del vettore g: 20.0
⚠️ Errore numerico: Autovalori troppo piccoli in Sigma. Uso la pseudo-inversa.
Strategy: rnd     , portfolio variance: 1.308343504488253e-14
Norma del vettore g: 19.999999999999996
⚠️ Errore numerico: Autovalori troppo piccoli in Sigma. Uso la pseudo-inversa.
Strategy: rnd     , portfolio variance: 1.8036719189554093e-16
Norma del vettore g: 20.0
Strategy: rnd     , portfolio variance: 2.3920412315197415e-08
Norma del vettore g: 20.000000000000004
Strategy: rnd     , portfolio variance: 1.5233787536879047e-06
Norma del vettore g: 19.999999999999993
Strategy: rnd     , portfolio variance: 6.119287193570781e-07
Norma del vettore g: 20.000000000000004
Strategy: rnd     , portfolio variance: 1.706518995763463e-06
Norma del vettore g: 20.000000000000007
Strategy: rnd     , portfolio variance: 5.626236582999264e-13
Norma del vettore g: 20.000000000000004
Strategy: rnd     , portfolio variance: 2.4650552758606877e-14
[====                                                                  ] 6.49%
Norma del vettore g: 20.0
⚠️ Errore numerico: Autovalori troppo piccoli in Sigma. Uso la pseudo-inversa.
Strategy: min_var , portfolio variance: 1.3684059616762588e-05
Norma del vettore g: 20.0
⚠️ Errore numerico: Autovalori troppo piccoli in Sigma. Uso la pseudo-inversa.
Strategy: min_var , portfolio variance: 4.503103105607208e-16
Norma del vettore g: 20.0
Strategy: min_var , portfolio variance: 6.494466402217347e-13
Norma del vettore g: 20.0
Strategy: min_var , portfolio variance: 1.6188333875908099e-06
Norma del vettore g: 20.0
Strategy: min_var , portfolio variance: 2.6730375280305465e-05
Norma del vettore g: 20.0
Strategy: min_var , portfolio variance: 0.12751185039616375
Norma del vettore g: 20.0
Strategy: min_var , portfolio variance: 6.887036208928162e-05
Norma del vettore g: 20.0
Strategy: min_var , portfolio variance: 7.65171553944589e-05
Norma del vettore g non è uguale a sqrt(N): 49.56644951492508
Norma del vettore g: 20.0
⚠️ Errore numerico: Autovalori troppo piccoli in Sigma. Uso la pseudo-inversa.
Strategy: omn     , portfolio variance: 1.0041545590882516e-06
Norma del vettore g non è uguale a sqrt(N): 49.56644951492508
Norma del vettore g: 20.0
⚠️ Errore numerico: Autovalori troppo piccoli in Sigma. Uso la pseudo-inversa.
Strategy: omn     , portfolio variance: 6.394626845413116e-15
Norma del vettore g non è uguale a sqrt(N): 49.56644951492508
Norma del vettore g: 20.0
Strategy: omn     , portfolio variance: 2.417141117741619e-11
Norma del vettore g non è uguale a sqrt(N): 49.56644951492508
Norma del vettore g: 20.0
Strategy: omn     , portfolio variance: 2.5735218036393197e-06
Norma del vettore g non è uguale a sqrt(N): 49.56644951492508
Norma del vettore g: 20.0
Strategy: omn     , portfolio variance: 1.6910159686235504e-06
Norma del vettore g non è uguale a sqrt(N): 49.56644951492508
Norma del vettore g: 20.0
Strategy: omn     , portfolio variance: 0.0020138438155512177
Norma del vettore g non è uguale a sqrt(N): 49.56644951492508
Norma del vettore g: 20.0
Strategy: omn     , portfolio variance: 2.4668839229875226e-06
Norma del vettore g non è uguale a sqrt(N): 49.56644951492508
Norma del vettore g: 20.0
Strategy: omn     , portfolio variance: 2.3464198093641194e-06
Norma del vettore g non è uguale a sqrt(N): 49.56644951492508
Norma del vettore g: 20.0
⚠️ Errore numerico: Autovalori troppo piccoli in Sigma. Uso la pseudo-inversa.
Strategy: mean_rev, portfolio variance: 1.0041545590882516e-06
Norma del vettore g non è uguale a sqrt(N): 49.56644951492508
Norma del vettore g: 20.0
⚠️ Errore numerico: Autovalori troppo piccoli in Sigma. Uso la pseudo-inversa.
Strategy: mean_rev, portfolio variance: 6.394626845413116e-15
Norma del vettore g non è uguale a sqrt(N): 49.56644951492508
Norma del vettore g: 20.0
Strategy: mean_rev, portfolio variance: 2.417141117741619e-11
Norma del vettore g non è uguale a sqrt(N): 49.56644951492508
Norma del vettore g: 20.0
Strategy: mean_rev, portfolio variance: 2.5735218036393197e-06
Norma del vettore g non è uguale a sqrt(N): 49.56644951492508
Norma del vettore g: 20.0
Strategy: mean_rev, portfolio variance: 1.6910159686235504e-06
Norma del vettore g non è uguale a sqrt(N): 49.56644951492508
Norma del vettore g: 20.0
Strategy: mean_rev, portfolio variance: 0.0020138438155512177
Norma del vettore g non è uguale a sqrt(N): 49.56644951492508
Norma del vettore g: 20.0
Strategy: mean_rev, portfolio variance: 2.4668839229875226e-06
Norma del vettore g non è uguale a sqrt(N): 49.56644951492508
Norma del vettore g: 20.0
Strategy: mean_rev, portfolio variance: 2.3464198093641194e-06
Norma del vettore g: 20.0
⚠️ Errore numerico: Autovalori troppo piccoli in Sigma. Uso la pseudo-inversa.
Strategy: rnd     , portfolio variance: 1.9249465023897682e-15
Norma del vettore g: 19.999999999999993
⚠️ Errore numerico: Autovalori troppo piccoli in Sigma. Uso la pseudo-inversa.
Strategy: rnd     , portfolio variance: 1.3272902443483862e-15
Norma del vettore g: 20.0
Strategy: rnd     , portfolio variance: 6.742106378671769e-08
Norma del vettore g: 19.999999999999993
Strategy: rnd     , portfolio variance: 1.513894107375945e-06
Norma del vettore g: 20.0
Strategy: rnd     , portfolio variance: 6.644068228631938e-07
Norma del vettore g: 20.000000000000004
Strategy: rnd     , portfolio variance: 2.3387249606619e-05
Norma del vettore g: 20.000000000000004
Strategy: rnd     , portfolio variance: 1.5024970353611135e-14
Norma del vettore g: 19.999999999999996
Strategy: rnd     , portfolio variance: 1.2445476771800081e-14
[=====                                                                 ] 7.14%
Norma del vettore g: 20.0
⚠️ Errore numerico: Autovalori troppo piccoli in Sigma. Uso la pseudo-inversa.
Strategy: min_var , portfolio variance: 1.3930015553967765e-05
Norma del vettore g: 20.0
⚠️ Errore numerico: Autovalori troppo piccoli in Sigma. Uso la pseudo-inversa.
Strategy: min_var , portfolio variance: 4.292816275407295e-16
Norma del vettore g: 20.0
Strategy: min_var , portfolio variance: 6.430116739074453e-13
Norma del vettore g: 20.0
Strategy: min_var , portfolio variance: 1.621352583888889e-06
Norma del vettore g: 20.0
Strategy: min_var , portfolio variance: 2.6787010910606063e-05
Norma del vettore g: 20.0
Strategy: min_var , portfolio variance: 0.12957600136555614
Norma del vettore g: 20.0
Strategy: min_var , portfolio variance: 6.788545625391645e-05
Norma del vettore g: 20.0
Strategy: min_var , portfolio variance: 7.561101728910464e-05
Norma del vettore g non è uguale a sqrt(N): 54.93863243259402
Norma del vettore g: 19.999999999999996
⚠️ Errore numerico: Autovalori troppo piccoli in Sigma. Uso la pseudo-inversa.
Strategy: omn     , portfolio variance: 1.0282635065602756e-06
Norma del vettore g non è uguale a sqrt(N): 54.93863243259402
Norma del vettore g: 19.999999999999996
⚠️ Errore numerico: Autovalori troppo piccoli in Sigma. Uso la pseudo-inversa.
Strategy: omn     , portfolio variance: 1.3140098047757137e-15
Norma del vettore g non è uguale a sqrt(N): 54.93863243259402
Norma del vettore g: 19.999999999999996
Strategy: omn     , portfolio variance: 2.4457313261591638e-11
Norma del vettore g non è uguale a sqrt(N): 54.93863243259402
Norma del vettore g: 19.999999999999996
Strategy: omn     , portfolio variance: 2.6437380221464866e-06
Norma del vettore g non è uguale a sqrt(N): 54.93863243259402
Norma del vettore g: 19.999999999999996
Strategy: omn     , portfolio variance: 1.8101728830925102e-06
Norma del vettore g non è uguale a sqrt(N): 54.93863243259402
Norma del vettore g: 19.999999999999996
Strategy: omn     , portfolio variance: 0.0020703502785188064
Norma del vettore g non è uguale a sqrt(N): 54.93863243259402
Norma del vettore g: 19.999999999999996
Strategy: omn     , portfolio variance: 2.6935351674634807e-06
Norma del vettore g non è uguale a sqrt(N): 54.93863243259402
Norma del vettore g: 19.999999999999996
Strategy: omn     , portfolio variance: 2.6240706049893045e-06
Norma del vettore g non è uguale a sqrt(N): 54.93863243259402
Norma del vettore g: 19.999999999999996
⚠️ Errore numerico: Autovalori troppo piccoli in Sigma. Uso la pseudo-inversa.
Strategy: mean_rev, portfolio variance: 1.0282635065602756e-06
Norma del vettore g non è uguale a sqrt(N): 54.93863243259402
Norma del vettore g: 19.999999999999996
⚠️ Errore numerico: Autovalori troppo piccoli in Sigma. Uso la pseudo-inversa.
Strategy: mean_rev, portfolio variance: 1.3140098047757137e-15
Norma del vettore g non è uguale a sqrt(N): 54.93863243259402
Norma del vettore g: 19.999999999999996
Strategy: mean_rev, portfolio variance: 2.4457313261591638e-11
Norma del vettore g non è uguale a sqrt(N): 54.93863243259402
Norma del vettore g: 19.999999999999996
Strategy: mean_rev, portfolio variance: 2.6437380221464866e-06
Norma del vettore g non è uguale a sqrt(N): 54.93863243259402
Norma del vettore g: 19.999999999999996
Strategy: mean_rev, portfolio variance: 1.8101728830925102e-06
Norma del vettore g non è uguale a sqrt(N): 54.93863243259402
Norma del vettore g: 19.999999999999996
Strategy: mean_rev, portfolio variance: 0.0020703502785188064
Norma del vettore g non è uguale a sqrt(N): 54.93863243259402
Norma del vettore g: 19.999999999999996
Strategy: mean_rev, portfolio variance: 2.6935351674634807e-06
Norma del vettore g non è uguale a sqrt(N): 54.93863243259402
Norma del vettore g: 19.999999999999996
Strategy: mean_rev, portfolio variance: 2.6240706049893045e-06
Norma del vettore g: 19.999999999999996
⚠️ Errore numerico: Autovalori troppo piccoli in Sigma. Uso la pseudo-inversa.
Strategy: rnd     , portfolio variance: 1.983075020856595e-12
Norma del vettore g: 20.0
⚠️ Errore numerico: Autovalori troppo piccoli in Sigma. Uso la pseudo-inversa.
Strategy: rnd     , portfolio variance: 8.035252702003946e-16
Norma del vettore g: 20.0
Strategy: rnd     , portfolio variance: 1.0796913056764745e-09
Norma del vettore g: 20.0
Strategy: rnd     , portfolio variance: 1.6361610595266046e-06
Norma del vettore g: 20.000000000000007
Strategy: rnd     , portfolio variance: 6.12874465936556e-07
Norma del vettore g: 20.0
Strategy: rnd     , portfolio variance: 0.00010976331218913729
Norma del vettore g: 19.999999999999996
Strategy: rnd     , portfolio variance: 5.01159504543574e-15
Norma del vettore g: 19.999999999999993
Strategy: rnd     , portfolio variance: 1.674685685127626e-11
[=====                                                                 ] 7.79%
Norma del vettore g: 20.0
⚠️ Errore numerico: Autovalori troppo piccoli in Sigma. Uso la pseudo-inversa.
Strategy: min_var , portfolio variance: 1.3269071861424439e-05
Norma del vettore g: 20.0
⚠️ Errore numerico: Autovalori troppo piccoli in Sigma. Uso la pseudo-inversa.
Strategy: min_var , portfolio variance: 4.141377539832824e-16
Norma del vettore g: 20.0
Strategy: min_var , portfolio variance: 6.28519339878074e-13
Norma del vettore g: 20.0
Strategy: min_var , portfolio variance: 1.5935955161277808e-06
Norma del vettore g: 20.0
Strategy: min_var , portfolio variance: 2.5949861648338507e-05
Norma del vettore g: 20.0
Strategy: min_var , portfolio variance: 0.12839464900118747
Norma del vettore g: 20.0
Strategy: min_var , portfolio variance: 6.896613013639797e-05
Norma del vettore g: 20.0
Strategy: min_var , portfolio variance: 7.423036942173543e-05
Norma del vettore g non è uguale a sqrt(N): 65.66227662758503
Norma del vettore g: 20.000000000000007
⚠️ Errore numerico: Autovalori troppo piccoli in Sigma. Uso la pseudo-inversa.
Strategy: omn     , portfolio variance: 1.2920999688771396e-06
Norma del vettore g non è uguale a sqrt(N): 65.66227662758503
Norma del vettore g: 20.000000000000007
⚠️ Errore numerico: Autovalori troppo piccoli in Sigma. Uso la pseudo-inversa.
Strategy: omn     , portfolio variance: 7.052021202871868e-17
Norma del vettore g non è uguale a sqrt(N): 65.66227662758503
Norma del vettore g: 20.000000000000007
Strategy: omn     , portfolio variance: 7.244845441751072e-12
Norma del vettore g non è uguale a sqrt(N): 65.66227662758503
Norma del vettore g: 20.000000000000007
Strategy: omn     , portfolio variance: 2.3398191290928393e-06
Norma del vettore g non è uguale a sqrt(N): 65.66227662758503
Norma del vettore g: 20.000000000000007
Strategy: omn     , portfolio variance: 2.190607987967283e-06
Norma del vettore g non è uguale a sqrt(N): 65.66227662758503
Norma del vettore g: 20.000000000000007
Strategy: omn     , portfolio variance: 0.002754076997385608
Norma del vettore g non è uguale a sqrt(N): 65.66227662758503
Norma del vettore g: 20.000000000000007
Strategy: omn     , portfolio variance: 3.387811010691815e-06
Norma del vettore g non è uguale a sqrt(N): 65.66227662758503
Norma del vettore g: 20.000000000000007
Strategy: omn     , portfolio variance: 3.790662261231478e-06
Norma del vettore g non è uguale a sqrt(N): 65.66227662758503
Norma del vettore g: 20.000000000000007
⚠️ Errore numerico: Autovalori troppo piccoli in Sigma. Uso la pseudo-inversa.
Strategy: mean_rev, portfolio variance: 1.2920999688771396e-06
Norma del vettore g non è uguale a sqrt(N): 65.66227662758503
Norma del vettore g: 20.000000000000007
⚠️ Errore numerico: Autovalori troppo piccoli in Sigma. Uso la pseudo-inversa.
Strategy: mean_rev, portfolio variance: 7.052021202871868e-17
Norma del vettore g non è uguale a sqrt(N): 65.66227662758503
Norma del vettore g: 20.000000000000007
Strategy: mean_rev, portfolio variance: 7.244845441751072e-12
Norma del vettore g non è uguale a sqrt(N): 65.66227662758503
Norma del vettore g: 20.000000000000007
Strategy: mean_rev, portfolio variance: 2.3398191290928393e-06
Norma del vettore g non è uguale a sqrt(N): 65.66227662758503
Norma del vettore g: 20.000000000000007
Strategy: mean_rev, portfolio variance: 2.190607987967283e-06
Norma del vettore g non è uguale a sqrt(N): 65.66227662758503
Norma del vettore g: 20.000000000000007
Strategy: mean_rev, portfolio variance: 0.002754076997385608
Norma del vettore g non è uguale a sqrt(N): 65.66227662758503
Norma del vettore g: 20.000000000000007
Strategy: mean_rev, portfolio variance: 3.387811010691815e-06
Norma del vettore g non è uguale a sqrt(N): 65.66227662758503
Norma del vettore g: 20.000000000000007
Strategy: mean_rev, portfolio variance: 3.790662261231478e-06
Norma del vettore g: 20.000000000000007
⚠️ Errore numerico: Autovalori troppo piccoli in Sigma. Uso la pseudo-inversa.
Strategy: rnd     , portfolio variance: 1.8392874896036558e-15
Norma del vettore g: 20.0
⚠️ Errore numerico: Autovalori troppo piccoli in Sigma. Uso la pseudo-inversa.
Strategy: rnd     , portfolio variance: 3.0461236478361313e-15
Norma del vettore g: 19.999999999999996
Strategy: rnd     , portfolio variance: 2.9352571661569892e-09
Norma del vettore g: 20.000000000000007
Strategy: rnd     , portfolio variance: 1.7395630652938124e-06
Norma del vettore g: 19.999999999999996
Strategy: rnd     , portfolio variance: 6.684734181812788e-07
Norma del vettore g: 20.000000000000004
Strategy: rnd     , portfolio variance: 2.9677458532481577e-05
Norma del vettore g: 20.000000000000007
Strategy: rnd     , portfolio variance: 1.3714907680209211e-14
Norma del vettore g: 19.999999999999996
Strategy: rnd     , portfolio variance: 6.2098155157166206e-15
[=====                                                                 ] 8.44%
Norma del vettore g: 20.0
⚠️ Errore numerico: Autovalori troppo piccoli in Sigma. Uso la pseudo-inversa.
Strategy: min_var , portfolio variance: 1.3051294865992396e-05
Norma del vettore g: 20.0
⚠️ Errore numerico: Autovalori troppo piccoli in Sigma. Uso la pseudo-inversa.
Strategy: min_var , portfolio variance: 4.2553181624989937e-16
Norma del vettore g: 20.0
Strategy: min_var , portfolio variance: 6.292009234450518e-13
Norma del vettore g: 20.0
Strategy: min_var , portfolio variance: 1.581360805598246e-06
Norma del vettore g: 20.0
Strategy: min_var , portfolio variance: 2.5740401516933387e-05
Norma del vettore g: 20.0
Strategy: min_var , portfolio variance: 0.12720905749070222
Norma del vettore g: 20.0
Strategy: min_var , portfolio variance: 6.755880749083291e-05
Norma del vettore g: 20.0
Strategy: min_var , portfolio variance: 7.041150946199902e-05
Norma del vettore g non è uguale a sqrt(N): 62.299733447093644
Norma del vettore g: 19.999999999999996
⚠️ Errore numerico: Autovalori troppo piccoli in Sigma. Uso la pseudo-inversa.
Strategy: omn     , portfolio variance: 1.0091203660436645e-06
Norma del vettore g non è uguale a sqrt(N): 62.299733447093644
Norma del vettore g: 19.999999999999996
⚠️ Errore numerico: Autovalori troppo piccoli in Sigma. Uso la pseudo-inversa.
Strategy: omn     , portfolio variance: 9.874101681038862e-17
Norma del vettore g non è uguale a sqrt(N): 62.299733447093644
Norma del vettore g: 19.999999999999996
Strategy: omn     , portfolio variance: 1.1972186716878514e-11
Norma del vettore g non è uguale a sqrt(N): 62.299733447093644
Norma del vettore g: 19.999999999999996
Strategy: omn     , portfolio variance: 2.2310285619123054e-06
Norma del vettore g non è uguale a sqrt(N): 62.299733447093644
Norma del vettore g: 19.999999999999996
Strategy: omn     , portfolio variance: 1.7469060814988227e-06
Norma del vettore g non è uguale a sqrt(N): 62.299733447093644
Norma del vettore g: 19.999999999999996
Strategy: omn     , portfolio variance: 0.002218385042363472
Norma del vettore g non è uguale a sqrt(N): 62.299733447093644
Norma del vettore g: 19.999999999999996
Strategy: omn     , portfolio variance: 2.766332347648916e-06
Norma del vettore g non è uguale a sqrt(N): 62.299733447093644
Norma del vettore g: 19.999999999999996
Strategy: omn     , portfolio variance: 2.9471502585469018e-06
Norma del vettore g non è uguale a sqrt(N): 62.299733447093644
Norma del vettore g: 19.999999999999996
⚠️ Errore numerico: Autovalori troppo piccoli in Sigma. Uso la pseudo-inversa.
Strategy: mean_rev, portfolio variance: 1.0091203660436645e-06
Norma del vettore g non è uguale a sqrt(N): 62.299733447093644
Norma del vettore g: 19.999999999999996
⚠️ Errore numerico: Autovalori troppo piccoli in Sigma. Uso la pseudo-inversa.
Strategy: mean_rev, portfolio variance: 9.874101681038862e-17
Norma del vettore g non è uguale a sqrt(N): 62.299733447093644
Norma del vettore g: 19.999999999999996
Strategy: mean_rev, portfolio variance: 1.1972186716878514e-11
Norma del vettore g non è uguale a sqrt(N): 62.299733447093644
Norma del vettore g: 19.999999999999996
Strategy: mean_rev, portfolio variance: 2.2310285619123054e-06
Norma del vettore g non è uguale a sqrt(N): 62.299733447093644
Norma del vettore g: 19.999999999999996
Strategy: mean_rev, portfolio variance: 1.7469060814988227e-06
Norma del vettore g non è uguale a sqrt(N): 62.299733447093644
Norma del vettore g: 19.999999999999996
Strategy: mean_rev, portfolio variance: 0.002218385042363472
Norma del vettore g non è uguale a sqrt(N): 62.299733447093644
Norma del vettore g: 19.999999999999996
Strategy: mean_rev, portfolio variance: 2.766332347648916e-06
Norma del vettore g non è uguale a sqrt(N): 62.299733447093644
Norma del vettore g: 19.999999999999996
Strategy: mean_rev, portfolio variance: 2.9471502585469018e-06
Norma del vettore g: 20.0
⚠️ Errore numerico: Autovalori troppo piccoli in Sigma. Uso la pseudo-inversa.
Strategy: rnd     , portfolio variance: 6.236985859452581e-15
Norma del vettore g: 20.000000000000007
⚠️ Errore numerico: Autovalori troppo piccoli in Sigma. Uso la pseudo-inversa.
Strategy: rnd     , portfolio variance: 2.4463058610388584e-14
Norma del vettore g: 19.999999999999996
Strategy: rnd     , portfolio variance: 1.2246750690401436e-10
Norma del vettore g: 20.000000000000004
Strategy: rnd     , portfolio variance: 1.4504579818263961e-06
Norma del vettore g: 19.999999999999996
Strategy: rnd     , portfolio variance: 6.38638560322503e-07
Norma del vettore g: 20.000000000000004
Strategy: rnd     , portfolio variance: 8.725570813391502e-06
Norma del vettore g: 20.00000000000001
Strategy: rnd     , portfolio variance: 1.1271610613150192e-12
Norma del vettore g: 20.0
Strategy: rnd     , portfolio variance: 6.107576342660369e-13
[======                                                                ] 9.09%
Norma del vettore g: 20.0
⚠️ Errore numerico: Autovalori troppo piccoli in Sigma. Uso la pseudo-inversa.
Strategy: min_var , portfolio variance: 1.2762159829802782e-05
Norma del vettore g: 20.0
⚠️ Errore numerico: Autovalori troppo piccoli in Sigma. Uso la pseudo-inversa.
Strategy: min_var , portfolio variance: 4.224202065993008e-16
Norma del vettore g: 20.0
Strategy: min_var , portfolio variance: 6.248170764166226e-13
Norma del vettore g: 20.0
Strategy: min_var , portfolio variance: 1.5717292272252082e-06
Norma del vettore g: 20.0
Strategy: min_var , portfolio variance: 2.56270344013369e-05
Norma del vettore g: 20.0
Strategy: min_var , portfolio variance: 0.1269256326411839
Norma del vettore g: 20.0
Strategy: min_var , portfolio variance: 6.791812138844716e-05
Norma del vettore g: 20.0
Strategy: min_var , portfolio variance: 7.010927143470336e-05
Norma del vettore g non è uguale a sqrt(N): 73.27102913873466
Norma del vettore g: 20.0
⚠️ Errore numerico: Autovalori troppo piccoli in Sigma. Uso la pseudo-inversa.
Strategy: omn     , portfolio variance: 1.9630139367632722e-06
Norma del vettore g non è uguale a sqrt(N): 73.27102913873466
Norma del vettore g: 20.0
⚠️ Errore numerico: Autovalori troppo piccoli in Sigma. Uso la pseudo-inversa.
Strategy: omn     , portfolio variance: 2.3700441787098754e-15
Norma del vettore g non è uguale a sqrt(N): 73.27102913873466
Norma del vettore g: 20.0
Strategy: omn     , portfolio variance: 2.1769742725301173e-12
Norma del vettore g non è uguale a sqrt(N): 73.27102913873466
Norma del vettore g: 20.0
Strategy: omn     , portfolio variance: 2.561291199191386e-06
Norma del vettore g non è uguale a sqrt(N): 73.27102913873466
Norma del vettore g: 20.0
Strategy: omn     , portfolio variance: 3.3495925832484534e-06
Norma del vettore g non è uguale a sqrt(N): 73.27102913873466
Norma del vettore g: 20.0
Strategy: omn     , portfolio variance: 0.003890816045438379
Norma del vettore g non è uguale a sqrt(N): 73.27102913873466
Norma del vettore g: 20.0
Strategy: omn     , portfolio variance: 4.5734401842290786e-06
Norma del vettore g non è uguale a sqrt(N): 73.27102913873466
Norma del vettore g: 20.0
Strategy: omn     , portfolio variance: 4.483733127739746e-06
Norma del vettore g non è uguale a sqrt(N): 73.27102913873466
Norma del vettore g: 20.0
⚠️ Errore numerico: Autovalori troppo piccoli in Sigma. Uso la pseudo-inversa.
Strategy: mean_rev, portfolio variance: 1.9630139367632722e-06
Norma del vettore g non è uguale a sqrt(N): 73.27102913873466
Norma del vettore g: 20.0
⚠️ Errore numerico: Autovalori troppo piccoli in Sigma. Uso la pseudo-inversa.
Strategy: mean_rev, portfolio variance: 2.3700441787098754e-15
Norma del vettore g non è uguale a sqrt(N): 73.27102913873466
Norma del vettore g: 20.0
Strategy: mean_rev, portfolio variance: 2.1769742725301173e-12
Norma del vettore g non è uguale a sqrt(N): 73.27102913873466
Norma del vettore g: 20.0
Strategy: mean_rev, portfolio variance: 2.561291199191386e-06
Norma del vettore g non è uguale a sqrt(N): 73.27102913873466
Norma del vettore g: 20.0
Strategy: mean_rev, portfolio variance: 3.3495925832484534e-06
Norma del vettore g non è uguale a sqrt(N): 73.27102913873466
Norma del vettore g: 20.0
Strategy: mean_rev, portfolio variance: 0.003890816045438379
Norma del vettore g non è uguale a sqrt(N): 73.27102913873466
Norma del vettore g: 20.0
Strategy: mean_rev, portfolio variance: 4.5734401842290786e-06
Norma del vettore g non è uguale a sqrt(N): 73.27102913873466
Norma del vettore g: 20.0
Strategy: mean_rev, portfolio variance: 4.483733127739746e-06
Norma del vettore g: 19.999999999999996
⚠️ Errore numerico: Autovalori troppo piccoli in Sigma. Uso la pseudo-inversa.
Strategy: rnd     , portfolio variance: 6.857721043297997e-15
Norma del vettore g: 20.000000000000007
⚠️ Errore numerico: Autovalori troppo piccoli in Sigma. Uso la pseudo-inversa.
Strategy: rnd     , portfolio variance: 3.8410614978027877e-16
Norma del vettore g: 20.0
Strategy: rnd     , portfolio variance: 3.113104755302219e-10
Norma del vettore g: 20.000000000000007
Strategy: rnd     , portfolio variance: 1.6133301994542026e-06
Norma del vettore g: 20.000000000000004
Strategy: rnd     , portfolio variance: 6.009907255531611e-07
Norma del vettore g: 20.000000000000004
Strategy: rnd     , portfolio variance: 1.0165577508760995e-05
Norma del vettore g: 20.0
Strategy: rnd     , portfolio variance: 1.2577439576121061e-14
Norma del vettore g: 20.0
Strategy: rnd     , portfolio variance: 5.6702739545806715e-12
[======                                                                ] 9.74%
Norma del vettore g: 20.0
⚠️ Errore numerico: Autovalori troppo piccoli in Sigma. Uso la pseudo-inversa.
Strategy: min_var , portfolio variance: 1.2379942591576174e-05
Norma del vettore g: 20.0
⚠️ Errore numerico: Autovalori troppo piccoli in Sigma. Uso la pseudo-inversa.
Strategy: min_var , portfolio variance: 3.9329543912581776e-16
Norma del vettore g: 20.0
Strategy: min_var , portfolio variance: 6.142946736705489e-13
Norma del vettore g: 20.0
Strategy: min_var , portfolio variance: 1.5483720891883858e-06
Norma del vettore g: 20.0
Strategy: min_var , portfolio variance: 2.4788929246603592e-05
Norma del vettore g: 20.0
Strategy: min_var , portfolio variance: 0.12582391780469931
Norma del vettore g: 20.0
Strategy: min_var , portfolio variance: 6.510948647041215e-05
Norma del vettore g: 20.0
Strategy: min_var , portfolio variance: 6.914973411175839e-05
Norma del vettore g non è uguale a sqrt(N): 57.074138421516224
Norma del vettore g: 20.0
⚠️ Errore numerico: Autovalori troppo piccoli in Sigma. Uso la pseudo-inversa.
Strategy: omn     , portfolio variance: 1.0072252849479164e-06
Norma del vettore g non è uguale a sqrt(N): 57.074138421516224
Norma del vettore g: 20.0
⚠️ Errore numerico: Autovalori troppo piccoli in Sigma. Uso la pseudo-inversa.
Strategy: omn     , portfolio variance: 1.0867914363024865e-16
Norma del vettore g non è uguale a sqrt(N): 57.074138421516224
Norma del vettore g: 20.0
Strategy: omn     , portfolio variance: 1.8472462855389786e-11
Norma del vettore g non è uguale a sqrt(N): 57.074138421516224
Norma del vettore g: 20.0
Strategy: omn     , portfolio variance: 2.4842231876092914e-06
Norma del vettore g non è uguale a sqrt(N): 57.074138421516224
Norma del vettore g: 20.0
Strategy: omn     , portfolio variance: 1.781646872874345e-06
Norma del vettore g non è uguale a sqrt(N): 57.074138421516224
Norma del vettore g: 20.0
Strategy: omn     , portfolio variance: 0.002085155056188251
Norma del vettore g non è uguale a sqrt(N): 57.074138421516224
Norma del vettore g: 20.0
Strategy: omn     , portfolio variance: 2.3192190851255763e-06
Norma del vettore g non è uguale a sqrt(N): 57.074138421516224
Norma del vettore g: 20.0
Strategy: omn     , portfolio variance: 2.272191690719425e-06
Norma del vettore g non è uguale a sqrt(N): 57.074138421516224
Norma del vettore g: 20.0
⚠️ Errore numerico: Autovalori troppo piccoli in Sigma. Uso la pseudo-inversa.
Strategy: mean_rev, portfolio variance: 1.0072252849479164e-06
Norma del vettore g non è uguale a sqrt(N): 57.074138421516224
Norma del vettore g: 20.0
⚠️ Errore numerico: Autovalori troppo piccoli in Sigma. Uso la pseudo-inversa.
Strategy: mean_rev, portfolio variance: 1.0867914363024865e-16
Norma del vettore g non è uguale a sqrt(N): 57.074138421516224
Norma del vettore g: 20.0
Strategy: mean_rev, portfolio variance: 1.8472462855389786e-11
Norma del vettore g non è uguale a sqrt(N): 57.074138421516224
Norma del vettore g: 20.0
Strategy: mean_rev, portfolio variance: 2.4842231876092914e-06
Norma del vettore g non è uguale a sqrt(N): 57.074138421516224
Norma del vettore g: 20.0
Strategy: mean_rev, portfolio variance: 1.781646872874345e-06
Norma del vettore g non è uguale a sqrt(N): 57.074138421516224
Norma del vettore g: 20.0
Strategy: mean_rev, portfolio variance: 0.002085155056188251
Norma del vettore g non è uguale a sqrt(N): 57.074138421516224
Norma del vettore g: 20.0
Strategy: mean_rev, portfolio variance: 2.3192190851255763e-06
Norma del vettore g non è uguale a sqrt(N): 57.074138421516224
Norma del vettore g: 20.0
Strategy: mean_rev, portfolio variance: 2.272191690719425e-06
Norma del vettore g: 19.999999999999996
⚠️ Errore numerico: Autovalori troppo piccoli in Sigma. Uso la pseudo-inversa.
Strategy: rnd     , portfolio variance: 1.7338637627112176e-15
Norma del vettore g: 20.0
⚠️ Errore numerico: Autovalori troppo piccoli in Sigma. Uso la pseudo-inversa.
Strategy: rnd     , portfolio variance: 8.075468630909151e-16
Norma del vettore g: 19.999999999999993
Strategy: rnd     , portfolio variance: 1.1925855531400146e-09
Norma del vettore g: 19.99999999999999
Strategy: rnd     , portfolio variance: 1.4209799372964183e-06
Norma del vettore g: 20.0
Strategy: rnd     , portfolio variance: 6.20980569349266e-07
Norma del vettore g: 19.999999999999996
Strategy: rnd     , portfolio variance: 0.0007807588171611461
Norma del vettore g: 19.999999999999996
Strategy: rnd     , portfolio variance: 5.2325520085529804e-15
Norma del vettore g: 20.0
Strategy: rnd     , portfolio variance: 1.717449947808048e-13
[=======                                                               ] 10.39%
Norma del vettore g: 20.0
⚠️ Errore numerico: Autovalori troppo piccoli in Sigma. Uso la pseudo-inversa.
Strategy: min_var , portfolio variance: 1.2017218998077241e-05
Norma del vettore g: 20.0
⚠️ Errore numerico: Autovalori troppo piccoli in Sigma. Uso la pseudo-inversa.
Strategy: min_var , portfolio variance: 3.746582315626319e-16
Norma del vettore g: 20.0
Strategy: min_var , portfolio variance: 6.133131743330929e-13
Norma del vettore g: 20.0
Strategy: min_var , portfolio variance: 1.5401230955017903e-06
Norma del vettore g: 20.0
Strategy: min_var , portfolio variance: 2.4421177734030607e-05
Norma del vettore g: 20.0
Strategy: min_var , portfolio variance: 0.12544715864091127
Norma del vettore g: 20.0
Strategy: min_var , portfolio variance: 6.264986828410997e-05
Norma del vettore g: 20.0
Strategy: min_var , portfolio variance: 7.14260535707165e-05
Norma del vettore g non è uguale a sqrt(N): 61.74357143714344
Norma del vettore g: 19.999999999999996
⚠️ Errore numerico: Autovalori troppo piccoli in Sigma. Uso la pseudo-inversa.
Strategy: omn     , portfolio variance: 1.0320506366175191e-06
Norma del vettore g non è uguale a sqrt(N): 61.74357143714344
Norma del vettore g: 19.999999999999996
⚠️ Errore numerico: Autovalori troppo piccoli in Sigma. Uso la pseudo-inversa.
Strategy: omn     , portfolio variance: 9.108044270775504e-17
Norma del vettore g non è uguale a sqrt(N): 61.74357143714344
Norma del vettore g: 19.999999999999996
Strategy: omn     , portfolio variance: 3.18557035918354e-11
Norma del vettore g non è uguale a sqrt(N): 61.74357143714344
Norma del vettore g: 19.999999999999996
Strategy: omn     , portfolio variance: 2.3035693253462703e-06
Norma del vettore g non è uguale a sqrt(N): 61.74357143714344
Norma del vettore g: 19.999999999999996
Strategy: omn     , portfolio variance: 1.7537919957252878e-06
Norma del vettore g non è uguale a sqrt(N): 61.74357143714344
Norma del vettore g: 19.999999999999996
Strategy: omn     , portfolio variance: 0.002093249567802536
Norma del vettore g non è uguale a sqrt(N): 61.74357143714344
Norma del vettore g: 19.999999999999996
Strategy: omn     , portfolio variance: 2.3942147094840926e-06
Norma del vettore g non è uguale a sqrt(N): 61.74357143714344
Norma del vettore g: 19.999999999999996
Strategy: omn     , portfolio variance: 2.437651845036586e-06
Norma del vettore g non è uguale a sqrt(N): 61.74357143714344
Norma del vettore g: 19.999999999999996
⚠️ Errore numerico: Autovalori troppo piccoli in Sigma. Uso la pseudo-inversa.
Strategy: mean_rev, portfolio variance: 1.0320506366175191e-06
Norma del vettore g non è uguale a sqrt(N): 61.74357143714344
Norma del vettore g: 19.999999999999996
⚠️ Errore numerico: Autovalori troppo piccoli in Sigma. Uso la pseudo-inversa.
Strategy: mean_rev, portfolio variance: 9.108044270775504e-17
Norma del vettore g non è uguale a sqrt(N): 61.74357143714344
Norma del vettore g: 19.999999999999996
Strategy: mean_rev, portfolio variance: 3.18557035918354e-11
Norma del vettore g non è uguale a sqrt(N): 61.74357143714344
Norma del vettore g: 19.999999999999996
Strategy: mean_rev, portfolio variance: 2.3035693253462703e-06
Norma del vettore g non è uguale a sqrt(N): 61.74357143714344
Norma del vettore g: 19.999999999999996
Strategy: mean_rev, portfolio variance: 1.7537919957252878e-06
Norma del vettore g non è uguale a sqrt(N): 61.74357143714344
Norma del vettore g: 19.999999999999996
Strategy: mean_rev, portfolio variance: 0.002093249567802536
Norma del vettore g non è uguale a sqrt(N): 61.74357143714344
Norma del vettore g: 19.999999999999996
Strategy: mean_rev, portfolio variance: 2.3942147094840926e-06
Norma del vettore g non è uguale a sqrt(N): 61.74357143714344
Norma del vettore g: 19.999999999999996
Strategy: mean_rev, portfolio variance: 2.437651845036586e-06
Norma del vettore g: 20.0
⚠️ Errore numerico: Autovalori troppo piccoli in Sigma. Uso la pseudo-inversa.
Strategy: rnd     , portfolio variance: 1.2215795488493823e-14
Norma del vettore g: 20.0
⚠️ Errore numerico: Autovalori troppo piccoli in Sigma. Uso la pseudo-inversa.
Strategy: rnd     , portfolio variance: 2.7301801211086747e-15
Norma del vettore g: 20.0
Strategy: rnd     , portfolio variance: 1.7082830780015264e-08
Norma del vettore g: 20.000000000000004
Strategy: rnd     , portfolio variance: 1.4864357866698725e-06
Norma del vettore g: 20.0
Strategy: rnd     , portfolio variance: 5.757782235096101e-07
Norma del vettore g: 20.0
Strategy: rnd     , portfolio variance: 2.773827135436479e-06
Norma del vettore g: 20.0
Strategy: rnd     , portfolio variance: 4.445778581803316e-15
Norma del vettore g: 19.999999999999996
Strategy: rnd     , portfolio variance: 2.9479129603251255e-12
[=======                                                               ] 11.04%
Norma del vettore g: 20.0
⚠️ Errore numerico: Autovalori troppo piccoli in Sigma. Uso la pseudo-inversa.
Strategy: min_var , portfolio variance: 1.1500862583618775e-05
Norma del vettore g: 20.0
⚠️ Errore numerico: Autovalori troppo piccoli in Sigma. Uso la pseudo-inversa.
Strategy: min_var , portfolio variance: 3.330021723531614e-16
Norma del vettore g: 20.0
Strategy: min_var , portfolio variance: 5.862286120853025e-13
Norma del vettore g: 20.0
Strategy: min_var , portfolio variance: 1.5013109931636174e-06
Norma del vettore g: 20.0
Strategy: min_var , portfolio variance: 2.3555253667959482e-05
Norma del vettore g: 20.0
Strategy: min_var , portfolio variance: 0.1257516151802046
Norma del vettore g: 20.0
Strategy: min_var , portfolio variance: 6.149114493556848e-05
Norma del vettore g: 20.0
Strategy: min_var , portfolio variance: 6.730250612056733e-05
Norma del vettore g non è uguale a sqrt(N): 68.20301092148051
Norma del vettore g: 20.000000000000004
⚠️ Errore numerico: Autovalori troppo piccoli in Sigma. Uso la pseudo-inversa.
Strategy: omn     , portfolio variance: 1.2513969188477233e-06
Norma del vettore g non è uguale a sqrt(N): 68.20301092148051
Norma del vettore g: 20.000000000000004
⚠️ Errore numerico: Autovalori troppo piccoli in Sigma. Uso la pseudo-inversa.
Strategy: omn     , portfolio variance: 5.430211935464204e-16
Norma del vettore g non è uguale a sqrt(N): 68.20301092148051
Norma del vettore g: 20.000000000000004
Strategy: omn     , portfolio variance: 2.7404334702694767e-12
Norma del vettore g non è uguale a sqrt(N): 68.20301092148051
Norma del vettore g: 20.000000000000004
Strategy: omn     , portfolio variance: 2.2100629540975938e-06
Norma del vettore g non è uguale a sqrt(N): 68.20301092148051
Norma del vettore g: 20.000000000000004
Strategy: omn     , portfolio variance: 2.1478275258446712e-06
Norma del vettore g non è uguale a sqrt(N): 68.20301092148051
Norma del vettore g: 20.000000000000004
Strategy: omn     , portfolio variance: 0.002752849814160302
Norma del vettore g non è uguale a sqrt(N): 68.20301092148051
Norma del vettore g: 20.000000000000004
Strategy: omn     , portfolio variance: 2.942138699006285e-06
Norma del vettore g non è uguale a sqrt(N): 68.20301092148051
Norma del vettore g: 20.000000000000004
Strategy: omn     , portfolio variance: 3.095627568664094e-06
Norma del vettore g non è uguale a sqrt(N): 68.20301092148051
Norma del vettore g: 20.000000000000004
⚠️ Errore numerico: Autovalori troppo piccoli in Sigma. Uso la pseudo-inversa.
Strategy: mean_rev, portfolio variance: 1.2513969188477233e-06
Norma del vettore g non è uguale a sqrt(N): 68.20301092148051
Norma del vettore g: 20.000000000000004
⚠️ Errore numerico: Autovalori troppo piccoli in Sigma. Uso la pseudo-inversa.
Strategy: mean_rev, portfolio variance: 5.430211935464204e-16
Norma del vettore g non è uguale a sqrt(N): 68.20301092148051
Norma del vettore g: 20.000000000000004
Strategy: mean_rev, portfolio variance: 2.7404334702694767e-12
Norma del vettore g non è uguale a sqrt(N): 68.20301092148051
Norma del vettore g: 20.000000000000004
Strategy: mean_rev, portfolio variance: 2.2100629540975938e-06
Norma del vettore g non è uguale a sqrt(N): 68.20301092148051
Norma del vettore g: 20.000000000000004
Strategy: mean_rev, portfolio variance: 2.1478275258446712e-06
Norma del vettore g non è uguale a sqrt(N): 68.20301092148051
Norma del vettore g: 20.000000000000004
Strategy: mean_rev, portfolio variance: 0.002752849814160302
Norma del vettore g non è uguale a sqrt(N): 68.20301092148051
Norma del vettore g: 20.000000000000004
Strategy: mean_rev, portfolio variance: 2.942138699006285e-06
Norma del vettore g non è uguale a sqrt(N): 68.20301092148051
Norma del vettore g: 20.000000000000004
Strategy: mean_rev, portfolio variance: 3.095627568664094e-06
Norma del vettore g: 20.000000000000004
⚠️ Errore numerico: Autovalori troppo piccoli in Sigma. Uso la pseudo-inversa.
Strategy: rnd     , portfolio variance: 1.2655581920962314e-14
Norma del vettore g: 20.0
⚠️ Errore numerico: Autovalori troppo piccoli in Sigma. Uso la pseudo-inversa.
Strategy: rnd     , portfolio variance: 4.3811352379644003e-16
Norma del vettore g: 20.000000000000007
Strategy: rnd     , portfolio variance: 3.5967749091036415e-10
Norma del vettore g: 20.0
Strategy: rnd     , portfolio variance: 1.4740410299115064e-06
Norma del vettore g: 20.000000000000007
Strategy: rnd     , portfolio variance: 5.965970792046481e-07
Norma del vettore g: 19.999999999999996
Strategy: rnd     , portfolio variance: 1.7831062274459738e-05
Norma del vettore g: 20.0
Strategy: rnd     , portfolio variance: 7.776399610504563e-15
Norma del vettore g: 20.000000000000007
Strategy: rnd     , portfolio variance: 2.4869965550237575e-15
[========                                                              ] 11.69%
Norma del vettore g: 20.0
⚠️ Errore numerico: Autovalori troppo piccoli in Sigma. Uso la pseudo-inversa.
Strategy: min_var , portfolio variance: 1.1722015355337015e-05
Norma del vettore g: 20.0
⚠️ Errore numerico: Autovalori troppo piccoli in Sigma. Uso la pseudo-inversa.
Strategy: min_var , portfolio variance: 3.285452796518403e-16
Norma del vettore g: 20.0
Strategy: min_var , portfolio variance: 5.789507700445204e-13
Norma del vettore g: 20.0
Strategy: min_var , portfolio variance: 1.4821309054077616e-06
Norma del vettore g: 20.0
Strategy: min_var , portfolio variance: 2.3521162707526598e-05
Norma del vettore g: 20.0
Strategy: min_var , portfolio variance: 0.12527150827008113
Norma del vettore g: 20.0
Strategy: min_var , portfolio variance: 6.126023864518051e-05
Norma del vettore g: 20.0
Strategy: min_var , portfolio variance: 6.619311557423258e-05
Norma del vettore g non è uguale a sqrt(N): 72.4215284192218
Norma del vettore g: 20.000000000000004
⚠️ Errore numerico: Autovalori troppo piccoli in Sigma. Uso la pseudo-inversa.
Strategy: omn     , portfolio variance: 1.2613009043386478e-06
Norma del vettore g non è uguale a sqrt(N): 72.4215284192218
Norma del vettore g: 20.000000000000004
⚠️ Errore numerico: Autovalori troppo piccoli in Sigma. Uso la pseudo-inversa.
Strategy: omn     , portfolio variance: 1.250857598530264e-16
Norma del vettore g non è uguale a sqrt(N): 72.4215284192218
Norma del vettore g: 20.000000000000004
Strategy: omn     , portfolio variance: 2.6656590148480035e-12
Norma del vettore g non è uguale a sqrt(N): 72.4215284192218
Norma del vettore g: 20.000000000000004
Strategy: omn     , portfolio variance: 2.219840202140966e-06
Norma del vettore g non è uguale a sqrt(N): 72.4215284192218
Norma del vettore g: 20.000000000000004
Strategy: omn     , portfolio variance: 2.1534434607703706e-06
Norma del vettore g non è uguale a sqrt(N): 72.4215284192218
Norma del vettore g: 20.000000000000004
Strategy: omn     , portfolio variance: 0.0024923634872714806
Norma del vettore g non è uguale a sqrt(N): 72.4215284192218
Norma del vettore g: 20.000000000000004
Strategy: omn     , portfolio variance: 3.2086320319581564e-06
Norma del vettore g non è uguale a sqrt(N): 72.4215284192218
Norma del vettore g: 20.000000000000004
Strategy: omn     , portfolio variance: 3.455305986865773e-06
Norma del vettore g non è uguale a sqrt(N): 72.4215284192218
Norma del vettore g: 20.000000000000004
⚠️ Errore numerico: Autovalori troppo piccoli in Sigma. Uso la pseudo-inversa.
Strategy: mean_rev, portfolio variance: 1.2613009043386478e-06
Norma del vettore g non è uguale a sqrt(N): 72.4215284192218
Norma del vettore g: 20.000000000000004
⚠️ Errore numerico: Autovalori troppo piccoli in Sigma. Uso la pseudo-inversa.
Strategy: mean_rev, portfolio variance: 1.250857598530264e-16
Norma del vettore g non è uguale a sqrt(N): 72.4215284192218
Norma del vettore g: 20.000000000000004
Strategy: mean_rev, portfolio variance: 2.6656590148480035e-12
Norma del vettore g non è uguale a sqrt(N): 72.4215284192218
Norma del vettore g: 20.000000000000004
Strategy: mean_rev, portfolio variance: 2.219840202140966e-06
Norma del vettore g non è uguale a sqrt(N): 72.4215284192218
Norma del vettore g: 20.000000000000004
Strategy: mean_rev, portfolio variance: 2.1534434607703706e-06
Norma del vettore g non è uguale a sqrt(N): 72.4215284192218
Norma del vettore g: 20.000000000000004
Strategy: mean_rev, portfolio variance: 0.0024923634872714806
Norma del vettore g non è uguale a sqrt(N): 72.4215284192218
Norma del vettore g: 20.000000000000004
Strategy: mean_rev, portfolio variance: 3.2086320319581564e-06
Norma del vettore g non è uguale a sqrt(N): 72.4215284192218
Norma del vettore g: 20.000000000000004
Strategy: mean_rev, portfolio variance: 3.455305986865773e-06
Norma del vettore g: 19.999999999999993
⚠️ Errore numerico: Autovalori troppo piccoli in Sigma. Uso la pseudo-inversa.
Strategy: rnd     , portfolio variance: 1.7986868519879298e-14
Norma del vettore g: 20.0
⚠️ Errore numerico: Autovalori troppo piccoli in Sigma. Uso la pseudo-inversa.
Strategy: rnd     , portfolio variance: 1.710383512501224e-15
Norma del vettore g: 20.0
Strategy: rnd     , portfolio variance: 1.0583571427294251e-07
Norma del vettore g: 20.000000000000007
Strategy: rnd     , portfolio variance: 1.4208595365870764e-06
Norma del vettore g: 20.000000000000004
Strategy: rnd     , portfolio variance: 5.919134281819469e-07
Norma del vettore g: 20.0
Strategy: rnd     , portfolio variance: 2.1341807673908102e-05
Norma del vettore g: 19.999999999999993
Strategy: rnd     , portfolio variance: 2.6147949910606403e-14
Norma del vettore g: 20.0
Strategy: rnd     , portfolio variance: 3.5746011080183995e-15
[========                                                              ] 12.34%
Norma del vettore g: 20.0
⚠️ Errore numerico: Autovalori troppo piccoli in Sigma. Uso la pseudo-inversa.
Strategy: min_var , portfolio variance: 1.2113029663259514e-05
Norma del vettore g: 20.0
⚠️ Errore numerico: Autovalori troppo piccoli in Sigma. Uso la pseudo-inversa.
Strategy: min_var , portfolio variance: 3.1403481895852174e-16
Norma del vettore g: 20.0
Strategy: min_var , portfolio variance: 5.703084903797339e-13
Norma del vettore g: 20.0
Strategy: min_var , portfolio variance: 1.4602095702250389e-06
Norma del vettore g: 20.0
Strategy: min_var , portfolio variance: 2.36281040089416e-05
Norma del vettore g: 20.0
Strategy: min_var , portfolio variance: 0.1268319307617699
Norma del vettore g: 20.0
Strategy: min_var , portfolio variance: 6.10503306880713e-05
Norma del vettore g: 20.0
Strategy: min_var , portfolio variance: 6.61242719652894e-05
Norma del vettore g non è uguale a sqrt(N): 62.754457879576286
Norma del vettore g: 20.000000000000004
⚠️ Errore numerico: Autovalori troppo piccoli in Sigma. Uso la pseudo-inversa.
Strategy: omn     , portfolio variance: 1.1877345698180706e-06
Norma del vettore g non è uguale a sqrt(N): 62.754457879576286
Norma del vettore g: 20.000000000000004
⚠️ Errore numerico: Autovalori troppo piccoli in Sigma. Uso la pseudo-inversa.
Strategy: omn     , portfolio variance: 5.179177103157174e-15
Norma del vettore g non è uguale a sqrt(N): 62.754457879576286
Norma del vettore g: 20.000000000000004
Strategy: omn     , portfolio variance: 1.591209392219931e-11
Norma del vettore g non è uguale a sqrt(N): 62.754457879576286
Norma del vettore g: 20.000000000000004
Strategy: omn     , portfolio variance: 2.5347901307135645e-06
Norma del vettore g non è uguale a sqrt(N): 62.754457879576286
Norma del vettore g: 20.000000000000004
Strategy: omn     , portfolio variance: 1.94357813680375e-06
Norma del vettore g non è uguale a sqrt(N): 62.754457879576286
Norma del vettore g: 20.000000000000004
Strategy: omn     , portfolio variance: 0.0023108560785781284
Norma del vettore g non è uguale a sqrt(N): 62.754457879576286
Norma del vettore g: 20.000000000000004
Strategy: omn     , portfolio variance: 2.788279353311184e-06
Norma del vettore g non è uguale a sqrt(N): 62.754457879576286
Norma del vettore g: 20.000000000000004
Strategy: omn     , portfolio variance: 2.9658526678593524e-06
Norma del vettore g non è uguale a sqrt(N): 62.754457879576286
Norma del vettore g: 20.000000000000004
⚠️ Errore numerico: Autovalori troppo piccoli in Sigma. Uso la pseudo-inversa.
Strategy: mean_rev, portfolio variance: 1.1877345698180706e-06
Norma del vettore g non è uguale a sqrt(N): 62.754457879576286
Norma del vettore g: 20.000000000000004
⚠️ Errore numerico: Autovalori troppo piccoli in Sigma. Uso la pseudo-inversa.
Strategy: mean_rev, portfolio variance: 5.179177103157174e-15
Norma del vettore g non è uguale a sqrt(N): 62.754457879576286
Norma del vettore g: 20.000000000000004
Strategy: mean_rev, portfolio variance: 1.591209392219931e-11
Norma del vettore g non è uguale a sqrt(N): 62.754457879576286
Norma del vettore g: 20.000000000000004
Strategy: mean_rev, portfolio variance: 2.5347901307135645e-06
Norma del vettore g non è uguale a sqrt(N): 62.754457879576286
Norma del vettore g: 20.000000000000004
Strategy: mean_rev, portfolio variance: 1.94357813680375e-06
Norma del vettore g non è uguale a sqrt(N): 62.754457879576286
Norma del vettore g: 20.000000000000004
Strategy: mean_rev, portfolio variance: 0.0023108560785781284
Norma del vettore g non è uguale a sqrt(N): 62.754457879576286
Norma del vettore g: 20.000000000000004
Strategy: mean_rev, portfolio variance: 2.788279353311184e-06
Norma del vettore g non è uguale a sqrt(N): 62.754457879576286
Norma del vettore g: 20.000000000000004
Strategy: mean_rev, portfolio variance: 2.9658526678593524e-06
Norma del vettore g: 20.0
⚠️ Errore numerico: Autovalori troppo piccoli in Sigma. Uso la pseudo-inversa.
Strategy: rnd     , portfolio variance: 1.82481400771979e-14
Norma del vettore g: 20.0
⚠️ Errore numerico: Autovalori troppo piccoli in Sigma. Uso la pseudo-inversa.
Strategy: rnd     , portfolio variance: 5.726288655645878e-14
Norma del vettore g: 19.999999999999996
Strategy: rnd     , portfolio variance: 6.48737135926958e-11
Norma del vettore g: 20.000000000000007
Strategy: rnd     , portfolio variance: 1.4978339564614396e-06
Norma del vettore g: 20.0
Strategy: rnd     , portfolio variance: 6.108948474431088e-07
Norma del vettore g: 20.000000000000004
Strategy: rnd     , portfolio variance: 5.025692504867847e-06
Norma del vettore g: 20.000000000000004
Strategy: rnd     , portfolio variance: 8.957029356828868e-15
Norma del vettore g: 20.000000000000007
Strategy: rnd     , portfolio variance: 8.110316656119175e-15
[=========                                                             ] 12.99%
Norma del vettore g: 20.0
⚠️ Errore numerico: Autovalori troppo piccoli in Sigma. Uso la pseudo-inversa.
Strategy: min_var , portfolio variance: 1.1999083964607939e-05
Norma del vettore g: 20.0
⚠️ Errore numerico: Autovalori troppo piccoli in Sigma. Uso la pseudo-inversa.
Strategy: min_var , portfolio variance: 3.293979878085211e-16
Norma del vettore g: 20.0
Strategy: min_var , portfolio variance: 5.605984257932595e-13
Norma del vettore g: 20.0
Strategy: min_var , portfolio variance: 1.4516166010309607e-06
Norma del vettore g: 20.0
Strategy: min_var , portfolio variance: 2.347646765316532e-05
Norma del vettore g: 20.0
Strategy: min_var , portfolio variance: 0.1281317083364924
Norma del vettore g: 20.0
Strategy: min_var , portfolio variance: 5.7063373781143724e-05
Norma del vettore g: 20.0
Strategy: min_var , portfolio variance: 6.642245899043546e-05
Norma del vettore g non è uguale a sqrt(N): 57.93825747878388
Norma del vettore g: 19.999999999999993
⚠️ Errore numerico: Autovalori troppo piccoli in Sigma. Uso la pseudo-inversa.
Strategy: omn     , portfolio variance: 1.097320852748089e-06
Norma del vettore g non è uguale a sqrt(N): 57.93825747878388
Norma del vettore g: 19.999999999999993
⚠️ Errore numerico: Autovalori troppo piccoli in Sigma. Uso la pseudo-inversa.
Strategy: omn     , portfolio variance: 3.4593382799479376e-16
Norma del vettore g non è uguale a sqrt(N): 57.93825747878388
Norma del vettore g: 19.999999999999993
Strategy: omn     , portfolio variance: 6.780518648243613e-12
Norma del vettore g non è uguale a sqrt(N): 57.93825747878388
Norma del vettore g: 19.999999999999993
Strategy: omn     , portfolio variance: 2.443188475438889e-06
Norma del vettore g non è uguale a sqrt(N): 57.93825747878388
Norma del vettore g: 19.999999999999993
Strategy: omn     , portfolio variance: 1.9995012016681054e-06
Norma del vettore g non è uguale a sqrt(N): 57.93825747878388
Norma del vettore g: 19.999999999999993
Strategy: omn     , portfolio variance: 0.0023709678357483844
Norma del vettore g non è uguale a sqrt(N): 57.93825747878388
Norma del vettore g: 19.999999999999993
Strategy: omn     , portfolio variance: 3.1281947901201062e-06
Norma del vettore g non è uguale a sqrt(N): 57.93825747878388
Norma del vettore g: 19.999999999999993
Strategy: omn     , portfolio variance: 3.2064114241923864e-06
Norma del vettore g non è uguale a sqrt(N): 57.93825747878388
Norma del vettore g: 19.999999999999993
⚠️ Errore numerico: Autovalori troppo piccoli in Sigma. Uso la pseudo-inversa.
Strategy: mean_rev, portfolio variance: 1.097320852748089e-06
Norma del vettore g non è uguale a sqrt(N): 57.93825747878388
Norma del vettore g: 19.999999999999993
⚠️ Errore numerico: Autovalori troppo piccoli in Sigma. Uso la pseudo-inversa.
Strategy: mean_rev, portfolio variance: 3.4593382799479376e-16
Norma del vettore g non è uguale a sqrt(N): 57.93825747878388
Norma del vettore g: 19.999999999999993
Strategy: mean_rev, portfolio variance: 6.780518648243613e-12
Norma del vettore g non è uguale a sqrt(N): 57.93825747878388
Norma del vettore g: 19.999999999999993
Strategy: mean_rev, portfolio variance: 2.443188475438889e-06
Norma del vettore g non è uguale a sqrt(N): 57.93825747878388
Norma del vettore g: 19.999999999999993
Strategy: mean_rev, portfolio variance: 1.9995012016681054e-06
Norma del vettore g non è uguale a sqrt(N): 57.93825747878388
Norma del vettore g: 19.999999999999993
Strategy: mean_rev, portfolio variance: 0.0023709678357483844
Norma del vettore g non è uguale a sqrt(N): 57.93825747878388
Norma del vettore g: 19.999999999999993
Strategy: mean_rev, portfolio variance: 3.1281947901201062e-06
Norma del vettore g non è uguale a sqrt(N): 57.93825747878388
Norma del vettore g: 19.999999999999993
Strategy: mean_rev, portfolio variance: 3.2064114241923864e-06
Norma del vettore g: 20.000000000000007
⚠️ Errore numerico: Autovalori troppo piccoli in Sigma. Uso la pseudo-inversa.
Strategy: rnd     , portfolio variance: 2.8103682384806165e-13
Norma del vettore g: 19.999999999999996
⚠️ Errore numerico: Autovalori troppo piccoli in Sigma. Uso la pseudo-inversa.
Strategy: rnd     , portfolio variance: 5.587622751606995e-14
Norma del vettore g: 20.00000000000001
Strategy: rnd     , portfolio variance: 5.797759021355523e-08
Norma del vettore g: 19.999999999999996
Strategy: rnd     , portfolio variance: 1.5746172254573428e-06
Norma del vettore g: 20.000000000000007
Strategy: rnd     , portfolio variance: 5.505578751232207e-07
Norma del vettore g: 20.000000000000004
Strategy: rnd     , portfolio variance: 1.841318732846062e-05
Norma del vettore g: 20.000000000000004
Strategy: rnd     , portfolio variance: 3.047111722121522e-14
Norma del vettore g: 19.999999999999996
Strategy: rnd     , portfolio variance: 7.811659841357255e-15
[=========                                                             ] 13.64%
Norma del vettore g: 20.0
⚠️ Errore numerico: Autovalori troppo piccoli in Sigma. Uso la pseudo-inversa.
Strategy: min_var , portfolio variance: 1.3483188765075256e-05
Norma del vettore g: 20.0
⚠️ Errore numerico: Autovalori troppo piccoli in Sigma. Uso la pseudo-inversa.
Strategy: min_var , portfolio variance: 3.081867851689158e-16
Norma del vettore g: 20.0
Strategy: min_var , portfolio variance: 5.346259457984504e-13
Norma del vettore g: 20.0
Strategy: min_var , portfolio variance: 1.5018949284997594e-06
Norma del vettore g: 20.0
Strategy: min_var , portfolio variance: 2.5907498500752533e-05
Norma del vettore g: 20.0
⚠️ Errore numerico: Autovalori troppo piccoli in Sigma. Uso la pseudo-inversa.
Strategy: min_var , portfolio variance: 3.383174877656404e+27
Norma del vettore g: 20.0
Strategy: min_var , portfolio variance: 6.36799274137457e-05
Norma del vettore g: 20.0
Strategy: min_var , portfolio variance: 6.791910365402178e-05
Norma del vettore g non è uguale a sqrt(N): 84.33403662625153
Norma del vettore g: 19.999999999999993
⚠️ Errore numerico: Autovalori troppo piccoli in Sigma. Uso la pseudo-inversa.
Strategy: omn     , portfolio variance: 1.7821715445623837e-06
Norma del vettore g non è uguale a sqrt(N): 84.33403662625153
Norma del vettore g: 19.999999999999993
⚠️ Errore numerico: Autovalori troppo piccoli in Sigma. Uso la pseudo-inversa.
Strategy: omn     , portfolio variance: 4.3512368415654976e-16
Norma del vettore g non è uguale a sqrt(N): 84.33403662625153
Norma del vettore g: 19.999999999999993
Strategy: omn     , portfolio variance: 1.0719457452742588e-10
Norma del vettore g non è uguale a sqrt(N): 84.33403662625153
Norma del vettore g: 19.999999999999993
Strategy: omn     , portfolio variance: 2.6486471028873254e-06
Norma del vettore g non è uguale a sqrt(N): 84.33403662625153
Norma del vettore g: 19.999999999999993
Strategy: omn     , portfolio variance: 3.000332413504156e-06
Norma del vettore g non è uguale a sqrt(N): 84.33403662625153
Norma del vettore g: 19.999999999999993
⚠️ Errore numerico: Autovalori troppo piccoli in Sigma. Uso la pseudo-inversa.
Strategy: omn     , portfolio variance: 1.551481496941668e-08
Norma del vettore g non è uguale a sqrt(N): 84.33403662625153
Norma del vettore g: 19.999999999999993
Strategy: omn     , portfolio variance: 5.111558723505963e-06
Norma del vettore g non è uguale a sqrt(N): 84.33403662625153
Norma del vettore g: 19.999999999999993
Strategy: omn     , portfolio variance: 5.42540933525118e-06
Norma del vettore g non è uguale a sqrt(N): 84.33403662625153
Norma del vettore g: 19.999999999999993
⚠️ Errore numerico: Autovalori troppo piccoli in Sigma. Uso la pseudo-inversa.
Strategy: mean_rev, portfolio variance: 1.7821715445623837e-06
Norma del vettore g non è uguale a sqrt(N): 84.33403662625153
Norma del vettore g: 19.999999999999993
⚠️ Errore numerico: Autovalori troppo piccoli in Sigma. Uso la pseudo-inversa.
Strategy: mean_rev, portfolio variance: 4.3512368415654976e-16
Norma del vettore g non è uguale a sqrt(N): 84.33403662625153
Norma del vettore g: 19.999999999999993
Strategy: mean_rev, portfolio variance: 1.0719457452742588e-10
Norma del vettore g non è uguale a sqrt(N): 84.33403662625153
Norma del vettore g: 19.999999999999993
Strategy: mean_rev, portfolio variance: 2.6486471028873254e-06
Norma del vettore g non è uguale a sqrt(N): 84.33403662625153
Norma del vettore g: 19.999999999999993
Strategy: mean_rev, portfolio variance: 3.000332413504156e-06
Norma del vettore g non è uguale a sqrt(N): 84.33403662625153
Norma del vettore g: 19.999999999999993
⚠️ Errore numerico: Autovalori troppo piccoli in Sigma. Uso la pseudo-inversa.
Strategy: mean_rev, portfolio variance: 1.551481496941668e-08
Norma del vettore g non è uguale a sqrt(N): 84.33403662625153
Norma del vettore g: 19.999999999999993
Strategy: mean_rev, portfolio variance: 5.111558723505963e-06
Norma del vettore g non è uguale a sqrt(N): 84.33403662625153
Norma del vettore g: 19.999999999999993
Strategy: mean_rev, portfolio variance: 5.42540933525118e-06
Norma del vettore g: 20.000000000000004
⚠️ Errore numerico: Autovalori troppo piccoli in Sigma. Uso la pseudo-inversa.
Strategy: rnd     , portfolio variance: 1.1127571927308046e-14
Norma del vettore g: 20.0
⚠️ Errore numerico: Autovalori troppo piccoli in Sigma. Uso la pseudo-inversa.
Strategy: rnd     , portfolio variance: 2.5210495647617588e-15
Norma del vettore g: 20.000000000000007
Strategy: rnd     , portfolio variance: 2.637779521289685e-11
Norma del vettore g: 20.000000000000004
Strategy: rnd     , portfolio variance: 1.5127142502877063e-06
Norma del vettore g: 20.0
Strategy: rnd     , portfolio variance: 6.22490714083073e-07
Norma del vettore g: 20.0
⚠️ Errore numerico: Autovalori troppo piccoli in Sigma. Uso la pseudo-inversa.
Strategy: rnd     , portfolio variance: -4.882860987551946e-31
Norma del vettore g: 19.999999999999993
Strategy: rnd     , portfolio variance: 4.482382687567141e-13
Norma del vettore g: 19.999999999999993
Strategy: rnd     , portfolio variance: 2.8112080235929054e-15
[==========                                                            ] 14.29%
Norma del vettore g: 20.0
⚠️ Errore numerico: Autovalori troppo piccoli in Sigma. Uso la pseudo-inversa.
Strategy: min_var , portfolio variance: 1.3038324165277045e-05
Norma del vettore g: 20.0
⚠️ Errore numerico: Autovalori troppo piccoli in Sigma. Uso la pseudo-inversa.
Strategy: min_var , portfolio variance: 2.9763154146492657e-16
Norma del vettore g: 20.0
Strategy: min_var , portfolio variance: 5.044853376564834e-13
Norma del vettore g: 20.0
Strategy: min_var , portfolio variance: 1.4956866248424426e-06
Norma del vettore g: 20.0
Strategy: min_var , portfolio variance: 2.5740137054844017e-05
Norma del vettore g: 20.0
⚠️ Errore numerico: Autovalori troppo piccoli in Sigma. Uso la pseudo-inversa.
Strategy: min_var , portfolio variance: 0.2849490905181986
Norma del vettore g: 20.0
Strategy: min_var , portfolio variance: 6.0637152774513264e-05
Norma del vettore g: 20.0
Strategy: min_var , portfolio variance: 6.943587455893372e-05
Norma del vettore g non è uguale a sqrt(N): 119.7584754756136
Norma del vettore g: 20.000000000000007
⚠️ Errore numerico: Autovalori troppo piccoli in Sigma. Uso la pseudo-inversa.
Strategy: omn     , portfolio variance: 5.294183730372712e-06
Norma del vettore g non è uguale a sqrt(N): 119.7584754756136
Norma del vettore g: 20.000000000000007
⚠️ Errore numerico: Autovalori troppo piccoli in Sigma. Uso la pseudo-inversa.
Strategy: omn     , portfolio variance: 4.299088442593522e-16
Norma del vettore g non è uguale a sqrt(N): 119.7584754756136
Norma del vettore g: 20.000000000000007
Strategy: omn     , portfolio variance: 9.628255671382712e-13
Norma del vettore g non è uguale a sqrt(N): 119.7584754756136
Norma del vettore g: 20.000000000000007
Strategy: omn     , portfolio variance: 2.331903657149037e-06
Norma del vettore g non è uguale a sqrt(N): 119.7584754756136
Norma del vettore g: 20.000000000000007
Strategy: omn     , portfolio variance: 8.876448908474925e-06
Norma del vettore g non è uguale a sqrt(N): 119.7584754756136
Norma del vettore g: 20.000000000000007
⚠️ Errore numerico: Autovalori troppo piccoli in Sigma. Uso la pseudo-inversa.
Strategy: omn     , portfolio variance: -3.340903011060042e-17
Norma del vettore g non è uguale a sqrt(N): 119.7584754756136
Norma del vettore g: 20.000000000000007
Strategy: omn     , portfolio variance: 1.5195282795333592e-05
Norma del vettore g non è uguale a sqrt(N): 119.7584754756136
Norma del vettore g: 20.000000000000007
Strategy: omn     , portfolio variance: 1.4394219370286037e-05
Norma del vettore g non è uguale a sqrt(N): 119.7584754756136
Norma del vettore g: 20.000000000000007
⚠️ Errore numerico: Autovalori troppo piccoli in Sigma. Uso la pseudo-inversa.
Strategy: mean_rev, portfolio variance: 5.294183730372712e-06
Norma del vettore g non è uguale a sqrt(N): 119.7584754756136
Norma del vettore g: 20.000000000000007
⚠️ Errore numerico: Autovalori troppo piccoli in Sigma. Uso la pseudo-inversa.
Strategy: mean_rev, portfolio variance: 4.299088442593522e-16
Norma del vettore g non è uguale a sqrt(N): 119.7584754756136
Norma del vettore g: 20.000000000000007
Strategy: mean_rev, portfolio variance: 9.628255671382712e-13
Norma del vettore g non è uguale a sqrt(N): 119.7584754756136
Norma del vettore g: 20.000000000000007
Strategy: mean_rev, portfolio variance: 2.331903657149037e-06
Norma del vettore g non è uguale a sqrt(N): 119.7584754756136
Norma del vettore g: 20.000000000000007
Strategy: mean_rev, portfolio variance: 8.876448908474925e-06
Norma del vettore g non è uguale a sqrt(N): 119.7584754756136
Norma del vettore g: 20.000000000000007
⚠️ Errore numerico: Autovalori troppo piccoli in Sigma. Uso la pseudo-inversa.
Strategy: mean_rev, portfolio variance: -3.340903011060042e-17
Norma del vettore g non è uguale a sqrt(N): 119.7584754756136
Norma del vettore g: 20.000000000000007
Strategy: mean_rev, portfolio variance: 1.5195282795333592e-05
Norma del vettore g non è uguale a sqrt(N): 119.7584754756136
Norma del vettore g: 20.000000000000007
Strategy: mean_rev, portfolio variance: 1.4394219370286037e-05
Norma del vettore g: 19.999999999999996
⚠️ Errore numerico: Autovalori troppo piccoli in Sigma. Uso la pseudo-inversa.
Strategy: rnd     , portfolio variance: 1.7440549081073366e-13
Norma del vettore g: 20.0
⚠️ Errore numerico: Autovalori troppo piccoli in Sigma. Uso la pseudo-inversa.
Strategy: rnd     , portfolio variance: 7.021153871837739e-16
Norma del vettore g: 19.999999999999996
Strategy: rnd     , portfolio variance: 4.723506819162259e-10
Norma del vettore g: 20.0
Strategy: rnd     , portfolio variance: 1.4751112673901577e-06
Norma del vettore g: 20.000000000000007
Strategy: rnd     , portfolio variance: 5.787701265923189e-07
Norma del vettore g: 20.0
⚠️ Errore numerico: Autovalori troppo piccoli in Sigma. Uso la pseudo-inversa.
Strategy: rnd     , portfolio variance: -4.416671984418981e-31
Norma del vettore g: 19.999999999999993
Strategy: rnd     , portfolio variance: 2.1408088612751025e-14
Norma del vettore g: 19.999999999999996
Strategy: rnd     , portfolio variance: 7.633524817350655e-16
[==========                                                            ] 14.94%
Kendall covariance matrix not positive definite!
 It may happen!
Norma del vettore g: 20.0
⚠️ Errore numerico: Autovalori troppo piccoli in Sigma. Uso la pseudo-inversa.
Strategy: min_var , portfolio variance: 1.2318369017338128e-05
Norma del vettore g: 20.0
⚠️ Errore numerico: Autovalori troppo piccoli in Sigma. Uso la pseudo-inversa.
Strategy: min_var , portfolio variance: 2.9107277709458856e-16
Norma del vettore g: 20.0
Strategy: min_var , portfolio variance: 4.956816469729397e-13
Norma del vettore g: 20.0
Strategy: min_var , portfolio variance: 1.4995123661211956e-06
Norma del vettore g: 20.0
Strategy: min_var , portfolio variance: 2.522222718372387e-05
Norma del vettore g: 20.0
⚠️ Errore numerico: Autovalori troppo piccoli in Sigma. Uso la pseudo-inversa.
Strategy: min_var , portfolio variance: 2.151656833392327e+26
Norma del vettore g: 20.0
Strategy: min_var , portfolio variance: 6.395459726084266e-05
Norma del vettore g: 20.0
Strategy: min_var , portfolio variance: 6.284202365540693e-05
Norma del vettore g non è uguale a sqrt(N): 138.28081185839252
Norma del vettore g: 19.999999999999996
⚠️ Errore numerico: Autovalori troppo piccoli in Sigma. Uso la pseudo-inversa.
Strategy: omn     , portfolio variance: 6.8858269412395684e-06
Norma del vettore g non è uguale a sqrt(N): 138.28081185839252
Norma del vettore g: 19.999999999999996
⚠️ Errore numerico: Autovalori troppo piccoli in Sigma. Uso la pseudo-inversa.
Strategy: omn     , portfolio variance: 3.649728250377205e-16
Norma del vettore g non è uguale a sqrt(N): 138.28081185839252
Norma del vettore g: 19.999999999999996
Strategy: omn     , portfolio variance: 8.115976796136315e-13
Norma del vettore g non è uguale a sqrt(N): 138.28081185839252
Norma del vettore g: 19.999999999999996
Strategy: omn     , portfolio variance: 2.2604062675483725e-06
Norma del vettore g non è uguale a sqrt(N): 138.28081185839252
Norma del vettore g: 19.999999999999996
Strategy: omn     , portfolio variance: 1.1516258465943528e-05
Norma del vettore g non è uguale a sqrt(N): 138.28081185839252
Norma del vettore g: 19.999999999999996
⚠️ Errore numerico: Autovalori troppo piccoli in Sigma. Uso la pseudo-inversa.
Strategy: omn     , portfolio variance: 3.095206166338246e-06
Norma del vettore g non è uguale a sqrt(N): 138.28081185839252
Norma del vettore g: 19.999999999999996
Strategy: omn     , portfolio variance: 2.075415590236324e-05
Norma del vettore g non è uguale a sqrt(N): 138.28081185839252
Norma del vettore g: 19.999999999999996
Strategy: omn     , portfolio variance: 2.173321291460828e-05
Norma del vettore g non è uguale a sqrt(N): 138.28081185839252
Norma del vettore g: 19.999999999999996
⚠️ Errore numerico: Autovalori troppo piccoli in Sigma. Uso la pseudo-inversa.
Strategy: mean_rev, portfolio variance: 6.8858269412395684e-06
Norma del vettore g non è uguale a sqrt(N): 138.28081185839252
Norma del vettore g: 19.999999999999996
⚠️ Errore numerico: Autovalori troppo piccoli in Sigma. Uso la pseudo-inversa.
Strategy: mean_rev, portfolio variance: 3.649728250377205e-16
Norma del vettore g non è uguale a sqrt(N): 138.28081185839252
Norma del vettore g: 19.999999999999996
Strategy: mean_rev, portfolio variance: 8.115976796136315e-13
Norma del vettore g non è uguale a sqrt(N): 138.28081185839252
Norma del vettore g: 19.999999999999996
Strategy: mean_rev, portfolio variance: 2.2604062675483725e-06
Norma del vettore g non è uguale a sqrt(N): 138.28081185839252
Norma del vettore g: 19.999999999999996
Strategy: mean_rev, portfolio variance: 1.1516258465943528e-05
Norma del vettore g non è uguale a sqrt(N): 138.28081185839252
Norma del vettore g: 19.999999999999996
⚠️ Errore numerico: Autovalori troppo piccoli in Sigma. Uso la pseudo-inversa.
Strategy: mean_rev, portfolio variance: 3.095206166338246e-06
Norma del vettore g non è uguale a sqrt(N): 138.28081185839252
Norma del vettore g: 19.999999999999996
Strategy: mean_rev, portfolio variance: 2.075415590236324e-05
Norma del vettore g non è uguale a sqrt(N): 138.28081185839252
Norma del vettore g: 19.999999999999996
Strategy: mean_rev, portfolio variance: 2.173321291460828e-05
Norma del vettore g: 20.000000000000007
⚠️ Errore numerico: Autovalori troppo piccoli in Sigma. Uso la pseudo-inversa.
Strategy: rnd     , portfolio variance: 3.609951763088131e-14
Norma del vettore g: 20.0
⚠️ Errore numerico: Autovalori troppo piccoli in Sigma. Uso la pseudo-inversa.
Strategy: rnd     , portfolio variance: 1.6664163060823321e-16
Norma del vettore g: 19.999999999999993
Strategy: rnd     , portfolio variance: 9.296695238955303e-10
Norma del vettore g: 20.000000000000007
Strategy: rnd     , portfolio variance: 1.5555924621019836e-06
Norma del vettore g: 19.999999999999996
Strategy: rnd     , portfolio variance: 5.350324299231892e-07
Norma del vettore g: 20.000000000000004
⚠️ Errore numerico: Autovalori troppo piccoli in Sigma. Uso la pseudo-inversa.
Strategy: rnd     , portfolio variance: -6.025261735120063e-32
Norma del vettore g: 19.999999999999993
Strategy: rnd     , portfolio variance: 4.8251989080288604e-15
Norma del vettore g: 19.999999999999996
Strategy: rnd     , portfolio variance: 3.285843500604118e-13
[==========                                                            ] 15.58%
Kendall covariance matrix not positive definite!
 It may happen!
Norma del vettore g: 20.0
⚠️ Errore numerico: Autovalori troppo piccoli in Sigma. Uso la pseudo-inversa.
Strategy: min_var , portfolio variance: 1.1501319930554704e-05
Norma del vettore g: 20.0
⚠️ Errore numerico: Autovalori troppo piccoli in Sigma. Uso la pseudo-inversa.
Strategy: min_var , portfolio variance: 3.198491055827865e-16
Norma del vettore g: 20.0
Strategy: min_var , portfolio variance: 4.52628292365543e-13
Norma del vettore g: 20.0
Strategy: min_var , portfolio variance: 1.3066724532910118e-06
Norma del vettore g: 20.0
Strategy: min_var , portfolio variance: 2.2936206562211423e-05
Norma del vettore g: 20.0
⚠️ Errore numerico: Autovalori troppo piccoli in Sigma. Uso la pseudo-inversa.
Strategy: min_var , portfolio variance: 9.273771354312744e+26
Norma del vettore g: 20.0
Strategy: min_var , portfolio variance: 5.465222011596234e-05
Norma del vettore g: 20.0
Strategy: min_var , portfolio variance: 5.611871308948744e-05
Norma del vettore g non è uguale a sqrt(N): 82.15379303494099
Norma del vettore g: 19.999999999999993
⚠️ Errore numerico: Autovalori troppo piccoli in Sigma. Uso la pseudo-inversa.
Strategy: omn     , portfolio variance: 1.5314533571442251e-06
Norma del vettore g non è uguale a sqrt(N): 82.15379303494099
Norma del vettore g: 19.999999999999993
⚠️ Errore numerico: Autovalori troppo piccoli in Sigma. Uso la pseudo-inversa.
Strategy: omn     , portfolio variance: 3.782047218137899e-16
Norma del vettore g non è uguale a sqrt(N): 82.15379303494099
Norma del vettore g: 19.999999999999993
Strategy: omn     , portfolio variance: 3.91614202532783e-12
Norma del vettore g non è uguale a sqrt(N): 82.15379303494099
Norma del vettore g: 19.999999999999993
Strategy: omn     , portfolio variance: 2.2440379945166084e-06
Norma del vettore g non è uguale a sqrt(N): 82.15379303494099
Norma del vettore g: 19.999999999999993
Strategy: omn     , portfolio variance: 2.501527380414413e-06
Norma del vettore g non è uguale a sqrt(N): 82.15379303494099
Norma del vettore g: 19.999999999999993
⚠️ Errore numerico: Autovalori troppo piccoli in Sigma. Uso la pseudo-inversa.
Strategy: omn     , portfolio variance: 0.0005170674963287749
Norma del vettore g non è uguale a sqrt(N): 82.15379303494099
Norma del vettore g: 19.999999999999993
Strategy: omn     , portfolio variance: 3.674295977467353e-06
Norma del vettore g non è uguale a sqrt(N): 82.15379303494099
Norma del vettore g: 19.999999999999993
Strategy: omn     , portfolio variance: 3.524124348574805e-06
Norma del vettore g non è uguale a sqrt(N): 82.15379303494099
Norma del vettore g: 19.999999999999993
⚠️ Errore numerico: Autovalori troppo piccoli in Sigma. Uso la pseudo-inversa.
Strategy: mean_rev, portfolio variance: 1.5314533571442251e-06
Norma del vettore g non è uguale a sqrt(N): 82.15379303494099
Norma del vettore g: 19.999999999999993
⚠️ Errore numerico: Autovalori troppo piccoli in Sigma. Uso la pseudo-inversa.
Strategy: mean_rev, portfolio variance: 3.782047218137899e-16
Norma del vettore g non è uguale a sqrt(N): 82.15379303494099
Norma del vettore g: 19.999999999999993
Strategy: mean_rev, portfolio variance: 3.91614202532783e-12
Norma del vettore g non è uguale a sqrt(N): 82.15379303494099
Norma del vettore g: 19.999999999999993
Strategy: mean_rev, portfolio variance: 2.2440379945166084e-06
Norma del vettore g non è uguale a sqrt(N): 82.15379303494099
Norma del vettore g: 19.999999999999993
Strategy: mean_rev, portfolio variance: 2.501527380414413e-06
Norma del vettore g non è uguale a sqrt(N): 82.15379303494099
Norma del vettore g: 19.999999999999993
⚠️ Errore numerico: Autovalori troppo piccoli in Sigma. Uso la pseudo-inversa.
Strategy: mean_rev, portfolio variance: 0.0005170674963287749
Norma del vettore g non è uguale a sqrt(N): 82.15379303494099
Norma del vettore g: 19.999999999999993
Strategy: mean_rev, portfolio variance: 3.674295977467353e-06
Norma del vettore g non è uguale a sqrt(N): 82.15379303494099
Norma del vettore g: 19.999999999999993
Strategy: mean_rev, portfolio variance: 3.524124348574805e-06
Norma del vettore g: 20.0
⚠️ Errore numerico: Autovalori troppo piccoli in Sigma. Uso la pseudo-inversa.
Strategy: rnd     , portfolio variance: 2.4905995648733606e-12
Norma del vettore g: 20.0
⚠️ Errore numerico: Autovalori troppo piccoli in Sigma. Uso la pseudo-inversa.
Strategy: rnd     , portfolio variance: 1.0106816570625689e-14
Norma del vettore g: 19.999999999999996
Strategy: rnd     , portfolio variance: 1.9660201546200762e-10
Norma del vettore g: 19.999999999999993
Strategy: rnd     , portfolio variance: 1.2832567030805569e-06
Norma del vettore g: 19.999999999999993
Strategy: rnd     , portfolio variance: 5.007301648148916e-07
Norma del vettore g: 20.000000000000007
⚠️ Errore numerico: Autovalori troppo piccoli in Sigma. Uso la pseudo-inversa.
Strategy: rnd     , portfolio variance: -3.367722201310237e-32
Norma del vettore g: 20.000000000000004
Strategy: rnd     , portfolio variance: 2.0323112019254977e-15
Norma del vettore g: 19.999999999999996
Strategy: rnd     , portfolio variance: 1.2875697155120965e-13
[===========                                                           ] 16.23%
Norma del vettore g: 20.0
⚠️ Errore numerico: Autovalori troppo piccoli in Sigma. Uso la pseudo-inversa.
Strategy: min_var , portfolio variance: 1.1163742003838551e-05
Norma del vettore g: 20.0
⚠️ Errore numerico: Autovalori troppo piccoli in Sigma. Uso la pseudo-inversa.
Strategy: min_var , portfolio variance: 3.944033635026532e-16
Norma del vettore g: 20.0
Strategy: min_var , portfolio variance: 4.1237196457197026e-13
Norma del vettore g: 20.0
Strategy: min_var , portfolio variance: 1.0724162460628307e-06
Norma del vettore g: 20.0
Strategy: min_var , portfolio variance: 2.013983771608618e-05
Norma del vettore g: 20.0
⚠️ Errore numerico: Autovalori troppo piccoli in Sigma. Uso la pseudo-inversa.
Strategy: min_var , portfolio variance: 3.8987372815680505e+27
Norma del vettore g: 20.0
Strategy: min_var , portfolio variance: 4.51510112164002e-05
Norma del vettore g: 20.0
Strategy: min_var , portfolio variance: 4.727111891024911e-05
Norma del vettore g non è uguale a sqrt(N): 116.4275306982422
Norma del vettore g: 20.000000000000007
⚠️ Errore numerico: Autovalori troppo piccoli in Sigma. Uso la pseudo-inversa.
Strategy: omn     , portfolio variance: 1.7734503747901943e-06
Norma del vettore g non è uguale a sqrt(N): 116.4275306982422
Norma del vettore g: 20.000000000000007
⚠️ Errore numerico: Autovalori troppo piccoli in Sigma. Uso la pseudo-inversa.
Strategy: omn     , portfolio variance: 3.4387549729425936e-16
Norma del vettore g non è uguale a sqrt(N): 116.4275306982422
Norma del vettore g: 20.000000000000007
Strategy: omn     , portfolio variance: 1.548974070211967e-11
Norma del vettore g non è uguale a sqrt(N): 116.4275306982422
Norma del vettore g: 20.000000000000007
Strategy: omn     , portfolio variance: 2.057444243442327e-06
Norma del vettore g non è uguale a sqrt(N): 116.4275306982422
Norma del vettore g: 20.000000000000007
Strategy: omn     , portfolio variance: 2.5673006022159903e-06
Norma del vettore g non è uguale a sqrt(N): 116.4275306982422
Norma del vettore g: 20.000000000000007
⚠️ Errore numerico: Autovalori troppo piccoli in Sigma. Uso la pseudo-inversa.
Strategy: omn     , portfolio variance: 0.04256622022113682
Norma del vettore g non è uguale a sqrt(N): 116.4275306982422
Norma del vettore g: 20.000000000000007
Strategy: omn     , portfolio variance: 4.907036986485301e-06
Norma del vettore g non è uguale a sqrt(N): 116.4275306982422
Norma del vettore g: 20.000000000000007
Strategy: omn     , portfolio variance: 4.983064580882451e-06
Norma del vettore g non è uguale a sqrt(N): 116.4275306982422
Norma del vettore g: 20.000000000000007
⚠️ Errore numerico: Autovalori troppo piccoli in Sigma. Uso la pseudo-inversa.
Strategy: mean_rev, portfolio variance: 1.7734503747901943e-06
Norma del vettore g non è uguale a sqrt(N): 116.4275306982422
Norma del vettore g: 20.000000000000007
⚠️ Errore numerico: Autovalori troppo piccoli in Sigma. Uso la pseudo-inversa.
Strategy: mean_rev, portfolio variance: 3.4387549729425936e-16
Norma del vettore g non è uguale a sqrt(N): 116.4275306982422
Norma del vettore g: 20.000000000000007
Strategy: mean_rev, portfolio variance: 1.548974070211967e-11
Norma del vettore g non è uguale a sqrt(N): 116.4275306982422
Norma del vettore g: 20.000000000000007
Strategy: mean_rev, portfolio variance: 2.057444243442327e-06
Norma del vettore g non è uguale a sqrt(N): 116.4275306982422
Norma del vettore g: 20.000000000000007
Strategy: mean_rev, portfolio variance: 2.5673006022159903e-06
Norma del vettore g non è uguale a sqrt(N): 116.4275306982422
Norma del vettore g: 20.000000000000007
⚠️ Errore numerico: Autovalori troppo piccoli in Sigma. Uso la pseudo-inversa.
Strategy: mean_rev, portfolio variance: 0.04256622022113682
Norma del vettore g non è uguale a sqrt(N): 116.4275306982422
Norma del vettore g: 20.000000000000007
Strategy: mean_rev, portfolio variance: 4.907036986485301e-06
Norma del vettore g non è uguale a sqrt(N): 116.4275306982422
Norma del vettore g: 20.000000000000007
Strategy: mean_rev, portfolio variance: 4.983064580882451e-06
Norma del vettore g: 19.999999999999996
⚠️ Errore numerico: Autovalori troppo piccoli in Sigma. Uso la pseudo-inversa.
Strategy: rnd     , portfolio variance: 1.5763020680394035e-14
Norma del vettore g: 19.999999999999996
⚠️ Errore numerico: Autovalori troppo piccoli in Sigma. Uso la pseudo-inversa.
Strategy: rnd     , portfolio variance: 2.637439137472113e-15
Norma del vettore g: 20.000000000000004
Strategy: rnd     , portfolio variance: 9.885483880166266e-11
Norma del vettore g: 20.000000000000004
Strategy: rnd     , portfolio variance: 1.2302640670916484e-06
Norma del vettore g: 20.000000000000007
Strategy: rnd     , portfolio variance: 4.360385574933291e-07
Norma del vettore g: 20.0
⚠️ Errore numerico: Autovalori troppo piccoli in Sigma. Uso la pseudo-inversa.
Strategy: rnd     , portfolio variance: -2.0705194202969506e-31
Norma del vettore g: 20.000000000000004
Strategy: rnd     , portfolio variance: 1.169871423942983e-13
Norma del vettore g: 19.999999999999993
Strategy: rnd     , portfolio variance: 1.3784547274645424e-14
[===========                                                           ] 16.88%
Norma del vettore g: 20.0
⚠️ Errore numerico: Autovalori troppo piccoli in Sigma. Uso la pseudo-inversa.
Strategy: min_var , portfolio variance: 9.887189629581181e-06
Norma del vettore g: 20.0
⚠️ Errore numerico: Autovalori troppo piccoli in Sigma. Uso la pseudo-inversa.
Strategy: min_var , portfolio variance: 4.138621659142323e-16
Norma del vettore g: 20.0
Strategy: min_var , portfolio variance: 3.867940101530872e-13
Norma del vettore g: 20.0
Strategy: min_var , portfolio variance: 9.574068676346049e-07
Norma del vettore g: 20.0
Strategy: min_var , portfolio variance: 1.7918672140651873e-05
Norma del vettore g: 20.0
Strategy: min_var , portfolio variance: 0.13515330658252978
Norma del vettore g: 20.0
Strategy: min_var , portfolio variance: 4.231942355349392e-05
Norma del vettore g: 20.0
Strategy: min_var , portfolio variance: 4.3654819896508555e-05
Norma del vettore g non è uguale a sqrt(N): 93.2325562430086
Norma del vettore g: 20.0
⚠️ Errore numerico: Autovalori troppo piccoli in Sigma. Uso la pseudo-inversa.
Strategy: omn     , portfolio variance: 1.5344598173523574e-06
Norma del vettore g non è uguale a sqrt(N): 93.2325562430086
Norma del vettore g: 20.0
⚠️ Errore numerico: Autovalori troppo piccoli in Sigma. Uso la pseudo-inversa.
Strategy: omn     , portfolio variance: 1.1290544907919423e-15
Norma del vettore g non è uguale a sqrt(N): 93.2325562430086
Norma del vettore g: 20.0
Strategy: omn     , portfolio variance: 1.6015551460982715e-11
Norma del vettore g non è uguale a sqrt(N): 93.2325562430086
Norma del vettore g: 20.0
Strategy: omn     , portfolio variance: 1.840034292394579e-06
Norma del vettore g non è uguale a sqrt(N): 93.2325562430086
Norma del vettore g: 20.0
Strategy: omn     , portfolio variance: 2.1829777263148557e-06
Norma del vettore g non è uguale a sqrt(N): 93.2325562430086
Norma del vettore g: 20.0
Strategy: omn     , portfolio variance: 0.002548622396704013
Norma del vettore g non è uguale a sqrt(N): 93.2325562430086
Norma del vettore g: 20.0
Strategy: omn     , portfolio variance: 4.201851949002054e-06
Norma del vettore g non è uguale a sqrt(N): 93.2325562430086
Norma del vettore g: 20.0
Strategy: omn     , portfolio variance: 4.408277743452393e-06
Norma del vettore g non è uguale a sqrt(N): 93.2325562430086
Norma del vettore g: 20.0
⚠️ Errore numerico: Autovalori troppo piccoli in Sigma. Uso la pseudo-inversa.
Strategy: mean_rev, portfolio variance: 1.5344598173523574e-06
Norma del vettore g non è uguale a sqrt(N): 93.2325562430086
Norma del vettore g: 20.0
⚠️ Errore numerico: Autovalori troppo piccoli in Sigma. Uso la pseudo-inversa.
Strategy: mean_rev, portfolio variance: 1.1290544907919423e-15
Norma del vettore g non è uguale a sqrt(N): 93.2325562430086
Norma del vettore g: 20.0
Strategy: mean_rev, portfolio variance: 1.6015551460982715e-11
Norma del vettore g non è uguale a sqrt(N): 93.2325562430086
Norma del vettore g: 20.0
Strategy: mean_rev, portfolio variance: 1.840034292394579e-06
Norma del vettore g non è uguale a sqrt(N): 93.2325562430086
Norma del vettore g: 20.0
Strategy: mean_rev, portfolio variance: 2.1829777263148557e-06
Norma del vettore g non è uguale a sqrt(N): 93.2325562430086
Norma del vettore g: 20.0
Strategy: mean_rev, portfolio variance: 0.002548622396704013
Norma del vettore g non è uguale a sqrt(N): 93.2325562430086
Norma del vettore g: 20.0
Strategy: mean_rev, portfolio variance: 4.201851949002054e-06
Norma del vettore g non è uguale a sqrt(N): 93.2325562430086
Norma del vettore g: 20.0
Strategy: mean_rev, portfolio variance: 4.408277743452393e-06
Norma del vettore g: 20.000000000000007
⚠️ Errore numerico: Autovalori troppo piccoli in Sigma. Uso la pseudo-inversa.
Strategy: rnd     , portfolio variance: 1.6881314881170971e-15
Norma del vettore g: 20.000000000000007
⚠️ Errore numerico: Autovalori troppo piccoli in Sigma. Uso la pseudo-inversa.
Strategy: rnd     , portfolio variance: 2.1265344387062664e-15
Norma del vettore g: 20.000000000000004
Strategy: rnd     , portfolio variance: 1.6078418847068365e-08
Norma del vettore g: 20.0
Strategy: rnd     , portfolio variance: 8.912731348578215e-07
Norma del vettore g: 20.0
Strategy: rnd     , portfolio variance: 3.804219783877614e-07
Norma del vettore g: 19.999999999999993
Strategy: rnd     , portfolio variance: 1.2461656385709956e-06
Norma del vettore g: 20.000000000000007
Strategy: rnd     , portfolio variance: 1.1885838114839545e-14
Norma del vettore g: 19.999999999999996
Strategy: rnd     , portfolio variance: 1.905508387058025e-14
[============                                                          ] 17.53%
Norma del vettore g: 20.0
⚠️ Errore numerico: Autovalori troppo piccoli in Sigma. Uso la pseudo-inversa.
Strategy: min_var , portfolio variance: 8.864012352780621e-06
Norma del vettore g: 20.0
⚠️ Errore numerico: Autovalori troppo piccoli in Sigma. Uso la pseudo-inversa.
Strategy: min_var , portfolio variance: 4.137891431763228e-16
Norma del vettore g: 20.0
Strategy: min_var , portfolio variance: 3.484801830013767e-13
Norma del vettore g: 20.0
Strategy: min_var , portfolio variance: 8.947419739610959e-07
Norma del vettore g: 20.0
Strategy: min_var , portfolio variance: 1.632041318965836e-05
Norma del vettore g: 20.0
Strategy: min_var , portfolio variance: 0.13512162242787917
Norma del vettore g: 20.0
Strategy: min_var , portfolio variance: 3.8162071076061396e-05
Norma del vettore g: 20.0
Strategy: min_var , portfolio variance: 4.017408584655498e-05
Norma del vettore g non è uguale a sqrt(N): 133.18841823150652
Norma del vettore g: 20.0
⚠️ Errore numerico: Autovalori troppo piccoli in Sigma. Uso la pseudo-inversa.
Strategy: omn     , portfolio variance: 1.984763884006989e-06
Norma del vettore g non è uguale a sqrt(N): 133.18841823150652
Norma del vettore g: 20.0
⚠️ Errore numerico: Autovalori troppo piccoli in Sigma. Uso la pseudo-inversa.
Strategy: omn     , portfolio variance: 2.479825083480597e-15
Norma del vettore g non è uguale a sqrt(N): 133.18841823150652
Norma del vettore g: 20.0
Strategy: omn     , portfolio variance: 2.5079510807165146e-12
Norma del vettore g non è uguale a sqrt(N): 133.18841823150652
Norma del vettore g: 20.0
Strategy: omn     , portfolio variance: 2.1205206100860584e-06
Norma del vettore g non è uguale a sqrt(N): 133.18841823150652
Norma del vettore g: 20.0
Strategy: omn     , portfolio variance: 2.67567229376525e-06
Norma del vettore g non è uguale a sqrt(N): 133.18841823150652
Norma del vettore g: 20.0
Strategy: omn     , portfolio variance: 0.002521149670590391
Norma del vettore g non è uguale a sqrt(N): 133.18841823150652
Norma del vettore g: 20.0
Strategy: omn     , portfolio variance: 5.018392376639812e-06
Norma del vettore g non è uguale a sqrt(N): 133.18841823150652
Norma del vettore g: 20.0
Strategy: omn     , portfolio variance: 5.096884127430677e-06
Norma del vettore g non è uguale a sqrt(N): 133.18841823150652
Norma del vettore g: 20.0
⚠️ Errore numerico: Autovalori troppo piccoli in Sigma. Uso la pseudo-inversa.
Strategy: mean_rev, portfolio variance: 1.984763884006989e-06
Norma del vettore g non è uguale a sqrt(N): 133.18841823150652
Norma del vettore g: 20.0
⚠️ Errore numerico: Autovalori troppo piccoli in Sigma. Uso la pseudo-inversa.
Strategy: mean_rev, portfolio variance: 2.479825083480597e-15
Norma del vettore g non è uguale a sqrt(N): 133.18841823150652
Norma del vettore g: 20.0
Strategy: mean_rev, portfolio variance: 2.5079510807165146e-12
Norma del vettore g non è uguale a sqrt(N): 133.18841823150652
Norma del vettore g: 20.0
Strategy: mean_rev, portfolio variance: 2.1205206100860584e-06
Norma del vettore g non è uguale a sqrt(N): 133.18841823150652
Norma del vettore g: 20.0
Strategy: mean_rev, portfolio variance: 2.67567229376525e-06
Norma del vettore g non è uguale a sqrt(N): 133.18841823150652
Norma del vettore g: 20.0
Strategy: mean_rev, portfolio variance: 0.002521149670590391
Norma del vettore g non è uguale a sqrt(N): 133.18841823150652
Norma del vettore g: 20.0
Strategy: mean_rev, portfolio variance: 5.018392376639812e-06
Norma del vettore g non è uguale a sqrt(N): 133.18841823150652
Norma del vettore g: 20.0
Strategy: mean_rev, portfolio variance: 5.096884127430677e-06
Norma del vettore g: 20.0
⚠️ Errore numerico: Autovalori troppo piccoli in Sigma. Uso la pseudo-inversa.
Strategy: rnd     , portfolio variance: 7.847486780781434e-16
Norma del vettore g: 19.999999999999996
⚠️ Errore numerico: Autovalori troppo piccoli in Sigma. Uso la pseudo-inversa.
Strategy: rnd     , portfolio variance: 3.019951005691554e-16
Norma del vettore g: 20.000000000000004
Strategy: rnd     , portfolio variance: 1.1884988066785552e-09
Norma del vettore g: 20.000000000000007
Strategy: rnd     , portfolio variance: 8.847577842578901e-07
Norma del vettore g: 20.000000000000007
Strategy: rnd     , portfolio variance: 3.5789217224860923e-07
Norma del vettore g: 20.0
Strategy: rnd     , portfolio variance: 8.517980002881644e-07
Norma del vettore g: 20.000000000000004
Strategy: rnd     , portfolio variance: 3.6307534971658456e-14
Norma del vettore g: 20.000000000000004
Strategy: rnd     , portfolio variance: 1.2344844495359623e-15
[============                                                          ] 18.18%
Norma del vettore g: 20.0
⚠️ Errore numerico: Autovalori troppo piccoli in Sigma. Uso la pseudo-inversa.
Strategy: min_var , portfolio variance: 8.37971463470346e-06
Norma del vettore g: 20.0
⚠️ Errore numerico: Autovalori troppo piccoli in Sigma. Uso la pseudo-inversa.
Strategy: min_var , portfolio variance: 4.3961589328732695e-16
Norma del vettore g: 20.0
Strategy: min_var , portfolio variance: 3.285247141091669e-13
Norma del vettore g: 20.0
Strategy: min_var , portfolio variance: 8.043117225112514e-07
Norma del vettore g: 20.0
Strategy: min_var , portfolio variance: 1.4808168722935618e-05
Norma del vettore g: 20.0
Strategy: min_var , portfolio variance: 0.13214134921261528
Norma del vettore g: 20.0
Strategy: min_var , portfolio variance: 3.3387151081078736e-05
Norma del vettore g: 20.0
Strategy: min_var , portfolio variance: 3.613015182026904e-05
Norma del vettore g non è uguale a sqrt(N): 212.30323650394152
Norma del vettore g: 20.000000000000004
⚠️ Errore numerico: Autovalori troppo piccoli in Sigma. Uso la pseudo-inversa.
Strategy: omn     , portfolio variance: 2.923549278448667e-06
Norma del vettore g non è uguale a sqrt(N): 212.30323650394152
Norma del vettore g: 20.000000000000004
⚠️ Errore numerico: Autovalori troppo piccoli in Sigma. Uso la pseudo-inversa.
Strategy: omn     , portfolio variance: 1.0648172650777696e-15
Norma del vettore g non è uguale a sqrt(N): 212.30323650394152
Norma del vettore g: 20.000000000000004
Strategy: omn     , portfolio variance: 1.0616666579601864e-12
Norma del vettore g non è uguale a sqrt(N): 212.30323650394152
Norma del vettore g: 20.000000000000004
Strategy: omn     , portfolio variance: 1.978003308413286e-06
Norma del vettore g non è uguale a sqrt(N): 212.30323650394152
Norma del vettore g: 20.000000000000004
Strategy: omn     , portfolio variance: 3.88322258125222e-06
Norma del vettore g non è uguale a sqrt(N): 212.30323650394152
Norma del vettore g: 20.000000000000004
Strategy: omn     , portfolio variance: 0.003615967708530718
Norma del vettore g non è uguale a sqrt(N): 212.30323650394152
Norma del vettore g: 20.000000000000004
Strategy: omn     , portfolio variance: 7.273006960339623e-06
Norma del vettore g non è uguale a sqrt(N): 212.30323650394152
Norma del vettore g: 20.000000000000004
Strategy: omn     , portfolio variance: 7.556382753822181e-06
Norma del vettore g non è uguale a sqrt(N): 212.30323650394152
Norma del vettore g: 20.000000000000004
⚠️ Errore numerico: Autovalori troppo piccoli in Sigma. Uso la pseudo-inversa.
Strategy: mean_rev, portfolio variance: 2.923549278448667e-06
Norma del vettore g non è uguale a sqrt(N): 212.30323650394152
Norma del vettore g: 20.000000000000004
⚠️ Errore numerico: Autovalori troppo piccoli in Sigma. Uso la pseudo-inversa.
Strategy: mean_rev, portfolio variance: 1.0648172650777696e-15
Norma del vettore g non è uguale a sqrt(N): 212.30323650394152
Norma del vettore g: 20.000000000000004
Strategy: mean_rev, portfolio variance: 1.0616666579601864e-12
Norma del vettore g non è uguale a sqrt(N): 212.30323650394152
Norma del vettore g: 20.000000000000004
Strategy: mean_rev, portfolio variance: 1.978003308413286e-06
Norma del vettore g non è uguale a sqrt(N): 212.30323650394152
Norma del vettore g: 20.000000000000004
Strategy: mean_rev, portfolio variance: 3.88322258125222e-06
Norma del vettore g non è uguale a sqrt(N): 212.30323650394152
Norma del vettore g: 20.000000000000004
Strategy: mean_rev, portfolio variance: 0.003615967708530718
Norma del vettore g non è uguale a sqrt(N): 212.30323650394152
Norma del vettore g: 20.000000000000004
Strategy: mean_rev, portfolio variance: 7.273006960339623e-06
Norma del vettore g non è uguale a sqrt(N): 212.30323650394152
Norma del vettore g: 20.000000000000004
Strategy: mean_rev, portfolio variance: 7.556382753822181e-06
Norma del vettore g: 19.999999999999993
⚠️ Errore numerico: Autovalori troppo piccoli in Sigma. Uso la pseudo-inversa.
Strategy: rnd     , portfolio variance: 9.268639885452873e-14
Norma del vettore g: 19.999999999999996
⚠️ Errore numerico: Autovalori troppo piccoli in Sigma. Uso la pseudo-inversa.
Strategy: rnd     , portfolio variance: 3.263175964377984e-16
Norma del vettore g: 19.999999999999993
Strategy: rnd     , portfolio variance: 3.096395954443818e-11
Norma del vettore g: 20.000000000000007
Strategy: rnd     , portfolio variance: 7.673117006439849e-07
Norma del vettore g: 20.000000000000004
Strategy: rnd     , portfolio variance: 3.245025693710692e-07
Norma del vettore g: 19.999999999999996
Strategy: rnd     , portfolio variance: 3.550873112603601e-06
Norma del vettore g: 19.999999999999993
Strategy: rnd     , portfolio variance: 1.6790586636828886e-15
Norma del vettore g: 20.000000000000007
Strategy: rnd     , portfolio variance: 6.735429846227698e-14
[=============                                                         ] 18.83%
Norma del vettore g: 20.0
⚠️ Errore numerico: Autovalori troppo piccoli in Sigma. Uso la pseudo-inversa.
Strategy: min_var , portfolio variance: 8.04897424413804e-06
Norma del vettore g: 20.0
⚠️ Errore numerico: Autovalori troppo piccoli in Sigma. Uso la pseudo-inversa.
Strategy: min_var , portfolio variance: 4.692001744845697e-16
Norma del vettore g: 20.0
Strategy: min_var , portfolio variance: 3.006923374732322e-13
Norma del vettore g: 20.0
Strategy: min_var , portfolio variance: 7.373042717796755e-07
Norma del vettore g: 20.0
Strategy: min_var , portfolio variance: 1.3853375803265217e-05
Norma del vettore g: 20.0
Strategy: min_var , portfolio variance: 0.13392760818533017
Norma del vettore g: 20.0
Strategy: min_var , portfolio variance: 3.205734013148415e-05
Norma del vettore g: 20.0
Strategy: min_var , portfolio variance: 3.312059591722705e-05
Norma del vettore g non è uguale a sqrt(N): 94.07622651585999
Norma del vettore g: 19.999999999999996
⚠️ Errore numerico: Autovalori troppo piccoli in Sigma. Uso la pseudo-inversa.
Strategy: omn     , portfolio variance: 1.3889570628300354e-06
Norma del vettore g non è uguale a sqrt(N): 94.07622651585999
Norma del vettore g: 19.999999999999996
⚠️ Errore numerico: Autovalori troppo piccoli in Sigma. Uso la pseudo-inversa.
Strategy: omn     , portfolio variance: 1.0907340900730968e-15
Norma del vettore g non è uguale a sqrt(N): 94.07622651585999
Norma del vettore g: 19.999999999999996
Strategy: omn     , portfolio variance: 9.682147592828582e-13
Norma del vettore g non è uguale a sqrt(N): 94.07622651585999
Norma del vettore g: 19.999999999999996
Strategy: omn     , portfolio variance: 1.3480849146197572e-06
Norma del vettore g non è uguale a sqrt(N): 94.07622651585999
Norma del vettore g: 19.999999999999996
Strategy: omn     , portfolio variance: 1.8822623240555534e-06
Norma del vettore g non è uguale a sqrt(N): 94.07622651585999
Norma del vettore g: 19.999999999999996
Strategy: omn     , portfolio variance: 0.00262477849527597
Norma del vettore g non è uguale a sqrt(N): 94.07622651585999
Norma del vettore g: 19.999999999999996
Strategy: omn     , portfolio variance: 2.9853703689996745e-06
Norma del vettore g non è uguale a sqrt(N): 94.07622651585999
Norma del vettore g: 19.999999999999996
Strategy: omn     , portfolio variance: 3.060732889659351e-06
Norma del vettore g non è uguale a sqrt(N): 94.07622651585999
Norma del vettore g: 19.999999999999996
⚠️ Errore numerico: Autovalori troppo piccoli in Sigma. Uso la pseudo-inversa.
Strategy: mean_rev, portfolio variance: 1.3889570628300354e-06
Norma del vettore g non è uguale a sqrt(N): 94.07622651585999
Norma del vettore g: 19.999999999999996
⚠️ Errore numerico: Autovalori troppo piccoli in Sigma. Uso la pseudo-inversa.
Strategy: mean_rev, portfolio variance: 1.0907340900730968e-15
Norma del vettore g non è uguale a sqrt(N): 94.07622651585999
Norma del vettore g: 19.999999999999996
Strategy: mean_rev, portfolio variance: 9.682147592828582e-13
Norma del vettore g non è uguale a sqrt(N): 94.07622651585999
Norma del vettore g: 19.999999999999996
Strategy: mean_rev, portfolio variance: 1.3480849146197572e-06
Norma del vettore g non è uguale a sqrt(N): 94.07622651585999
Norma del vettore g: 19.999999999999996
Strategy: mean_rev, portfolio variance: 1.8822623240555534e-06
Norma del vettore g non è uguale a sqrt(N): 94.07622651585999
Norma del vettore g: 19.999999999999996
Strategy: mean_rev, portfolio variance: 0.00262477849527597
Norma del vettore g non è uguale a sqrt(N): 94.07622651585999
Norma del vettore g: 19.999999999999996
Strategy: mean_rev, portfolio variance: 2.9853703689996745e-06
Norma del vettore g non è uguale a sqrt(N): 94.07622651585999
Norma del vettore g: 19.999999999999996
Strategy: mean_rev, portfolio variance: 3.060732889659351e-06
Norma del vettore g: 20.000000000000007
⚠️ Errore numerico: Autovalori troppo piccoli in Sigma. Uso la pseudo-inversa.
Strategy: rnd     , portfolio variance: 1.187693620633855e-15
Norma del vettore g: 19.999999999999993
⚠️ Errore numerico: Autovalori troppo piccoli in Sigma. Uso la pseudo-inversa.
Strategy: rnd     , portfolio variance: 6.595356249973867e-15
Norma del vettore g: 19.999999999999996
Strategy: rnd     , portfolio variance: 1.7360036471974133e-11
Norma del vettore g: 19.999999999999993
Strategy: rnd     , portfolio variance: 8.626508994453726e-07
Norma del vettore g: 20.000000000000004
Strategy: rnd     , portfolio variance: 2.9531102065980384e-07
Norma del vettore g: 20.0
Strategy: rnd     , portfolio variance: 4.9405719022675694e-05
Norma del vettore g: 20.0
Strategy: rnd     , portfolio variance: 7.372774612588068e-15
Norma del vettore g: 20.0
Strategy: rnd     , portfolio variance: 5.4661508277192467e-14
[=============                                                         ] 19.48%
Norma del vettore g: 20.0
⚠️ Errore numerico: Autovalori troppo piccoli in Sigma. Uso la pseudo-inversa.
Strategy: min_var , portfolio variance: 7.931325266625255e-06
Norma del vettore g: 20.0
⚠️ Errore numerico: Autovalori troppo piccoli in Sigma. Uso la pseudo-inversa.
Strategy: min_var , portfolio variance: 4.420444512137171e-16
Norma del vettore g: 20.0
⚠️ Errore numerico: Autovalori troppo piccoli in Sigma. Uso la pseudo-inversa.
Strategy: min_var , portfolio variance: 2.5451227876905855e-13
Norma del vettore g: 20.0
Strategy: min_var , portfolio variance: 6.967135955522148e-07
Norma del vettore g: 20.0
Strategy: min_var , portfolio variance: 1.323379832076243e-05
Norma del vettore g: 20.0
Strategy: min_var , portfolio variance: 0.13367028614953289
Norma del vettore g: 20.0
Strategy: min_var , portfolio variance: 2.7797366796103254e-05
Norma del vettore g: 20.0
Strategy: min_var , portfolio variance: 3.038341563849494e-05
Norma del vettore g non è uguale a sqrt(N): 82.85148787058208
Norma del vettore g: 20.000000000000004
⚠️ Errore numerico: Autovalori troppo piccoli in Sigma. Uso la pseudo-inversa.
Strategy: omn     , portfolio variance: 1.1991025070696845e-06
Norma del vettore g non è uguale a sqrt(N): 82.85148787058208
Norma del vettore g: 20.000000000000004
⚠️ Errore numerico: Autovalori troppo piccoli in Sigma. Uso la pseudo-inversa.
Strategy: omn     , portfolio variance: 1.9327471172696517e-15
Norma del vettore g non è uguale a sqrt(N): 82.85148787058208
Norma del vettore g: 20.000000000000004
⚠️ Errore numerico: Autovalori troppo piccoli in Sigma. Uso la pseudo-inversa.
Strategy: omn     , portfolio variance: 7.068827558658486e-13
Norma del vettore g non è uguale a sqrt(N): 82.85148787058208
Norma del vettore g: 20.000000000000004
Strategy: omn     , portfolio variance: 1.1446660562683681e-06
Norma del vettore g non è uguale a sqrt(N): 82.85148787058208
Norma del vettore g: 20.000000000000004
Strategy: omn     , portfolio variance: 1.6974252010011959e-06
Norma del vettore g non è uguale a sqrt(N): 82.85148787058208
Norma del vettore g: 20.000000000000004
Strategy: omn     , portfolio variance: 0.0030915499142112777
Norma del vettore g non è uguale a sqrt(N): 82.85148787058208
Norma del vettore g: 20.000000000000004
Strategy: omn     , portfolio variance: 2.598288483709788e-06
Norma del vettore g non è uguale a sqrt(N): 82.85148787058208
Norma del vettore g: 20.000000000000004
Strategy: omn     , portfolio variance: 2.6501150173170876e-06
Norma del vettore g non è uguale a sqrt(N): 82.85148787058208
Norma del vettore g: 20.000000000000004
⚠️ Errore numerico: Autovalori troppo piccoli in Sigma. Uso la pseudo-inversa.
Strategy: mean_rev, portfolio variance: 1.1991025070696845e-06
Norma del vettore g non è uguale a sqrt(N): 82.85148787058208
Norma del vettore g: 20.000000000000004
⚠️ Errore numerico: Autovalori troppo piccoli in Sigma. Uso la pseudo-inversa.
Strategy: mean_rev, portfolio variance: 1.9327471172696517e-15
Norma del vettore g non è uguale a sqrt(N): 82.85148787058208
Norma del vettore g: 20.000000000000004
⚠️ Errore numerico: Autovalori troppo piccoli in Sigma. Uso la pseudo-inversa.
Strategy: mean_rev, portfolio variance: 7.068827558658486e-13
Norma del vettore g non è uguale a sqrt(N): 82.85148787058208
Norma del vettore g: 20.000000000000004
Strategy: mean_rev, portfolio variance: 1.1446660562683681e-06
Norma del vettore g non è uguale a sqrt(N): 82.85148787058208
Norma del vettore g: 20.000000000000004
Strategy: mean_rev, portfolio variance: 1.6974252010011959e-06
Norma del vettore g non è uguale a sqrt(N): 82.85148787058208
Norma del vettore g: 20.000000000000004
Strategy: mean_rev, portfolio variance: 0.0030915499142112777
Norma del vettore g non è uguale a sqrt(N): 82.85148787058208
Norma del vettore g: 20.000000000000004
Strategy: mean_rev, portfolio variance: 2.598288483709788e-06
Norma del vettore g non è uguale a sqrt(N): 82.85148787058208
Norma del vettore g: 20.000000000000004
Strategy: mean_rev, portfolio variance: 2.6501150173170876e-06
Norma del vettore g: 19.999999999999993
⚠️ Errore numerico: Autovalori troppo piccoli in Sigma. Uso la pseudo-inversa.
Strategy: rnd     , portfolio variance: 5.923421410254198e-16
Norma del vettore g: 19.999999999999996
⚠️ Errore numerico: Autovalori troppo piccoli in Sigma. Uso la pseudo-inversa.
Strategy: rnd     , portfolio variance: 3.50284738931244e-15
Norma del vettore g: 20.000000000000004
⚠️ Errore numerico: Autovalori troppo piccoli in Sigma. Uso la pseudo-inversa.
Strategy: rnd     , portfolio variance: 9.111863007361004e-11
Norma del vettore g: 20.0
Strategy: rnd     , portfolio variance: 7.773599970087084e-07
Norma del vettore g: 20.0
Strategy: rnd     , portfolio variance: 2.8354577980772634e-07
Norma del vettore g: 19.999999999999996
Strategy: rnd     , portfolio variance: 1.611265062245146e-05
Norma del vettore g: 20.000000000000004
Strategy: rnd     , portfolio variance: 1.7308825330372458e-15
Norma del vettore g: 20.000000000000004
Strategy: rnd     , portfolio variance: 1.459367243623793e-14
[==============                                                        ] 20.13%
Kendall covariance matrix not positive definite!
 It may happen!
Norma del vettore g: 20.0
⚠️ Errore numerico: Autovalori troppo piccoli in Sigma. Uso la pseudo-inversa.
Strategy: min_var , portfolio variance: 7.251326051054231e-06
Norma del vettore g: 20.0
⚠️ Errore numerico: Autovalori troppo piccoli in Sigma. Uso la pseudo-inversa.
Strategy: min_var , portfolio variance: 4.439493108756135e-16
Norma del vettore g: 20.0
⚠️ Errore numerico: Autovalori troppo piccoli in Sigma. Uso la pseudo-inversa.
Strategy: min_var , portfolio variance: 2.4261498227801214e-13
Norma del vettore g: 20.0
Strategy: min_var , portfolio variance: 6.73900319636857e-07
Norma del vettore g: 20.0
Strategy: min_var , portfolio variance: 1.233218439569538e-05
Norma del vettore g: 20.0
⚠️ Errore numerico: Autovalori troppo piccoli in Sigma. Uso la pseudo-inversa.
Strategy: min_var , portfolio variance: 1.335005751727304e+28
Norma del vettore g: 20.0
Strategy: min_var , portfolio variance: 2.5498579097476588e-05
Norma del vettore g: 20.0
Strategy: min_var , portfolio variance: 2.825682918918103e-05
Norma del vettore g non è uguale a sqrt(N): 114.63197861843639
Norma del vettore g: 19.999999999999993
⚠️ Errore numerico: Autovalori troppo piccoli in Sigma. Uso la pseudo-inversa.
Strategy: omn     , portfolio variance: 2.0429075681011153e-06
Norma del vettore g non è uguale a sqrt(N): 114.63197861843639
Norma del vettore g: 19.999999999999993
⚠️ Errore numerico: Autovalori troppo piccoli in Sigma. Uso la pseudo-inversa.
Strategy: omn     , portfolio variance: 1.1507232110662162e-15
Norma del vettore g non è uguale a sqrt(N): 114.63197861843639
Norma del vettore g: 19.999999999999993
⚠️ Errore numerico: Autovalori troppo piccoli in Sigma. Uso la pseudo-inversa.
Strategy: omn     , portfolio variance: 6.811720872256618e-13
Norma del vettore g non è uguale a sqrt(N): 114.63197861843639
Norma del vettore g: 19.999999999999993
Strategy: omn     , portfolio variance: 1.345195648394687e-06
Norma del vettore g non è uguale a sqrt(N): 114.63197861843639
Norma del vettore g: 19.999999999999993
Strategy: omn     , portfolio variance: 2.8341243027959865e-06
Norma del vettore g non è uguale a sqrt(N): 114.63197861843639
Norma del vettore g: 19.999999999999993
⚠️ Errore numerico: Autovalori troppo piccoli in Sigma. Uso la pseudo-inversa.
Strategy: omn     , portfolio variance: 5.333028971016468e-08
Norma del vettore g non è uguale a sqrt(N): 114.63197861843639
Norma del vettore g: 19.999999999999993
Strategy: omn     , portfolio variance: 4.54380220064773e-06
Norma del vettore g non è uguale a sqrt(N): 114.63197861843639
Norma del vettore g: 19.999999999999993
Strategy: omn     , portfolio variance: 4.394568933898151e-06
Norma del vettore g non è uguale a sqrt(N): 114.63197861843639
Norma del vettore g: 19.999999999999993
⚠️ Errore numerico: Autovalori troppo piccoli in Sigma. Uso la pseudo-inversa.
Strategy: mean_rev, portfolio variance: 2.0429075681011153e-06
Norma del vettore g non è uguale a sqrt(N): 114.63197861843639
Norma del vettore g: 19.999999999999993
⚠️ Errore numerico: Autovalori troppo piccoli in Sigma. Uso la pseudo-inversa.
Strategy: mean_rev, portfolio variance: 1.1507232110662162e-15
Norma del vettore g non è uguale a sqrt(N): 114.63197861843639
Norma del vettore g: 19.999999999999993
⚠️ Errore numerico: Autovalori troppo piccoli in Sigma. Uso la pseudo-inversa.
Strategy: mean_rev, portfolio variance: 6.811720872256618e-13
Norma del vettore g non è uguale a sqrt(N): 114.63197861843639
Norma del vettore g: 19.999999999999993
Strategy: mean_rev, portfolio variance: 1.345195648394687e-06
Norma del vettore g non è uguale a sqrt(N): 114.63197861843639
Norma del vettore g: 19.999999999999993
Strategy: mean_rev, portfolio variance: 2.8341243027959865e-06
Norma del vettore g non è uguale a sqrt(N): 114.63197861843639
Norma del vettore g: 19.999999999999993
⚠️ Errore numerico: Autovalori troppo piccoli in Sigma. Uso la pseudo-inversa.
Strategy: mean_rev, portfolio variance: 5.333028971016468e-08
Norma del vettore g non è uguale a sqrt(N): 114.63197861843639
Norma del vettore g: 19.999999999999993
Strategy: mean_rev, portfolio variance: 4.54380220064773e-06
Norma del vettore g non è uguale a sqrt(N): 114.63197861843639
Norma del vettore g: 19.999999999999993
Strategy: mean_rev, portfolio variance: 4.394568933898151e-06
Norma del vettore g: 19.999999999999996
⚠️ Errore numerico: Autovalori troppo piccoli in Sigma. Uso la pseudo-inversa.
Strategy: rnd     , portfolio variance: 1.3034374633565317e-14
Norma del vettore g: 20.0
⚠️ Errore numerico: Autovalori troppo piccoli in Sigma. Uso la pseudo-inversa.
Strategy: rnd     , portfolio variance: 2.6990047160630167e-16
Norma del vettore g: 20.0
⚠️ Errore numerico: Autovalori troppo piccoli in Sigma. Uso la pseudo-inversa.
Strategy: rnd     , portfolio variance: 1.4282113930503794e-10
Norma del vettore g: 20.0
Strategy: rnd     , portfolio variance: 6.603324919596967e-07
Norma del vettore g: 19.999999999999996
Strategy: rnd     , portfolio variance: 2.876602124751373e-07
Norma del vettore g: 20.000000000000004
⚠️ Errore numerico: Autovalori troppo piccoli in Sigma. Uso la pseudo-inversa.
Strategy: rnd     , portfolio variance: -1.278370744231093e-30
Norma del vettore g: 20.0
Strategy: rnd     , portfolio variance: 1.3669972058209388e-15
Norma del vettore g: 19.999999999999996
Strategy: rnd     , portfolio variance: 8.461572290495506e-15
[==============                                                        ] 20.78%
Kendall covariance matrix not positive definite!
 It may happen!
Norma del vettore g: 20.0
⚠️ Errore numerico: Autovalori troppo piccoli in Sigma. Uso la pseudo-inversa.
Strategy: min_var , portfolio variance: 6.830975992215512e-06
Norma del vettore g: 20.0
⚠️ Errore numerico: Autovalori troppo piccoli in Sigma. Uso la pseudo-inversa.
Strategy: min_var , portfolio variance: 4.46940189842273e-16
Norma del vettore g: 20.0
⚠️ Errore numerico: Autovalori troppo piccoli in Sigma. Uso la pseudo-inversa.
Strategy: min_var , portfolio variance: 2.2715801653288906e-13
Norma del vettore g: 20.0
Strategy: min_var , portfolio variance: 6.485969783029893e-07
Norma del vettore g: 20.0
Strategy: min_var , portfolio variance: 1.1739582038328945e-05
Norma del vettore g: 20.0
⚠️ Errore numerico: Autovalori troppo piccoli in Sigma. Uso la pseudo-inversa.
Strategy: min_var , portfolio variance: 3.302860824953295
Norma del vettore g: 20.0
Strategy: min_var , portfolio variance: 2.415972263240765e-05
Norma del vettore g: 20.0
Strategy: min_var , portfolio variance: 2.6901282170810303e-05
Norma del vettore g non è uguale a sqrt(N): 56.55082077697146
Norma del vettore g: 19.999999999999996
⚠️ Errore numerico: Autovalori troppo piccoli in Sigma. Uso la pseudo-inversa.
Strategy: omn     , portfolio variance: 7.287988944602651e-07
Norma del vettore g non è uguale a sqrt(N): 56.55082077697146
Norma del vettore g: 19.999999999999996
⚠️ Errore numerico: Autovalori troppo piccoli in Sigma. Uso la pseudo-inversa.
Strategy: omn     , portfolio variance: 1.9396131416202645e-16
Norma del vettore g non è uguale a sqrt(N): 56.55082077697146
Norma del vettore g: 19.999999999999996
⚠️ Errore numerico: Autovalori troppo piccoli in Sigma. Uso la pseudo-inversa.
Strategy: omn     , portfolio variance: 1.0105443219189729e-12
Norma del vettore g non è uguale a sqrt(N): 56.55082077697146
Norma del vettore g: 19.999999999999996
Strategy: omn     , portfolio variance: 1.0530188974326926e-06
Norma del vettore g non è uguale a sqrt(N): 56.55082077697146
Norma del vettore g: 19.999999999999996
Strategy: omn     , portfolio variance: 1.0439344019560673e-06
Norma del vettore g non è uguale a sqrt(N): 56.55082077697146
Norma del vettore g: 19.999999999999996
⚠️ Errore numerico: Autovalori troppo piccoli in Sigma. Uso la pseudo-inversa.
Strategy: omn     , portfolio variance: -6.54469993653621e-19
Norma del vettore g non è uguale a sqrt(N): 56.55082077697146
Norma del vettore g: 19.999999999999996
Strategy: omn     , portfolio variance: 1.3257391090581625e-06
Norma del vettore g non è uguale a sqrt(N): 56.55082077697146
Norma del vettore g: 19.999999999999996
Strategy: omn     , portfolio variance: 1.2580760964433182e-06
Norma del vettore g non è uguale a sqrt(N): 56.55082077697146
Norma del vettore g: 19.999999999999996
⚠️ Errore numerico: Autovalori troppo piccoli in Sigma. Uso la pseudo-inversa.
Strategy: mean_rev, portfolio variance: 7.287988944602651e-07
Norma del vettore g non è uguale a sqrt(N): 56.55082077697146
Norma del vettore g: 19.999999999999996
⚠️ Errore numerico: Autovalori troppo piccoli in Sigma. Uso la pseudo-inversa.
Strategy: mean_rev, portfolio variance: 1.9396131416202645e-16
Norma del vettore g non è uguale a sqrt(N): 56.55082077697146
Norma del vettore g: 19.999999999999996
⚠️ Errore numerico: Autovalori troppo piccoli in Sigma. Uso la pseudo-inversa.
Strategy: mean_rev, portfolio variance: 1.0105443219189729e-12
Norma del vettore g non è uguale a sqrt(N): 56.55082077697146
Norma del vettore g: 19.999999999999996
Strategy: mean_rev, portfolio variance: 1.0530188974326926e-06
Norma del vettore g non è uguale a sqrt(N): 56.55082077697146
Norma del vettore g: 19.999999999999996
Strategy: mean_rev, portfolio variance: 1.0439344019560673e-06
Norma del vettore g non è uguale a sqrt(N): 56.55082077697146
Norma del vettore g: 19.999999999999996
⚠️ Errore numerico: Autovalori troppo piccoli in Sigma. Uso la pseudo-inversa.
Strategy: mean_rev, portfolio variance: -6.54469993653621e-19
Norma del vettore g non è uguale a sqrt(N): 56.55082077697146
Norma del vettore g: 19.999999999999996
Strategy: mean_rev, portfolio variance: 1.3257391090581625e-06
Norma del vettore g non è uguale a sqrt(N): 56.55082077697146
Norma del vettore g: 19.999999999999996
Strategy: mean_rev, portfolio variance: 1.2580760964433182e-06
Norma del vettore g: 19.999999999999993
⚠️ Errore numerico: Autovalori troppo piccoli in Sigma. Uso la pseudo-inversa.
Strategy: rnd     , portfolio variance: 2.6703720861680013e-14
Norma del vettore g: 19.999999999999993
⚠️ Errore numerico: Autovalori troppo piccoli in Sigma. Uso la pseudo-inversa.
Strategy: rnd     , portfolio variance: 1.9462320113220829e-16
Norma del vettore g: 20.0
⚠️ Errore numerico: Autovalori troppo piccoli in Sigma. Uso la pseudo-inversa.
Strategy: rnd     , portfolio variance: 9.399120567565354e-11
Norma del vettore g: 19.999999999999996
Strategy: rnd     , portfolio variance: 6.757971133414279e-07
Norma del vettore g: 20.0
Strategy: rnd     , portfolio variance: 2.7086257479608905e-07
Norma del vettore g: 19.999999999999996
⚠️ Errore numerico: Autovalori troppo piccoli in Sigma. Uso la pseudo-inversa.
Strategy: rnd     , portfolio variance: -4.2095109575709344e-32
Norma del vettore g: 19.999999999999996
Strategy: rnd     , portfolio variance: 3.0177165575963068e-15
Norma del vettore g: 20.0
Strategy: rnd     , portfolio variance: 1.9559322613600418e-15
[===============                                                       ] 21.43%
Kendall covariance matrix not positive definite!
 It may happen!
Norma del vettore g: 20.0
⚠️ Errore numerico: Autovalori troppo piccoli in Sigma. Uso la pseudo-inversa.
Strategy: min_var , portfolio variance: 6.948359187753954e-06
Norma del vettore g: 20.0
⚠️ Errore numerico: Autovalori troppo piccoli in Sigma. Uso la pseudo-inversa.
Strategy: min_var , portfolio variance: 4.629946747722275e-16
Norma del vettore g: 20.0
⚠️ Errore numerico: Autovalori troppo piccoli in Sigma. Uso la pseudo-inversa.
Strategy: min_var , portfolio variance: 2.256429674241225e-13
Norma del vettore g: 20.0
Strategy: min_var , portfolio variance: 6.434599882015697e-07
Norma del vettore g: 20.0
Strategy: min_var , portfolio variance: 1.1766658372674343e-05
Norma del vettore g: 20.0
⚠️ Errore numerico: Autovalori troppo piccoli in Sigma. Uso la pseudo-inversa.
Strategy: min_var , portfolio variance: 6.921390523804252e+26
Norma del vettore g: 20.0
Strategy: min_var , portfolio variance: 2.3920830852627727e-05
Norma del vettore g: 20.0
Strategy: min_var , portfolio variance: 2.7563501397558503e-05
Norma del vettore g non è uguale a sqrt(N): 52.80778594272953
Norma del vettore g: 20.000000000000007
⚠️ Errore numerico: Autovalori troppo piccoli in Sigma. Uso la pseudo-inversa.
Strategy: omn     , portfolio variance: 6.348236494755097e-07
Norma del vettore g non è uguale a sqrt(N): 52.80778594272953
Norma del vettore g: 20.000000000000007
⚠️ Errore numerico: Autovalori troppo piccoli in Sigma. Uso la pseudo-inversa.
Strategy: omn     , portfolio variance: 1.4708086826002955e-16
Norma del vettore g non è uguale a sqrt(N): 52.80778594272953
Norma del vettore g: 20.000000000000007
⚠️ Errore numerico: Autovalori troppo piccoli in Sigma. Uso la pseudo-inversa.
Strategy: omn     , portfolio variance: 9.180840364673938e-13
Norma del vettore g non è uguale a sqrt(N): 52.80778594272953
Norma del vettore g: 20.000000000000007
Strategy: omn     , portfolio variance: 8.162468362256174e-07
Norma del vettore g non è uguale a sqrt(N): 52.80778594272953
Norma del vettore g: 20.000000000000007
Strategy: omn     , portfolio variance: 9.170483063865055e-07
Norma del vettore g non è uguale a sqrt(N): 52.80778594272953
Norma del vettore g: 20.000000000000007
⚠️ Errore numerico: Autovalori troppo piccoli in Sigma. Uso la pseudo-inversa.
Strategy: omn     , portfolio variance: 2.749394445889131e-09
Norma del vettore g non è uguale a sqrt(N): 52.80778594272953
Norma del vettore g: 20.000000000000007
Strategy: omn     , portfolio variance: 1.2499977519849383e-06
Norma del vettore g non è uguale a sqrt(N): 52.80778594272953
Norma del vettore g: 20.000000000000007
Strategy: omn     , portfolio variance: 1.2230869813198438e-06
Norma del vettore g non è uguale a sqrt(N): 52.80778594272953
Norma del vettore g: 20.000000000000007
⚠️ Errore numerico: Autovalori troppo piccoli in Sigma. Uso la pseudo-inversa.
Strategy: mean_rev, portfolio variance: 6.348236494755097e-07
Norma del vettore g non è uguale a sqrt(N): 52.80778594272953
Norma del vettore g: 20.000000000000007
⚠️ Errore numerico: Autovalori troppo piccoli in Sigma. Uso la pseudo-inversa.
Strategy: mean_rev, portfolio variance: 1.4708086826002955e-16
Norma del vettore g non è uguale a sqrt(N): 52.80778594272953
Norma del vettore g: 20.000000000000007
⚠️ Errore numerico: Autovalori troppo piccoli in Sigma. Uso la pseudo-inversa.
Strategy: mean_rev, portfolio variance: 9.180840364673938e-13
Norma del vettore g non è uguale a sqrt(N): 52.80778594272953
Norma del vettore g: 20.000000000000007
Strategy: mean_rev, portfolio variance: 8.162468362256174e-07
Norma del vettore g non è uguale a sqrt(N): 52.80778594272953
Norma del vettore g: 20.000000000000007
Strategy: mean_rev, portfolio variance: 9.170483063865055e-07
Norma del vettore g non è uguale a sqrt(N): 52.80778594272953
Norma del vettore g: 20.000000000000007
⚠️ Errore numerico: Autovalori troppo piccoli in Sigma. Uso la pseudo-inversa.
Strategy: mean_rev, portfolio variance: 2.749394445889131e-09
Norma del vettore g non è uguale a sqrt(N): 52.80778594272953
Norma del vettore g: 20.000000000000007
Strategy: mean_rev, portfolio variance: 1.2499977519849383e-06
Norma del vettore g non è uguale a sqrt(N): 52.80778594272953
Norma del vettore g: 20.000000000000007
Strategy: mean_rev, portfolio variance: 1.2230869813198438e-06
Norma del vettore g: 19.999999999999996
⚠️ Errore numerico: Autovalori troppo piccoli in Sigma. Uso la pseudo-inversa.
Strategy: rnd     , portfolio variance: 3.517318253968289e-15
Norma del vettore g: 19.999999999999993
⚠️ Errore numerico: Autovalori troppo piccoli in Sigma. Uso la pseudo-inversa.
Strategy: rnd     , portfolio variance: 1.4355436906795228e-14
Norma del vettore g: 20.000000000000004
⚠️ Errore numerico: Autovalori troppo piccoli in Sigma. Uso la pseudo-inversa.
Strategy: rnd     , portfolio variance: 3.1735623586514035e-10
Norma del vettore g: 20.0
Strategy: rnd     , portfolio variance: 6.540074368365684e-07
Norma del vettore g: 20.000000000000004
Strategy: rnd     , portfolio variance: 2.615289781448968e-07
Norma del vettore g: 20.000000000000007
⚠️ Errore numerico: Autovalori troppo piccoli in Sigma. Uso la pseudo-inversa.
Strategy: rnd     , portfolio variance: -4.813853113314349e-31
Norma del vettore g: 19.999999999999996
Strategy: rnd     , portfolio variance: 2.8067885358892646e-15
Norma del vettore g: 20.0
Strategy: rnd     , portfolio variance: 1.5792594517232988e-15
[===============                                                       ] 22.08%
Kendall covariance matrix not positive definite!
 It may happen!
Norma del vettore g: 20.0
⚠️ Errore numerico: Autovalori troppo piccoli in Sigma. Uso la pseudo-inversa.
Strategy: min_var , portfolio variance: 6.835220549619176e-06
Norma del vettore g: 20.0
⚠️ Errore numerico: Autovalori troppo piccoli in Sigma. Uso la pseudo-inversa.
Strategy: min_var , portfolio variance: 4.540735640056808e-16
Norma del vettore g: 20.0
⚠️ Errore numerico: Autovalori troppo piccoli in Sigma. Uso la pseudo-inversa.
Strategy: min_var , portfolio variance: 2.1979842510354564e-13
Norma del vettore g: 20.0
Strategy: min_var , portfolio variance: 6.34387975302883e-07
Norma del vettore g: 20.0
Strategy: min_var , portfolio variance: 1.166804141509595e-05
Norma del vettore g: 20.0
⚠️ Errore numerico: Autovalori troppo piccoli in Sigma. Uso la pseudo-inversa.
Strategy: min_var , portfolio variance: 5.013551325820729e+26
Norma del vettore g: 20.0
Strategy: min_var , portfolio variance: 2.4632026770767827e-05
Norma del vettore g: 20.0
Strategy: min_var , portfolio variance: 2.616118000954939e-05
Norma del vettore g non è uguale a sqrt(N): 50.03463497053629
Norma del vettore g: 20.000000000000004
⚠️ Errore numerico: Autovalori troppo piccoli in Sigma. Uso la pseudo-inversa.
Strategy: omn     , portfolio variance: 6.032316266485161e-07
Norma del vettore g non è uguale a sqrt(N): 50.03463497053629
Norma del vettore g: 20.000000000000004
⚠️ Errore numerico: Autovalori troppo piccoli in Sigma. Uso la pseudo-inversa.
Strategy: omn     , portfolio variance: 5.701073031897152e-16
Norma del vettore g non è uguale a sqrt(N): 50.03463497053629
Norma del vettore g: 20.000000000000004
⚠️ Errore numerico: Autovalori troppo piccoli in Sigma. Uso la pseudo-inversa.
Strategy: omn     , portfolio variance: 1.1160812220260986e-12
Norma del vettore g non è uguale a sqrt(N): 50.03463497053629
Norma del vettore g: 20.000000000000004
Strategy: omn     , portfolio variance: 8.79671384038843e-07
Norma del vettore g non è uguale a sqrt(N): 50.03463497053629
Norma del vettore g: 20.000000000000004
Strategy: omn     , portfolio variance: 8.702652279053608e-07
Norma del vettore g non è uguale a sqrt(N): 50.03463497053629
Norma del vettore g: 20.000000000000004
⚠️ Errore numerico: Autovalori troppo piccoli in Sigma. Uso la pseudo-inversa.
Strategy: omn     , portfolio variance: 1.8917070107126645e-09
Norma del vettore g non è uguale a sqrt(N): 50.03463497053629
Norma del vettore g: 20.000000000000004
Strategy: omn     , portfolio variance: 1.1375887355088659e-06
Norma del vettore g non è uguale a sqrt(N): 50.03463497053629
Norma del vettore g: 20.000000000000004
Strategy: omn     , portfolio variance: 1.168822897975744e-06
Norma del vettore g non è uguale a sqrt(N): 50.03463497053629
Norma del vettore g: 20.000000000000004
⚠️ Errore numerico: Autovalori troppo piccoli in Sigma. Uso la pseudo-inversa.
Strategy: mean_rev, portfolio variance: 6.032316266485161e-07
Norma del vettore g non è uguale a sqrt(N): 50.03463497053629
Norma del vettore g: 20.000000000000004
⚠️ Errore numerico: Autovalori troppo piccoli in Sigma. Uso la pseudo-inversa.
Strategy: mean_rev, portfolio variance: 5.701073031897152e-16
Norma del vettore g non è uguale a sqrt(N): 50.03463497053629
Norma del vettore g: 20.000000000000004
⚠️ Errore numerico: Autovalori troppo piccoli in Sigma. Uso la pseudo-inversa.
Strategy: mean_rev, portfolio variance: 1.1160812220260986e-12
Norma del vettore g non è uguale a sqrt(N): 50.03463497053629
Norma del vettore g: 20.000000000000004
Strategy: mean_rev, portfolio variance: 8.79671384038843e-07
Norma del vettore g non è uguale a sqrt(N): 50.03463497053629
Norma del vettore g: 20.000000000000004
Strategy: mean_rev, portfolio variance: 8.702652279053608e-07
Norma del vettore g non è uguale a sqrt(N): 50.03463497053629
Norma del vettore g: 20.000000000000004
⚠️ Errore numerico: Autovalori troppo piccoli in Sigma. Uso la pseudo-inversa.
Strategy: mean_rev, portfolio variance: 1.8917070107126645e-09
Norma del vettore g non è uguale a sqrt(N): 50.03463497053629
Norma del vettore g: 20.000000000000004
Strategy: mean_rev, portfolio variance: 1.1375887355088659e-06
Norma del vettore g non è uguale a sqrt(N): 50.03463497053629
Norma del vettore g: 20.000000000000004
Strategy: mean_rev, portfolio variance: 1.168822897975744e-06
Norma del vettore g: 20.0
⚠️ Errore numerico: Autovalori troppo piccoli in Sigma. Uso la pseudo-inversa.
Strategy: rnd     , portfolio variance: 3.9237393673331495e-15
Norma del vettore g: 19.999999999999996
⚠️ Errore numerico: Autovalori troppo piccoli in Sigma. Uso la pseudo-inversa.
Strategy: rnd     , portfolio variance: 4.099811703312308e-15
Norma del vettore g: 20.0
⚠️ Errore numerico: Autovalori troppo piccoli in Sigma. Uso la pseudo-inversa.
Strategy: rnd     , portfolio variance: 1.0226335576025703e-10
Norma del vettore g: 20.0
Strategy: rnd     , portfolio variance: 5.985069527569788e-07
Norma del vettore g: 19.999999999999993
Strategy: rnd     , portfolio variance: 2.2036504651555966e-07
Norma del vettore g: 20.0
⚠️ Errore numerico: Autovalori troppo piccoli in Sigma. Uso la pseudo-inversa.
Strategy: rnd     , portfolio variance: -5.3510821543500465e-30
Norma del vettore g: 19.999999999999996
Strategy: rnd     , portfolio variance: 3.8590679125251025e-14
Norma del vettore g: 19.999999999999996
Strategy: rnd     , portfolio variance: 9.395385493321992e-15
[===============                                                       ] 22.73%
Norma del vettore g: 20.0
⚠️ Errore numerico: Autovalori troppo piccoli in Sigma. Uso la pseudo-inversa.
Strategy: min_var , portfolio variance: 6.929469268020331e-06
Norma del vettore g: 20.0
⚠️ Errore numerico: Autovalori troppo piccoli in Sigma. Uso la pseudo-inversa.
Strategy: min_var , portfolio variance: 4.444290121124987e-16
Norma del vettore g: 20.0
⚠️ Errore numerico: Autovalori troppo piccoli in Sigma. Uso la pseudo-inversa.
Strategy: min_var , portfolio variance: 2.140437306330054e-13
Norma del vettore g: 20.0
Strategy: min_var , portfolio variance: 6.196352168798292e-07
Norma del vettore g: 20.0
Strategy: min_var , portfolio variance: 1.1663152979338632e-05
Norma del vettore g: 20.0
⚠️ Errore numerico: Autovalori troppo piccoli in Sigma. Uso la pseudo-inversa.
Strategy: min_var , portfolio variance: 0.38510723246368805
Norma del vettore g: 20.0
Strategy: min_var , portfolio variance: 2.4161887257779964e-05
Norma del vettore g: 20.0
Strategy: min_var , portfolio variance: 2.658452186791018e-05
Norma del vettore g non è uguale a sqrt(N): 52.62091290413302
Norma del vettore g: 20.000000000000004
⚠️ Errore numerico: Autovalori troppo piccoli in Sigma. Uso la pseudo-inversa.
Strategy: omn     , portfolio variance: 7.010527389435919e-07
Norma del vettore g non è uguale a sqrt(N): 52.62091290413302
Norma del vettore g: 20.000000000000004
⚠️ Errore numerico: Autovalori troppo piccoli in Sigma. Uso la pseudo-inversa.
Strategy: omn     , portfolio variance: 3.415356819871506e-15
Norma del vettore g non è uguale a sqrt(N): 52.62091290413302
Norma del vettore g: 20.000000000000004
⚠️ Errore numerico: Autovalori troppo piccoli in Sigma. Uso la pseudo-inversa.
Strategy: omn     , portfolio variance: 1.6871929343117287e-12
Norma del vettore g non è uguale a sqrt(N): 52.62091290413302
Norma del vettore g: 20.000000000000004
Strategy: omn     , portfolio variance: 1.1116726634406131e-06
Norma del vettore g non è uguale a sqrt(N): 52.62091290413302
Norma del vettore g: 20.000000000000004
Strategy: omn     , portfolio variance: 9.786039159102849e-07
Norma del vettore g non è uguale a sqrt(N): 52.62091290413302
Norma del vettore g: 20.000000000000004
⚠️ Errore numerico: Autovalori troppo piccoli in Sigma. Uso la pseudo-inversa.
Strategy: omn     , portfolio variance: -2.2082921822436463e-18
Norma del vettore g non è uguale a sqrt(N): 52.62091290413302
Norma del vettore g: 20.000000000000004
Strategy: omn     , portfolio variance: 1.5388642378358673e-06
Norma del vettore g non è uguale a sqrt(N): 52.62091290413302
Norma del vettore g: 20.000000000000004
Strategy: omn     , portfolio variance: 1.5155504777313473e-06
Norma del vettore g non è uguale a sqrt(N): 52.62091290413302
Norma del vettore g: 20.000000000000004
⚠️ Errore numerico: Autovalori troppo piccoli in Sigma. Uso la pseudo-inversa.
Strategy: mean_rev, portfolio variance: 7.010527389435919e-07
Norma del vettore g non è uguale a sqrt(N): 52.62091290413302
Norma del vettore g: 20.000000000000004
⚠️ Errore numerico: Autovalori troppo piccoli in Sigma. Uso la pseudo-inversa.
Strategy: mean_rev, portfolio variance: 3.415356819871506e-15
Norma del vettore g non è uguale a sqrt(N): 52.62091290413302
Norma del vettore g: 20.000000000000004
⚠️ Errore numerico: Autovalori troppo piccoli in Sigma. Uso la pseudo-inversa.
Strategy: mean_rev, portfolio variance: 1.6871929343117287e-12
Norma del vettore g non è uguale a sqrt(N): 52.62091290413302
Norma del vettore g: 20.000000000000004
Strategy: mean_rev, portfolio variance: 1.1116726634406131e-06
Norma del vettore g non è uguale a sqrt(N): 52.62091290413302
Norma del vettore g: 20.000000000000004
Strategy: mean_rev, portfolio variance: 9.786039159102849e-07
Norma del vettore g non è uguale a sqrt(N): 52.62091290413302
Norma del vettore g: 20.000000000000004
⚠️ Errore numerico: Autovalori troppo piccoli in Sigma. Uso la pseudo-inversa.
Strategy: mean_rev, portfolio variance: -2.2082921822436463e-18
Norma del vettore g non è uguale a sqrt(N): 52.62091290413302
Norma del vettore g: 20.000000000000004
Strategy: mean_rev, portfolio variance: 1.5388642378358673e-06
Norma del vettore g non è uguale a sqrt(N): 52.62091290413302
Norma del vettore g: 20.000000000000004
Strategy: mean_rev, portfolio variance: 1.5155504777313473e-06
Norma del vettore g: 20.0
⚠️ Errore numerico: Autovalori troppo piccoli in Sigma. Uso la pseudo-inversa.
Strategy: rnd     , portfolio variance: 2.8429986955774786e-14
Norma del vettore g: 20.0
⚠️ Errore numerico: Autovalori troppo piccoli in Sigma. Uso la pseudo-inversa.
Strategy: rnd     , portfolio variance: 5.983215019587414e-15
Norma del vettore g: 20.0
⚠️ Errore numerico: Autovalori troppo piccoli in Sigma. Uso la pseudo-inversa.
Strategy: rnd     , portfolio variance: 4.824456929501164e-10
Norma del vettore g: 20.000000000000004
Strategy: rnd     , portfolio variance: 6.328568321387277e-07
Norma del vettore g: 19.999999999999996
Strategy: rnd     , portfolio variance: 2.4764244223145226e-07
Norma del vettore g: 19.999999999999996
⚠️ Errore numerico: Autovalori troppo piccoli in Sigma. Uso la pseudo-inversa.
Strategy: rnd     , portfolio variance: -2.226890599270578e-29
Norma del vettore g: 19.999999999999996
Strategy: rnd     , portfolio variance: 2.1790777803805456e-15
Norma del vettore g: 20.000000000000004
Strategy: rnd     , portfolio variance: 5.229268144470419e-15
[================                                                      ] 23.38%
Kendall covariance matrix not positive definite!
 It may happen!
Norma del vettore g: 20.0
⚠️ Errore numerico: Autovalori troppo piccoli in Sigma. Uso la pseudo-inversa.
Strategy: min_var , portfolio variance: 7.02301309680894e-06
Norma del vettore g: 20.0
⚠️ Errore numerico: Autovalori troppo piccoli in Sigma. Uso la pseudo-inversa.
Strategy: min_var , portfolio variance: 4.488713314165607e-16
Norma del vettore g: 20.0
⚠️ Errore numerico: Autovalori troppo piccoli in Sigma. Uso la pseudo-inversa.
Strategy: min_var , portfolio variance: 2.117190199616134e-13
Norma del vettore g: 20.0
Strategy: min_var , portfolio variance: 6.16780284983267e-07
Norma del vettore g: 20.0
Strategy: min_var , portfolio variance: 1.1791050994299066e-05
Norma del vettore g: 20.0
⚠️ Errore numerico: Autovalori troppo piccoli in Sigma. Uso la pseudo-inversa.
Strategy: min_var , portfolio variance: 4.0528579114366685e+26
Norma del vettore g: 20.0
Strategy: min_var , portfolio variance: 2.4034313535899735e-05
Norma del vettore g: 20.0
Strategy: min_var , portfolio variance: 2.5528837010883038e-05
Norma del vettore g non è uguale a sqrt(N): 55.94288627251393
Norma del vettore g: 20.000000000000004
⚠️ Errore numerico: Autovalori troppo piccoli in Sigma. Uso la pseudo-inversa.
Strategy: omn     , portfolio variance: 7.752741166034177e-07
Norma del vettore g non è uguale a sqrt(N): 55.94288627251393
Norma del vettore g: 20.000000000000004
⚠️ Errore numerico: Autovalori troppo piccoli in Sigma. Uso la pseudo-inversa.
Strategy: omn     , portfolio variance: 1.100985146116865e-15
Norma del vettore g non è uguale a sqrt(N): 55.94288627251393
Norma del vettore g: 20.000000000000004
⚠️ Errore numerico: Autovalori troppo piccoli in Sigma. Uso la pseudo-inversa.
Strategy: omn     , portfolio variance: 1.3169751281428262e-12
Norma del vettore g non è uguale a sqrt(N): 55.94288627251393
Norma del vettore g: 20.000000000000004
Strategy: omn     , portfolio variance: 1.0105512206414574e-06
Norma del vettore g non è uguale a sqrt(N): 55.94288627251393
Norma del vettore g: 20.000000000000004
Strategy: omn     , portfolio variance: 1.1123857057673884e-06
Norma del vettore g non è uguale a sqrt(N): 55.94288627251393
Norma del vettore g: 20.000000000000004
⚠️ Errore numerico: Autovalori troppo piccoli in Sigma. Uso la pseudo-inversa.
Strategy: omn     , portfolio variance: 1.6669322557274933e-10
Norma del vettore g non è uguale a sqrt(N): 55.94288627251393
Norma del vettore g: 20.000000000000004
Strategy: omn     , portfolio variance: 1.5386305574939695e-06
Norma del vettore g non è uguale a sqrt(N): 55.94288627251393
Norma del vettore g: 20.000000000000004
Strategy: omn     , portfolio variance: 1.7022944991399026e-06
Norma del vettore g non è uguale a sqrt(N): 55.94288627251393
Norma del vettore g: 20.000000000000004
⚠️ Errore numerico: Autovalori troppo piccoli in Sigma. Uso la pseudo-inversa.
Strategy: mean_rev, portfolio variance: 7.752741166034177e-07
Norma del vettore g non è uguale a sqrt(N): 55.94288627251393
Norma del vettore g: 20.000000000000004
⚠️ Errore numerico: Autovalori troppo piccoli in Sigma. Uso la pseudo-inversa.
Strategy: mean_rev, portfolio variance: 1.100985146116865e-15
Norma del vettore g non è uguale a sqrt(N): 55.94288627251393
Norma del vettore g: 20.000000000000004
⚠️ Errore numerico: Autovalori troppo piccoli in Sigma. Uso la pseudo-inversa.
Strategy: mean_rev, portfolio variance: 1.3169751281428262e-12
Norma del vettore g non è uguale a sqrt(N): 55.94288627251393
Norma del vettore g: 20.000000000000004
Strategy: mean_rev, portfolio variance: 1.0105512206414574e-06
Norma del vettore g non è uguale a sqrt(N): 55.94288627251393
Norma del vettore g: 20.000000000000004
Strategy: mean_rev, portfolio variance: 1.1123857057673884e-06
Norma del vettore g non è uguale a sqrt(N): 55.94288627251393
Norma del vettore g: 20.000000000000004
⚠️ Errore numerico: Autovalori troppo piccoli in Sigma. Uso la pseudo-inversa.
Strategy: mean_rev, portfolio variance: 1.6669322557274933e-10
Norma del vettore g non è uguale a sqrt(N): 55.94288627251393
Norma del vettore g: 20.000000000000004
Strategy: mean_rev, portfolio variance: 1.5386305574939695e-06
Norma del vettore g non è uguale a sqrt(N): 55.94288627251393
Norma del vettore g: 20.000000000000004
Strategy: mean_rev, portfolio variance: 1.7022944991399026e-06
Norma del vettore g: 19.999999999999993
⚠️ Errore numerico: Autovalori troppo piccoli in Sigma. Uso la pseudo-inversa.
Strategy: rnd     , portfolio variance: 1.5321260156567934e-15
Norma del vettore g: 19.999999999999993
⚠️ Errore numerico: Autovalori troppo piccoli in Sigma. Uso la pseudo-inversa.
Strategy: rnd     , portfolio variance: 5.651183978197737e-15
Norma del vettore g: 20.000000000000004
⚠️ Errore numerico: Autovalori troppo piccoli in Sigma. Uso la pseudo-inversa.
Strategy: rnd     , portfolio variance: 8.599711551561155e-09
Norma del vettore g: 20.0
Strategy: rnd     , portfolio variance: 6.44121806557068e-07
Norma del vettore g: 20.0
Strategy: rnd     , portfolio variance: 2.5195953185078475e-07
Norma del vettore g: 20.0
⚠️ Errore numerico: Autovalori troppo piccoli in Sigma. Uso la pseudo-inversa.
Strategy: rnd     , portfolio variance: -2.418128918906472e-30
Norma del vettore g: 20.0
Strategy: rnd     , portfolio variance: 1.6695596532347211e-15
Norma del vettore g: 20.0
Strategy: rnd     , portfolio variance: 7.702577330416984e-14
[================                                                      ] 24.03%
Norma del vettore g: 20.0
⚠️ Errore numerico: Autovalori troppo piccoli in Sigma. Uso la pseudo-inversa.
Strategy: min_var , portfolio variance: 7.014161457483926e-06
Norma del vettore g: 20.0
⚠️ Errore numerico: Autovalori troppo piccoli in Sigma. Uso la pseudo-inversa.
Strategy: min_var , portfolio variance: 4.354032028449e-16
Norma del vettore g: 20.0
⚠️ Errore numerico: Autovalori troppo piccoli in Sigma. Uso la pseudo-inversa.
Strategy: min_var , portfolio variance: 2.0654877725326588e-13
Norma del vettore g: 20.0
Strategy: min_var , portfolio variance: 6.080822471293389e-07
Norma del vettore g: 20.0
Strategy: min_var , portfolio variance: 1.1736698771451503e-05
Norma del vettore g: 20.0
⚠️ Errore numerico: Autovalori troppo piccoli in Sigma. Uso la pseudo-inversa.
Strategy: min_var , portfolio variance: 3.158448504278009e+28
Norma del vettore g: 20.0
Strategy: min_var , portfolio variance: 2.3478318073423443e-05
Norma del vettore g: 20.0
Strategy: min_var , portfolio variance: 2.5482441484409717e-05
Norma del vettore g non è uguale a sqrt(N): 74.31195204999112
Norma del vettore g: 19.999999999999993
⚠️ Errore numerico: Autovalori troppo piccoli in Sigma. Uso la pseudo-inversa.
Strategy: omn     , portfolio variance: 1.3731155832397085e-06
Norma del vettore g non è uguale a sqrt(N): 74.31195204999112
Norma del vettore g: 19.999999999999993
⚠️ Errore numerico: Autovalori troppo piccoli in Sigma. Uso la pseudo-inversa.
Strategy: omn     , portfolio variance: 3.300819268656455e-14
Norma del vettore g non è uguale a sqrt(N): 74.31195204999112
Norma del vettore g: 19.999999999999993
⚠️ Errore numerico: Autovalori troppo piccoli in Sigma. Uso la pseudo-inversa.
Strategy: omn     , portfolio variance: 5.262242134645563e-13
Norma del vettore g non è uguale a sqrt(N): 74.31195204999112
Norma del vettore g: 19.999999999999993
Strategy: omn     , portfolio variance: 9.405582563990829e-07
Norma del vettore g non è uguale a sqrt(N): 74.31195204999112
Norma del vettore g: 19.999999999999993
Strategy: omn     , portfolio variance: 1.9574272835858987e-06
Norma del vettore g non è uguale a sqrt(N): 74.31195204999112
Norma del vettore g: 19.999999999999993
⚠️ Errore numerico: Autovalori troppo piccoli in Sigma. Uso la pseudo-inversa.
Strategy: omn     , portfolio variance: 3.077697302448898e-07
Norma del vettore g non è uguale a sqrt(N): 74.31195204999112
Norma del vettore g: 19.999999999999993
Strategy: omn     , portfolio variance: 2.9248346585441844e-06
Norma del vettore g non è uguale a sqrt(N): 74.31195204999112
Norma del vettore g: 19.999999999999993
Strategy: omn     , portfolio variance: 2.994843645281369e-06
Norma del vettore g non è uguale a sqrt(N): 74.31195204999112
Norma del vettore g: 19.999999999999993
⚠️ Errore numerico: Autovalori troppo piccoli in Sigma. Uso la pseudo-inversa.
Strategy: mean_rev, portfolio variance: 1.3731155832397085e-06
Norma del vettore g non è uguale a sqrt(N): 74.31195204999112
Norma del vettore g: 19.999999999999993
⚠️ Errore numerico: Autovalori troppo piccoli in Sigma. Uso la pseudo-inversa.
Strategy: mean_rev, portfolio variance: 3.300819268656455e-14
Norma del vettore g non è uguale a sqrt(N): 74.31195204999112
Norma del vettore g: 19.999999999999993
⚠️ Errore numerico: Autovalori troppo piccoli in Sigma. Uso la pseudo-inversa.
Strategy: mean_rev, portfolio variance: 5.262242134645563e-13
Norma del vettore g non è uguale a sqrt(N): 74.31195204999112
Norma del vettore g: 19.999999999999993
Strategy: mean_rev, portfolio variance: 9.405582563990829e-07
Norma del vettore g non è uguale a sqrt(N): 74.31195204999112
Norma del vettore g: 19.999999999999993
Strategy: mean_rev, portfolio variance: 1.9574272835858987e-06
Norma del vettore g non è uguale a sqrt(N): 74.31195204999112
Norma del vettore g: 19.999999999999993
⚠️ Errore numerico: Autovalori troppo piccoli in Sigma. Uso la pseudo-inversa.
Strategy: mean_rev, portfolio variance: 3.077697302448898e-07
Norma del vettore g non è uguale a sqrt(N): 74.31195204999112
Norma del vettore g: 19.999999999999993
Strategy: mean_rev, portfolio variance: 2.9248346585441844e-06
Norma del vettore g non è uguale a sqrt(N): 74.31195204999112
Norma del vettore g: 19.999999999999993
Strategy: mean_rev, portfolio variance: 2.994843645281369e-06
Norma del vettore g: 20.0
⚠️ Errore numerico: Autovalori troppo piccoli in Sigma. Uso la pseudo-inversa.
Strategy: rnd     , portfolio variance: 8.461999402300745e-15
Norma del vettore g: 20.000000000000007
⚠️ Errore numerico: Autovalori troppo piccoli in Sigma. Uso la pseudo-inversa.
Strategy: rnd     , portfolio variance: 3.457765705935037e-13
Norma del vettore g: 20.0
⚠️ Errore numerico: Autovalori troppo piccoli in Sigma. Uso la pseudo-inversa.
Strategy: rnd     , portfolio variance: 1.0642498148675175e-10
Norma del vettore g: 19.999999999999993
Strategy: rnd     , portfolio variance: 5.902515413059163e-07
Norma del vettore g: 19.999999999999996
Strategy: rnd     , portfolio variance: 2.591827678687962e-07
Norma del vettore g: 19.999999999999996
⚠️ Errore numerico: Autovalori troppo piccoli in Sigma. Uso la pseudo-inversa.
Strategy: rnd     , portfolio variance: -6.6904880099341195e-31
Norma del vettore g: 20.000000000000007
Strategy: rnd     , portfolio variance: 1.292343690293759e-12
Norma del vettore g: 20.000000000000004
Strategy: rnd     , portfolio variance: 3.786192529437285e-14
[=================                                                     ] 24.68%
Norma del vettore g: 20.0
⚠️ Errore numerico: Autovalori troppo piccoli in Sigma. Uso la pseudo-inversa.
Strategy: min_var , portfolio variance: 6.977279205823164e-06
Norma del vettore g: 20.0
⚠️ Errore numerico: Autovalori troppo piccoli in Sigma. Uso la pseudo-inversa.
Strategy: min_var , portfolio variance: 4.290763484146941e-16
Norma del vettore g: 20.0
⚠️ Errore numerico: Autovalori troppo piccoli in Sigma. Uso la pseudo-inversa.
Strategy: min_var , portfolio variance: 2.0859443127645724e-13
Norma del vettore g: 20.0
Strategy: min_var , portfolio variance: 6.090535810180872e-07
Norma del vettore g: 20.0
Strategy: min_var , portfolio variance: 1.1781106486962173e-05
Norma del vettore g: 20.0
⚠️ Errore numerico: Autovalori troppo piccoli in Sigma. Uso la pseudo-inversa.
Strategy: min_var , portfolio variance: 1.6147005693336074e+29
Norma del vettore g: 20.0
Strategy: min_var , portfolio variance: 2.385775571704059e-05
Norma del vettore g: 20.0
Strategy: min_var , portfolio variance: 2.548374759127543e-05
Norma del vettore g non è uguale a sqrt(N): 47.714584144186865
Norma del vettore g: 19.999999999999993
⚠️ Errore numerico: Autovalori troppo piccoli in Sigma. Uso la pseudo-inversa.
Strategy: omn     , portfolio variance: 7.373840980485654e-07
Norma del vettore g non è uguale a sqrt(N): 47.714584144186865
Norma del vettore g: 19.999999999999993
⚠️ Errore numerico: Autovalori troppo piccoli in Sigma. Uso la pseudo-inversa.
Strategy: omn     , portfolio variance: 2.394136296241679e-16
Norma del vettore g non è uguale a sqrt(N): 47.714584144186865
Norma del vettore g: 19.999999999999993
⚠️ Errore numerico: Autovalori troppo piccoli in Sigma. Uso la pseudo-inversa.
Strategy: omn     , portfolio variance: 9.008867974892604e-13
Norma del vettore g non è uguale a sqrt(N): 47.714584144186865
Norma del vettore g: 19.999999999999993
Strategy: omn     , portfolio variance: 9.253163312072898e-07
Norma del vettore g non è uguale a sqrt(N): 47.714584144186865
Norma del vettore g: 19.999999999999993
Strategy: omn     , portfolio variance: 1.1506267641467058e-06
Norma del vettore g non è uguale a sqrt(N): 47.714584144186865
Norma del vettore g: 19.999999999999993
⚠️ Errore numerico: Autovalori troppo piccoli in Sigma. Uso la pseudo-inversa.
Strategy: omn     , portfolio variance: 0.048573062262048536
Norma del vettore g non è uguale a sqrt(N): 47.714584144186865
Norma del vettore g: 19.999999999999993
Strategy: omn     , portfolio variance: 1.536768564086492e-06
Norma del vettore g non è uguale a sqrt(N): 47.714584144186865
Norma del vettore g: 19.999999999999993
Strategy: omn     , portfolio variance: 1.5864262857136495e-06
Norma del vettore g non è uguale a sqrt(N): 47.714584144186865
Norma del vettore g: 19.999999999999993
⚠️ Errore numerico: Autovalori troppo piccoli in Sigma. Uso la pseudo-inversa.
Strategy: mean_rev, portfolio variance: 7.373840980485654e-07
Norma del vettore g non è uguale a sqrt(N): 47.714584144186865
Norma del vettore g: 19.999999999999993
⚠️ Errore numerico: Autovalori troppo piccoli in Sigma. Uso la pseudo-inversa.
Strategy: mean_rev, portfolio variance: 2.394136296241679e-16
Norma del vettore g non è uguale a sqrt(N): 47.714584144186865
Norma del vettore g: 19.999999999999993
⚠️ Errore numerico: Autovalori troppo piccoli in Sigma. Uso la pseudo-inversa.
Strategy: mean_rev, portfolio variance: 9.008867974892604e-13
Norma del vettore g non è uguale a sqrt(N): 47.714584144186865
Norma del vettore g: 19.999999999999993
Strategy: mean_rev, portfolio variance: 9.253163312072898e-07
Norma del vettore g non è uguale a sqrt(N): 47.714584144186865
Norma del vettore g: 19.999999999999993
Strategy: mean_rev, portfolio variance: 1.1506267641467058e-06
Norma del vettore g non è uguale a sqrt(N): 47.714584144186865
Norma del vettore g: 19.999999999999993
⚠️ Errore numerico: Autovalori troppo piccoli in Sigma. Uso la pseudo-inversa.
Strategy: mean_rev, portfolio variance: 0.048573062262048536
Norma del vettore g non è uguale a sqrt(N): 47.714584144186865
Norma del vettore g: 19.999999999999993
Strategy: mean_rev, portfolio variance: 1.536768564086492e-06
Norma del vettore g non è uguale a sqrt(N): 47.714584144186865
Norma del vettore g: 19.999999999999993
Strategy: mean_rev, portfolio variance: 1.5864262857136495e-06
Norma del vettore g: 19.999999999999993
⚠️ Errore numerico: Autovalori troppo piccoli in Sigma. Uso la pseudo-inversa.
Strategy: rnd     , portfolio variance: 4.935296183536312e-16
Norma del vettore g: 20.000000000000004
⚠️ Errore numerico: Autovalori troppo piccoli in Sigma. Uso la pseudo-inversa.
Strategy: rnd     , portfolio variance: 3.234858681352266e-16
Norma del vettore g: 20.000000000000007
⚠️ Errore numerico: Autovalori troppo piccoli in Sigma. Uso la pseudo-inversa.
Strategy: rnd     , portfolio variance: 6.519794128957784e-11
Norma del vettore g: 20.0
Strategy: rnd     , portfolio variance: 6.300880469924314e-07
Norma del vettore g: 20.000000000000004
Strategy: rnd     , portfolio variance: 2.4403248036906315e-07
Norma del vettore g: 19.999999999999996
⚠️ Errore numerico: Autovalori troppo piccoli in Sigma. Uso la pseudo-inversa.
Strategy: rnd     , portfolio variance: -2.7050570890774395e-32
Norma del vettore g: 20.0
Strategy: rnd     , portfolio variance: 3.382940273695191e-15
Norma del vettore g: 20.0
Strategy: rnd     , portfolio variance: 1.7548578957869427e-14
[=================                                                     ] 25.32%
Norma del vettore g: 20.0
⚠️ Errore numerico: Autovalori troppo piccoli in Sigma. Uso la pseudo-inversa.
Strategy: min_var , portfolio variance: 7.382966140964608e-06
Norma del vettore g: 20.0
⚠️ Errore numerico: Autovalori troppo piccoli in Sigma. Uso la pseudo-inversa.
Strategy: min_var , portfolio variance: 4.1351311460028726e-16
Norma del vettore g: 20.0
⚠️ Errore numerico: Autovalori troppo piccoli in Sigma. Uso la pseudo-inversa.
Strategy: min_var , portfolio variance: 2.0706320035541979e-13
Norma del vettore g: 20.0
Strategy: min_var , portfolio variance: 6.18027173895826e-07
Norma del vettore g: 20.0
Strategy: min_var , portfolio variance: 1.2546808402730084e-05
Norma del vettore g: 20.0
⚠️ Errore numerico: Autovalori troppo piccoli in Sigma. Uso la pseudo-inversa.
Strategy: min_var , portfolio variance: 4.3572448364845585e+26
Norma del vettore g: 20.0
Strategy: min_var , portfolio variance: 2.4826405635217746e-05
Norma del vettore g: 20.0
Strategy: min_var , portfolio variance: 2.6924056438576186e-05
Norma del vettore g non è uguale a sqrt(N): 44.859047040676245
Norma del vettore g: 20.0
⚠️ Errore numerico: Autovalori troppo piccoli in Sigma. Uso la pseudo-inversa.
Strategy: omn     , portfolio variance: 6.527899776852669e-07
Norma del vettore g non è uguale a sqrt(N): 44.859047040676245
Norma del vettore g: 20.0
⚠️ Errore numerico: Autovalori troppo piccoli in Sigma. Uso la pseudo-inversa.
Strategy: omn     , portfolio variance: 4.457032892879839e-16
Norma del vettore g non è uguale a sqrt(N): 44.859047040676245
Norma del vettore g: 20.0
⚠️ Errore numerico: Autovalori troppo piccoli in Sigma. Uso la pseudo-inversa.
Strategy: omn     , portfolio variance: 1.0930084042471272e-12
Norma del vettore g non è uguale a sqrt(N): 44.859047040676245
Norma del vettore g: 20.0
Strategy: omn     , portfolio variance: 9.404640121374664e-07
Norma del vettore g non è uguale a sqrt(N): 44.859047040676245
Norma del vettore g: 20.0
Strategy: omn     , portfolio variance: 1.0350898542861772e-06
Norma del vettore g non è uguale a sqrt(N): 44.859047040676245
Norma del vettore g: 20.0
⚠️ Errore numerico: Autovalori troppo piccoli in Sigma. Uso la pseudo-inversa.
Strategy: omn     , portfolio variance: 1.4330618443832962e-09
Norma del vettore g non è uguale a sqrt(N): 44.859047040676245
Norma del vettore g: 20.0
Strategy: omn     , portfolio variance: 1.4502964768334404e-06
Norma del vettore g non è uguale a sqrt(N): 44.859047040676245
Norma del vettore g: 20.0
Strategy: omn     , portfolio variance: 1.3901471174641742e-06
Norma del vettore g non è uguale a sqrt(N): 44.859047040676245
Norma del vettore g: 20.0
⚠️ Errore numerico: Autovalori troppo piccoli in Sigma. Uso la pseudo-inversa.
Strategy: mean_rev, portfolio variance: 6.527899776852669e-07
Norma del vettore g non è uguale a sqrt(N): 44.859047040676245
Norma del vettore g: 20.0
⚠️ Errore numerico: Autovalori troppo piccoli in Sigma. Uso la pseudo-inversa.
Strategy: mean_rev, portfolio variance: 4.457032892879839e-16
Norma del vettore g non è uguale a sqrt(N): 44.859047040676245
Norma del vettore g: 20.0
⚠️ Errore numerico: Autovalori troppo piccoli in Sigma. Uso la pseudo-inversa.
Strategy: mean_rev, portfolio variance: 1.0930084042471272e-12
Norma del vettore g non è uguale a sqrt(N): 44.859047040676245
Norma del vettore g: 20.0
Strategy: mean_rev, portfolio variance: 9.404640121374664e-07
Norma del vettore g non è uguale a sqrt(N): 44.859047040676245
Norma del vettore g: 20.0
Strategy: mean_rev, portfolio variance: 1.0350898542861772e-06
Norma del vettore g non è uguale a sqrt(N): 44.859047040676245
Norma del vettore g: 20.0
⚠️ Errore numerico: Autovalori troppo piccoli in Sigma. Uso la pseudo-inversa.
Strategy: mean_rev, portfolio variance: 1.4330618443832962e-09
Norma del vettore g non è uguale a sqrt(N): 44.859047040676245
Norma del vettore g: 20.0
Strategy: mean_rev, portfolio variance: 1.4502964768334404e-06
Norma del vettore g non è uguale a sqrt(N): 44.859047040676245
Norma del vettore g: 20.0
Strategy: mean_rev, portfolio variance: 1.3901471174641742e-06
Norma del vettore g: 20.000000000000004
⚠️ Errore numerico: Autovalori troppo piccoli in Sigma. Uso la pseudo-inversa.
Strategy: rnd     , portfolio variance: 5.815618162928784e-14
Norma del vettore g: 20.000000000000007
⚠️ Errore numerico: Autovalori troppo piccoli in Sigma. Uso la pseudo-inversa.
Strategy: rnd     , portfolio variance: 1.0509175094128724e-14
Norma del vettore g: 19.999999999999996
⚠️ Errore numerico: Autovalori troppo piccoli in Sigma. Uso la pseudo-inversa.
Strategy: rnd     , portfolio variance: 1.0955151223233883e-10
Norma del vettore g: 19.999999999999996
Strategy: rnd     , portfolio variance: 6.785054583189576e-07
Norma del vettore g: 20.000000000000007
Strategy: rnd     , portfolio variance: 2.3380335678772618e-07
Norma del vettore g: 20.0
⚠️ Errore numerico: Autovalori troppo piccoli in Sigma. Uso la pseudo-inversa.
Strategy: rnd     , portfolio variance: -8.162196472411614e-32
Norma del vettore g: 20.0
Strategy: rnd     , portfolio variance: 3.497332845801176e-14
Norma del vettore g: 19.999999999999996
Strategy: rnd     , portfolio variance: 6.103583886286097e-14
[==================                                                    ] 25.97%
Kendall covariance matrix not positive definite!
 It may happen!
Norma del vettore g: 20.0
⚠️ Errore numerico: Autovalori troppo piccoli in Sigma. Uso la pseudo-inversa.
Strategy: min_var , portfolio variance: 7.214133783395517e-06
Norma del vettore g: 20.0
⚠️ Errore numerico: Autovalori troppo piccoli in Sigma. Uso la pseudo-inversa.
Strategy: min_var , portfolio variance: 4.387450448259099e-16
Norma del vettore g: 20.0
⚠️ Errore numerico: Autovalori troppo piccoli in Sigma. Uso la pseudo-inversa.
Strategy: min_var , portfolio variance: 2.1247958106830711e-13
Norma del vettore g: 20.0
Strategy: min_var , portfolio variance: 5.948875108578825e-07
Norma del vettore g: 20.0
Strategy: min_var , portfolio variance: 1.2229103445798418e-05
Norma del vettore g: 20.0
⚠️ Errore numerico: Autovalori troppo piccoli in Sigma. Uso la pseudo-inversa.
Strategy: min_var , portfolio variance: 2.0192600565923673e+27
Norma del vettore g: 20.0
Strategy: min_var , portfolio variance: 2.3975429286706734e-05
Norma del vettore g: 20.0
Strategy: min_var , portfolio variance: 2.586175829030602e-05
Norma del vettore g non è uguale a sqrt(N): 43.7557910399115
Norma del vettore g: 20.000000000000007
⚠️ Errore numerico: Autovalori troppo piccoli in Sigma. Uso la pseudo-inversa.
Strategy: omn     , portfolio variance: 5.14664124464406e-07
Norma del vettore g non è uguale a sqrt(N): 43.7557910399115
Norma del vettore g: 20.000000000000007
⚠️ Errore numerico: Autovalori troppo piccoli in Sigma. Uso la pseudo-inversa.
Strategy: omn     , portfolio variance: 3.5398238021575623e-15
Norma del vettore g non è uguale a sqrt(N): 43.7557910399115
Norma del vettore g: 20.000000000000007
⚠️ Errore numerico: Autovalori troppo piccoli in Sigma. Uso la pseudo-inversa.
Strategy: omn     , portfolio variance: 3.884264046476876e-12
Norma del vettore g non è uguale a sqrt(N): 43.7557910399115
Norma del vettore g: 20.000000000000007
Strategy: omn     , portfolio variance: 7.561607102369778e-07
Norma del vettore g non è uguale a sqrt(N): 43.7557910399115
Norma del vettore g: 20.000000000000007
Strategy: omn     , portfolio variance: 7.894101774446767e-07
Norma del vettore g non è uguale a sqrt(N): 43.7557910399115
Norma del vettore g: 20.000000000000007
⚠️ Errore numerico: Autovalori troppo piccoli in Sigma. Uso la pseudo-inversa.
Strategy: omn     , portfolio variance: 1.865890284803584e-07
Norma del vettore g non è uguale a sqrt(N): 43.7557910399115
Norma del vettore g: 20.000000000000007
Strategy: omn     , portfolio variance: 1.0241406992375335e-06
Norma del vettore g non è uguale a sqrt(N): 43.7557910399115
Norma del vettore g: 20.000000000000007
Strategy: omn     , portfolio variance: 1.0641916015233105e-06
Norma del vettore g non è uguale a sqrt(N): 43.7557910399115
Norma del vettore g: 20.000000000000007
⚠️ Errore numerico: Autovalori troppo piccoli in Sigma. Uso la pseudo-inversa.
Strategy: mean_rev, portfolio variance: 5.14664124464406e-07
Norma del vettore g non è uguale a sqrt(N): 43.7557910399115
Norma del vettore g: 20.000000000000007
⚠️ Errore numerico: Autovalori troppo piccoli in Sigma. Uso la pseudo-inversa.
Strategy: mean_rev, portfolio variance: 3.5398238021575623e-15
Norma del vettore g non è uguale a sqrt(N): 43.7557910399115
Norma del vettore g: 20.000000000000007
⚠️ Errore numerico: Autovalori troppo piccoli in Sigma. Uso la pseudo-inversa.
Strategy: mean_rev, portfolio variance: 3.884264046476876e-12
Norma del vettore g non è uguale a sqrt(N): 43.7557910399115
Norma del vettore g: 20.000000000000007
Strategy: mean_rev, portfolio variance: 7.561607102369778e-07
Norma del vettore g non è uguale a sqrt(N): 43.7557910399115
Norma del vettore g: 20.000000000000007
Strategy: mean_rev, portfolio variance: 7.894101774446767e-07
Norma del vettore g non è uguale a sqrt(N): 43.7557910399115
Norma del vettore g: 20.000000000000007
⚠️ Errore numerico: Autovalori troppo piccoli in Sigma. Uso la pseudo-inversa.
Strategy: mean_rev, portfolio variance: 1.865890284803584e-07
Norma del vettore g non è uguale a sqrt(N): 43.7557910399115
Norma del vettore g: 20.000000000000007
Strategy: mean_rev, portfolio variance: 1.0241406992375335e-06
Norma del vettore g non è uguale a sqrt(N): 43.7557910399115
Norma del vettore g: 20.000000000000007
Strategy: mean_rev, portfolio variance: 1.0641916015233105e-06
Norma del vettore g: 20.000000000000004
⚠️ Errore numerico: Autovalori troppo piccoli in Sigma. Uso la pseudo-inversa.
Strategy: rnd     , portfolio variance: 4.073924504667726e-14
Norma del vettore g: 20.000000000000004
⚠️ Errore numerico: Autovalori troppo piccoli in Sigma. Uso la pseudo-inversa.
Strategy: rnd     , portfolio variance: 3.538266107241633e-15
Norma del vettore g: 19.999999999999996
⚠️ Errore numerico: Autovalori troppo piccoli in Sigma. Uso la pseudo-inversa.
Strategy: rnd     , portfolio variance: 7.896521316046651e-12
Norma del vettore g: 20.0
Strategy: rnd     , portfolio variance: 5.543565776795281e-07
Norma del vettore g: 19.999999999999996
Strategy: rnd     , portfolio variance: 2.5525931359520827e-07
Norma del vettore g: 20.0
⚠️ Errore numerico: Autovalori troppo piccoli in Sigma. Uso la pseudo-inversa.
Strategy: rnd     , portfolio variance: -3.5660926561978842e-31
Norma del vettore g: 19.999999999999996
Strategy: rnd     , portfolio variance: 1.6420601703307706e-14
Norma del vettore g: 19.999999999999996
Strategy: rnd     , portfolio variance: 1.9653491456089045e-14
[==================                                                    ] 26.62%
Kendall covariance matrix not positive definite!
 It may happen!
Norma del vettore g: 20.0
⚠️ Errore numerico: Autovalori troppo piccoli in Sigma. Uso la pseudo-inversa.
Strategy: min_var , portfolio variance: 6.8967476399730936e-06
Norma del vettore g: 20.0
⚠️ Errore numerico: Autovalori troppo piccoli in Sigma. Uso la pseudo-inversa.
Strategy: min_var , portfolio variance: 4.574864009348849e-16
Norma del vettore g: 20.0
⚠️ Errore numerico: Autovalori troppo piccoli in Sigma. Uso la pseudo-inversa.
Strategy: min_var , portfolio variance: 2.1696453798680004e-13
Norma del vettore g: 20.0
Strategy: min_var , portfolio variance: 5.761963668145301e-07
Norma del vettore g: 20.0
Strategy: min_var , portfolio variance: 1.1798756243382924e-05
Norma del vettore g: 20.0
⚠️ Errore numerico: Autovalori troppo piccoli in Sigma. Uso la pseudo-inversa.
Strategy: min_var , portfolio variance: 2.601915934883416e+27
Norma del vettore g: 20.0
Strategy: min_var , portfolio variance: 2.3609618178995637e-05
Norma del vettore g: 20.0
Strategy: min_var , portfolio variance: 2.5487634979912748e-05
Norma del vettore g non è uguale a sqrt(N): 54.547724181550905
Norma del vettore g: 20.000000000000007
⚠️ Errore numerico: Autovalori troppo piccoli in Sigma. Uso la pseudo-inversa.
Strategy: omn     , portfolio variance: 7.651025965770679e-07
Norma del vettore g non è uguale a sqrt(N): 54.547724181550905
Norma del vettore g: 20.000000000000007
⚠️ Errore numerico: Autovalori troppo piccoli in Sigma. Uso la pseudo-inversa.
Strategy: omn     , portfolio variance: 1.006856055622781e-15
Norma del vettore g non è uguale a sqrt(N): 54.547724181550905
Norma del vettore g: 20.000000000000007
⚠️ Errore numerico: Autovalori troppo piccoli in Sigma. Uso la pseudo-inversa.
Strategy: omn     , portfolio variance: 8.534590286857088e-13
Norma del vettore g non è uguale a sqrt(N): 54.547724181550905
Norma del vettore g: 20.000000000000007
Strategy: omn     , portfolio variance: 7.896329106223612e-07
Norma del vettore g non è uguale a sqrt(N): 54.547724181550905
Norma del vettore g: 20.000000000000007
Strategy: omn     , portfolio variance: 1.060111621677363e-06
Norma del vettore g non è uguale a sqrt(N): 54.547724181550905
Norma del vettore g: 20.000000000000007
⚠️ Errore numerico: Autovalori troppo piccoli in Sigma. Uso la pseudo-inversa.
Strategy: omn     , portfolio variance: 1.557599888415074e-06
Norma del vettore g non è uguale a sqrt(N): 54.547724181550905
Norma del vettore g: 20.000000000000007
Strategy: omn     , portfolio variance: 1.4416432885256257e-06
Norma del vettore g non è uguale a sqrt(N): 54.547724181550905
Norma del vettore g: 20.000000000000007
Strategy: omn     , portfolio variance: 1.3742133730867176e-06
Norma del vettore g non è uguale a sqrt(N): 54.547724181550905
Norma del vettore g: 20.000000000000007
⚠️ Errore numerico: Autovalori troppo piccoli in Sigma. Uso la pseudo-inversa.
Strategy: mean_rev, portfolio variance: 7.651025965770679e-07
Norma del vettore g non è uguale a sqrt(N): 54.547724181550905
Norma del vettore g: 20.000000000000007
⚠️ Errore numerico: Autovalori troppo piccoli in Sigma. Uso la pseudo-inversa.
Strategy: mean_rev, portfolio variance: 1.006856055622781e-15
Norma del vettore g non è uguale a sqrt(N): 54.547724181550905
Norma del vettore g: 20.000000000000007
⚠️ Errore numerico: Autovalori troppo piccoli in Sigma. Uso la pseudo-inversa.
Strategy: mean_rev, portfolio variance: 8.534590286857088e-13
Norma del vettore g non è uguale a sqrt(N): 54.547724181550905
Norma del vettore g: 20.000000000000007
Strategy: mean_rev, portfolio variance: 7.896329106223612e-07
Norma del vettore g non è uguale a sqrt(N): 54.547724181550905
Norma del vettore g: 20.000000000000007
Strategy: mean_rev, portfolio variance: 1.060111621677363e-06
Norma del vettore g non è uguale a sqrt(N): 54.547724181550905
Norma del vettore g: 20.000000000000007
⚠️ Errore numerico: Autovalori troppo piccoli in Sigma. Uso la pseudo-inversa.
Strategy: mean_rev, portfolio variance: 1.557599888415074e-06
Norma del vettore g non è uguale a sqrt(N): 54.547724181550905
Norma del vettore g: 20.000000000000007
Strategy: mean_rev, portfolio variance: 1.4416432885256257e-06
Norma del vettore g non è uguale a sqrt(N): 54.547724181550905
Norma del vettore g: 20.000000000000007
Strategy: mean_rev, portfolio variance: 1.3742133730867176e-06
Norma del vettore g: 19.999999999999996
⚠️ Errore numerico: Autovalori troppo piccoli in Sigma. Uso la pseudo-inversa.
Strategy: rnd     , portfolio variance: 1.1603284965741468e-15
Norma del vettore g: 20.000000000000004
⚠️ Errore numerico: Autovalori troppo piccoli in Sigma. Uso la pseudo-inversa.
Strategy: rnd     , portfolio variance: 3.235163813754919e-15
Norma del vettore g: 19.999999999999996
⚠️ Errore numerico: Autovalori troppo piccoli in Sigma. Uso la pseudo-inversa.
Strategy: rnd     , portfolio variance: 2.7050928796854385e-10
Norma del vettore g: 20.0
Strategy: rnd     , portfolio variance: 5.95916014272011e-07
Norma del vettore g: 19.999999999999996
Strategy: rnd     , portfolio variance: 2.2348081630924372e-07
Norma del vettore g: 20.0
⚠️ Errore numerico: Autovalori troppo piccoli in Sigma. Uso la pseudo-inversa.
Strategy: rnd     , portfolio variance: -1.8009405293248292e-32
Norma del vettore g: 20.000000000000007
Strategy: rnd     , portfolio variance: 5.630099895131889e-15
Norma del vettore g: 20.000000000000007
Strategy: rnd     , portfolio variance: 2.616222901065313e-14
[===================                                                   ] 27.27%
Norma del vettore g: 20.0
⚠️ Errore numerico: Autovalori troppo piccoli in Sigma. Uso la pseudo-inversa.
Strategy: min_var , portfolio variance: 6.4155042536009045e-06
Norma del vettore g: 20.0
⚠️ Errore numerico: Autovalori troppo piccoli in Sigma. Uso la pseudo-inversa.
Strategy: min_var , portfolio variance: 5.136409398801523e-16
Norma del vettore g: 20.0
⚠️ Errore numerico: Autovalori troppo piccoli in Sigma. Uso la pseudo-inversa.
Strategy: min_var , portfolio variance: 2.1790452284062825e-13
Norma del vettore g: 20.0
Strategy: min_var , portfolio variance: 5.59602496428297e-07
Norma del vettore g: 20.0
Strategy: min_var , portfolio variance: 1.1237286168964005e-05
Norma del vettore g: 20.0
⚠️ Errore numerico: Autovalori troppo piccoli in Sigma. Uso la pseudo-inversa.
Strategy: min_var , portfolio variance: 1.2078047180409997e+26
Norma del vettore g: 20.0
Strategy: min_var , portfolio variance: 2.286809987926111e-05
Norma del vettore g: 20.0
Strategy: min_var , portfolio variance: 2.5050717165197554e-05
Norma del vettore g non è uguale a sqrt(N): 56.11827722554802
Norma del vettore g: 19.999999999999996
⚠️ Errore numerico: Autovalori troppo piccoli in Sigma. Uso la pseudo-inversa.
Strategy: omn     , portfolio variance: 8.526332849670149e-07
Norma del vettore g non è uguale a sqrt(N): 56.11827722554802
Norma del vettore g: 19.999999999999996
⚠️ Errore numerico: Autovalori troppo piccoli in Sigma. Uso la pseudo-inversa.
Strategy: omn     , portfolio variance: 1.6219897119781894e-16
Norma del vettore g non è uguale a sqrt(N): 56.11827722554802
Norma del vettore g: 19.999999999999996
⚠️ Errore numerico: Autovalori troppo piccoli in Sigma. Uso la pseudo-inversa.
Strategy: omn     , portfolio variance: 7.501617935851464e-13
Norma del vettore g non è uguale a sqrt(N): 56.11827722554802
Norma del vettore g: 19.999999999999996
Strategy: omn     , portfolio variance: 8.849270964428326e-07
Norma del vettore g non è uguale a sqrt(N): 56.11827722554802
Norma del vettore g: 19.999999999999996
Strategy: omn     , portfolio variance: 1.2242706788522486e-06
Norma del vettore g non è uguale a sqrt(N): 56.11827722554802
Norma del vettore g: 19.999999999999996
⚠️ Errore numerico: Autovalori troppo piccoli in Sigma. Uso la pseudo-inversa.
Strategy: omn     , portfolio variance: 6.239865728823594e-09
Norma del vettore g non è uguale a sqrt(N): 56.11827722554802
Norma del vettore g: 19.999999999999996
Strategy: omn     , portfolio variance: 1.8120460755178128e-06
Norma del vettore g non è uguale a sqrt(N): 56.11827722554802
Norma del vettore g: 19.999999999999996
Strategy: omn     , portfolio variance: 1.9492005377069833e-06
Norma del vettore g non è uguale a sqrt(N): 56.11827722554802
Norma del vettore g: 19.999999999999996
⚠️ Errore numerico: Autovalori troppo piccoli in Sigma. Uso la pseudo-inversa.
Strategy: mean_rev, portfolio variance: 8.526332849670149e-07
Norma del vettore g non è uguale a sqrt(N): 56.11827722554802
Norma del vettore g: 19.999999999999996
⚠️ Errore numerico: Autovalori troppo piccoli in Sigma. Uso la pseudo-inversa.
Strategy: mean_rev, portfolio variance: 1.6219897119781894e-16
Norma del vettore g non è uguale a sqrt(N): 56.11827722554802
Norma del vettore g: 19.999999999999996
⚠️ Errore numerico: Autovalori troppo piccoli in Sigma. Uso la pseudo-inversa.
Strategy: mean_rev, portfolio variance: 7.501617935851464e-13
Norma del vettore g non è uguale a sqrt(N): 56.11827722554802
Norma del vettore g: 19.999999999999996
Strategy: mean_rev, portfolio variance: 8.849270964428326e-07
Norma del vettore g non è uguale a sqrt(N): 56.11827722554802
Norma del vettore g: 19.999999999999996
Strategy: mean_rev, portfolio variance: 1.2242706788522486e-06
Norma del vettore g non è uguale a sqrt(N): 56.11827722554802
Norma del vettore g: 19.999999999999996
⚠️ Errore numerico: Autovalori troppo piccoli in Sigma. Uso la pseudo-inversa.
Strategy: mean_rev, portfolio variance: 6.239865728823594e-09
Norma del vettore g non è uguale a sqrt(N): 56.11827722554802
Norma del vettore g: 19.999999999999996
Strategy: mean_rev, portfolio variance: 1.8120460755178128e-06
Norma del vettore g non è uguale a sqrt(N): 56.11827722554802
Norma del vettore g: 19.999999999999996
Strategy: mean_rev, portfolio variance: 1.9492005377069833e-06
Norma del vettore g: 20.000000000000007
⚠️ Errore numerico: Autovalori troppo piccoli in Sigma. Uso la pseudo-inversa.
Strategy: rnd     , portfolio variance: 8.835743835455391e-14
Norma del vettore g: 20.000000000000004
⚠️ Errore numerico: Autovalori troppo piccoli in Sigma. Uso la pseudo-inversa.
Strategy: rnd     , portfolio variance: 2.0760027874893233e-15
Norma del vettore g: 19.999999999999996
⚠️ Errore numerico: Autovalori troppo piccoli in Sigma. Uso la pseudo-inversa.
Strategy: rnd     , portfolio variance: 6.074205912368663e-09
Norma del vettore g: 20.000000000000004
Strategy: rnd     , portfolio variance: 5.464098887675381e-07
Norma del vettore g: 20.000000000000004
Strategy: rnd     , portfolio variance: 2.2617718560222064e-07
Norma del vettore g: 20.000000000000004
⚠️ Errore numerico: Autovalori troppo piccoli in Sigma. Uso la pseudo-inversa.
Strategy: rnd     , portfolio variance: -7.694577683494917e-32
Norma del vettore g: 20.0
Strategy: rnd     , portfolio variance: 6.631373444470041e-14
Norma del vettore g: 19.999999999999996
Strategy: rnd     , portfolio variance: 1.540854223127937e-14
[===================                                                   ] 27.92%
Norma del vettore g: 20.0
⚠️ Errore numerico: Autovalori troppo piccoli in Sigma. Uso la pseudo-inversa.
Strategy: min_var , portfolio variance: 6.614801891837776e-06
Norma del vettore g: 20.0
⚠️ Errore numerico: Autovalori troppo piccoli in Sigma. Uso la pseudo-inversa.
Strategy: min_var , portfolio variance: 5.960979840864559e-16
Norma del vettore g: 20.0
⚠️ Errore numerico: Autovalori troppo piccoli in Sigma. Uso la pseudo-inversa.
Strategy: min_var , portfolio variance: 2.244398400540058e-13
Norma del vettore g: 20.0
Strategy: min_var , portfolio variance: 5.556782848586968e-07
Norma del vettore g: 20.0
Strategy: min_var , portfolio variance: 1.138478222367038e-05
Norma del vettore g: 20.0
⚠️ Errore numerico: Autovalori troppo piccoli in Sigma. Uso la pseudo-inversa.
Strategy: min_var , portfolio variance: 0.14918408984549428
Norma del vettore g: 20.0
Strategy: min_var , portfolio variance: 2.2844348594726937e-05
Norma del vettore g: 20.0
Strategy: min_var , portfolio variance: 2.5207109860347325e-05
Norma del vettore g non è uguale a sqrt(N): 73.9373885565906
Norma del vettore g: 19.999999999999993
⚠️ Errore numerico: Autovalori troppo piccoli in Sigma. Uso la pseudo-inversa.
Strategy: omn     , portfolio variance: 1.2603580511121052e-06
Norma del vettore g non è uguale a sqrt(N): 73.9373885565906
Norma del vettore g: 19.999999999999993
⚠️ Errore numerico: Autovalori troppo piccoli in Sigma. Uso la pseudo-inversa.
Strategy: omn     , portfolio variance: 4.598755048735928e-16
Norma del vettore g non è uguale a sqrt(N): 73.9373885565906
Norma del vettore g: 19.999999999999993
⚠️ Errore numerico: Autovalori troppo piccoli in Sigma. Uso la pseudo-inversa.
Strategy: omn     , portfolio variance: 4.9974825049717e-13
Norma del vettore g non è uguale a sqrt(N): 73.9373885565906
Norma del vettore g: 19.999999999999993
Strategy: omn     , portfolio variance: 8.582377195539827e-07
Norma del vettore g non è uguale a sqrt(N): 73.9373885565906
Norma del vettore g: 19.999999999999993
Strategy: omn     , portfolio variance: 1.865486958356686e-06
Norma del vettore g non è uguale a sqrt(N): 73.9373885565906
Norma del vettore g: 19.999999999999993
⚠️ Errore numerico: Autovalori troppo piccoli in Sigma. Uso la pseudo-inversa.
Strategy: omn     , portfolio variance: -1.332768613954731e-17
Norma del vettore g non è uguale a sqrt(N): 73.9373885565906
Norma del vettore g: 19.999999999999993
Strategy: omn     , portfolio variance: 2.610407585001319e-06
Norma del vettore g non è uguale a sqrt(N): 73.9373885565906
Norma del vettore g: 19.999999999999993
Strategy: omn     , portfolio variance: 2.6712601345154816e-06
Norma del vettore g non è uguale a sqrt(N): 73.9373885565906
Norma del vettore g: 19.999999999999993
⚠️ Errore numerico: Autovalori troppo piccoli in Sigma. Uso la pseudo-inversa.
Strategy: mean_rev, portfolio variance: 1.2603580511121052e-06
Norma del vettore g non è uguale a sqrt(N): 73.9373885565906
Norma del vettore g: 19.999999999999993
⚠️ Errore numerico: Autovalori troppo piccoli in Sigma. Uso la pseudo-inversa.
Strategy: mean_rev, portfolio variance: 4.598755048735928e-16
Norma del vettore g non è uguale a sqrt(N): 73.9373885565906
Norma del vettore g: 19.999999999999993
⚠️ Errore numerico: Autovalori troppo piccoli in Sigma. Uso la pseudo-inversa.
Strategy: mean_rev, portfolio variance: 4.9974825049717e-13
Norma del vettore g non è uguale a sqrt(N): 73.9373885565906
Norma del vettore g: 19.999999999999993
Strategy: mean_rev, portfolio variance: 8.582377195539827e-07
Norma del vettore g non è uguale a sqrt(N): 73.9373885565906
Norma del vettore g: 19.999999999999993
Strategy: mean_rev, portfolio variance: 1.865486958356686e-06
Norma del vettore g non è uguale a sqrt(N): 73.9373885565906
Norma del vettore g: 19.999999999999993
⚠️ Errore numerico: Autovalori troppo piccoli in Sigma. Uso la pseudo-inversa.
Strategy: mean_rev, portfolio variance: -1.332768613954731e-17
Norma del vettore g non è uguale a sqrt(N): 73.9373885565906
Norma del vettore g: 19.999999999999993
Strategy: mean_rev, portfolio variance: 2.610407585001319e-06
Norma del vettore g non è uguale a sqrt(N): 73.9373885565906
Norma del vettore g: 19.999999999999993
Strategy: mean_rev, portfolio variance: 2.6712601345154816e-06
Norma del vettore g: 20.0
⚠️ Errore numerico: Autovalori troppo piccoli in Sigma. Uso la pseudo-inversa.
Strategy: rnd     , portfolio variance: 2.8761694008659666e-15
Norma del vettore g: 19.999999999999996
⚠️ Errore numerico: Autovalori troppo piccoli in Sigma. Uso la pseudo-inversa.
Strategy: rnd     , portfolio variance: 1.1637754829829255e-12
Norma del vettore g: 19.999999999999996
⚠️ Errore numerico: Autovalori troppo piccoli in Sigma. Uso la pseudo-inversa.
Strategy: rnd     , portfolio variance: 2.3255261413582373e-09
Norma del vettore g: 19.999999999999996
Strategy: rnd     , portfolio variance: 5.148282457862838e-07
Norma del vettore g: 20.0
Strategy: rnd     , portfolio variance: 2.3186941432338147e-07
Norma del vettore g: 20.000000000000004
⚠️ Errore numerico: Autovalori troppo piccoli in Sigma. Uso la pseudo-inversa.
Strategy: rnd     , portfolio variance: -1.2856350299873592e-32
Norma del vettore g: 19.999999999999993
Strategy: rnd     , portfolio variance: 2.8452098114260066e-13
Norma del vettore g: 20.0
Strategy: rnd     , portfolio variance: 1.706355229218142e-14
[====================                                                  ] 28.57%
Kendall covariance matrix not positive definite!
 It may happen!
Norma del vettore g: 20.0
⚠️ Errore numerico: Autovalori troppo piccoli in Sigma. Uso la pseudo-inversa.
Strategy: min_var , portfolio variance: 6.766884313917404e-06
Norma del vettore g: 20.0
⚠️ Errore numerico: Autovalori troppo piccoli in Sigma. Uso la pseudo-inversa.
Strategy: min_var , portfolio variance: 6.078343344860202e-16
Norma del vettore g: 20.0
⚠️ Errore numerico: Autovalori troppo piccoli in Sigma. Uso la pseudo-inversa.
Strategy: min_var , portfolio variance: 2.23857643920498e-13
Norma del vettore g: 20.0
Strategy: min_var , portfolio variance: 5.522343903218746e-07
Norma del vettore g: 20.0
Strategy: min_var , portfolio variance: 1.1457297178704942e-05
Norma del vettore g: 20.0
⚠️ Errore numerico: Autovalori troppo piccoli in Sigma. Uso la pseudo-inversa.
Strategy: min_var , portfolio variance: 4.581733117840756e+27
Norma del vettore g: 20.0
Strategy: min_var , portfolio variance: 2.3443921614399047e-05
Norma del vettore g: 20.0
Strategy: min_var , portfolio variance: 2.58932357900825e-05
Norma del vettore g non è uguale a sqrt(N): 57.65484577878979
Norma del vettore g: 20.000000000000007
⚠️ Errore numerico: Autovalori troppo piccoli in Sigma. Uso la pseudo-inversa.
Strategy: omn     , portfolio variance: 9.072007660933847e-07
Norma del vettore g non è uguale a sqrt(N): 57.65484577878979
Norma del vettore g: 20.000000000000007
⚠️ Errore numerico: Autovalori troppo piccoli in Sigma. Uso la pseudo-inversa.
Strategy: omn     , portfolio variance: 7.238007310890479e-16
Norma del vettore g non è uguale a sqrt(N): 57.65484577878979
Norma del vettore g: 20.000000000000007
⚠️ Errore numerico: Autovalori troppo piccoli in Sigma. Uso la pseudo-inversa.
Strategy: omn     , portfolio variance: 6.289501371837585e-13
Norma del vettore g non è uguale a sqrt(N): 57.65484577878979
Norma del vettore g: 20.000000000000007
Strategy: omn     , portfolio variance: 9.083344254350815e-07
Norma del vettore g non è uguale a sqrt(N): 57.65484577878979
Norma del vettore g: 20.000000000000007
Strategy: omn     , portfolio variance: 1.3342551472467052e-06
Norma del vettore g non è uguale a sqrt(N): 57.65484577878979
Norma del vettore g: 20.000000000000007
⚠️ Errore numerico: Autovalori troppo piccoli in Sigma. Uso la pseudo-inversa.
Strategy: omn     , portfolio variance: 2.3774980185156504e-05
Norma del vettore g non è uguale a sqrt(N): 57.65484577878979
Norma del vettore g: 20.000000000000007
Strategy: omn     , portfolio variance: 1.8841068024121074e-06
Norma del vettore g non è uguale a sqrt(N): 57.65484577878979
Norma del vettore g: 20.000000000000007
Strategy: omn     , portfolio variance: 2.034335168681308e-06
Norma del vettore g non è uguale a sqrt(N): 57.65484577878979
Norma del vettore g: 20.000000000000007
⚠️ Errore numerico: Autovalori troppo piccoli in Sigma. Uso la pseudo-inversa.
Strategy: mean_rev, portfolio variance: 9.072007660933847e-07
Norma del vettore g non è uguale a sqrt(N): 57.65484577878979
Norma del vettore g: 20.000000000000007
⚠️ Errore numerico: Autovalori troppo piccoli in Sigma. Uso la pseudo-inversa.
Strategy: mean_rev, portfolio variance: 7.238007310890479e-16
Norma del vettore g non è uguale a sqrt(N): 57.65484577878979
Norma del vettore g: 20.000000000000007
⚠️ Errore numerico: Autovalori troppo piccoli in Sigma. Uso la pseudo-inversa.
Strategy: mean_rev, portfolio variance: 6.289501371837585e-13
Norma del vettore g non è uguale a sqrt(N): 57.65484577878979
Norma del vettore g: 20.000000000000007
Strategy: mean_rev, portfolio variance: 9.083344254350815e-07
Norma del vettore g non è uguale a sqrt(N): 57.65484577878979
Norma del vettore g: 20.000000000000007
Strategy: mean_rev, portfolio variance: 1.3342551472467052e-06
Norma del vettore g non è uguale a sqrt(N): 57.65484577878979
Norma del vettore g: 20.000000000000007
⚠️ Errore numerico: Autovalori troppo piccoli in Sigma. Uso la pseudo-inversa.
Strategy: mean_rev, portfolio variance: 2.3774980185156504e-05
Norma del vettore g non è uguale a sqrt(N): 57.65484577878979
Norma del vettore g: 20.000000000000007
Strategy: mean_rev, portfolio variance: 1.8841068024121074e-06
Norma del vettore g non è uguale a sqrt(N): 57.65484577878979
Norma del vettore g: 20.000000000000007
Strategy: mean_rev, portfolio variance: 2.034335168681308e-06
Norma del vettore g: 20.0
⚠️ Errore numerico: Autovalori troppo piccoli in Sigma. Uso la pseudo-inversa.
Strategy: rnd     , portfolio variance: 4.0378558677475205e-13
Norma del vettore g: 20.0
⚠️ Errore numerico: Autovalori troppo piccoli in Sigma. Uso la pseudo-inversa.
Strategy: rnd     , portfolio variance: 1.0028183874475148e-15
Norma del vettore g: 20.0
⚠️ Errore numerico: Autovalori troppo piccoli in Sigma. Uso la pseudo-inversa.
Strategy: rnd     , portfolio variance: 2.2171980204372514e-11
Norma del vettore g: 20.0
Strategy: rnd     , portfolio variance: 6.074574896138371e-07
Norma del vettore g: 20.0
Strategy: rnd     , portfolio variance: 2.1362344614588013e-07
Norma del vettore g: 19.999999999999996
⚠️ Errore numerico: Autovalori troppo piccoli in Sigma. Uso la pseudo-inversa.
Strategy: rnd     , portfolio variance: -1.0908317482056722e-32
Norma del vettore g: 19.999999999999996
Strategy: rnd     , portfolio variance: 1.417853737626386e-15
Norma del vettore g: 20.0
Strategy: rnd     , portfolio variance: 1.9105368857345736e-14
[====================                                                  ] 29.22%
Kendall covariance matrix not positive definite!
 It may happen!
Norma del vettore g: 20.0
⚠️ Errore numerico: Autovalori troppo piccoli in Sigma. Uso la pseudo-inversa.
Strategy: min_var , portfolio variance: 6.756431709052822e-06
Norma del vettore g: 20.0
⚠️ Errore numerico: Autovalori troppo piccoli in Sigma. Uso la pseudo-inversa.
Strategy: min_var , portfolio variance: 5.634794296796345e-16
Norma del vettore g: 20.0
⚠️ Errore numerico: Autovalori troppo piccoli in Sigma. Uso la pseudo-inversa.
Strategy: min_var , portfolio variance: 2.2051196647261947e-13
Norma del vettore g: 20.0
Strategy: min_var , portfolio variance: 5.500914465550792e-07
Norma del vettore g: 20.0
Strategy: min_var , portfolio variance: 1.1576360478585948e-05
Norma del vettore g: 20.0
⚠️ Errore numerico: Autovalori troppo piccoli in Sigma. Uso la pseudo-inversa.
Strategy: min_var , portfolio variance: 2.657557797889577e+27
Norma del vettore g: 20.0
Strategy: min_var , portfolio variance: 2.369213159248578e-05
Norma del vettore g: 20.0
Strategy: min_var , portfolio variance: 2.4848505232968994e-05
Norma del vettore g non è uguale a sqrt(N): 79.8721547132567
Norma del vettore g: 20.000000000000004
⚠️ Errore numerico: Autovalori troppo piccoli in Sigma. Uso la pseudo-inversa.
Strategy: omn     , portfolio variance: 1.4892403883154537e-06
Norma del vettore g non è uguale a sqrt(N): 79.8721547132567
Norma del vettore g: 20.000000000000004
⚠️ Errore numerico: Autovalori troppo piccoli in Sigma. Uso la pseudo-inversa.
Strategy: omn     , portfolio variance: 3.540726011155987e-15
Norma del vettore g non è uguale a sqrt(N): 79.8721547132567
Norma del vettore g: 20.000000000000004
⚠️ Errore numerico: Autovalori troppo piccoli in Sigma. Uso la pseudo-inversa.
Strategy: omn     , portfolio variance: 4.466369122304886e-13
Norma del vettore g non è uguale a sqrt(N): 79.8721547132567
Norma del vettore g: 20.000000000000004
Strategy: omn     , portfolio variance: 8.864920831796399e-07
Norma del vettore g non è uguale a sqrt(N): 79.8721547132567
Norma del vettore g: 20.000000000000004
Strategy: omn     , portfolio variance: 2.16627328701039e-06
Norma del vettore g non è uguale a sqrt(N): 79.8721547132567
Norma del vettore g: 20.000000000000004
⚠️ Errore numerico: Autovalori troppo piccoli in Sigma. Uso la pseudo-inversa.
Strategy: omn     , portfolio variance: 5.72361191126321e-06
Norma del vettore g non è uguale a sqrt(N): 79.8721547132567
Norma del vettore g: 20.000000000000004
Strategy: omn     , portfolio variance: 3.347449823911736e-06
Norma del vettore g non è uguale a sqrt(N): 79.8721547132567
Norma del vettore g: 20.000000000000004
Strategy: omn     , portfolio variance: 3.965909583802374e-06
Norma del vettore g non è uguale a sqrt(N): 79.8721547132567
Norma del vettore g: 20.000000000000004
⚠️ Errore numerico: Autovalori troppo piccoli in Sigma. Uso la pseudo-inversa.
Strategy: mean_rev, portfolio variance: 1.4892403883154537e-06
Norma del vettore g non è uguale a sqrt(N): 79.8721547132567
Norma del vettore g: 20.000000000000004
⚠️ Errore numerico: Autovalori troppo piccoli in Sigma. Uso la pseudo-inversa.
Strategy: mean_rev, portfolio variance: 3.540726011155987e-15
Norma del vettore g non è uguale a sqrt(N): 79.8721547132567
Norma del vettore g: 20.000000000000004
⚠️ Errore numerico: Autovalori troppo piccoli in Sigma. Uso la pseudo-inversa.
Strategy: mean_rev, portfolio variance: 4.466369122304886e-13
Norma del vettore g non è uguale a sqrt(N): 79.8721547132567
Norma del vettore g: 20.000000000000004
Strategy: mean_rev, portfolio variance: 8.864920831796399e-07
Norma del vettore g non è uguale a sqrt(N): 79.8721547132567
Norma del vettore g: 20.000000000000004
Strategy: mean_rev, portfolio variance: 2.16627328701039e-06
Norma del vettore g non è uguale a sqrt(N): 79.8721547132567
Norma del vettore g: 20.000000000000004
⚠️ Errore numerico: Autovalori troppo piccoli in Sigma. Uso la pseudo-inversa.
Strategy: mean_rev, portfolio variance: 5.72361191126321e-06
Norma del vettore g non è uguale a sqrt(N): 79.8721547132567
Norma del vettore g: 20.000000000000004
Strategy: mean_rev, portfolio variance: 3.347449823911736e-06
Norma del vettore g non è uguale a sqrt(N): 79.8721547132567
Norma del vettore g: 20.000000000000004
Strategy: mean_rev, portfolio variance: 3.965909583802374e-06
Norma del vettore g: 20.000000000000007
⚠️ Errore numerico: Autovalori troppo piccoli in Sigma. Uso la pseudo-inversa.
Strategy: rnd     , portfolio variance: 7.602348049242304e-16
Norma del vettore g: 19.999999999999993
⚠️ Errore numerico: Autovalori troppo piccoli in Sigma. Uso la pseudo-inversa.
Strategy: rnd     , portfolio variance: 1.3262796061771854e-15
Norma del vettore g: 20.000000000000004
⚠️ Errore numerico: Autovalori troppo piccoli in Sigma. Uso la pseudo-inversa.
Strategy: rnd     , portfolio variance: 2.123640129422255e-10
Norma del vettore g: 20.000000000000004
Strategy: rnd     , portfolio variance: 5.404644547518764e-07
Norma del vettore g: 20.000000000000007
Strategy: rnd     , portfolio variance: 2.1978552701942433e-07
Norma del vettore g: 20.000000000000007
⚠️ Errore numerico: Autovalori troppo piccoli in Sigma. Uso la pseudo-inversa.
Strategy: rnd     , portfolio variance: 3.6183686179351795e-27
Norma del vettore g: 20.0
Strategy: rnd     , portfolio variance: 8.552552192688291e-14
Norma del vettore g: 19.999999999999996
Strategy: rnd     , portfolio variance: 2.8266788706267524e-13
[====================                                                  ] 29.87%
Kendall covariance matrix not positive definite!
 It may happen!
Norma del vettore g: 20.0
⚠️ Errore numerico: Autovalori troppo piccoli in Sigma. Uso la pseudo-inversa.
Strategy: min_var , portfolio variance: 6.969811254043638e-06
Norma del vettore g: 20.0
⚠️ Errore numerico: Autovalori troppo piccoli in Sigma. Uso la pseudo-inversa.
Strategy: min_var , portfolio variance: 5.526786547666663e-16
Norma del vettore g: 20.0
⚠️ Errore numerico: Autovalori troppo piccoli in Sigma. Uso la pseudo-inversa.
Strategy: min_var , portfolio variance: 2.2191949431847593e-13
Norma del vettore g: 20.0
Strategy: min_var , portfolio variance: 5.538945913409278e-07
Norma del vettore g: 20.0
Strategy: min_var , portfolio variance: 1.178039353050061e-05
Norma del vettore g: 20.0
⚠️ Errore numerico: Autovalori troppo piccoli in Sigma. Uso la pseudo-inversa.
Strategy: min_var , portfolio variance: 3.181878047903371e+26
Norma del vettore g: 20.0
Strategy: min_var , portfolio variance: 2.3455160647938113e-05
Norma del vettore g: 20.0
Strategy: min_var , portfolio variance: 2.571100894666127e-05
Norma del vettore g non è uguale a sqrt(N): 43.337560442809206
Norma del vettore g: 20.000000000000004
⚠️ Errore numerico: Autovalori troppo piccoli in Sigma. Uso la pseudo-inversa.
Strategy: omn     , portfolio variance: 4.915322028685534e-07
Norma del vettore g non è uguale a sqrt(N): 43.337560442809206
Norma del vettore g: 20.000000000000004
⚠️ Errore numerico: Autovalori troppo piccoli in Sigma. Uso la pseudo-inversa.
Strategy: omn     , portfolio variance: 4.009720069240525e-15
Norma del vettore g non è uguale a sqrt(N): 43.337560442809206
Norma del vettore g: 20.000000000000004
⚠️ Errore numerico: Autovalori troppo piccoli in Sigma. Uso la pseudo-inversa.
Strategy: omn     , portfolio variance: 1.484963521667111e-12
Norma del vettore g non è uguale a sqrt(N): 43.337560442809206
Norma del vettore g: 20.000000000000004
Strategy: omn     , portfolio variance: 8.312741502266603e-07
Norma del vettore g non è uguale a sqrt(N): 43.337560442809206
Norma del vettore g: 20.000000000000004
Strategy: omn     , portfolio variance: 7.207877928000961e-07
Norma del vettore g non è uguale a sqrt(N): 43.337560442809206
Norma del vettore g: 20.000000000000004
⚠️ Errore numerico: Autovalori troppo piccoli in Sigma. Uso la pseudo-inversa.
Strategy: omn     , portfolio variance: 6.834156673797546e-11
Norma del vettore g non è uguale a sqrt(N): 43.337560442809206
Norma del vettore g: 20.000000000000004
Strategy: omn     , portfolio variance: 9.459912210199025e-07
Norma del vettore g non è uguale a sqrt(N): 43.337560442809206
Norma del vettore g: 20.000000000000004
Strategy: omn     , portfolio variance: 1.0583290147138723e-06
Norma del vettore g non è uguale a sqrt(N): 43.337560442809206
Norma del vettore g: 20.000000000000004
⚠️ Errore numerico: Autovalori troppo piccoli in Sigma. Uso la pseudo-inversa.
Strategy: mean_rev, portfolio variance: 4.915322028685534e-07
Norma del vettore g non è uguale a sqrt(N): 43.337560442809206
Norma del vettore g: 20.000000000000004
⚠️ Errore numerico: Autovalori troppo piccoli in Sigma. Uso la pseudo-inversa.
Strategy: mean_rev, portfolio variance: 4.009720069240525e-15
Norma del vettore g non è uguale a sqrt(N): 43.337560442809206
Norma del vettore g: 20.000000000000004
⚠️ Errore numerico: Autovalori troppo piccoli in Sigma. Uso la pseudo-inversa.
Strategy: mean_rev, portfolio variance: 1.484963521667111e-12
Norma del vettore g non è uguale a sqrt(N): 43.337560442809206
Norma del vettore g: 20.000000000000004
Strategy: mean_rev, portfolio variance: 8.312741502266603e-07
Norma del vettore g non è uguale a sqrt(N): 43.337560442809206
Norma del vettore g: 20.000000000000004
Strategy: mean_rev, portfolio variance: 7.207877928000961e-07
Norma del vettore g non è uguale a sqrt(N): 43.337560442809206
Norma del vettore g: 20.000000000000004
⚠️ Errore numerico: Autovalori troppo piccoli in Sigma. Uso la pseudo-inversa.
Strategy: mean_rev, portfolio variance: 6.834156673797546e-11
Norma del vettore g non è uguale a sqrt(N): 43.337560442809206
Norma del vettore g: 20.000000000000004
Strategy: mean_rev, portfolio variance: 9.459912210199025e-07
Norma del vettore g non è uguale a sqrt(N): 43.337560442809206
Norma del vettore g: 20.000000000000004
Strategy: mean_rev, portfolio variance: 1.0583290147138723e-06
Norma del vettore g: 19.999999999999996
⚠️ Errore numerico: Autovalori troppo piccoli in Sigma. Uso la pseudo-inversa.
Strategy: rnd     , portfolio variance: 1.3573956193269387e-14
Norma del vettore g: 20.0
⚠️ Errore numerico: Autovalori troppo piccoli in Sigma. Uso la pseudo-inversa.
Strategy: rnd     , portfolio variance: 2.789111642528172e-14
Norma del vettore g: 19.999999999999993
⚠️ Errore numerico: Autovalori troppo piccoli in Sigma. Uso la pseudo-inversa.
Strategy: rnd     , portfolio variance: 7.652274154522587e-11
Norma del vettore g: 20.0
Strategy: rnd     , portfolio variance: 5.3978552395677e-07
Norma del vettore g: 19.999999999999993
Strategy: rnd     , portfolio variance: 2.1217444999043527e-07
Norma del vettore g: 20.000000000000007
⚠️ Errore numerico: Autovalori troppo piccoli in Sigma. Uso la pseudo-inversa.
Strategy: rnd     , portfolio variance: -6.645537777274861e-31
Norma del vettore g: 20.00000000000001
Strategy: rnd     , portfolio variance: 1.4485031838998883e-14
Norma del vettore g: 20.000000000000004
Strategy: rnd     , portfolio variance: 6.853553289945547e-15
[=====================                                                 ] 30.52%
Norma del vettore g: 20.0
Strategy: min_var , portfolio variance: 7.105800931634039e-06
Norma del vettore g: 20.0
⚠️ Errore numerico: Autovalori troppo piccoli in Sigma. Uso la pseudo-inversa.
Strategy: min_var , portfolio variance: 2.1585206909538851e-13
Norma del vettore g: 20.0
⚠️ Errore numerico: Autovalori troppo piccoli in Sigma. Uso la pseudo-inversa.
Strategy: min_var , portfolio variance: 2.20077392476585e-13
Norma del vettore g: 20.0
Strategy: min_var , portfolio variance: 5.539990195203619e-07
Norma del vettore g: 20.0
Strategy: min_var , portfolio variance: 1.181639877082029e-05
Norma del vettore g: 20.0
Strategy: min_var , portfolio variance: 0.11688401976668449
Norma del vettore g: 20.0
Strategy: min_var , portfolio variance: 2.3147442872823843e-05
Norma del vettore g: 20.0
Strategy: min_var , portfolio variance: 2.5284050108752553e-05
Norma del vettore g non è uguale a sqrt(N): 53.51554597345515
Norma del vettore g: 20.0
Strategy: omn     , portfolio variance: 7.505337673966138e-07
Norma del vettore g non è uguale a sqrt(N): 53.51554597345515
Norma del vettore g: 20.0
⚠️ Errore numerico: Autovalori troppo piccoli in Sigma. Uso la pseudo-inversa.
Strategy: omn     , portfolio variance: 6.317292029306761e-13
Norma del vettore g non è uguale a sqrt(N): 53.51554597345515
Norma del vettore g: 20.0
⚠️ Errore numerico: Autovalori troppo piccoli in Sigma. Uso la pseudo-inversa.
Strategy: omn     , portfolio variance: 6.158006983304601e-13
Norma del vettore g non è uguale a sqrt(N): 53.51554597345515
Norma del vettore g: 20.0
Strategy: omn     , portfolio variance: 7.746948906477931e-07
Norma del vettore g non è uguale a sqrt(N): 53.51554597345515
Norma del vettore g: 20.0
Strategy: omn     , portfolio variance: 1.0714225820890344e-06
Norma del vettore g non è uguale a sqrt(N): 53.51554597345515
Norma del vettore g: 20.0
Strategy: omn     , portfolio variance: 0.0033309540831832187
Norma del vettore g non è uguale a sqrt(N): 53.51554597345515
Norma del vettore g: 20.0
Strategy: omn     , portfolio variance: 1.8568696424287843e-06
Norma del vettore g non è uguale a sqrt(N): 53.51554597345515
Norma del vettore g: 20.0
Strategy: omn     , portfolio variance: 1.8422480664155802e-06
Norma del vettore g non è uguale a sqrt(N): 53.51554597345515
Norma del vettore g: 20.0
Strategy: mean_rev, portfolio variance: 7.505337673966138e-07
Norma del vettore g non è uguale a sqrt(N): 53.51554597345515
Norma del vettore g: 20.0
⚠️ Errore numerico: Autovalori troppo piccoli in Sigma. Uso la pseudo-inversa.
Strategy: mean_rev, portfolio variance: 6.317292029306761e-13
Norma del vettore g non è uguale a sqrt(N): 53.51554597345515
Norma del vettore g: 20.0
⚠️ Errore numerico: Autovalori troppo piccoli in Sigma. Uso la pseudo-inversa.
Strategy: mean_rev, portfolio variance: 6.158006983304601e-13
Norma del vettore g non è uguale a sqrt(N): 53.51554597345515
Norma del vettore g: 20.0
Strategy: mean_rev, portfolio variance: 7.746948906477931e-07
Norma del vettore g non è uguale a sqrt(N): 53.51554597345515
Norma del vettore g: 20.0
Strategy: mean_rev, portfolio variance: 1.0714225820890344e-06
Norma del vettore g non è uguale a sqrt(N): 53.51554597345515
Norma del vettore g: 20.0
Strategy: mean_rev, portfolio variance: 0.0033309540831832187
Norma del vettore g non è uguale a sqrt(N): 53.51554597345515
Norma del vettore g: 20.0
Strategy: mean_rev, portfolio variance: 1.8568696424287843e-06
Norma del vettore g non è uguale a sqrt(N): 53.51554597345515
Norma del vettore g: 20.0
Strategy: mean_rev, portfolio variance: 1.8422480664155802e-06
Norma del vettore g: 20.000000000000007
Strategy: rnd     , portfolio variance: 1.2408767607970199e-08
Norma del vettore g: 19.999999999999993
⚠️ Errore numerico: Autovalori troppo piccoli in Sigma. Uso la pseudo-inversa.
Strategy: rnd     , portfolio variance: 2.9911728306939464e-08
Norma del vettore g: 20.0
⚠️ Errore numerico: Autovalori troppo piccoli in Sigma. Uso la pseudo-inversa.
Strategy: rnd     , portfolio variance: 1.4213649979274792e-11
Norma del vettore g: 19.999999999999993
Strategy: rnd     , portfolio variance: 5.745322566719081e-07
Norma del vettore g: 20.000000000000007
Strategy: rnd     , portfolio variance: 2.330763486065433e-07
Norma del vettore g: 20.0
Strategy: rnd     , portfolio variance: 0.0005268738512629507
Norma del vettore g: 19.999999999999993
Strategy: rnd     , portfolio variance: 1.540179876860141e-07
Norma del vettore g: 20.000000000000007
Strategy: rnd     , portfolio variance: 1.0283011399141193e-08
[=====================                                                 ] 31.17%
Norma del vettore g: 20.0
Strategy: min_var , portfolio variance: 7.076177387012511e-06
Norma del vettore g: 20.0
⚠️ Errore numerico: Autovalori troppo piccoli in Sigma. Uso la pseudo-inversa.
Strategy: min_var , portfolio variance: 2.2070213731516618e-13
Norma del vettore g: 20.0
⚠️ Errore numerico: Autovalori troppo piccoli in Sigma. Uso la pseudo-inversa.
Strategy: min_var , portfolio variance: 2.2120236093054026e-13
Norma del vettore g: 20.0
Strategy: min_var , portfolio variance: 5.513671970498264e-07
Norma del vettore g: 20.0
Strategy: min_var , portfolio variance: 1.175337475815578e-05
Norma del vettore g: 20.0
Strategy: min_var , portfolio variance: 0.11670835230798968
Norma del vettore g: 20.0
Strategy: min_var , portfolio variance: 2.3448044400628783e-05
Norma del vettore g: 20.0
Strategy: min_var , portfolio variance: 2.5477278077935875e-05
Norma del vettore g non è uguale a sqrt(N): 41.618829991959366
Norma del vettore g: 19.999999999999996
Strategy: omn     , portfolio variance: 5.088006068829639e-07
Norma del vettore g non è uguale a sqrt(N): 41.618829991959366
Norma del vettore g: 19.999999999999996
⚠️ Errore numerico: Autovalori troppo piccoli in Sigma. Uso la pseudo-inversa.
Strategy: omn     , portfolio variance: 6.264545880467812e-12
Norma del vettore g non è uguale a sqrt(N): 41.618829991959366
Norma del vettore g: 19.999999999999996
⚠️ Errore numerico: Autovalori troppo piccoli in Sigma. Uso la pseudo-inversa.
Strategy: omn     , portfolio variance: 6.186957632373078e-12
Norma del vettore g non è uguale a sqrt(N): 41.618829991959366
Norma del vettore g: 19.999999999999996
Strategy: omn     , portfolio variance: 8.003785144301946e-07
Norma del vettore g non è uguale a sqrt(N): 41.618829991959366
Norma del vettore g: 19.999999999999996
Strategy: omn     , portfolio variance: 7.24236965100306e-07
Norma del vettore g non è uguale a sqrt(N): 41.618829991959366
Norma del vettore g: 19.999999999999996
Strategy: omn     , portfolio variance: 0.0024116895264488453
Norma del vettore g non è uguale a sqrt(N): 41.618829991959366
Norma del vettore g: 19.999999999999996
Strategy: omn     , portfolio variance: 1.1911057238200795e-06
Norma del vettore g non è uguale a sqrt(N): 41.618829991959366
Norma del vettore g: 19.999999999999996
Strategy: omn     , portfolio variance: 1.2092137312705912e-06
Norma del vettore g non è uguale a sqrt(N): 41.618829991959366
Norma del vettore g: 19.999999999999996
Strategy: mean_rev, portfolio variance: 5.088006068829639e-07
Norma del vettore g non è uguale a sqrt(N): 41.618829991959366
Norma del vettore g: 19.999999999999996
⚠️ Errore numerico: Autovalori troppo piccoli in Sigma. Uso la pseudo-inversa.
Strategy: mean_rev, portfolio variance: 6.264545880467812e-12
Norma del vettore g non è uguale a sqrt(N): 41.618829991959366
Norma del vettore g: 19.999999999999996
⚠️ Errore numerico: Autovalori troppo piccoli in Sigma. Uso la pseudo-inversa.
Strategy: mean_rev, portfolio variance: 6.186957632373078e-12
Norma del vettore g non è uguale a sqrt(N): 41.618829991959366
Norma del vettore g: 19.999999999999996
Strategy: mean_rev, portfolio variance: 8.003785144301946e-07
Norma del vettore g non è uguale a sqrt(N): 41.618829991959366
Norma del vettore g: 19.999999999999996
Strategy: mean_rev, portfolio variance: 7.24236965100306e-07
Norma del vettore g non è uguale a sqrt(N): 41.618829991959366
Norma del vettore g: 19.999999999999996
Strategy: mean_rev, portfolio variance: 0.0024116895264488453
Norma del vettore g non è uguale a sqrt(N): 41.618829991959366
Norma del vettore g: 19.999999999999996
Strategy: mean_rev, portfolio variance: 1.1911057238200795e-06
Norma del vettore g non è uguale a sqrt(N): 41.618829991959366
Norma del vettore g: 19.999999999999996
Strategy: mean_rev, portfolio variance: 1.2092137312705912e-06
Norma del vettore g: 20.000000000000007
Strategy: rnd     , portfolio variance: 5.341618892940001e-08
Norma del vettore g: 20.000000000000007
⚠️ Errore numerico: Autovalori troppo piccoli in Sigma. Uso la pseudo-inversa.
Strategy: rnd     , portfolio variance: 1.4719792676569775e-11
Norma del vettore g: 20.0
⚠️ Errore numerico: Autovalori troppo piccoli in Sigma. Uso la pseudo-inversa.
Strategy: rnd     , portfolio variance: 2.1625480221689075e-11
Norma del vettore g: 20.000000000000004
Strategy: rnd     , portfolio variance: 5.283080351004534e-07
Norma del vettore g: 19.999999999999996
Strategy: rnd     , portfolio variance: 2.001983808041721e-07
Norma del vettore g: 19.99999999999999
Strategy: rnd     , portfolio variance: 0.001169192087077376
Norma del vettore g: 20.000000000000007
Strategy: rnd     , portfolio variance: 1.6483008186670863e-07
Norma del vettore g: 19.999999999999996
Strategy: rnd     , portfolio variance: 2.0468162831404422e-07
[======================                                                ] 31.82%
Norma del vettore g: 20.0
Strategy: min_var , portfolio variance: 7.031517671840332e-06
Norma del vettore g: 20.0
⚠️ Errore numerico: Autovalori troppo piccoli in Sigma. Uso la pseudo-inversa.
Strategy: min_var , portfolio variance: 2.2024226626797654e-13
Norma del vettore g: 20.0
⚠️ Errore numerico: Autovalori troppo piccoli in Sigma. Uso la pseudo-inversa.
Strategy: min_var , portfolio variance: 2.2065352858649897e-13
Norma del vettore g: 20.0
Strategy: min_var , portfolio variance: 5.463508784798049e-07
Norma del vettore g: 20.0
Strategy: min_var , portfolio variance: 1.1581667917194852e-05
Norma del vettore g: 20.0
Strategy: min_var , portfolio variance: 0.1160330265340415
Norma del vettore g: 20.0
Strategy: min_var , portfolio variance: 2.3679075329917957e-05
Norma del vettore g: 20.0
Strategy: min_var , portfolio variance: 2.519618974748635e-05
Norma del vettore g non è uguale a sqrt(N): 43.282762748038955
Norma del vettore g: 19.999999999999993
Strategy: omn     , portfolio variance: 5.638961105836291e-07
Norma del vettore g non è uguale a sqrt(N): 43.282762748038955
Norma del vettore g: 19.999999999999993
⚠️ Errore numerico: Autovalori troppo piccoli in Sigma. Uso la pseudo-inversa.
Strategy: omn     , portfolio variance: 1.4625801249926692e-12
Norma del vettore g non è uguale a sqrt(N): 43.282762748038955
Norma del vettore g: 19.999999999999993
⚠️ Errore numerico: Autovalori troppo piccoli in Sigma. Uso la pseudo-inversa.
Strategy: omn     , portfolio variance: 1.4582282310931805e-12
Norma del vettore g non è uguale a sqrt(N): 43.282762748038955
Norma del vettore g: 19.999999999999993
Strategy: omn     , portfolio variance: 7.404034064121961e-07
Norma del vettore g non è uguale a sqrt(N): 43.282762748038955
Norma del vettore g: 19.999999999999993
Strategy: omn     , portfolio variance: 8.371240985516755e-07
Norma del vettore g non è uguale a sqrt(N): 43.282762748038955
Norma del vettore g: 19.999999999999993
Strategy: omn     , portfolio variance: 0.002769357588670855
Norma del vettore g non è uguale a sqrt(N): 43.282762748038955
Norma del vettore g: 19.999999999999993
Strategy: omn     , portfolio variance: 1.3911316199972394e-06
Norma del vettore g non è uguale a sqrt(N): 43.282762748038955
Norma del vettore g: 19.999999999999993
Strategy: omn     , portfolio variance: 1.380155630698879e-06
Norma del vettore g non è uguale a sqrt(N): 43.282762748038955
Norma del vettore g: 19.999999999999993
Strategy: mean_rev, portfolio variance: 5.638961105836291e-07
Norma del vettore g non è uguale a sqrt(N): 43.282762748038955
Norma del vettore g: 19.999999999999993
⚠️ Errore numerico: Autovalori troppo piccoli in Sigma. Uso la pseudo-inversa.
Strategy: mean_rev, portfolio variance: 1.4625801249926692e-12
Norma del vettore g non è uguale a sqrt(N): 43.282762748038955
Norma del vettore g: 19.999999999999993
⚠️ Errore numerico: Autovalori troppo piccoli in Sigma. Uso la pseudo-inversa.
Strategy: mean_rev, portfolio variance: 1.4582282310931805e-12
Norma del vettore g non è uguale a sqrt(N): 43.282762748038955
Norma del vettore g: 19.999999999999993
Strategy: mean_rev, portfolio variance: 7.404034064121961e-07
Norma del vettore g non è uguale a sqrt(N): 43.282762748038955
Norma del vettore g: 19.999999999999993
Strategy: mean_rev, portfolio variance: 8.371240985516755e-07
Norma del vettore g non è uguale a sqrt(N): 43.282762748038955
Norma del vettore g: 19.999999999999993
Strategy: mean_rev, portfolio variance: 0.002769357588670855
Norma del vettore g non è uguale a sqrt(N): 43.282762748038955
Norma del vettore g: 19.999999999999993
Strategy: mean_rev, portfolio variance: 1.3911316199972394e-06
Norma del vettore g non è uguale a sqrt(N): 43.282762748038955
Norma del vettore g: 19.999999999999993
Strategy: mean_rev, portfolio variance: 1.380155630698879e-06
Norma del vettore g: 19.999999999999996
Strategy: rnd     , portfolio variance: 3.172039828619504e-08
Norma del vettore g: 19.999999999999996
⚠️ Errore numerico: Autovalori troppo piccoli in Sigma. Uso la pseudo-inversa.
Strategy: rnd     , portfolio variance: 6.64428887069013e-11
Norma del vettore g: 19.999999999999996
⚠️ Errore numerico: Autovalori troppo piccoli in Sigma. Uso la pseudo-inversa.
Strategy: rnd     , portfolio variance: 6.680637958612983e-11
Norma del vettore g: 20.000000000000004
Strategy: rnd     , portfolio variance: 5.444003286544373e-07
Norma del vettore g: 19.999999999999996
Strategy: rnd     , portfolio variance: 2.0147828028865296e-07
Norma del vettore g: 19.999999999999996
Strategy: rnd     , portfolio variance: 0.001106693054939456
Norma del vettore g: 20.000000000000004
Strategy: rnd     , portfolio variance: 1.2306125264332214e-07
Norma del vettore g: 20.000000000000004
Strategy: rnd     , portfolio variance: 1.7915640649734935e-07
[======================                                                ] 32.47%
Norma del vettore g: 20.0
Strategy: min_var , portfolio variance: 6.7527391533383225e-06
Norma del vettore g: 20.0
⚠️ Errore numerico: Autovalori troppo piccoli in Sigma. Uso la pseudo-inversa.
Strategy: min_var , portfolio variance: 2.172286913887286e-13
Norma del vettore g: 20.0
⚠️ Errore numerico: Autovalori troppo piccoli in Sigma. Uso la pseudo-inversa.
Strategy: min_var , portfolio variance: 2.1755437020199434e-13
Norma del vettore g: 20.0
Strategy: min_var , portfolio variance: 5.412369838838046e-07
Norma del vettore g: 20.0
Strategy: min_var , portfolio variance: 1.127176266961603e-05
Norma del vettore g: 20.0
Strategy: min_var , portfolio variance: 0.11553489773944435
Norma del vettore g: 20.0
Strategy: min_var , portfolio variance: 2.334802577277946e-05
Norma del vettore g: 20.0
Strategy: min_var , portfolio variance: 2.5207941731132963e-05
Norma del vettore g non è uguale a sqrt(N): 68.37176599172552
Norma del vettore g: 20.000000000000007
Strategy: omn     , portfolio variance: 1.981488847919863e-06
Norma del vettore g non è uguale a sqrt(N): 68.37176599172552
Norma del vettore g: 20.000000000000007
⚠️ Errore numerico: Autovalori troppo piccoli in Sigma. Uso la pseudo-inversa.
Strategy: omn     , portfolio variance: 4.0106271023569244e-13
Norma del vettore g non è uguale a sqrt(N): 68.37176599172552
Norma del vettore g: 20.000000000000007
⚠️ Errore numerico: Autovalori troppo piccoli in Sigma. Uso la pseudo-inversa.
Strategy: omn     , portfolio variance: 4.007626344192019e-13
Norma del vettore g non è uguale a sqrt(N): 68.37176599172552
Norma del vettore g: 20.000000000000007
Strategy: omn     , portfolio variance: 7.796128466171391e-07
Norma del vettore g non è uguale a sqrt(N): 68.37176599172552
Norma del vettore g: 20.000000000000007
Strategy: omn     , portfolio variance: 2.757775117612867e-06
Norma del vettore g non è uguale a sqrt(N): 68.37176599172552
Norma del vettore g: 20.000000000000007
Strategy: omn     , portfolio variance: 0.007500159372485617
Norma del vettore g non è uguale a sqrt(N): 68.37176599172552
Norma del vettore g: 20.000000000000007
Strategy: omn     , portfolio variance: 3.9920461467733135e-06
Norma del vettore g non è uguale a sqrt(N): 68.37176599172552
Norma del vettore g: 20.000000000000007
Strategy: omn     , portfolio variance: 4.1560884917120055e-06
Norma del vettore g non è uguale a sqrt(N): 68.37176599172552
Norma del vettore g: 20.000000000000007
Strategy: mean_rev, portfolio variance: 1.981488847919863e-06
Norma del vettore g non è uguale a sqrt(N): 68.37176599172552
Norma del vettore g: 20.000000000000007
⚠️ Errore numerico: Autovalori troppo piccoli in Sigma. Uso la pseudo-inversa.
Strategy: mean_rev, portfolio variance: 4.0106271023569244e-13
Norma del vettore g non è uguale a sqrt(N): 68.37176599172552
Norma del vettore g: 20.000000000000007
⚠️ Errore numerico: Autovalori troppo piccoli in Sigma. Uso la pseudo-inversa.
Strategy: mean_rev, portfolio variance: 4.007626344192019e-13
Norma del vettore g non è uguale a sqrt(N): 68.37176599172552
Norma del vettore g: 20.000000000000007
Strategy: mean_rev, portfolio variance: 7.796128466171391e-07
Norma del vettore g non è uguale a sqrt(N): 68.37176599172552
Norma del vettore g: 20.000000000000007
Strategy: mean_rev, portfolio variance: 2.757775117612867e-06
Norma del vettore g non è uguale a sqrt(N): 68.37176599172552
Norma del vettore g: 20.000000000000007
Strategy: mean_rev, portfolio variance: 0.007500159372485617
Norma del vettore g non è uguale a sqrt(N): 68.37176599172552
Norma del vettore g: 20.000000000000007
Strategy: mean_rev, portfolio variance: 3.9920461467733135e-06
Norma del vettore g non è uguale a sqrt(N): 68.37176599172552
Norma del vettore g: 20.000000000000007
Strategy: mean_rev, portfolio variance: 4.1560884917120055e-06
Norma del vettore g: 19.999999999999993
Strategy: rnd     , portfolio variance: 3.497946467887132e-08
Norma del vettore g: 19.999999999999993
⚠️ Errore numerico: Autovalori troppo piccoli in Sigma. Uso la pseudo-inversa.
Strategy: rnd     , portfolio variance: 1.1572349513495134e-09
Norma del vettore g: 19.999999999999996
⚠️ Errore numerico: Autovalori troppo piccoli in Sigma. Uso la pseudo-inversa.
Strategy: rnd     , portfolio variance: 1.9918496029889323e-11
Norma del vettore g: 20.0
Strategy: rnd     , portfolio variance: 5.364708477831511e-07
Norma del vettore g: 20.0
Strategy: rnd     , portfolio variance: 2.0331071883755708e-07
Norma del vettore g: 19.999999999999993
Strategy: rnd     , portfolio variance: 0.0012454402477886364
Norma del vettore g: 20.000000000000007
Strategy: rnd     , portfolio variance: 2.224306813561439e-07
Norma del vettore g: 20.0
Strategy: rnd     , portfolio variance: 2.0121576764072515e-07
[=======================                                               ] 33.12%
Norma del vettore g: 20.0
Strategy: min_var , portfolio variance: 6.872598726162604e-06
Norma del vettore g: 20.0
⚠️ Errore numerico: Autovalori troppo piccoli in Sigma. Uso la pseudo-inversa.
Strategy: min_var , portfolio variance: 2.20328273015532e-13
Norma del vettore g: 20.0
⚠️ Errore numerico: Autovalori troppo piccoli in Sigma. Uso la pseudo-inversa.
Strategy: min_var , portfolio variance: 2.206399214977793e-13
Norma del vettore g: 20.0
Strategy: min_var , portfolio variance: 5.393537602229831e-07
Norma del vettore g: 20.0
Strategy: min_var , portfolio variance: 1.1279063641188055e-05
Norma del vettore g: 20.0
Strategy: min_var , portfolio variance: 0.11458519429968134
Norma del vettore g: 20.0
Strategy: min_var , portfolio variance: 2.3037042223118332e-05
Norma del vettore g: 20.0
Strategy: min_var , portfolio variance: 2.4883471974139728e-05
Norma del vettore g non è uguale a sqrt(N): 58.36842273768455
Norma del vettore g: 20.000000000000004
Strategy: omn     , portfolio variance: 1.0809409307366088e-06
Norma del vettore g non è uguale a sqrt(N): 58.36842273768455
Norma del vettore g: 20.000000000000004
⚠️ Errore numerico: Autovalori troppo piccoli in Sigma. Uso la pseudo-inversa.
Strategy: omn     , portfolio variance: 1.1680157085775154e-12
Norma del vettore g non è uguale a sqrt(N): 58.36842273768455
Norma del vettore g: 20.000000000000004
⚠️ Errore numerico: Autovalori troppo piccoli in Sigma. Uso la pseudo-inversa.
Strategy: omn     , portfolio variance: 1.1644574150222023e-12
Norma del vettore g non è uguale a sqrt(N): 58.36842273768455
Norma del vettore g: 20.000000000000004
Strategy: omn     , portfolio variance: 8.463908326462572e-07
Norma del vettore g non è uguale a sqrt(N): 58.36842273768455
Norma del vettore g: 20.000000000000004
Strategy: omn     , portfolio variance: 1.5940781753318932e-06
Norma del vettore g non è uguale a sqrt(N): 58.36842273768455
Norma del vettore g: 20.000000000000004
Strategy: omn     , portfolio variance: 0.0043800560783737365
Norma del vettore g non è uguale a sqrt(N): 58.36842273768455
Norma del vettore g: 20.000000000000004
Strategy: omn     , portfolio variance: 2.3797075626126534e-06
Norma del vettore g non è uguale a sqrt(N): 58.36842273768455
Norma del vettore g: 20.000000000000004
Strategy: omn     , portfolio variance: 2.608127417500788e-06
Norma del vettore g non è uguale a sqrt(N): 58.36842273768455
Norma del vettore g: 20.000000000000004
Strategy: mean_rev, portfolio variance: 1.0809409307366088e-06
Norma del vettore g non è uguale a sqrt(N): 58.36842273768455
Norma del vettore g: 20.000000000000004
⚠️ Errore numerico: Autovalori troppo piccoli in Sigma. Uso la pseudo-inversa.
Strategy: mean_rev, portfolio variance: 1.1680157085775154e-12
Norma del vettore g non è uguale a sqrt(N): 58.36842273768455
Norma del vettore g: 20.000000000000004
⚠️ Errore numerico: Autovalori troppo piccoli in Sigma. Uso la pseudo-inversa.
Strategy: mean_rev, portfolio variance: 1.1644574150222023e-12
Norma del vettore g non è uguale a sqrt(N): 58.36842273768455
Norma del vettore g: 20.000000000000004
Strategy: mean_rev, portfolio variance: 8.463908326462572e-07
Norma del vettore g non è uguale a sqrt(N): 58.36842273768455
Norma del vettore g: 20.000000000000004
Strategy: mean_rev, portfolio variance: 1.5940781753318932e-06
Norma del vettore g non è uguale a sqrt(N): 58.36842273768455
Norma del vettore g: 20.000000000000004
Strategy: mean_rev, portfolio variance: 0.0043800560783737365
Norma del vettore g non è uguale a sqrt(N): 58.36842273768455
Norma del vettore g: 20.000000000000004
Strategy: mean_rev, portfolio variance: 2.3797075626126534e-06
Norma del vettore g non è uguale a sqrt(N): 58.36842273768455
Norma del vettore g: 20.000000000000004
Strategy: mean_rev, portfolio variance: 2.608127417500788e-06
Norma del vettore g: 19.999999999999993
Strategy: rnd     , portfolio variance: 8.218331059323448e-08
Norma del vettore g: 20.000000000000007
⚠️ Errore numerico: Autovalori troppo piccoli in Sigma. Uso la pseudo-inversa.
Strategy: rnd     , portfolio variance: 8.308158496863491e-10
Norma del vettore g: 19.999999999999996
⚠️ Errore numerico: Autovalori troppo piccoli in Sigma. Uso la pseudo-inversa.
Strategy: rnd     , portfolio variance: 7.910199379961217e-10
Norma del vettore g: 20.0
Strategy: rnd     , portfolio variance: 5.733821989055416e-07
Norma del vettore g: 20.0
Strategy: rnd     , portfolio variance: 2.0696636512388016e-07
Norma del vettore g: 20.000000000000004
Strategy: rnd     , portfolio variance: 0.00118108832376076
Norma del vettore g: 19.999999999999993
Strategy: rnd     , portfolio variance: 2.3213709651668545e-07
Norma del vettore g: 20.0
Strategy: rnd     , portfolio variance: 9.067903167036316e-08
[=======================                                               ] 33.77%
Norma del vettore g: 20.0
Strategy: min_var , portfolio variance: 6.932400216647397e-06
Norma del vettore g: 20.0
⚠️ Errore numerico: Autovalori troppo piccoli in Sigma. Uso la pseudo-inversa.
Strategy: min_var , portfolio variance: 2.1769782474466772e-13
Norma del vettore g: 20.0
⚠️ Errore numerico: Autovalori troppo piccoli in Sigma. Uso la pseudo-inversa.
Strategy: min_var , portfolio variance: 2.1799219336493755e-13
Norma del vettore g: 20.0
Strategy: min_var , portfolio variance: 5.327373474665687e-07
Norma del vettore g: 20.0
Strategy: min_var , portfolio variance: 1.1301089880284519e-05
Norma del vettore g: 20.0
Strategy: min_var , portfolio variance: 0.11353201298476581
Norma del vettore g: 20.0
Strategy: min_var , portfolio variance: 2.336885799276753e-05
Norma del vettore g: 20.0
Strategy: min_var , portfolio variance: 2.486117448109631e-05
Norma del vettore g non è uguale a sqrt(N): 43.6729545782674
Norma del vettore g: 20.0
Strategy: omn     , portfolio variance: 6.351018706239137e-07
Norma del vettore g non è uguale a sqrt(N): 43.6729545782674
Norma del vettore g: 20.0
⚠️ Errore numerico: Autovalori troppo piccoli in Sigma. Uso la pseudo-inversa.
Strategy: omn     , portfolio variance: 2.2867137645095618e-11
Norma del vettore g non è uguale a sqrt(N): 43.6729545782674
Norma del vettore g: 20.0
⚠️ Errore numerico: Autovalori troppo piccoli in Sigma. Uso la pseudo-inversa.
Strategy: omn     , portfolio variance: 2.290210334031236e-11
Norma del vettore g non è uguale a sqrt(N): 43.6729545782674
Norma del vettore g: 20.0
Strategy: omn     , portfolio variance: 8.040460387104222e-07
Norma del vettore g non è uguale a sqrt(N): 43.6729545782674
Norma del vettore g: 20.0
Strategy: omn     , portfolio variance: 9.536555665217963e-07
Norma del vettore g non è uguale a sqrt(N): 43.6729545782674
Norma del vettore g: 20.0
Strategy: omn     , portfolio variance: 0.002692631849218359
Norma del vettore g non è uguale a sqrt(N): 43.6729545782674
Norma del vettore g: 20.0
Strategy: omn     , portfolio variance: 1.64449000771655e-06
Norma del vettore g non è uguale a sqrt(N): 43.6729545782674
Norma del vettore g: 20.0
Strategy: omn     , portfolio variance: 1.7689022827699607e-06
Norma del vettore g non è uguale a sqrt(N): 43.6729545782674
Norma del vettore g: 20.0
Strategy: mean_rev, portfolio variance: 6.351018706239137e-07
Norma del vettore g non è uguale a sqrt(N): 43.6729545782674
Norma del vettore g: 20.0
⚠️ Errore numerico: Autovalori troppo piccoli in Sigma. Uso la pseudo-inversa.
Strategy: mean_rev, portfolio variance: 2.2867137645095618e-11
Norma del vettore g non è uguale a sqrt(N): 43.6729545782674
Norma del vettore g: 20.0
⚠️ Errore numerico: Autovalori troppo piccoli in Sigma. Uso la pseudo-inversa.
Strategy: mean_rev, portfolio variance: 2.290210334031236e-11
Norma del vettore g non è uguale a sqrt(N): 43.6729545782674
Norma del vettore g: 20.0
Strategy: mean_rev, portfolio variance: 8.040460387104222e-07
Norma del vettore g non è uguale a sqrt(N): 43.6729545782674
Norma del vettore g: 20.0
Strategy: mean_rev, portfolio variance: 9.536555665217963e-07
Norma del vettore g non è uguale a sqrt(N): 43.6729545782674
Norma del vettore g: 20.0
Strategy: mean_rev, portfolio variance: 0.002692631849218359
Norma del vettore g non è uguale a sqrt(N): 43.6729545782674
Norma del vettore g: 20.0
Strategy: mean_rev, portfolio variance: 1.64449000771655e-06
Norma del vettore g non è uguale a sqrt(N): 43.6729545782674
Norma del vettore g: 20.0
Strategy: mean_rev, portfolio variance: 1.7689022827699607e-06
Norma del vettore g: 19.999999999999993
Strategy: rnd     , portfolio variance: 5.787953403831484e-08
Norma del vettore g: 20.000000000000004
⚠️ Errore numerico: Autovalori troppo piccoli in Sigma. Uso la pseudo-inversa.
Strategy: rnd     , portfolio variance: 4.85648074834334e-10
Norma del vettore g: 20.000000000000004
⚠️ Errore numerico: Autovalori troppo piccoli in Sigma. Uso la pseudo-inversa.
Strategy: rnd     , portfolio variance: 2.589136483790552e-10
Norma del vettore g: 19.999999999999996
Strategy: rnd     , portfolio variance: 5.353530438980909e-07
Norma del vettore g: 20.0
Strategy: rnd     , portfolio variance: 1.882539813473427e-07
Norma del vettore g: 20.0
Strategy: rnd     , portfolio variance: 0.0011384353618795735
Norma del vettore g: 20.000000000000004
Strategy: rnd     , portfolio variance: 1.805108738171015e-07
Norma del vettore g: 19.999999999999993
Strategy: rnd     , portfolio variance: 1.8132419753650735e-07
[========================                                              ] 34.42%
Norma del vettore g: 20.0
Strategy: min_var , portfolio variance: 6.6267863205807226e-06
Norma del vettore g: 20.0
⚠️ Errore numerico: Autovalori troppo piccoli in Sigma. Uso la pseudo-inversa.
Strategy: min_var , portfolio variance: 2.701521152531485e-13
Norma del vettore g: 20.0
⚠️ Errore numerico: Autovalori troppo piccoli in Sigma. Uso la pseudo-inversa.
Strategy: min_var , portfolio variance: 2.7047051577712495e-13
Norma del vettore g: 20.0
Strategy: min_var , portfolio variance: 4.7179507870659903e-07
Norma del vettore g: 20.0
Strategy: min_var , portfolio variance: 1.0090426197209774e-05
Norma del vettore g: 20.0
Strategy: min_var , portfolio variance: 0.10301138409507074
Norma del vettore g: 20.0
Strategy: min_var , portfolio variance: 1.9901419462692185e-05
Norma del vettore g: 20.0
Strategy: min_var , portfolio variance: 2.1738786081863855e-05
Norma del vettore g non è uguale a sqrt(N): 50.42290593248052
Norma del vettore g: 19.999999999999996
Strategy: omn     , portfolio variance: 5.695767878967222e-07
Norma del vettore g non è uguale a sqrt(N): 50.42290593248052
Norma del vettore g: 19.999999999999996
⚠️ Errore numerico: Autovalori troppo piccoli in Sigma. Uso la pseudo-inversa.
Strategy: omn     , portfolio variance: 2.98834248351149e-12
Norma del vettore g non è uguale a sqrt(N): 50.42290593248052
Norma del vettore g: 19.999999999999996
⚠️ Errore numerico: Autovalori troppo piccoli in Sigma. Uso la pseudo-inversa.
Strategy: omn     , portfolio variance: 2.998581114554734e-12
Norma del vettore g non è uguale a sqrt(N): 50.42290593248052
Norma del vettore g: 19.999999999999996
Strategy: omn     , portfolio variance: 8.073548844837806e-07
Norma del vettore g non è uguale a sqrt(N): 50.42290593248052
Norma del vettore g: 19.999999999999996
Strategy: omn     , portfolio variance: 7.805933086872307e-07
Norma del vettore g non è uguale a sqrt(N): 50.42290593248052
Norma del vettore g: 19.999999999999996
Strategy: omn     , portfolio variance: 0.0020778851870446482
Norma del vettore g non è uguale a sqrt(N): 50.42290593248052
Norma del vettore g: 19.999999999999996
Strategy: omn     , portfolio variance: 1.1333590594108574e-06
Norma del vettore g non è uguale a sqrt(N): 50.42290593248052
Norma del vettore g: 19.999999999999996
Strategy: omn     , portfolio variance: 1.1954674302897389e-06
Norma del vettore g non è uguale a sqrt(N): 50.42290593248052
Norma del vettore g: 19.999999999999996
Strategy: mean_rev, portfolio variance: 5.695767878967222e-07
Norma del vettore g non è uguale a sqrt(N): 50.42290593248052
Norma del vettore g: 19.999999999999996
⚠️ Errore numerico: Autovalori troppo piccoli in Sigma. Uso la pseudo-inversa.
Strategy: mean_rev, portfolio variance: 2.98834248351149e-12
Norma del vettore g non è uguale a sqrt(N): 50.42290593248052
Norma del vettore g: 19.999999999999996
⚠️ Errore numerico: Autovalori troppo piccoli in Sigma. Uso la pseudo-inversa.
Strategy: mean_rev, portfolio variance: 2.998581114554734e-12
Norma del vettore g non è uguale a sqrt(N): 50.42290593248052
Norma del vettore g: 19.999999999999996
Strategy: mean_rev, portfolio variance: 8.073548844837806e-07
Norma del vettore g non è uguale a sqrt(N): 50.42290593248052
Norma del vettore g: 19.999999999999996
Strategy: mean_rev, portfolio variance: 7.805933086872307e-07
Norma del vettore g non è uguale a sqrt(N): 50.42290593248052
Norma del vettore g: 19.999999999999996
Strategy: mean_rev, portfolio variance: 0.0020778851870446482
Norma del vettore g non è uguale a sqrt(N): 50.42290593248052
Norma del vettore g: 19.999999999999996
Strategy: mean_rev, portfolio variance: 1.1333590594108574e-06
Norma del vettore g non è uguale a sqrt(N): 50.42290593248052
Norma del vettore g: 19.999999999999996
Strategy: mean_rev, portfolio variance: 1.1954674302897389e-06
Norma del vettore g: 20.0
Strategy: rnd     , portfolio variance: 7.663242138953165e-08
Norma del vettore g: 20.000000000000004
⚠️ Errore numerico: Autovalori troppo piccoli in Sigma. Uso la pseudo-inversa.
Strategy: rnd     , portfolio variance: 3.580509117928711e-11
Norma del vettore g: 19.999999999999993
⚠️ Errore numerico: Autovalori troppo piccoli in Sigma. Uso la pseudo-inversa.
Strategy: rnd     , portfolio variance: 1.2192200814254741e-10
Norma del vettore g: 19.99999999999999
Strategy: rnd     , portfolio variance: 4.999292633532886e-07
Norma del vettore g: 20.000000000000004
Strategy: rnd     , portfolio variance: 1.999617923255317e-07
Norma del vettore g: 19.999999999999993
Strategy: rnd     , portfolio variance: 0.0011923799285844328
Norma del vettore g: 20.0
Strategy: rnd     , portfolio variance: 9.009138269668988e-08
Norma del vettore g: 19.999999999999996
Strategy: rnd     , portfolio variance: 1.8991353868792443e-07
[========================                                              ] 35.06%
Norma del vettore g: 20.0
Strategy: min_var , portfolio variance: 6.357528176555632e-06
Norma del vettore g: 20.0
Strategy: min_var , portfolio variance: 3.05672597671652e-13
Norma del vettore g: 20.0
Strategy: min_var , portfolio variance: 3.0599368652364657e-13
Norma del vettore g: 20.0
Strategy: min_var , portfolio variance: 4.365537863400103e-07
Norma del vettore g: 20.0
Strategy: min_var , portfolio variance: 9.374571598868556e-06
Norma del vettore g: 20.0
Strategy: min_var , portfolio variance: 0.09723936809290043
Norma del vettore g: 20.0
Strategy: min_var , portfolio variance: 1.9870333538424647e-05
Norma del vettore g: 20.0
Strategy: min_var , portfolio variance: 2.1411287442075647e-05
Norma del vettore g non è uguale a sqrt(N): 61.72173234288986
Norma del vettore g: 20.0
Strategy: omn     , portfolio variance: 7.639026746945218e-07
Norma del vettore g non è uguale a sqrt(N): 61.72173234288986
Norma del vettore g: 20.0
Strategy: omn     , portfolio variance: 8.316670796630947e-13
Norma del vettore g non è uguale a sqrt(N): 61.72173234288986
Norma del vettore g: 20.0
Strategy: omn     , portfolio variance: 8.337784054980037e-13
Norma del vettore g non è uguale a sqrt(N): 61.72173234288986
Norma del vettore g: 20.0
Strategy: omn     , portfolio variance: 6.392412763371142e-07
Norma del vettore g non è uguale a sqrt(N): 61.72173234288986
Norma del vettore g: 20.0
Strategy: omn     , portfolio variance: 1.0443998687266336e-06
Norma del vettore g non è uguale a sqrt(N): 61.72173234288986
Norma del vettore g: 20.0
Strategy: omn     , portfolio variance: 0.003103684526768783
Norma del vettore g non è uguale a sqrt(N): 61.72173234288986
Norma del vettore g: 20.0
Strategy: omn     , portfolio variance: 1.4460839621929125e-06
Norma del vettore g non è uguale a sqrt(N): 61.72173234288986
Norma del vettore g: 20.0
Strategy: omn     , portfolio variance: 1.4557412216076718e-06
Norma del vettore g non è uguale a sqrt(N): 61.72173234288986
Norma del vettore g: 20.0
Strategy: mean_rev, portfolio variance: 7.639026746945218e-07
Norma del vettore g non è uguale a sqrt(N): 61.72173234288986
Norma del vettore g: 20.0
Strategy: mean_rev, portfolio variance: 8.316670796630947e-13
Norma del vettore g non è uguale a sqrt(N): 61.72173234288986
Norma del vettore g: 20.0
Strategy: mean_rev, portfolio variance: 8.337784054980037e-13
Norma del vettore g non è uguale a sqrt(N): 61.72173234288986
Norma del vettore g: 20.0
Strategy: mean_rev, portfolio variance: 6.392412763371142e-07
Norma del vettore g non è uguale a sqrt(N): 61.72173234288986
Norma del vettore g: 20.0
Strategy: mean_rev, portfolio variance: 1.0443998687266336e-06
Norma del vettore g non è uguale a sqrt(N): 61.72173234288986
Norma del vettore g: 20.0
Strategy: mean_rev, portfolio variance: 0.003103684526768783
Norma del vettore g non è uguale a sqrt(N): 61.72173234288986
Norma del vettore g: 20.0
Strategy: mean_rev, portfolio variance: 1.4460839621929125e-06
Norma del vettore g non è uguale a sqrt(N): 61.72173234288986
Norma del vettore g: 20.0
Strategy: mean_rev, portfolio variance: 1.4557412216076718e-06
Norma del vettore g: 20.000000000000007
Strategy: rnd     , portfolio variance: 6.505088919134764e-08
Norma del vettore g: 20.0
Strategy: rnd     , portfolio variance: 6.415207337980118e-10
Norma del vettore g: 20.000000000000004
Strategy: rnd     , portfolio variance: 3.794211608528966e-11
Norma del vettore g: 20.000000000000007
Strategy: rnd     , portfolio variance: 4.5591599905151915e-07
Norma del vettore g: 20.00000000000001
Strategy: rnd     , portfolio variance: 1.98735759535174e-07
Norma del vettore g: 20.000000000000004
Strategy: rnd     , portfolio variance: 0.001239431695796679
Norma del vettore g: 20.0
Strategy: rnd     , portfolio variance: 1.8613242744635884e-07
Norma del vettore g: 20.0
Strategy: rnd     , portfolio variance: 2.1461441131598689e-07
[=========================                                             ] 35.71%
Norma del vettore g: 20.0
Strategy: min_var , portfolio variance: 6.631677494365542e-06
Norma del vettore g: 20.0
Strategy: min_var , portfolio variance: 3.2539583282805475e-13
Norma del vettore g: 20.0
Strategy: min_var , portfolio variance: 3.2568960330471415e-13
Norma del vettore g: 20.0
Strategy: min_var , portfolio variance: 4.119654066145727e-07
Norma del vettore g: 20.0
Strategy: min_var , portfolio variance: 9.654943746192705e-06
Norma del vettore g: 20.0
Strategy: min_var , portfolio variance: 0.09456239852848257
Norma del vettore g: 20.0
Strategy: min_var , portfolio variance: 1.984385105053114e-05
Norma del vettore g: 20.0
Strategy: min_var , portfolio variance: 2.1478028824339593e-05
Norma del vettore g non è uguale a sqrt(N): 67.32228905706359
Norma del vettore g: 20.0
Strategy: omn     , portfolio variance: 9.849116569121768e-07
Norma del vettore g non è uguale a sqrt(N): 67.32228905706359
Norma del vettore g: 20.0
Strategy: omn     , portfolio variance: 9.969596669306954e-13
Norma del vettore g non è uguale a sqrt(N): 67.32228905706359
Norma del vettore g: 20.0
Strategy: omn     , portfolio variance: 9.968623833364256e-13
Norma del vettore g non è uguale a sqrt(N): 67.32228905706359
Norma del vettore g: 20.0
Strategy: omn     , portfolio variance: 7.500357118079901e-07
Norma del vettore g non è uguale a sqrt(N): 67.32228905706359
Norma del vettore g: 20.0
Strategy: omn     , portfolio variance: 1.3288397473275554e-06
Norma del vettore g non è uguale a sqrt(N): 67.32228905706359
Norma del vettore g: 20.0
Strategy: omn     , portfolio variance: 0.0034203847080108906
Norma del vettore g non è uguale a sqrt(N): 67.32228905706359
Norma del vettore g: 20.0
Strategy: omn     , portfolio variance: 1.8887347099905413e-06
Norma del vettore g non è uguale a sqrt(N): 67.32228905706359
Norma del vettore g: 20.0
Strategy: omn     , portfolio variance: 2.0381910878437683e-06
Norma del vettore g non è uguale a sqrt(N): 67.32228905706359
Norma del vettore g: 20.0
Strategy: mean_rev, portfolio variance: 9.849116569121768e-07
Norma del vettore g non è uguale a sqrt(N): 67.32228905706359
Norma del vettore g: 20.0
Strategy: mean_rev, portfolio variance: 9.969596669306954e-13
Norma del vettore g non è uguale a sqrt(N): 67.32228905706359
Norma del vettore g: 20.0
Strategy: mean_rev, portfolio variance: 9.968623833364256e-13
Norma del vettore g non è uguale a sqrt(N): 67.32228905706359
Norma del vettore g: 20.0
Strategy: mean_rev, portfolio variance: 7.500357118079901e-07
Norma del vettore g non è uguale a sqrt(N): 67.32228905706359
Norma del vettore g: 20.0
Strategy: mean_rev, portfolio variance: 1.3288397473275554e-06
Norma del vettore g non è uguale a sqrt(N): 67.32228905706359
Norma del vettore g: 20.0
Strategy: mean_rev, portfolio variance: 0.0034203847080108906
Norma del vettore g non è uguale a sqrt(N): 67.32228905706359
Norma del vettore g: 20.0
Strategy: mean_rev, portfolio variance: 1.8887347099905413e-06
Norma del vettore g non è uguale a sqrt(N): 67.32228905706359
Norma del vettore g: 20.0
Strategy: mean_rev, portfolio variance: 2.0381910878437683e-06
Norma del vettore g: 19.999999999999996
Strategy: rnd     , portfolio variance: 5.353047100076388e-08
Norma del vettore g: 20.0
Strategy: rnd     , portfolio variance: 6.776937167368826e-08
Norma del vettore g: 19.999999999999996
Strategy: rnd     , portfolio variance: 8.238885439943521e-11
Norma del vettore g: 20.0
Strategy: rnd     , portfolio variance: 4.327660056396648e-07
Norma del vettore g: 20.0
Strategy: rnd     , portfolio variance: 1.7641934225514155e-07
Norma del vettore g: 20.000000000000007
Strategy: rnd     , portfolio variance: 0.0011255251274468392
Norma del vettore g: 19.999999999999993
Strategy: rnd     , portfolio variance: 1.1940486548064534e-07
Norma del vettore g: 20.000000000000007
Strategy: rnd     , portfolio variance: 1.1909464621653444e-07
[=========================                                             ] 36.36%
Norma del vettore g: 20.0
Strategy: min_var , portfolio variance: 6.754570523505368e-06
Norma del vettore g: 20.0
Strategy: min_var , portfolio variance: 3.867691459332292e-13
Norma del vettore g: 20.0
Strategy: min_var , portfolio variance: 3.8743779463700313e-13
Norma del vettore g: 20.0
Strategy: min_var , portfolio variance: 3.9968664753864224e-07
Norma del vettore g: 20.0
Strategy: min_var , portfolio variance: 9.52302565812125e-06
Norma del vettore g: 20.0
Strategy: min_var , portfolio variance: 0.08858914285393174
Norma del vettore g: 20.0
Strategy: min_var , portfolio variance: 2.0309809926716438e-05
Norma del vettore g: 20.0
Strategy: min_var , portfolio variance: 2.1718600407514557e-05
Norma del vettore g non è uguale a sqrt(N): 89.38125375879697
Norma del vettore g: 20.000000000000007
Strategy: omn     , portfolio variance: 1.446307444630893e-06
Norma del vettore g non è uguale a sqrt(N): 89.38125375879697
Norma del vettore g: 20.000000000000007
Strategy: omn     , portfolio variance: 8.830074856971905e-13
Norma del vettore g non è uguale a sqrt(N): 89.38125375879697
Norma del vettore g: 20.000000000000007
Strategy: omn     , portfolio variance: 8.837652929626449e-13
Norma del vettore g non è uguale a sqrt(N): 89.38125375879697
Norma del vettore g: 20.000000000000007
Strategy: omn     , portfolio variance: 6.845583936608324e-07
Norma del vettore g non è uguale a sqrt(N): 89.38125375879697
Norma del vettore g: 20.000000000000007
Strategy: omn     , portfolio variance: 1.8995900769724925e-06
Norma del vettore g non è uguale a sqrt(N): 89.38125375879697
Norma del vettore g: 20.000000000000007
Strategy: omn     , portfolio variance: 0.004995970394571994
Norma del vettore g non è uguale a sqrt(N): 89.38125375879697
Norma del vettore g: 20.000000000000007
Strategy: omn     , portfolio variance: 3.4394861440296533e-06
Norma del vettore g non è uguale a sqrt(N): 89.38125375879697
Norma del vettore g: 20.000000000000007
Strategy: omn     , portfolio variance: 3.7692467695419384e-06
Norma del vettore g non è uguale a sqrt(N): 89.38125375879697
Norma del vettore g: 20.000000000000007
Strategy: mean_rev, portfolio variance: 1.446307444630893e-06
Norma del vettore g non è uguale a sqrt(N): 89.38125375879697
Norma del vettore g: 20.000000000000007
Strategy: mean_rev, portfolio variance: 8.830074856971905e-13
Norma del vettore g non è uguale a sqrt(N): 89.38125375879697
Norma del vettore g: 20.000000000000007
Strategy: mean_rev, portfolio variance: 8.837652929626449e-13
Norma del vettore g non è uguale a sqrt(N): 89.38125375879697
Norma del vettore g: 20.000000000000007
Strategy: mean_rev, portfolio variance: 6.845583936608324e-07
Norma del vettore g non è uguale a sqrt(N): 89.38125375879697
Norma del vettore g: 20.000000000000007
Strategy: mean_rev, portfolio variance: 1.8995900769724925e-06
Norma del vettore g non è uguale a sqrt(N): 89.38125375879697
Norma del vettore g: 20.000000000000007
Strategy: mean_rev, portfolio variance: 0.004995970394571994
Norma del vettore g non è uguale a sqrt(N): 89.38125375879697
Norma del vettore g: 20.000000000000007
Strategy: mean_rev, portfolio variance: 3.4394861440296533e-06
Norma del vettore g non è uguale a sqrt(N): 89.38125375879697
Norma del vettore g: 20.000000000000007
Strategy: mean_rev, portfolio variance: 3.7692467695419384e-06
Norma del vettore g: 20.0
Strategy: rnd     , portfolio variance: 6.811183011474554e-08
Norma del vettore g: 20.000000000000004
Strategy: rnd     , portfolio variance: 9.728769558264801e-11
Norma del vettore g: 20.0
Strategy: rnd     , portfolio variance: 7.132992035837889e-11
Norma del vettore g: 20.000000000000004
Strategy: rnd     , portfolio variance: 4.325992031643597e-07
Norma del vettore g: 20.0
Strategy: rnd     , portfolio variance: 1.759355309782507e-07
Norma del vettore g: 20.000000000000004
Strategy: rnd     , portfolio variance: 0.0013024898867969002
Norma del vettore g: 20.0
Strategy: rnd     , portfolio variance: 7.557415567086491e-08
Norma del vettore g: 20.0
Strategy: rnd     , portfolio variance: 2.0201375207355062e-07
[=========================                                             ] 37.01%
Norma del vettore g: 20.0
Strategy: min_var , portfolio variance: 6.730766836089943e-06
Norma del vettore g: 20.0
Strategy: min_var , portfolio variance: 3.615341974051063e-13
Norma del vettore g: 20.0
Strategy: min_var , portfolio variance: 3.629984507452833e-13
Norma del vettore g: 20.0
Strategy: min_var , portfolio variance: 4.004773020979012e-07
Norma del vettore g: 20.0
Strategy: min_var , portfolio variance: 9.502325382521032e-06
Norma del vettore g: 20.0
Strategy: min_var , portfolio variance: 0.0890389863823688
Norma del vettore g: 20.0
Strategy: min_var , portfolio variance: 2.10148618849755e-05
Norma del vettore g: 20.0
Strategy: min_var , portfolio variance: 2.0990778624012525e-05
Norma del vettore g non è uguale a sqrt(N): 42.464583129764314
Norma del vettore g: 19.999999999999996
Strategy: omn     , portfolio variance: 4.518023271123772e-07
Norma del vettore g non è uguale a sqrt(N): 42.464583129764314
Norma del vettore g: 19.999999999999996
Strategy: omn     , portfolio variance: 1.828037444990331e-12
Norma del vettore g non è uguale a sqrt(N): 42.464583129764314
Norma del vettore g: 19.999999999999996
Strategy: omn     , portfolio variance: 1.8352339623506e-12
Norma del vettore g non è uguale a sqrt(N): 42.464583129764314
Norma del vettore g: 19.999999999999996
Strategy: omn     , portfolio variance: 5.61094043315155e-07
Norma del vettore g non è uguale a sqrt(N): 42.464583129764314
Norma del vettore g: 19.999999999999996
Strategy: omn     , portfolio variance: 6.513411030189341e-07
Norma del vettore g non è uguale a sqrt(N): 42.464583129764314
Norma del vettore g: 19.999999999999996
Strategy: omn     , portfolio variance: 0.0027684566621667206
Norma del vettore g non è uguale a sqrt(N): 42.464583129764314
Norma del vettore g: 19.999999999999996
Strategy: omn     , portfolio variance: 1.050174317110344e-06
Norma del vettore g non è uguale a sqrt(N): 42.464583129764314
Norma del vettore g: 19.999999999999996
Strategy: omn     , portfolio variance: 1.1167206095419416e-06
Norma del vettore g non è uguale a sqrt(N): 42.464583129764314
Norma del vettore g: 19.999999999999996
Strategy: mean_rev, portfolio variance: 4.518023271123772e-07
Norma del vettore g non è uguale a sqrt(N): 42.464583129764314
Norma del vettore g: 19.999999999999996
Strategy: mean_rev, portfolio variance: 1.828037444990331e-12
Norma del vettore g non è uguale a sqrt(N): 42.464583129764314
Norma del vettore g: 19.999999999999996
Strategy: mean_rev, portfolio variance: 1.8352339623506e-12
Norma del vettore g non è uguale a sqrt(N): 42.464583129764314
Norma del vettore g: 19.999999999999996
Strategy: mean_rev, portfolio variance: 5.61094043315155e-07
Norma del vettore g non è uguale a sqrt(N): 42.464583129764314
Norma del vettore g: 19.999999999999996
Strategy: mean_rev, portfolio variance: 6.513411030189341e-07
Norma del vettore g non è uguale a sqrt(N): 42.464583129764314
Norma del vettore g: 19.999999999999996
Strategy: mean_rev, portfolio variance: 0.0027684566621667206
Norma del vettore g non è uguale a sqrt(N): 42.464583129764314
Norma del vettore g: 19.999999999999996
Strategy: mean_rev, portfolio variance: 1.050174317110344e-06
Norma del vettore g non è uguale a sqrt(N): 42.464583129764314
Norma del vettore g: 19.999999999999996
Strategy: mean_rev, portfolio variance: 1.1167206095419416e-06
Norma del vettore g: 19.999999999999993
Strategy: rnd     , portfolio variance: 4.412221760740696e-08
Norma del vettore g: 19.999999999999996
Strategy: rnd     , portfolio variance: 7.192583551024866e-11
Norma del vettore g: 20.000000000000007
Strategy: rnd     , portfolio variance: 2.2549335017544997e-10
Norma del vettore g: 20.0
Strategy: rnd     , portfolio variance: 4.210910609294585e-07
Norma del vettore g: 19.999999999999996
Strategy: rnd     , portfolio variance: 1.7246352057740093e-07
Norma del vettore g: 19.999999999999993
Strategy: rnd     , portfolio variance: 0.0014153211643280787
Norma del vettore g: 19.999999999999996
Strategy: rnd     , portfolio variance: 1.2753562267206007e-07
Norma del vettore g: 19.999999999999996
Strategy: rnd     , portfolio variance: 1.4974744459446712e-07
[==========================                                            ] 37.66%
Norma del vettore g: 20.0
Strategy: min_var , portfolio variance: 7.027628377863959e-06
Norma del vettore g: 20.0
Strategy: min_var , portfolio variance: 3.58730094459292e-13
Norma del vettore g: 20.0
Strategy: min_var , portfolio variance: 3.6017886377342394e-13
Norma del vettore g: 20.0
Strategy: min_var , portfolio variance: 4.005293084147943e-07
Norma del vettore g: 20.0
Strategy: min_var , portfolio variance: 9.757389660871683e-06
Norma del vettore g: 20.0
Strategy: min_var , portfolio variance: 0.08968740147086342
Norma del vettore g: 20.0
Strategy: min_var , portfolio variance: 2.2289550878957704e-05
Norma del vettore g: 20.0
Strategy: min_var , portfolio variance: 2.2229038894331258e-05
Norma del vettore g non è uguale a sqrt(N): 44.881794198160776
Norma del vettore g: 20.000000000000007
Strategy: omn     , portfolio variance: 5.650196107005058e-07
Norma del vettore g non è uguale a sqrt(N): 44.881794198160776
Norma del vettore g: 20.000000000000007
Strategy: omn     , portfolio variance: 1.507417434619112e-11
Norma del vettore g non è uguale a sqrt(N): 44.881794198160776
Norma del vettore g: 20.000000000000007
Strategy: omn     , portfolio variance: 1.5108868244136748e-11
Norma del vettore g non è uguale a sqrt(N): 44.881794198160776
Norma del vettore g: 20.000000000000007
Strategy: omn     , portfolio variance: 6.635762023142657e-07
Norma del vettore g non è uguale a sqrt(N): 44.881794198160776
Norma del vettore g: 20.000000000000007
Strategy: omn     , portfolio variance: 8.167508840429523e-07
Norma del vettore g non è uguale a sqrt(N): 44.881794198160776
Norma del vettore g: 20.000000000000007
Strategy: omn     , portfolio variance: 0.0031106746231275677
Norma del vettore g non è uguale a sqrt(N): 44.881794198160776
Norma del vettore g: 20.000000000000007
Strategy: omn     , portfolio variance: 1.391563350330055e-06
Norma del vettore g non è uguale a sqrt(N): 44.881794198160776
Norma del vettore g: 20.000000000000007
Strategy: omn     , portfolio variance: 1.4576030608430361e-06
Norma del vettore g non è uguale a sqrt(N): 44.881794198160776
Norma del vettore g: 20.000000000000007
Strategy: mean_rev, portfolio variance: 5.650196107005058e-07
Norma del vettore g non è uguale a sqrt(N): 44.881794198160776
Norma del vettore g: 20.000000000000007
Strategy: mean_rev, portfolio variance: 1.507417434619112e-11
Norma del vettore g non è uguale a sqrt(N): 44.881794198160776
Norma del vettore g: 20.000000000000007
Strategy: mean_rev, portfolio variance: 1.5108868244136748e-11
Norma del vettore g non è uguale a sqrt(N): 44.881794198160776
Norma del vettore g: 20.000000000000007
Strategy: mean_rev, portfolio variance: 6.635762023142657e-07
Norma del vettore g non è uguale a sqrt(N): 44.881794198160776
Norma del vettore g: 20.000000000000007
Strategy: mean_rev, portfolio variance: 8.167508840429523e-07
Norma del vettore g non è uguale a sqrt(N): 44.881794198160776
Norma del vettore g: 20.000000000000007
Strategy: mean_rev, portfolio variance: 0.0031106746231275677
Norma del vettore g non è uguale a sqrt(N): 44.881794198160776
Norma del vettore g: 20.000000000000007
Strategy: mean_rev, portfolio variance: 1.391563350330055e-06
Norma del vettore g non è uguale a sqrt(N): 44.881794198160776
Norma del vettore g: 20.000000000000007
Strategy: mean_rev, portfolio variance: 1.4576030608430361e-06
Norma del vettore g: 19.999999999999993
Strategy: rnd     , portfolio variance: 8.014616969217511e-08
Norma del vettore g: 19.999999999999993
Strategy: rnd     , portfolio variance: 1.2798178974532433e-08
Norma del vettore g: 19.999999999999993
Strategy: rnd     , portfolio variance: 4.445835714762662e-09
Norma del vettore g: 20.000000000000004
Strategy: rnd     , portfolio variance: 4.0911584655656885e-07
Norma del vettore g: 19.999999999999993
Strategy: rnd     , portfolio variance: 1.8566226227503222e-07
Norma del vettore g: 20.000000000000007
Strategy: rnd     , portfolio variance: 0.0011269483548555267
Norma del vettore g: 19.999999999999993
Strategy: rnd     , portfolio variance: 1.8545943014935837e-07
Norma del vettore g: 20.000000000000004
Strategy: rnd     , portfolio variance: 1.1628823951797638e-07
[==========================                                            ] 38.31%
Norma del vettore g: 20.0
Strategy: min_var , portfolio variance: 7.0373305326779005e-06
Norma del vettore g: 20.0
Strategy: min_var , portfolio variance: 3.657224686507782e-13
Norma del vettore g: 20.0
Strategy: min_var , portfolio variance: 3.6816389426966415e-13
Norma del vettore g: 20.0
Strategy: min_var , portfolio variance: 3.9711366461772137e-07
Norma del vettore g: 20.0
Strategy: min_var , portfolio variance: 9.858600421480482e-06
Norma del vettore g: 20.0
Strategy: min_var , portfolio variance: 0.08801499604276415
Norma del vettore g: 20.0
Strategy: min_var , portfolio variance: 2.232405614812702e-05
Norma del vettore g: 20.0
Strategy: min_var , portfolio variance: 2.2334183584441547e-05
Norma del vettore g non è uguale a sqrt(N): 51.16685452674095
Norma del vettore g: 20.000000000000004
Strategy: omn     , portfolio variance: 6.393303834561376e-07
Norma del vettore g non è uguale a sqrt(N): 51.16685452674095
Norma del vettore g: 20.000000000000004
Strategy: omn     , portfolio variance: 6.32098853838555e-12
Norma del vettore g non è uguale a sqrt(N): 51.16685452674095
Norma del vettore g: 20.000000000000004
Strategy: omn     , portfolio variance: 6.366469855503597e-12
Norma del vettore g non è uguale a sqrt(N): 51.16685452674095
Norma del vettore g: 20.000000000000004
Strategy: omn     , portfolio variance: 5.845967632135259e-07
Norma del vettore g non è uguale a sqrt(N): 51.16685452674095
Norma del vettore g: 20.000000000000004
Strategy: omn     , portfolio variance: 8.84415990809186e-07
Norma del vettore g non è uguale a sqrt(N): 51.16685452674095
Norma del vettore g: 20.000000000000004
Strategy: omn     , portfolio variance: 0.00318498793209966
Norma del vettore g non è uguale a sqrt(N): 51.16685452674095
Norma del vettore g: 20.000000000000004
Strategy: omn     , portfolio variance: 1.3595047360505434e-06
Norma del vettore g non è uguale a sqrt(N): 51.16685452674095
Norma del vettore g: 20.000000000000004
Strategy: omn     , portfolio variance: 1.4661513488636134e-06
Norma del vettore g non è uguale a sqrt(N): 51.16685452674095
Norma del vettore g: 20.000000000000004
Strategy: mean_rev, portfolio variance: 6.393303834561376e-07
Norma del vettore g non è uguale a sqrt(N): 51.16685452674095
Norma del vettore g: 20.000000000000004
Strategy: mean_rev, portfolio variance: 6.32098853838555e-12
Norma del vettore g non è uguale a sqrt(N): 51.16685452674095
Norma del vettore g: 20.000000000000004
Strategy: mean_rev, portfolio variance: 6.366469855503597e-12
Norma del vettore g non è uguale a sqrt(N): 51.16685452674095
Norma del vettore g: 20.000000000000004
Strategy: mean_rev, portfolio variance: 5.845967632135259e-07
Norma del vettore g non è uguale a sqrt(N): 51.16685452674095
Norma del vettore g: 20.000000000000004
Strategy: mean_rev, portfolio variance: 8.84415990809186e-07
Norma del vettore g non è uguale a sqrt(N): 51.16685452674095
Norma del vettore g: 20.000000000000004
Strategy: mean_rev, portfolio variance: 0.00318498793209966
Norma del vettore g non è uguale a sqrt(N): 51.16685452674095
Norma del vettore g: 20.000000000000004
Strategy: mean_rev, portfolio variance: 1.3595047360505434e-06
Norma del vettore g non è uguale a sqrt(N): 51.16685452674095
Norma del vettore g: 20.000000000000004
Strategy: mean_rev, portfolio variance: 1.4661513488636134e-06
Norma del vettore g: 20.0
Strategy: rnd     , portfolio variance: 6.8846317858786e-08
Norma del vettore g: 19.999999999999993
Strategy: rnd     , portfolio variance: 3.049247260351876e-09
Norma del vettore g: 20.0
Strategy: rnd     , portfolio variance: 1.8566181497977264e-10
Norma del vettore g: 20.000000000000004
Strategy: rnd     , portfolio variance: 3.933666121181575e-07
Norma del vettore g: 19.999999999999996
Strategy: rnd     , portfolio variance: 1.6926090216178622e-07
Norma del vettore g: 19.999999999999996
Strategy: rnd     , portfolio variance: 0.001293816174868202
Norma del vettore g: 20.000000000000007
Strategy: rnd     , portfolio variance: 1.851247202384505e-07
Norma del vettore g: 20.000000000000007
Strategy: rnd     , portfolio variance: 1.2255534072466608e-07
[===========================                                           ] 38.96%
Norma del vettore g: 20.0
Strategy: min_var , portfolio variance: 7.106509557363368e-06
Norma del vettore g: 20.0
Strategy: min_var , portfolio variance: 3.566934680403452e-13
Norma del vettore g: 20.0
Strategy: min_var , portfolio variance: 3.592839835608923e-13
Norma del vettore g: 20.0
Strategy: min_var , portfolio variance: 3.9403729706598327e-07
Norma del vettore g: 20.0
Strategy: min_var , portfolio variance: 9.866783045618583e-06
Norma del vettore g: 20.0
Strategy: min_var , portfolio variance: 0.08805403396568118
Norma del vettore g: 20.0
Strategy: min_var , portfolio variance: 2.2986793012363895e-05
Norma del vettore g: 20.0
Strategy: min_var , portfolio variance: 2.3816803947636104e-05
Norma del vettore g non è uguale a sqrt(N): 41.59012210684371
Norma del vettore g: 20.0
Strategy: omn     , portfolio variance: 4.056094668516441e-07
Norma del vettore g non è uguale a sqrt(N): 41.59012210684371
Norma del vettore g: 20.0
Strategy: omn     , portfolio variance: 2.069306633104342e-12
Norma del vettore g non è uguale a sqrt(N): 41.59012210684371
Norma del vettore g: 20.0
Strategy: omn     , portfolio variance: 2.0866523981138424e-12
Norma del vettore g non è uguale a sqrt(N): 41.59012210684371
Norma del vettore g: 20.0
Strategy: omn     , portfolio variance: 5.502068783526804e-07
Norma del vettore g non è uguale a sqrt(N): 41.59012210684371
Norma del vettore g: 20.0
Strategy: omn     , portfolio variance: 5.769991266813763e-07
Norma del vettore g non è uguale a sqrt(N): 41.59012210684371
Norma del vettore g: 20.0
Strategy: omn     , portfolio variance: 0.0022577711334600707
Norma del vettore g non è uguale a sqrt(N): 41.59012210684371
Norma del vettore g: 20.0
Strategy: omn     , portfolio variance: 7.887265164466045e-07
Norma del vettore g non è uguale a sqrt(N): 41.59012210684371
Norma del vettore g: 20.0
Strategy: omn     , portfolio variance: 8.263551309238943e-07
Norma del vettore g non è uguale a sqrt(N): 41.59012210684371
Norma del vettore g: 20.0
Strategy: mean_rev, portfolio variance: 4.056094668516441e-07
Norma del vettore g non è uguale a sqrt(N): 41.59012210684371
Norma del vettore g: 20.0
Strategy: mean_rev, portfolio variance: 2.069306633104342e-12
Norma del vettore g non è uguale a sqrt(N): 41.59012210684371
Norma del vettore g: 20.0
Strategy: mean_rev, portfolio variance: 2.0866523981138424e-12
Norma del vettore g non è uguale a sqrt(N): 41.59012210684371
Norma del vettore g: 20.0
Strategy: mean_rev, portfolio variance: 5.502068783526804e-07
Norma del vettore g non è uguale a sqrt(N): 41.59012210684371
Norma del vettore g: 20.0
Strategy: mean_rev, portfolio variance: 5.769991266813763e-07
Norma del vettore g non è uguale a sqrt(N): 41.59012210684371
Norma del vettore g: 20.0
Strategy: mean_rev, portfolio variance: 0.0022577711334600707
Norma del vettore g non è uguale a sqrt(N): 41.59012210684371
Norma del vettore g: 20.0
Strategy: mean_rev, portfolio variance: 7.887265164466045e-07
Norma del vettore g non è uguale a sqrt(N): 41.59012210684371
Norma del vettore g: 20.0
Strategy: mean_rev, portfolio variance: 8.263551309238943e-07
Norma del vettore g: 20.0
Strategy: rnd     , portfolio variance: 6.478858545029663e-08
Norma del vettore g: 20.000000000000004
Strategy: rnd     , portfolio variance: 9.016588794970266e-10
Norma del vettore g: 20.0
Strategy: rnd     , portfolio variance: 1.1791039917116025e-10
Norma del vettore g: 19.999999999999996
Strategy: rnd     , portfolio variance: 3.843223867778985e-07
Norma del vettore g: 19.999999999999996
Strategy: rnd     , portfolio variance: 1.6052962619585664e-07
Norma del vettore g: 20.000000000000007
Strategy: rnd     , portfolio variance: 0.0013243149491989983
Norma del vettore g: 20.0
Strategy: rnd     , portfolio variance: 1.0426508130688142e-07
Norma del vettore g: 20.000000000000004
Strategy: rnd     , portfolio variance: 1.3889749408863993e-07
[===========================                                           ] 39.61%
Norma del vettore g: 20.0
Strategy: min_var , portfolio variance: 7.823032715351549e-06
Norma del vettore g: 20.0
Strategy: min_var , portfolio variance: 3.5087287020229054e-13
Norma del vettore g: 20.0
Strategy: min_var , portfolio variance: 3.5367561827077996e-13
Norma del vettore g: 20.0
Strategy: min_var , portfolio variance: 4.031818495891531e-07
Norma del vettore g: 20.0
Strategy: min_var , portfolio variance: 1.1164814665403334e-05
Norma del vettore g: 20.0
Strategy: min_var , portfolio variance: 0.0875568327416891
Norma del vettore g: 20.0
Strategy: min_var , portfolio variance: 2.4663745861709198e-05
Norma del vettore g: 20.0
Strategy: min_var , portfolio variance: 2.6305749160703728e-05
Norma del vettore g non è uguale a sqrt(N): 54.38034664248898
Norma del vettore g: 20.0
Strategy: omn     , portfolio variance: 6.339434634627937e-07
Norma del vettore g non è uguale a sqrt(N): 54.38034664248898
Norma del vettore g: 20.0
Strategy: omn     , portfolio variance: 1.0185904353513477e-12
Norma del vettore g non è uguale a sqrt(N): 54.38034664248898
Norma del vettore g: 20.0
Strategy: omn     , portfolio variance: 1.0282072342371666e-12
Norma del vettore g non è uguale a sqrt(N): 54.38034664248898
Norma del vettore g: 20.0
Strategy: omn     , portfolio variance: 5.891348999300926e-07
Norma del vettore g non è uguale a sqrt(N): 54.38034664248898
Norma del vettore g: 20.0
Strategy: omn     , portfolio variance: 8.944197658482824e-07
Norma del vettore g non è uguale a sqrt(N): 54.38034664248898
Norma del vettore g: 20.0
Strategy: omn     , portfolio variance: 0.003178065219914191
Norma del vettore g non è uguale a sqrt(N): 54.38034664248898
Norma del vettore g: 20.0
Strategy: omn     , portfolio variance: 1.3340458854950642e-06
Norma del vettore g non è uguale a sqrt(N): 54.38034664248898
Norma del vettore g: 20.0
Strategy: omn     , portfolio variance: 1.4642950813109398e-06
Norma del vettore g non è uguale a sqrt(N): 54.38034664248898
Norma del vettore g: 20.0
Strategy: mean_rev, portfolio variance: 6.339434634627937e-07
Norma del vettore g non è uguale a sqrt(N): 54.38034664248898
Norma del vettore g: 20.0
Strategy: mean_rev, portfolio variance: 1.0185904353513477e-12
Norma del vettore g non è uguale a sqrt(N): 54.38034664248898
Norma del vettore g: 20.0
Strategy: mean_rev, portfolio variance: 1.0282072342371666e-12
Norma del vettore g non è uguale a sqrt(N): 54.38034664248898
Norma del vettore g: 20.0
Strategy: mean_rev, portfolio variance: 5.891348999300926e-07
Norma del vettore g non è uguale a sqrt(N): 54.38034664248898
Norma del vettore g: 20.0
Strategy: mean_rev, portfolio variance: 8.944197658482824e-07
Norma del vettore g non è uguale a sqrt(N): 54.38034664248898
Norma del vettore g: 20.0
Strategy: mean_rev, portfolio variance: 0.003178065219914191
Norma del vettore g non è uguale a sqrt(N): 54.38034664248898
Norma del vettore g: 20.0
Strategy: mean_rev, portfolio variance: 1.3340458854950642e-06
Norma del vettore g non è uguale a sqrt(N): 54.38034664248898
Norma del vettore g: 20.0
Strategy: mean_rev, portfolio variance: 1.4642950813109398e-06
Norma del vettore g: 19.999999999999993
Strategy: rnd     , portfolio variance: 7.67570218366096e-08
Norma del vettore g: 20.000000000000007
Strategy: rnd     , portfolio variance: 8.444824674579219e-10
Norma del vettore g: 19.999999999999996
Strategy: rnd     , portfolio variance: 1.6820340539489933e-10
Norma del vettore g: 20.000000000000007
Strategy: rnd     , portfolio variance: 4.022970110771737e-07
Norma del vettore g: 19.999999999999993
Strategy: rnd     , portfolio variance: 1.6008414430444856e-07
Norma del vettore g: 19.999999999999993
Strategy: rnd     , portfolio variance: 0.0012535274171753302
Norma del vettore g: 19.999999999999996
Strategy: rnd     , portfolio variance: 1.988662539771435e-07
Norma del vettore g: 19.999999999999986
Strategy: rnd     , portfolio variance: 1.6100615239777197e-07
[============================                                          ] 40.26%
Norma del vettore g: 20.0
Strategy: min_var , portfolio variance: 7.797695265120797e-06
Norma del vettore g: 20.0
Strategy: min_var , portfolio variance: 3.210406279076741e-13
Norma del vettore g: 20.0
Strategy: min_var , portfolio variance: 3.241585779026681e-13
Norma del vettore g: 20.0
Strategy: min_var , portfolio variance: 4.0595179646721057e-07
Norma del vettore g: 20.0
Strategy: min_var , portfolio variance: 1.1413642043273382e-05
Norma del vettore g: 20.0
Strategy: min_var , portfolio variance: 0.09174518536839033
Norma del vettore g: 20.0
Strategy: min_var , portfolio variance: 2.5315887130573175e-05
Norma del vettore g: 20.0
Strategy: min_var , portfolio variance: 2.6847875342428664e-05
Norma del vettore g non è uguale a sqrt(N): 51.163329726991485
Norma del vettore g: 20.000000000000007
Strategy: omn     , portfolio variance: 5.99872659766962e-07
Norma del vettore g non è uguale a sqrt(N): 51.163329726991485
Norma del vettore g: 20.000000000000007
Strategy: omn     , portfolio variance: 1.191267406674342e-12
Norma del vettore g non è uguale a sqrt(N): 51.163329726991485
Norma del vettore g: 20.000000000000007
Strategy: omn     , portfolio variance: 1.2020309901619929e-12
Norma del vettore g non è uguale a sqrt(N): 51.163329726991485
Norma del vettore g: 20.000000000000007
Strategy: omn     , portfolio variance: 5.657293152589387e-07
Norma del vettore g non è uguale a sqrt(N): 51.163329726991485
Norma del vettore g: 20.000000000000007
Strategy: omn     , portfolio variance: 7.811569190769622e-07
Norma del vettore g non è uguale a sqrt(N): 51.163329726991485
Norma del vettore g: 20.000000000000007
Strategy: omn     , portfolio variance: 0.002919039489307977
Norma del vettore g non è uguale a sqrt(N): 51.163329726991485
Norma del vettore g: 20.000000000000007
Strategy: omn     , portfolio variance: 1.0254516396467757e-06
Norma del vettore g non è uguale a sqrt(N): 51.163329726991485
Norma del vettore g: 20.000000000000007
Strategy: omn     , portfolio variance: 1.0501820923939668e-06
Norma del vettore g non è uguale a sqrt(N): 51.163329726991485
Norma del vettore g: 20.000000000000007
Strategy: mean_rev, portfolio variance: 5.99872659766962e-07
Norma del vettore g non è uguale a sqrt(N): 51.163329726991485
Norma del vettore g: 20.000000000000007
Strategy: mean_rev, portfolio variance: 1.191267406674342e-12
Norma del vettore g non è uguale a sqrt(N): 51.163329726991485
Norma del vettore g: 20.000000000000007
Strategy: mean_rev, portfolio variance: 1.2020309901619929e-12
Norma del vettore g non è uguale a sqrt(N): 51.163329726991485
Norma del vettore g: 20.000000000000007
Strategy: mean_rev, portfolio variance: 5.657293152589387e-07
Norma del vettore g non è uguale a sqrt(N): 51.163329726991485
Norma del vettore g: 20.000000000000007
Strategy: mean_rev, portfolio variance: 7.811569190769622e-07
Norma del vettore g non è uguale a sqrt(N): 51.163329726991485
Norma del vettore g: 20.000000000000007
Strategy: mean_rev, portfolio variance: 0.002919039489307977
Norma del vettore g non è uguale a sqrt(N): 51.163329726991485
Norma del vettore g: 20.000000000000007
Strategy: mean_rev, portfolio variance: 1.0254516396467757e-06
Norma del vettore g non è uguale a sqrt(N): 51.163329726991485
Norma del vettore g: 20.000000000000007
Strategy: mean_rev, portfolio variance: 1.0501820923939668e-06
Norma del vettore g: 20.000000000000007
Strategy: rnd     , portfolio variance: 6.523201792338981e-08
Norma del vettore g: 20.0
Strategy: rnd     , portfolio variance: 1.3767001226083384e-09
Norma del vettore g: 19.999999999999996
Strategy: rnd     , portfolio variance: 2.9392452617731614e-10
Norma del vettore g: 20.0
Strategy: rnd     , portfolio variance: 4.081155103650031e-07
Norma del vettore g: 19.999999999999996
Strategy: rnd     , portfolio variance: 1.6263484195350277e-07
Norma del vettore g: 20.0
Strategy: rnd     , portfolio variance: 0.0012565103679998478
Norma del vettore g: 20.000000000000004
Strategy: rnd     , portfolio variance: 1.156928797021083e-07
Norma del vettore g: 20.0
Strategy: rnd     , portfolio variance: 2.0648355845230556e-07
[============================                                          ] 40.91%
Norma del vettore g: 20.0
Strategy: min_var , portfolio variance: 7.819845009201138e-06
Norma del vettore g: 20.0
Strategy: min_var , portfolio variance: 3.349431368007522e-13
Norma del vettore g: 20.0
Strategy: min_var , portfolio variance: 3.386698209978383e-13
Norma del vettore g: 20.0
Strategy: min_var , portfolio variance: 4.135553554761888e-07
Norma del vettore g: 20.0
Strategy: min_var , portfolio variance: 1.1652527870721807e-05
Norma del vettore g: 20.0
Strategy: min_var , portfolio variance: 0.09116915236990894
Norma del vettore g: 20.0
Strategy: min_var , portfolio variance: 2.6001084207774885e-05
Norma del vettore g: 20.0
Strategy: min_var , portfolio variance: 2.7544561843322066e-05
Norma del vettore g non è uguale a sqrt(N): 43.11435878647077
Norma del vettore g: 20.000000000000007
Strategy: omn     , portfolio variance: 4.6793357195162354e-07
Norma del vettore g non è uguale a sqrt(N): 43.11435878647077
Norma del vettore g: 20.000000000000007
Strategy: omn     , portfolio variance: 2.940173005446366e-12
Norma del vettore g non è uguale a sqrt(N): 43.11435878647077
Norma del vettore g: 20.000000000000007
Strategy: omn     , portfolio variance: 2.9578071929868747e-12
Norma del vettore g non è uguale a sqrt(N): 43.11435878647077
Norma del vettore g: 20.000000000000007
Strategy: omn     , portfolio variance: 6.457864839814749e-07
Norma del vettore g non è uguale a sqrt(N): 43.11435878647077
Norma del vettore g: 20.000000000000007
Strategy: omn     , portfolio variance: 6.453276745411577e-07
Norma del vettore g non è uguale a sqrt(N): 43.11435878647077
Norma del vettore g: 20.000000000000007
Strategy: omn     , portfolio variance: 0.0024399922220813743
Norma del vettore g non è uguale a sqrt(N): 43.11435878647077
Norma del vettore g: 20.000000000000007
Strategy: omn     , portfolio variance: 8.477071580207742e-07
Norma del vettore g non è uguale a sqrt(N): 43.11435878647077
Norma del vettore g: 20.000000000000007
Strategy: omn     , portfolio variance: 9.082206585893684e-07
Norma del vettore g non è uguale a sqrt(N): 43.11435878647077
Norma del vettore g: 20.000000000000007
Strategy: mean_rev, portfolio variance: 4.6793357195162354e-07
Norma del vettore g non è uguale a sqrt(N): 43.11435878647077
Norma del vettore g: 20.000000000000007
Strategy: mean_rev, portfolio variance: 2.940173005446366e-12
Norma del vettore g non è uguale a sqrt(N): 43.11435878647077
Norma del vettore g: 20.000000000000007
Strategy: mean_rev, portfolio variance: 2.9578071929868747e-12
Norma del vettore g non è uguale a sqrt(N): 43.11435878647077
Norma del vettore g: 20.000000000000007
Strategy: mean_rev, portfolio variance: 6.457864839814749e-07
Norma del vettore g non è uguale a sqrt(N): 43.11435878647077
Norma del vettore g: 20.000000000000007
Strategy: mean_rev, portfolio variance: 6.453276745411577e-07
Norma del vettore g non è uguale a sqrt(N): 43.11435878647077
Norma del vettore g: 20.000000000000007
Strategy: mean_rev, portfolio variance: 0.0024399922220813743
Norma del vettore g non è uguale a sqrt(N): 43.11435878647077
Norma del vettore g: 20.000000000000007
Strategy: mean_rev, portfolio variance: 8.477071580207742e-07
Norma del vettore g non è uguale a sqrt(N): 43.11435878647077
Norma del vettore g: 20.000000000000007
Strategy: mean_rev, portfolio variance: 9.082206585893684e-07
Norma del vettore g: 20.000000000000007
Strategy: rnd     , portfolio variance: 6.701575913697524e-08
Norma del vettore g: 20.0
Strategy: rnd     , portfolio variance: 7.129706675789079e-10
Norma del vettore g: 20.000000000000007
Strategy: rnd     , portfolio variance: 3.898054388871982e-10
Norma del vettore g: 19.999999999999993
Strategy: rnd     , portfolio variance: 4.038445252124583e-07
Norma del vettore g: 19.999999999999993
Strategy: rnd     , portfolio variance: 1.8480171944198955e-07
Norma del vettore g: 20.0
Strategy: rnd     , portfolio variance: 0.0011802300912075949
Norma del vettore g: 20.0
Strategy: rnd     , portfolio variance: 1.8994467959288545e-07
Norma del vettore g: 19.999999999999996
Strategy: rnd     , portfolio variance: 1.1675922867460585e-07
[=============================                                         ] 41.56%
Norma del vettore g: 20.0
Strategy: min_var , portfolio variance: 8.001652628239326e-06
Norma del vettore g: 20.0
Strategy: min_var , portfolio variance: 3.351157857348971e-13
Norma del vettore g: 20.0
Strategy: min_var , portfolio variance: 3.393001212401867e-13
Norma del vettore g: 20.0
Strategy: min_var , portfolio variance: 4.21379549247517e-07
Norma del vettore g: 20.0
Strategy: min_var , portfolio variance: 1.2019364182083083e-05
Norma del vettore g: 20.0
Strategy: min_var , portfolio variance: 0.09196654165598905
Norma del vettore g: 20.0
Strategy: min_var , portfolio variance: 2.6113745689702598e-05
Norma del vettore g: 20.0
Strategy: min_var , portfolio variance: 2.8014613572022928e-05
Norma del vettore g non è uguale a sqrt(N): 43.97337916080963
Norma del vettore g: 20.000000000000004
Strategy: omn     , portfolio variance: 4.964507189356118e-07
Norma del vettore g non è uguale a sqrt(N): 43.97337916080963
Norma del vettore g: 20.000000000000004
Strategy: omn     , portfolio variance: 1.5824826400307397e-12
Norma del vettore g non è uguale a sqrt(N): 43.97337916080963
Norma del vettore g: 20.000000000000004
Strategy: omn     , portfolio variance: 1.5981348895038484e-12
Norma del vettore g non è uguale a sqrt(N): 43.97337916080963
Norma del vettore g: 20.000000000000004
Strategy: omn     , portfolio variance: 6.319405206238715e-07
Norma del vettore g non è uguale a sqrt(N): 43.97337916080963
Norma del vettore g: 20.000000000000004
Strategy: omn     , portfolio variance: 7.096394679544275e-07
Norma del vettore g non è uguale a sqrt(N): 43.97337916080963
Norma del vettore g: 20.000000000000004
Strategy: omn     , portfolio variance: 0.002810492959155016
Norma del vettore g non è uguale a sqrt(N): 43.97337916080963
Norma del vettore g: 20.000000000000004
Strategy: omn     , portfolio variance: 9.839150478223573e-07
Norma del vettore g non è uguale a sqrt(N): 43.97337916080963
Norma del vettore g: 20.000000000000004
Strategy: omn     , portfolio variance: 1.0226917456989711e-06
Norma del vettore g non è uguale a sqrt(N): 43.97337916080963
Norma del vettore g: 20.000000000000004
Strategy: mean_rev, portfolio variance: 4.964507189356118e-07
Norma del vettore g non è uguale a sqrt(N): 43.97337916080963
Norma del vettore g: 20.000000000000004
Strategy: mean_rev, portfolio variance: 1.5824826400307397e-12
Norma del vettore g non è uguale a sqrt(N): 43.97337916080963
Norma del vettore g: 20.000000000000004
Strategy: mean_rev, portfolio variance: 1.5981348895038484e-12
Norma del vettore g non è uguale a sqrt(N): 43.97337916080963
Norma del vettore g: 20.000000000000004
Strategy: mean_rev, portfolio variance: 6.319405206238715e-07
Norma del vettore g non è uguale a sqrt(N): 43.97337916080963
Norma del vettore g: 20.000000000000004
Strategy: mean_rev, portfolio variance: 7.096394679544275e-07
Norma del vettore g non è uguale a sqrt(N): 43.97337916080963
Norma del vettore g: 20.000000000000004
Strategy: mean_rev, portfolio variance: 0.002810492959155016
Norma del vettore g non è uguale a sqrt(N): 43.97337916080963
Norma del vettore g: 20.000000000000004
Strategy: mean_rev, portfolio variance: 9.839150478223573e-07
Norma del vettore g non è uguale a sqrt(N): 43.97337916080963
Norma del vettore g: 20.000000000000004
Strategy: mean_rev, portfolio variance: 1.0226917456989711e-06
Norma del vettore g: 20.000000000000004
Strategy: rnd     , portfolio variance: 7.326577779225498e-08
Norma del vettore g: 20.000000000000007
Strategy: rnd     , portfolio variance: 1.3705878042289481e-08
Norma del vettore g: 20.000000000000004
Strategy: rnd     , portfolio variance: 2.736548607853991e-10
Norma del vettore g: 19.999999999999993
Strategy: rnd     , portfolio variance: 4.094391690081177e-07
Norma del vettore g: 20.000000000000007
Strategy: rnd     , portfolio variance: 1.681485650731313e-07
Norma del vettore g: 19.999999999999996
Strategy: rnd     , portfolio variance: 0.0012052007728682438
Norma del vettore g: 20.0
Strategy: rnd     , portfolio variance: 1.5217313307508953e-07
Norma del vettore g: 20.000000000000004
Strategy: rnd     , portfolio variance: 1.482939188956561e-07
[=============================                                         ] 42.21%
Norma del vettore g: 20.0
Strategy: min_var , portfolio variance: 8.172209258485606e-06
Norma del vettore g: 20.0
Strategy: min_var , portfolio variance: 3.152217619979546e-13
Norma del vettore g: 20.0
Strategy: min_var , portfolio variance: 3.203842153982242e-13
Norma del vettore g: 20.0
Strategy: min_var , portfolio variance: 4.2786521175008735e-07
Norma del vettore g: 20.0
Strategy: min_var , portfolio variance: 1.2253582038427122e-05
Norma del vettore g: 20.0
Strategy: min_var , portfolio variance: 0.09240075302372408
Norma del vettore g: 20.0
Strategy: min_var , portfolio variance: 2.657089600473092e-05
Norma del vettore g: 20.0
Strategy: min_var , portfolio variance: 2.8198111855533885e-05
Norma del vettore g non è uguale a sqrt(N): 71.05274779041527
Norma del vettore g: 19.999999999999993
Strategy: omn     , portfolio variance: 1.1738161831829661e-06
Norma del vettore g non è uguale a sqrt(N): 71.05274779041527
Norma del vettore g: 19.999999999999993
Strategy: omn     , portfolio variance: 5.538522694952863e-13
Norma del vettore g non è uguale a sqrt(N): 71.05274779041527
Norma del vettore g: 19.999999999999993
Strategy: omn     , portfolio variance: 5.625830652497958e-13
Norma del vettore g non è uguale a sqrt(N): 71.05274779041527
Norma del vettore g: 19.999999999999993
Strategy: omn     , portfolio variance: 5.964696966597269e-07
Norma del vettore g non è uguale a sqrt(N): 71.05274779041527
Norma del vettore g: 19.999999999999993
Strategy: omn     , portfolio variance: 1.5951699419093906e-06
Norma del vettore g non è uguale a sqrt(N): 71.05274779041527
Norma del vettore g: 19.999999999999993
Strategy: omn     , portfolio variance: 0.005208428461883841
Norma del vettore g non è uguale a sqrt(N): 71.05274779041527
Norma del vettore g: 19.999999999999993
Strategy: omn     , portfolio variance: 2.8598451016453495e-06
Norma del vettore g non è uguale a sqrt(N): 71.05274779041527
Norma del vettore g: 19.999999999999993
Strategy: omn     , portfolio variance: 3.051952255913746e-06
Norma del vettore g non è uguale a sqrt(N): 71.05274779041527
Norma del vettore g: 19.999999999999993
Strategy: mean_rev, portfolio variance: 1.1738161831829661e-06
Norma del vettore g non è uguale a sqrt(N): 71.05274779041527
Norma del vettore g: 19.999999999999993
Strategy: mean_rev, portfolio variance: 5.538522694952863e-13
Norma del vettore g non è uguale a sqrt(N): 71.05274779041527
Norma del vettore g: 19.999999999999993
Strategy: mean_rev, portfolio variance: 5.625830652497958e-13
Norma del vettore g non è uguale a sqrt(N): 71.05274779041527
Norma del vettore g: 19.999999999999993
Strategy: mean_rev, portfolio variance: 5.964696966597269e-07
Norma del vettore g non è uguale a sqrt(N): 71.05274779041527
Norma del vettore g: 19.999999999999993
Strategy: mean_rev, portfolio variance: 1.5951699419093906e-06
Norma del vettore g non è uguale a sqrt(N): 71.05274779041527
Norma del vettore g: 19.999999999999993
Strategy: mean_rev, portfolio variance: 0.005208428461883841
Norma del vettore g non è uguale a sqrt(N): 71.05274779041527
Norma del vettore g: 19.999999999999993
Strategy: mean_rev, portfolio variance: 2.8598451016453495e-06
Norma del vettore g non è uguale a sqrt(N): 71.05274779041527
Norma del vettore g: 19.999999999999993
Strategy: mean_rev, portfolio variance: 3.051952255913746e-06
Norma del vettore g: 20.000000000000007
Strategy: rnd     , portfolio variance: 6.359372773446163e-08
Norma del vettore g: 19.999999999999996
Strategy: rnd     , portfolio variance: 5.9064551195570085e-09
Norma del vettore g: 20.0
Strategy: rnd     , portfolio variance: 1.0301264533162145e-10
Norma del vettore g: 20.0
Strategy: rnd     , portfolio variance: 4.284374763571143e-07
Norma del vettore g: 19.999999999999993
Strategy: rnd     , portfolio variance: 1.63195678521683e-07
Norma del vettore g: 20.000000000000007
Strategy: rnd     , portfolio variance: 0.0012607110996547257
Norma del vettore g: 19.999999999999996
Strategy: rnd     , portfolio variance: 1.612505513637862e-07
Norma del vettore g: 20.0
Strategy: rnd     , portfolio variance: 1.824696208622589e-07
[==============================                                        ] 42.86%
Norma del vettore g: 20.0
Strategy: min_var , portfolio variance: 8.604574159920999e-06
Norma del vettore g: 20.0
Strategy: min_var , portfolio variance: 3.2916647365021127e-13
Norma del vettore g: 20.0
Strategy: min_var , portfolio variance: 3.3498909873836807e-13
Norma del vettore g: 20.0
Strategy: min_var , portfolio variance: 4.495954057941192e-07
Norma del vettore g: 20.0
Strategy: min_var , portfolio variance: 1.3116671167247404e-05
Norma del vettore g: 20.0
Strategy: min_var , portfolio variance: 0.09507735234161163
Norma del vettore g: 20.0
Strategy: min_var , portfolio variance: 2.742844843337814e-05
Norma del vettore g: 20.0
Strategy: min_var , portfolio variance: 2.9928123109869293e-05
Norma del vettore g non è uguale a sqrt(N): 61.06210509010623
Norma del vettore g: 20.0
Strategy: omn     , portfolio variance: 8.490720347432655e-07
Norma del vettore g non è uguale a sqrt(N): 61.06210509010623
Norma del vettore g: 20.0
Strategy: omn     , portfolio variance: 6.814971505703487e-13
Norma del vettore g non è uguale a sqrt(N): 61.06210509010623
Norma del vettore g: 20.0
Strategy: omn     , portfolio variance: 6.934934710406999e-13
Norma del vettore g non è uguale a sqrt(N): 61.06210509010623
Norma del vettore g: 20.0
Strategy: omn     , portfolio variance: 6.093908307675125e-07
Norma del vettore g non è uguale a sqrt(N): 61.06210509010623
Norma del vettore g: 20.0
Strategy: omn     , portfolio variance: 1.1671628398423035e-06
Norma del vettore g non è uguale a sqrt(N): 61.06210509010623
Norma del vettore g: 20.0
Strategy: omn     , portfolio variance: 0.0038080421665457826
Norma del vettore g non è uguale a sqrt(N): 61.06210509010623
Norma del vettore g: 20.0
Strategy: omn     , portfolio variance: 1.6799793731502747e-06
Norma del vettore g non è uguale a sqrt(N): 61.06210509010623
Norma del vettore g: 20.0
Strategy: omn     , portfolio variance: 1.8302843246994152e-06
Norma del vettore g non è uguale a sqrt(N): 61.06210509010623
Norma del vettore g: 20.0
Strategy: mean_rev, portfolio variance: 8.490720347432655e-07
Norma del vettore g non è uguale a sqrt(N): 61.06210509010623
Norma del vettore g: 20.0
Strategy: mean_rev, portfolio variance: 6.814971505703487e-13
Norma del vettore g non è uguale a sqrt(N): 61.06210509010623
Norma del vettore g: 20.0
Strategy: mean_rev, portfolio variance: 6.934934710406999e-13
Norma del vettore g non è uguale a sqrt(N): 61.06210509010623
Norma del vettore g: 20.0
Strategy: mean_rev, portfolio variance: 6.093908307675125e-07
Norma del vettore g non è uguale a sqrt(N): 61.06210509010623
Norma del vettore g: 20.0
Strategy: mean_rev, portfolio variance: 1.1671628398423035e-06
Norma del vettore g non è uguale a sqrt(N): 61.06210509010623
Norma del vettore g: 20.0
Strategy: mean_rev, portfolio variance: 0.0038080421665457826
Norma del vettore g non è uguale a sqrt(N): 61.06210509010623
Norma del vettore g: 20.0
Strategy: mean_rev, portfolio variance: 1.6799793731502747e-06
Norma del vettore g non è uguale a sqrt(N): 61.06210509010623
Norma del vettore g: 20.0
Strategy: mean_rev, portfolio variance: 1.8302843246994152e-06
Norma del vettore g: 19.999999999999993
Strategy: rnd     , portfolio variance: 6.766354327493681e-08
Norma del vettore g: 20.0
Strategy: rnd     , portfolio variance: 4.957298106343172e-09
Norma del vettore g: 19.999999999999993
Strategy: rnd     , portfolio variance: 1.5428436963184562e-10
Norma del vettore g: 20.000000000000004
Strategy: rnd     , portfolio variance: 4.3214315674406086e-07
Norma del vettore g: 20.000000000000004
Strategy: rnd     , portfolio variance: 1.8432525075391127e-07
Norma del vettore g: 19.999999999999996
Strategy: rnd     , portfolio variance: 0.0012417580805901035
Norma del vettore g: 20.000000000000004
Strategy: rnd     , portfolio variance: 1.5218076895251948e-07
Norma del vettore g: 19.999999999999993
Strategy: rnd     , portfolio variance: 1.5372578792435105e-07
[==============================                                        ] 43.51%
Norma del vettore g: 20.0
Strategy: min_var , portfolio variance: 8.538974104129451e-06
Norma del vettore g: 20.0
Strategy: min_var , portfolio variance: 3.3637660730695294e-13
Norma del vettore g: 20.0
Strategy: min_var , portfolio variance: 3.4274988752429143e-13
Norma del vettore g: 20.0
Strategy: min_var , portfolio variance: 4.5213206185053037e-07
Norma del vettore g: 20.0
Strategy: min_var , portfolio variance: 1.3178275424263652e-05
Norma del vettore g: 20.0
Strategy: min_var , portfolio variance: 0.0943808473157842
Norma del vettore g: 20.0
Strategy: min_var , portfolio variance: 2.7446705398002194e-05
Norma del vettore g: 20.0
Strategy: min_var , portfolio variance: 2.8626591891002658e-05
Norma del vettore g non è uguale a sqrt(N): 51.03385521330271
Norma del vettore g: 20.000000000000004
Strategy: omn     , portfolio variance: 6.651361905643799e-07
Norma del vettore g non è uguale a sqrt(N): 51.03385521330271
Norma del vettore g: 20.000000000000004
Strategy: omn     , portfolio variance: 1.2913647672019456e-12
Norma del vettore g non è uguale a sqrt(N): 51.03385521330271
Norma del vettore g: 20.000000000000004
Strategy: omn     , portfolio variance: 1.3190643849274852e-12
Norma del vettore g non è uguale a sqrt(N): 51.03385521330271
Norma del vettore g: 20.000000000000004
Strategy: omn     , portfolio variance: 5.508869133239929e-07
Norma del vettore g non è uguale a sqrt(N): 51.03385521330271
Norma del vettore g: 20.000000000000004
Strategy: omn     , portfolio variance: 9.238442680647707e-07
Norma del vettore g non è uguale a sqrt(N): 51.03385521330271
Norma del vettore g: 20.000000000000004
Strategy: omn     , portfolio variance: 0.003170846616370392
Norma del vettore g non è uguale a sqrt(N): 51.03385521330271
Norma del vettore g: 20.000000000000004
Strategy: omn     , portfolio variance: 1.336774395558693e-06
Norma del vettore g non è uguale a sqrt(N): 51.03385521330271
Norma del vettore g: 20.000000000000004
Strategy: omn     , portfolio variance: 1.3718078474747318e-06
Norma del vettore g non è uguale a sqrt(N): 51.03385521330271
Norma del vettore g: 20.000000000000004
Strategy: mean_rev, portfolio variance: 6.651361905643799e-07
Norma del vettore g non è uguale a sqrt(N): 51.03385521330271
Norma del vettore g: 20.000000000000004
Strategy: mean_rev, portfolio variance: 1.2913647672019456e-12
Norma del vettore g non è uguale a sqrt(N): 51.03385521330271
Norma del vettore g: 20.000000000000004
Strategy: mean_rev, portfolio variance: 1.3190643849274852e-12
Norma del vettore g non è uguale a sqrt(N): 51.03385521330271
Norma del vettore g: 20.000000000000004
Strategy: mean_rev, portfolio variance: 5.508869133239929e-07
Norma del vettore g non è uguale a sqrt(N): 51.03385521330271
Norma del vettore g: 20.000000000000004
Strategy: mean_rev, portfolio variance: 9.238442680647707e-07
Norma del vettore g non è uguale a sqrt(N): 51.03385521330271
Norma del vettore g: 20.000000000000004
Strategy: mean_rev, portfolio variance: 0.003170846616370392
Norma del vettore g non è uguale a sqrt(N): 51.03385521330271
Norma del vettore g: 20.000000000000004
Strategy: mean_rev, portfolio variance: 1.336774395558693e-06
Norma del vettore g non è uguale a sqrt(N): 51.03385521330271
Norma del vettore g: 20.000000000000004
Strategy: mean_rev, portfolio variance: 1.3718078474747318e-06
Norma del vettore g: 20.0
Strategy: rnd     , portfolio variance: 5.830523557495709e-08
Norma del vettore g: 19.999999999999993
Strategy: rnd     , portfolio variance: 1.438212209718263e-09
Norma del vettore g: 20.0
Strategy: rnd     , portfolio variance: 1.96778576245603e-10
Norma del vettore g: 20.000000000000004
Strategy: rnd     , portfolio variance: 4.5015180761289963e-07
Norma del vettore g: 20.000000000000004
Strategy: rnd     , portfolio variance: 1.9162795319881374e-07
Norma del vettore g: 20.000000000000004
Strategy: rnd     , portfolio variance: 0.0012696174259998502
Norma del vettore g: 20.000000000000007
Strategy: rnd     , portfolio variance: 1.4268428408049085e-07
Norma del vettore g: 20.0
Strategy: rnd     , portfolio variance: 1.5203912927043999e-07
[==============================                                        ] 44.16%
Norma del vettore g: 20.0
Strategy: min_var , portfolio variance: 8.697045115231732e-06
Norma del vettore g: 20.0
Strategy: min_var , portfolio variance: 3.445133294329964e-13
Norma del vettore g: 20.0
Strategy: min_var , portfolio variance: 3.5135853738565116e-13
Norma del vettore g: 20.0
Strategy: min_var , portfolio variance: 4.531052209063973e-07
Norma del vettore g: 20.0
Strategy: min_var , portfolio variance: 1.3326901508516324e-05
Norma del vettore g: 20.0
Strategy: min_var , portfolio variance: 0.09387980245134184
Norma del vettore g: 20.0
Strategy: min_var , portfolio variance: 2.732838313717303e-05
Norma del vettore g: 20.0
Strategy: min_var , portfolio variance: 2.9167611242772997e-05
Norma del vettore g non è uguale a sqrt(N): 53.46099226889841
Norma del vettore g: 20.000000000000004
Strategy: omn     , portfolio variance: 6.829999064079649e-07
Norma del vettore g non è uguale a sqrt(N): 53.46099226889841
Norma del vettore g: 20.000000000000004
Strategy: omn     , portfolio variance: 1.0315042205895384e-12
Norma del vettore g non è uguale a sqrt(N): 53.46099226889841
Norma del vettore g: 20.000000000000004
Strategy: omn     , portfolio variance: 1.0516805754859671e-12
Norma del vettore g non è uguale a sqrt(N): 53.46099226889841
Norma del vettore g: 20.000000000000004
Strategy: omn     , portfolio variance: 6.912944056145408e-07
Norma del vettore g non è uguale a sqrt(N): 53.46099226889841
Norma del vettore g: 20.000000000000004
Strategy: omn     , portfolio variance: 1.000474996309889e-06
Norma del vettore g non è uguale a sqrt(N): 53.46099226889841
Norma del vettore g: 20.000000000000004
Strategy: omn     , portfolio variance: 0.003361575441904396
Norma del vettore g non è uguale a sqrt(N): 53.46099226889841
Norma del vettore g: 20.000000000000004
Strategy: omn     , portfolio variance: 1.3780192470787603e-06
Norma del vettore g non è uguale a sqrt(N): 53.46099226889841
Norma del vettore g: 20.000000000000004
Strategy: omn     , portfolio variance: 1.4994246656657334e-06
Norma del vettore g non è uguale a sqrt(N): 53.46099226889841
Norma del vettore g: 20.000000000000004
Strategy: mean_rev, portfolio variance: 6.829999064079649e-07
Norma del vettore g non è uguale a sqrt(N): 53.46099226889841
Norma del vettore g: 20.000000000000004
Strategy: mean_rev, portfolio variance: 1.0315042205895384e-12
Norma del vettore g non è uguale a sqrt(N): 53.46099226889841
Norma del vettore g: 20.000000000000004
Strategy: mean_rev, portfolio variance: 1.0516805754859671e-12
Norma del vettore g non è uguale a sqrt(N): 53.46099226889841
Norma del vettore g: 20.000000000000004
Strategy: mean_rev, portfolio variance: 6.912944056145408e-07
Norma del vettore g non è uguale a sqrt(N): 53.46099226889841
Norma del vettore g: 20.000000000000004
Strategy: mean_rev, portfolio variance: 1.000474996309889e-06
Norma del vettore g non è uguale a sqrt(N): 53.46099226889841
Norma del vettore g: 20.000000000000004
Strategy: mean_rev, portfolio variance: 0.003361575441904396
Norma del vettore g non è uguale a sqrt(N): 53.46099226889841
Norma del vettore g: 20.000000000000004
Strategy: mean_rev, portfolio variance: 1.3780192470787603e-06
Norma del vettore g non è uguale a sqrt(N): 53.46099226889841
Norma del vettore g: 20.000000000000004
Strategy: mean_rev, portfolio variance: 1.4994246656657334e-06
Norma del vettore g: 20.0
Strategy: rnd     , portfolio variance: 7.440375856762513e-08
Norma del vettore g: 19.999999999999996
Strategy: rnd     , portfolio variance: 6.55450890857729e-09
Norma del vettore g: 19.999999999999993
Strategy: rnd     , portfolio variance: 1.9582500380400904e-09
Norma del vettore g: 20.000000000000004
Strategy: rnd     , portfolio variance: 4.642744886424509e-07
Norma del vettore g: 20.0
Strategy: rnd     , portfolio variance: 1.6812915196372243e-07
Norma del vettore g: 20.000000000000004
Strategy: rnd     , portfolio variance: 0.001266176599183504
Norma del vettore g: 19.999999999999996
Strategy: rnd     , portfolio variance: 1.8069029905709382e-07
Norma del vettore g: 20.000000000000007
Strategy: rnd     , portfolio variance: 1.7438677398115668e-07
[===============================                                       ] 44.81%
Norma del vettore g: 20.0
Strategy: min_var , portfolio variance: 8.462475102899052e-06
Norma del vettore g: 20.0
Strategy: min_var , portfolio variance: 3.4843748199574436e-13
Norma del vettore g: 20.0
Strategy: min_var , portfolio variance: 3.5578668613370094e-13
Norma del vettore g: 20.0
Strategy: min_var , portfolio variance: 4.5512890370955136e-07
Norma del vettore g: 20.0
Strategy: min_var , portfolio variance: 1.340145150331908e-05
Norma del vettore g: 20.0
Strategy: min_var , portfolio variance: 0.09405453585695174
Norma del vettore g: 20.0
Strategy: min_var , portfolio variance: 2.740073361794763e-05
Norma del vettore g: 20.0
Strategy: min_var , portfolio variance: 2.9943034063657075e-05
Norma del vettore g non è uguale a sqrt(N): 44.667423621616294
Norma del vettore g: 20.0
Strategy: omn     , portfolio variance: 5.817825559957671e-07
Norma del vettore g non è uguale a sqrt(N): 44.667423621616294
Norma del vettore g: 20.0
Strategy: omn     , portfolio variance: 2.9977918270870067e-12
Norma del vettore g non è uguale a sqrt(N): 44.667423621616294
Norma del vettore g: 20.0
Strategy: omn     , portfolio variance: 3.0613093456493313e-12
Norma del vettore g non è uguale a sqrt(N): 44.667423621616294
Norma del vettore g: 20.0
Strategy: omn     , portfolio variance: 6.875964094944169e-07
Norma del vettore g non è uguale a sqrt(N): 44.667423621616294
Norma del vettore g: 20.0
Strategy: omn     , portfolio variance: 8.445222629484328e-07
Norma del vettore g non è uguale a sqrt(N): 44.667423621616294
Norma del vettore g: 20.0
Strategy: omn     , portfolio variance: 0.002868575363623756
Norma del vettore g non è uguale a sqrt(N): 44.667423621616294
Norma del vettore g: 20.0
Strategy: omn     , portfolio variance: 1.1893423032453338e-06
Norma del vettore g non è uguale a sqrt(N): 44.667423621616294
Norma del vettore g: 20.0
Strategy: omn     , portfolio variance: 1.2423989213089957e-06
Norma del vettore g non è uguale a sqrt(N): 44.667423621616294
Norma del vettore g: 20.0
Strategy: mean_rev, portfolio variance: 5.817825559957671e-07
Norma del vettore g non è uguale a sqrt(N): 44.667423621616294
Norma del vettore g: 20.0
Strategy: mean_rev, portfolio variance: 2.9977918270870067e-12
Norma del vettore g non è uguale a sqrt(N): 44.667423621616294
Norma del vettore g: 20.0
Strategy: mean_rev, portfolio variance: 3.0613093456493313e-12
Norma del vettore g non è uguale a sqrt(N): 44.667423621616294
Norma del vettore g: 20.0
Strategy: mean_rev, portfolio variance: 6.875964094944169e-07
Norma del vettore g non è uguale a sqrt(N): 44.667423621616294
Norma del vettore g: 20.0
Strategy: mean_rev, portfolio variance: 8.445222629484328e-07
Norma del vettore g non è uguale a sqrt(N): 44.667423621616294
Norma del vettore g: 20.0
Strategy: mean_rev, portfolio variance: 0.002868575363623756
Norma del vettore g non è uguale a sqrt(N): 44.667423621616294
Norma del vettore g: 20.0
Strategy: mean_rev, portfolio variance: 1.1893423032453338e-06
Norma del vettore g non è uguale a sqrt(N): 44.667423621616294
Norma del vettore g: 20.0
Strategy: mean_rev, portfolio variance: 1.2423989213089957e-06
Norma del vettore g: 20.0
Strategy: rnd     , portfolio variance: 7.501864200766897e-08
Norma del vettore g: 19.999999999999996
Strategy: rnd     , portfolio variance: 8.995904530290938e-09
Norma del vettore g: 20.0
Strategy: rnd     , portfolio variance: 5.050779858161864e-11
Norma del vettore g: 19.999999999999996
Strategy: rnd     , portfolio variance: 4.55209005945649e-07
Norma del vettore g: 20.0
Strategy: rnd     , portfolio variance: 1.87538562647137e-07
Norma del vettore g: 19.999999999999993
Strategy: rnd     , portfolio variance: 0.0011919798556387022
Norma del vettore g: 19.999999999999996
Strategy: rnd     , portfolio variance: 1.9470316422415417e-07
Norma del vettore g: 20.000000000000004
Strategy: rnd     , portfolio variance: 1.7045305544705093e-07
[===============================                                       ] 45.45%
Norma del vettore g: 20.0
Strategy: min_var , portfolio variance: 8.74819152102856e-06
Norma del vettore g: 20.0
Strategy: min_var , portfolio variance: 3.4532077886379177e-13
Norma del vettore g: 20.0
Strategy: min_var , portfolio variance: 3.5333502364659574e-13
Norma del vettore g: 20.0
Strategy: min_var , portfolio variance: 4.593015640978539e-07
Norma del vettore g: 20.0
Strategy: min_var , portfolio variance: 1.3805430584780914e-05
Norma del vettore g: 20.0
Strategy: min_var , portfolio variance: 0.09384470368147646
Norma del vettore g: 20.0
Strategy: min_var , portfolio variance: 2.80321069559817e-05
Norma del vettore g: 20.0
Strategy: min_var , portfolio variance: 2.9375382835775206e-05
Norma del vettore g non è uguale a sqrt(N): 40.77957664671342
Norma del vettore g: 20.000000000000004
Strategy: omn     , portfolio variance: 5.1043759658852e-07
Norma del vettore g non è uguale a sqrt(N): 40.77957664671342
Norma del vettore g: 20.000000000000004
Strategy: omn     , portfolio variance: 4.308960072099978e-12
Norma del vettore g non è uguale a sqrt(N): 40.77957664671342
Norma del vettore g: 20.000000000000004
Strategy: omn     , portfolio variance: 4.384616847311108e-12
Norma del vettore g non è uguale a sqrt(N): 40.77957664671342
Norma del vettore g: 20.000000000000004
Strategy: omn     , portfolio variance: 6.208645012196949e-07
Norma del vettore g non è uguale a sqrt(N): 40.77957664671342
Norma del vettore g: 20.000000000000004
Strategy: omn     , portfolio variance: 7.316128888224802e-07
Norma del vettore g non è uguale a sqrt(N): 40.77957664671342
Norma del vettore g: 20.000000000000004
Strategy: omn     , portfolio variance: 0.0027267702445259467
Norma del vettore g non è uguale a sqrt(N): 40.77957664671342
Norma del vettore g: 20.000000000000004
Strategy: omn     , portfolio variance: 1.0368834087958028e-06
Norma del vettore g non è uguale a sqrt(N): 40.77957664671342
Norma del vettore g: 20.000000000000004
Strategy: omn     , portfolio variance: 1.0189538848210747e-06
Norma del vettore g non è uguale a sqrt(N): 40.77957664671342
Norma del vettore g: 20.000000000000004
Strategy: mean_rev, portfolio variance: 5.1043759658852e-07
Norma del vettore g non è uguale a sqrt(N): 40.77957664671342
Norma del vettore g: 20.000000000000004
Strategy: mean_rev, portfolio variance: 4.308960072099978e-12
Norma del vettore g non è uguale a sqrt(N): 40.77957664671342
Norma del vettore g: 20.000000000000004
Strategy: mean_rev, portfolio variance: 4.384616847311108e-12
Norma del vettore g non è uguale a sqrt(N): 40.77957664671342
Norma del vettore g: 20.000000000000004
Strategy: mean_rev, portfolio variance: 6.208645012196949e-07
Norma del vettore g non è uguale a sqrt(N): 40.77957664671342
Norma del vettore g: 20.000000000000004
Strategy: mean_rev, portfolio variance: 7.316128888224802e-07
Norma del vettore g non è uguale a sqrt(N): 40.77957664671342
Norma del vettore g: 20.000000000000004
Strategy: mean_rev, portfolio variance: 0.0027267702445259467
Norma del vettore g non è uguale a sqrt(N): 40.77957664671342
Norma del vettore g: 20.000000000000004
Strategy: mean_rev, portfolio variance: 1.0368834087958028e-06
Norma del vettore g non è uguale a sqrt(N): 40.77957664671342
Norma del vettore g: 20.000000000000004
Strategy: mean_rev, portfolio variance: 1.0189538848210747e-06
Norma del vettore g: 20.0
Strategy: rnd     , portfolio variance: 6.523460140682522e-08
Norma del vettore g: 20.0
Strategy: rnd     , portfolio variance: 5.095487717633286e-11
Norma del vettore g: 19.999999999999996
Strategy: rnd     , portfolio variance: 6.43346923920156e-11
Norma del vettore g: 20.000000000000004
Strategy: rnd     , portfolio variance: 4.588179577331266e-07
Norma del vettore g: 19.999999999999996
Strategy: rnd     , portfolio variance: 1.7051859691314597e-07
Norma del vettore g: 19.999999999999996
Strategy: rnd     , portfolio variance: 0.0011616165027646765
Norma del vettore g: 20.000000000000004
Strategy: rnd     , portfolio variance: 1.6869529580696607e-07
Norma del vettore g: 20.000000000000007
Strategy: rnd     , portfolio variance: 1.6347297833108032e-07
[================================                                      ] 46.10%
Norma del vettore g: 20.0
Strategy: min_var , portfolio variance: 8.608252187921555e-06
Norma del vettore g: 20.0
Strategy: min_var , portfolio variance: 3.6817065359292105e-13
Norma del vettore g: 20.0
Strategy: min_var , portfolio variance: 3.765294732775284e-13
Norma del vettore g: 20.0
Strategy: min_var , portfolio variance: 4.526337972262384e-07
Norma del vettore g: 20.0
Strategy: min_var , portfolio variance: 1.3561639251836154e-05
Norma del vettore g: 20.0
Strategy: min_var , portfolio variance: 0.09129920925399637
Norma del vettore g: 20.0
Strategy: min_var , portfolio variance: 2.8761405176573775e-05
Norma del vettore g: 20.0
Strategy: min_var , portfolio variance: 2.918040119001568e-05
Norma del vettore g non è uguale a sqrt(N): 54.398558708703895
Norma del vettore g: 20.000000000000014
Strategy: omn     , portfolio variance: 8.21093590863078e-07
Norma del vettore g non è uguale a sqrt(N): 54.398558708703895
Norma del vettore g: 20.000000000000014
Strategy: omn     , portfolio variance: 8.373723975139417e-13
Norma del vettore g non è uguale a sqrt(N): 54.398558708703895
Norma del vettore g: 20.000000000000014
Strategy: omn     , portfolio variance: 8.53573972286205e-13
Norma del vettore g non è uguale a sqrt(N): 54.398558708703895
Norma del vettore g: 20.000000000000014
Strategy: omn     , portfolio variance: 6.744599013039233e-07
Norma del vettore g non è uguale a sqrt(N): 54.398558708703895
Norma del vettore g: 20.000000000000014
Strategy: omn     , portfolio variance: 1.1880655392542811e-06
Norma del vettore g non è uguale a sqrt(N): 54.398558708703895
Norma del vettore g: 20.000000000000014
Strategy: omn     , portfolio variance: 0.003966874264672521
Norma del vettore g non è uguale a sqrt(N): 54.398558708703895
Norma del vettore g: 20.000000000000014
Strategy: omn     , portfolio variance: 1.9239967321564564e-06
Norma del vettore g non è uguale a sqrt(N): 54.398558708703895
Norma del vettore g: 20.000000000000014
Strategy: omn     , portfolio variance: 1.8087179434520675e-06
Norma del vettore g non è uguale a sqrt(N): 54.398558708703895
Norma del vettore g: 20.000000000000014
Strategy: mean_rev, portfolio variance: 8.21093590863078e-07
Norma del vettore g non è uguale a sqrt(N): 54.398558708703895
Norma del vettore g: 20.000000000000014
Strategy: mean_rev, portfolio variance: 8.373723975139417e-13
Norma del vettore g non è uguale a sqrt(N): 54.398558708703895
Norma del vettore g: 20.000000000000014
Strategy: mean_rev, portfolio variance: 8.53573972286205e-13
Norma del vettore g non è uguale a sqrt(N): 54.398558708703895
Norma del vettore g: 20.000000000000014
Strategy: mean_rev, portfolio variance: 6.744599013039233e-07
Norma del vettore g non è uguale a sqrt(N): 54.398558708703895
Norma del vettore g: 20.000000000000014
Strategy: mean_rev, portfolio variance: 1.1880655392542811e-06
Norma del vettore g non è uguale a sqrt(N): 54.398558708703895
Norma del vettore g: 20.000000000000014
Strategy: mean_rev, portfolio variance: 0.003966874264672521
Norma del vettore g non è uguale a sqrt(N): 54.398558708703895
Norma del vettore g: 20.000000000000014
Strategy: mean_rev, portfolio variance: 1.9239967321564564e-06
Norma del vettore g non è uguale a sqrt(N): 54.398558708703895
Norma del vettore g: 20.000000000000014
Strategy: mean_rev, portfolio variance: 1.8087179434520675e-06
Norma del vettore g: 20.000000000000007
Strategy: rnd     , portfolio variance: 6.941804033792158e-08
Norma del vettore g: 20.000000000000004
Strategy: rnd     , portfolio variance: 2.5741710400148025e-10
Norma del vettore g: 20.0
Strategy: rnd     , portfolio variance: 2.1226884619789575e-10
Norma del vettore g: 19.999999999999996
Strategy: rnd     , portfolio variance: 4.5459569619213175e-07
Norma del vettore g: 20.0
Strategy: rnd     , portfolio variance: 1.7175004847270183e-07
Norma del vettore g: 20.000000000000004
Strategy: rnd     , portfolio variance: 0.0012850321848447638
Norma del vettore g: 19.999999999999996
Strategy: rnd     , portfolio variance: 1.5923709007658355e-07
Norma del vettore g: 20.000000000000004
Strategy: rnd     , portfolio variance: 1.5653506478928604e-07
[================================                                      ] 46.75%
Norma del vettore g: 20.0
Strategy: min_var , portfolio variance: 8.653313589096015e-06
Norma del vettore g: 20.0
Strategy: min_var , portfolio variance: 3.5229510485346803e-13
Norma del vettore g: 20.0
Strategy: min_var , portfolio variance: 3.609341541806638e-13
Norma del vettore g: 20.0
Strategy: min_var , portfolio variance: 4.526603970575435e-07
Norma del vettore g: 20.0
Strategy: min_var , portfolio variance: 1.3860704116200193e-05
Norma del vettore g: 20.0
Strategy: min_var , portfolio variance: 0.09360730153418181
Norma del vettore g: 20.0
Strategy: min_var , portfolio variance: 2.7998221065173923e-05
Norma del vettore g: 20.0
Strategy: min_var , portfolio variance: 3.0460613252886254e-05
Norma del vettore g non è uguale a sqrt(N): 46.70646104008763
Norma del vettore g: 19.999999999999996
Strategy: omn     , portfolio variance: 5.607164876767984e-07
Norma del vettore g non è uguale a sqrt(N): 46.70646104008763
Norma del vettore g: 19.999999999999996
Strategy: omn     , portfolio variance: 1.914966056772644e-12
Norma del vettore g non è uguale a sqrt(N): 46.70646104008763
Norma del vettore g: 19.999999999999996
Strategy: omn     , portfolio variance: 1.9448824496926663e-12
Norma del vettore g non è uguale a sqrt(N): 46.70646104008763
Norma del vettore g: 19.999999999999996
Strategy: omn     , portfolio variance: 7.555047420473344e-07
Norma del vettore g non è uguale a sqrt(N): 46.70646104008763
Norma del vettore g: 19.999999999999996
Strategy: omn     , portfolio variance: 8.385017398923425e-07
Norma del vettore g non è uguale a sqrt(N): 46.70646104008763
Norma del vettore g: 19.999999999999996
Strategy: omn     , portfolio variance: 0.0030324918745490946
Norma del vettore g non è uguale a sqrt(N): 46.70646104008763
Norma del vettore g: 19.999999999999996
Strategy: omn     , portfolio variance: 1.3029929450549553e-06
Norma del vettore g non è uguale a sqrt(N): 46.70646104008763
Norma del vettore g: 19.999999999999996
Strategy: omn     , portfolio variance: 1.3591819584462632e-06
Norma del vettore g non è uguale a sqrt(N): 46.70646104008763
Norma del vettore g: 19.999999999999996
Strategy: mean_rev, portfolio variance: 5.607164876767984e-07
Norma del vettore g non è uguale a sqrt(N): 46.70646104008763
Norma del vettore g: 19.999999999999996
Strategy: mean_rev, portfolio variance: 1.914966056772644e-12
Norma del vettore g non è uguale a sqrt(N): 46.70646104008763
Norma del vettore g: 19.999999999999996
Strategy: mean_rev, portfolio variance: 1.9448824496926663e-12
Norma del vettore g non è uguale a sqrt(N): 46.70646104008763
Norma del vettore g: 19.999999999999996
Strategy: mean_rev, portfolio variance: 7.555047420473344e-07
Norma del vettore g non è uguale a sqrt(N): 46.70646104008763
Norma del vettore g: 19.999999999999996
Strategy: mean_rev, portfolio variance: 8.385017398923425e-07
Norma del vettore g non è uguale a sqrt(N): 46.70646104008763
Norma del vettore g: 19.999999999999996
Strategy: mean_rev, portfolio variance: 0.0030324918745490946
Norma del vettore g non è uguale a sqrt(N): 46.70646104008763
Norma del vettore g: 19.999999999999996
Strategy: mean_rev, portfolio variance: 1.3029929450549553e-06
Norma del vettore g non è uguale a sqrt(N): 46.70646104008763
Norma del vettore g: 19.999999999999996
Strategy: mean_rev, portfolio variance: 1.3591819584462632e-06
Norma del vettore g: 20.0
Strategy: rnd     , portfolio variance: 6.39374781261435e-08
Norma del vettore g: 20.0
Strategy: rnd     , portfolio variance: 4.434585948479e-11
Norma del vettore g: 20.0
Strategy: rnd     , portfolio variance: 2.654465356635758e-10
Norma del vettore g: 20.0
Strategy: rnd     , portfolio variance: 4.4364231276488636e-07
Norma del vettore g: 19.999999999999993
Strategy: rnd     , portfolio variance: 1.7275929405497252e-07
Norma del vettore g: 19.999999999999996
Strategy: rnd     , portfolio variance: 0.0012135344108409713
Norma del vettore g: 20.0
Strategy: rnd     , portfolio variance: 1.5964147958132367e-07
Norma del vettore g: 20.000000000000004
Strategy: rnd     , portfolio variance: 1.895024925082124e-07
[=================================                                     ] 47.40%
Norma del vettore g: 20.0
Strategy: min_var , portfolio variance: 8.543955045217046e-06
Norma del vettore g: 20.0
Strategy: min_var , portfolio variance: 3.688468665558077e-13
Norma del vettore g: 20.0
Strategy: min_var , portfolio variance: 3.7761041392355025e-13
Norma del vettore g: 20.0
Strategy: min_var , portfolio variance: 4.558647463504069e-07
Norma del vettore g: 20.0
Strategy: min_var , portfolio variance: 1.3985005252968703e-05
Norma del vettore g: 20.0
Strategy: min_var , portfolio variance: 0.09382045478226517
Norma del vettore g: 20.0
Strategy: min_var , portfolio variance: 2.891734599814849e-05
Norma del vettore g: 20.0
Strategy: min_var , portfolio variance: 2.992382213884296e-05
Norma del vettore g non è uguale a sqrt(N): 61.600298477955135
Norma del vettore g: 20.0
Strategy: omn     , portfolio variance: 9.080338063819529e-07
Norma del vettore g non è uguale a sqrt(N): 61.600298477955135
Norma del vettore g: 20.0
Strategy: omn     , portfolio variance: 6.652547554863264e-13
Norma del vettore g non è uguale a sqrt(N): 61.600298477955135
Norma del vettore g: 20.0
Strategy: omn     , portfolio variance: 6.799547402199196e-13
Norma del vettore g non è uguale a sqrt(N): 61.600298477955135
Norma del vettore g: 20.0
Strategy: omn     , portfolio variance: 5.897723722791234e-07
Norma del vettore g non è uguale a sqrt(N): 61.600298477955135
Norma del vettore g: 20.0
Strategy: omn     , portfolio variance: 1.3778319010275664e-06
Norma del vettore g non è uguale a sqrt(N): 61.600298477955135
Norma del vettore g: 20.0
Strategy: omn     , portfolio variance: 0.005356078252338527
Norma del vettore g non è uguale a sqrt(N): 61.600298477955135
Norma del vettore g: 20.0
Strategy: omn     , portfolio variance: 2.0035411084932146e-06
Norma del vettore g non è uguale a sqrt(N): 61.600298477955135
Norma del vettore g: 20.0
Strategy: omn     , portfolio variance: 2.2118750599226156e-06
Norma del vettore g non è uguale a sqrt(N): 61.600298477955135
Norma del vettore g: 20.0
Strategy: mean_rev, portfolio variance: 9.080338063819529e-07
Norma del vettore g non è uguale a sqrt(N): 61.600298477955135
Norma del vettore g: 20.0
Strategy: mean_rev, portfolio variance: 6.652547554863264e-13
Norma del vettore g non è uguale a sqrt(N): 61.600298477955135
Norma del vettore g: 20.0
Strategy: mean_rev, portfolio variance: 6.799547402199196e-13
Norma del vettore g non è uguale a sqrt(N): 61.600298477955135
Norma del vettore g: 20.0
Strategy: mean_rev, portfolio variance: 5.897723722791234e-07
Norma del vettore g non è uguale a sqrt(N): 61.600298477955135
Norma del vettore g: 20.0
Strategy: mean_rev, portfolio variance: 1.3778319010275664e-06
Norma del vettore g non è uguale a sqrt(N): 61.600298477955135
Norma del vettore g: 20.0
Strategy: mean_rev, portfolio variance: 0.005356078252338527
Norma del vettore g non è uguale a sqrt(N): 61.600298477955135
Norma del vettore g: 20.0
Strategy: mean_rev, portfolio variance: 2.0035411084932146e-06
Norma del vettore g non è uguale a sqrt(N): 61.600298477955135
Norma del vettore g: 20.0
Strategy: mean_rev, portfolio variance: 2.2118750599226156e-06
Norma del vettore g: 20.0
Strategy: rnd     , portfolio variance: 6.015510004761383e-08
Norma del vettore g: 20.0
Strategy: rnd     , portfolio variance: 1.3393399082016e-09
Norma del vettore g: 20.0
Strategy: rnd     , portfolio variance: 7.441297659464367e-11
Norma del vettore g: 20.000000000000004
Strategy: rnd     , portfolio variance: 4.764415094966365e-07
Norma del vettore g: 19.999999999999993
Strategy: rnd     , portfolio variance: 1.7664975777225598e-07
Norma del vettore g: 19.999999999999993
Strategy: rnd     , portfolio variance: 0.001226838645747007
Norma del vettore g: 20.0
Strategy: rnd     , portfolio variance: 2.061026767427863e-07
Norma del vettore g: 20.0
Strategy: rnd     , portfolio variance: 1.6136972656092722e-07
[=================================                                     ] 48.05%
Norma del vettore g: 20.0
Strategy: min_var , portfolio variance: 8.668957833634253e-06
Norma del vettore g: 20.0
Strategy: min_var , portfolio variance: 4.033829647705367e-13
Norma del vettore g: 20.0
Strategy: min_var , portfolio variance: 4.138669027844663e-13
Norma del vettore g: 20.0
Strategy: min_var , portfolio variance: 4.6661185564471513e-07
Norma del vettore g: 20.0
Strategy: min_var , portfolio variance: 1.4176349105234854e-05
Norma del vettore g: 20.0
Strategy: min_var , portfolio variance: 0.09401790076912425
Norma del vettore g: 20.0
Strategy: min_var , portfolio variance: 2.9305343620143276e-05
Norma del vettore g: 20.0
Strategy: min_var , portfolio variance: 3.004731638579759e-05
Norma del vettore g non è uguale a sqrt(N): 53.124911469766865
Norma del vettore g: 19.999999999999993
Strategy: omn     , portfolio variance: 7.789179647882104e-07
Norma del vettore g non è uguale a sqrt(N): 53.124911469766865
Norma del vettore g: 19.999999999999993
Strategy: omn     , portfolio variance: 8.276350916383544e-13
Norma del vettore g non è uguale a sqrt(N): 53.124911469766865
Norma del vettore g: 19.999999999999993
Strategy: omn     , portfolio variance: 8.48733226491669e-13
Norma del vettore g non è uguale a sqrt(N): 53.124911469766865
Norma del vettore g: 19.999999999999993
Strategy: omn     , portfolio variance: 5.988157909094006e-07
Norma del vettore g non è uguale a sqrt(N): 53.124911469766865
Norma del vettore g: 19.999999999999993
Strategy: omn     , portfolio variance: 1.150259771333852e-06
Norma del vettore g non è uguale a sqrt(N): 53.124911469766865
Norma del vettore g: 19.999999999999993
Strategy: omn     , portfolio variance: 0.004347740037059896
Norma del vettore g non è uguale a sqrt(N): 53.124911469766865
Norma del vettore g: 19.999999999999993
Strategy: omn     , portfolio variance: 1.4661118325657032e-06
Norma del vettore g non è uguale a sqrt(N): 53.124911469766865
Norma del vettore g: 19.999999999999993
Strategy: omn     , portfolio variance: 1.620105984003051e-06
Norma del vettore g non è uguale a sqrt(N): 53.124911469766865
Norma del vettore g: 19.999999999999993
Strategy: mean_rev, portfolio variance: 7.789179647882104e-07
Norma del vettore g non è uguale a sqrt(N): 53.124911469766865
Norma del vettore g: 19.999999999999993
Strategy: mean_rev, portfolio variance: 8.276350916383544e-13
Norma del vettore g non è uguale a sqrt(N): 53.124911469766865
Norma del vettore g: 19.999999999999993
Strategy: mean_rev, portfolio variance: 8.48733226491669e-13
Norma del vettore g non è uguale a sqrt(N): 53.124911469766865
Norma del vettore g: 19.999999999999993
Strategy: mean_rev, portfolio variance: 5.988157909094006e-07
Norma del vettore g non è uguale a sqrt(N): 53.124911469766865
Norma del vettore g: 19.999999999999993
Strategy: mean_rev, portfolio variance: 1.150259771333852e-06
Norma del vettore g non è uguale a sqrt(N): 53.124911469766865
Norma del vettore g: 19.999999999999993
Strategy: mean_rev, portfolio variance: 0.004347740037059896
Norma del vettore g non è uguale a sqrt(N): 53.124911469766865
Norma del vettore g: 19.999999999999993
Strategy: mean_rev, portfolio variance: 1.4661118325657032e-06
Norma del vettore g non è uguale a sqrt(N): 53.124911469766865
Norma del vettore g: 19.999999999999993
Strategy: mean_rev, portfolio variance: 1.620105984003051e-06
Norma del vettore g: 19.999999999999993
Strategy: rnd     , portfolio variance: 5.640110722574358e-08
Norma del vettore g: 20.0
Strategy: rnd     , portfolio variance: 1.4012699526523848e-10
Norma del vettore g: 19.999999999999996
Strategy: rnd     , portfolio variance: 5.138164008669696e-10
Norma del vettore g: 20.000000000000004
Strategy: rnd     , portfolio variance: 4.590817836346727e-07
Norma del vettore g: 20.000000000000007
Strategy: rnd     , portfolio variance: 1.6518065861000762e-07
Norma del vettore g: 20.0
Strategy: rnd     , portfolio variance: 0.0011418803209320063
Norma del vettore g: 20.0
Strategy: rnd     , portfolio variance: 1.4832744819812846e-07
Norma del vettore g: 20.000000000000007
Strategy: rnd     , portfolio variance: 2.158842509230952e-07
[==================================                                    ] 48.70%
Norma del vettore g: 20.0
Strategy: min_var , portfolio variance: 8.88713580250509e-06
Norma del vettore g: 20.0
Strategy: min_var , portfolio variance: 4.0335805719554933e-13
Norma del vettore g: 20.0
Strategy: min_var , portfolio variance: 4.141552549135713e-13
Norma del vettore g: 20.0
Strategy: min_var , portfolio variance: 4.5982017808113417e-07
Norma del vettore g: 20.0
Strategy: min_var , portfolio variance: 1.4182251388522877e-05
Norma del vettore g: 20.0
Strategy: min_var , portfolio variance: 0.09397285672521648
Norma del vettore g: 20.0
Strategy: min_var , portfolio variance: 2.8650256549532915e-05
Norma del vettore g: 20.0
Strategy: min_var , portfolio variance: 3.0002938880705754e-05
Norma del vettore g non è uguale a sqrt(N): 46.99713271577908
Norma del vettore g: 19.999999999999993
Strategy: omn     , portfolio variance: 5.531086659718721e-07
Norma del vettore g non è uguale a sqrt(N): 46.99713271577908
Norma del vettore g: 19.999999999999993
Strategy: omn     , portfolio variance: 6.5809500423641445e-12
Norma del vettore g non è uguale a sqrt(N): 46.99713271577908
Norma del vettore g: 19.999999999999993
Strategy: omn     , portfolio variance: 6.74996209965813e-12
Norma del vettore g non è uguale a sqrt(N): 46.99713271577908
Norma del vettore g: 19.999999999999993
Strategy: omn     , portfolio variance: 7.788467017544391e-07
Norma del vettore g non è uguale a sqrt(N): 46.99713271577908
Norma del vettore g: 19.999999999999993
Strategy: omn     , portfolio variance: 7.937809635106848e-07
Norma del vettore g non è uguale a sqrt(N): 46.99713271577908
Norma del vettore g: 19.999999999999993
Strategy: omn     , portfolio variance: 0.0026707662018461897
Norma del vettore g non è uguale a sqrt(N): 46.99713271577908
Norma del vettore g: 19.999999999999993
Strategy: omn     , portfolio variance: 1.310401304080055e-06
Norma del vettore g non è uguale a sqrt(N): 46.99713271577908
Norma del vettore g: 19.999999999999993
Strategy: omn     , portfolio variance: 1.264050961395235e-06
Norma del vettore g non è uguale a sqrt(N): 46.99713271577908
Norma del vettore g: 19.999999999999993
Strategy: mean_rev, portfolio variance: 5.531086659718721e-07
Norma del vettore g non è uguale a sqrt(N): 46.99713271577908
Norma del vettore g: 19.999999999999993
Strategy: mean_rev, portfolio variance: 6.5809500423641445e-12
Norma del vettore g non è uguale a sqrt(N): 46.99713271577908
Norma del vettore g: 19.999999999999993
Strategy: mean_rev, portfolio variance: 6.74996209965813e-12
Norma del vettore g non è uguale a sqrt(N): 46.99713271577908
Norma del vettore g: 19.999999999999993
Strategy: mean_rev, portfolio variance: 7.788467017544391e-07
Norma del vettore g non è uguale a sqrt(N): 46.99713271577908
Norma del vettore g: 19.999999999999993
Strategy: mean_rev, portfolio variance: 7.937809635106848e-07
Norma del vettore g non è uguale a sqrt(N): 46.99713271577908
Norma del vettore g: 19.999999999999993
Strategy: mean_rev, portfolio variance: 0.0026707662018461897
Norma del vettore g non è uguale a sqrt(N): 46.99713271577908
Norma del vettore g: 19.999999999999993
Strategy: mean_rev, portfolio variance: 1.310401304080055e-06
Norma del vettore g non è uguale a sqrt(N): 46.99713271577908
Norma del vettore g: 19.999999999999993
Strategy: mean_rev, portfolio variance: 1.264050961395235e-06
Norma del vettore g: 20.0
Strategy: rnd     , portfolio variance: 5.6470274679987545e-08
Norma del vettore g: 20.000000000000004
Strategy: rnd     , portfolio variance: 6.169833104772777e-11
Norma del vettore g: 19.999999999999996
Strategy: rnd     , portfolio variance: 3.877670000692507e-09
Norma del vettore g: 20.0
Strategy: rnd     , portfolio variance: 4.7118977707203646e-07
Norma del vettore g: 19.999999999999993
Strategy: rnd     , portfolio variance: 1.6147892365601325e-07
Norma del vettore g: 19.999999999999996
Strategy: rnd     , portfolio variance: 0.0012500177137287475
Norma del vettore g: 19.999999999999996
Strategy: rnd     , portfolio variance: 1.666798005761719e-07
Norma del vettore g: 20.0
Strategy: rnd     , portfolio variance: 1.9824126372792382e-07
[==================================                                    ] 49.35%
Norma del vettore g: 20.0
Strategy: min_var , portfolio variance: 8.877423240684919e-06
Norma del vettore g: 20.0
Strategy: min_var , portfolio variance: 4.1517480133507343e-13
Norma del vettore g: 20.0
Strategy: min_var , portfolio variance: 4.2614314654425714e-13
Norma del vettore g: 20.0
Strategy: min_var , portfolio variance: 4.616405299894947e-07
Norma del vettore g: 20.0
Strategy: min_var , portfolio variance: 1.425983329400832e-05
Norma del vettore g: 20.0
Strategy: min_var , portfolio variance: 0.09426570262646666
Norma del vettore g: 20.0
Strategy: min_var , portfolio variance: 2.9078951302326072e-05
Norma del vettore g: 20.0
Strategy: min_var , portfolio variance: 3.0246749202705803e-05
Norma del vettore g non è uguale a sqrt(N): 51.748244532942685
Norma del vettore g: 19.999999999999996
Strategy: omn     , portfolio variance: 6.830361429184718e-07
Norma del vettore g non è uguale a sqrt(N): 51.748244532942685
Norma del vettore g: 19.999999999999996
Strategy: omn     , portfolio variance: 1.7492243033562786e-12
Norma del vettore g non è uguale a sqrt(N): 51.748244532942685
Norma del vettore g: 19.999999999999996
Strategy: omn     , portfolio variance: 1.7993498077691387e-12
Norma del vettore g non è uguale a sqrt(N): 51.748244532942685
Norma del vettore g: 19.999999999999996
Strategy: omn     , portfolio variance: 7.178458258051838e-07
Norma del vettore g non è uguale a sqrt(N): 51.748244532942685
Norma del vettore g: 19.999999999999996
Strategy: omn     , portfolio variance: 9.452278562194071e-07
Norma del vettore g non è uguale a sqrt(N): 51.748244532942685
Norma del vettore g: 19.999999999999996
Strategy: omn     , portfolio variance: 0.0031879977158261142
Norma del vettore g non è uguale a sqrt(N): 51.748244532942685
Norma del vettore g: 19.999999999999996
Strategy: omn     , portfolio variance: 1.5305491856694131e-06
Norma del vettore g non è uguale a sqrt(N): 51.748244532942685
Norma del vettore g: 19.999999999999996
Strategy: omn     , portfolio variance: 1.6219138511934789e-06
Norma del vettore g non è uguale a sqrt(N): 51.748244532942685
Norma del vettore g: 19.999999999999996
Strategy: mean_rev, portfolio variance: 6.830361429184718e-07
Norma del vettore g non è uguale a sqrt(N): 51.748244532942685
Norma del vettore g: 19.999999999999996
Strategy: mean_rev, portfolio variance: 1.7492243033562786e-12
Norma del vettore g non è uguale a sqrt(N): 51.748244532942685
Norma del vettore g: 19.999999999999996
Strategy: mean_rev, portfolio variance: 1.7993498077691387e-12
Norma del vettore g non è uguale a sqrt(N): 51.748244532942685
Norma del vettore g: 19.999999999999996
Strategy: mean_rev, portfolio variance: 7.178458258051838e-07
Norma del vettore g non è uguale a sqrt(N): 51.748244532942685
Norma del vettore g: 19.999999999999996
Strategy: mean_rev, portfolio variance: 9.452278562194071e-07
Norma del vettore g non è uguale a sqrt(N): 51.748244532942685
Norma del vettore g: 19.999999999999996
Strategy: mean_rev, portfolio variance: 0.0031879977158261142
Norma del vettore g non è uguale a sqrt(N): 51.748244532942685
Norma del vettore g: 19.999999999999996
Strategy: mean_rev, portfolio variance: 1.5305491856694131e-06
Norma del vettore g non è uguale a sqrt(N): 51.748244532942685
Norma del vettore g: 19.999999999999996
Strategy: mean_rev, portfolio variance: 1.6219138511934789e-06
Norma del vettore g: 20.0
Strategy: rnd     , portfolio variance: 6.626687356873224e-08
Norma del vettore g: 20.0
Strategy: rnd     , portfolio variance: 1.1288511637021842e-10
Norma del vettore g: 19.999999999999996
Strategy: rnd     , portfolio variance: 1.7128027891314403e-10
Norma del vettore g: 19.999999999999993
Strategy: rnd     , portfolio variance: 4.652598158531361e-07
Norma del vettore g: 20.000000000000007
Strategy: rnd     , portfolio variance: 1.8484738522501505e-07
Norma del vettore g: 20.0
Strategy: rnd     , portfolio variance: 0.0011730196805970214
Norma del vettore g: 19.999999999999996
Strategy: rnd     , portfolio variance: 1.9119204639007772e-07
Norma del vettore g: 19.999999999999996
Strategy: rnd     , portfolio variance: 1.5594669354756806e-07
[===================================                                   ] 50.00%
Norma del vettore g: 20.0
Strategy: min_var , portfolio variance: 8.724855439270208e-06
Norma del vettore g: 20.0
Strategy: min_var , portfolio variance: 4.2082681245588454e-13
Norma del vettore g: 20.0
Strategy: min_var , portfolio variance: 4.3228629607056075e-13
Norma del vettore g: 20.0
Strategy: min_var , portfolio variance: 4.5793494292660307e-07
Norma del vettore g: 20.0
Strategy: min_var , portfolio variance: 1.4167477796245284e-05
Norma del vettore g: 20.0
Strategy: min_var , portfolio variance: 0.09438743776207115
Norma del vettore g: 20.0
Strategy: min_var , portfolio variance: 2.8975512958820138e-05
Norma del vettore g: 20.0
Strategy: min_var , portfolio variance: 3.0295657504946902e-05
Norma del vettore g non è uguale a sqrt(N): 39.31136028862449
Norma del vettore g: 19.999999999999996
Strategy: omn     , portfolio variance: 5.124477382144109e-07
Norma del vettore g non è uguale a sqrt(N): 39.31136028862449
Norma del vettore g: 19.999999999999996
Strategy: omn     , portfolio variance: 1.4349763974138365e-12
Norma del vettore g non è uguale a sqrt(N): 39.31136028862449
Norma del vettore g: 19.999999999999996
Strategy: omn     , portfolio variance: 1.4809636215792312e-12
Norma del vettore g non è uguale a sqrt(N): 39.31136028862449
Norma del vettore g: 19.999999999999996
Strategy: omn     , portfolio variance: 5.565196930636741e-07
Norma del vettore g non è uguale a sqrt(N): 39.31136028862449
Norma del vettore g: 19.999999999999996
Strategy: omn     , portfolio variance: 7.74303493456931e-07
Norma del vettore g non è uguale a sqrt(N): 39.31136028862449
Norma del vettore g: 19.999999999999996
Strategy: omn     , portfolio variance: 0.003263408322117134
Norma del vettore g non è uguale a sqrt(N): 39.31136028862449
Norma del vettore g: 19.999999999999996
Strategy: omn     , portfolio variance: 1.019412279814045e-06
Norma del vettore g non è uguale a sqrt(N): 39.31136028862449
Norma del vettore g: 19.999999999999996
Strategy: omn     , portfolio variance: 1.0028816719251513e-06
Norma del vettore g non è uguale a sqrt(N): 39.31136028862449
Norma del vettore g: 19.999999999999996
Strategy: mean_rev, portfolio variance: 5.124477382144109e-07
Norma del vettore g non è uguale a sqrt(N): 39.31136028862449
Norma del vettore g: 19.999999999999996
Strategy: mean_rev, portfolio variance: 1.4349763974138365e-12
Norma del vettore g non è uguale a sqrt(N): 39.31136028862449
Norma del vettore g: 19.999999999999996
Strategy: mean_rev, portfolio variance: 1.4809636215792312e-12
Norma del vettore g non è uguale a sqrt(N): 39.31136028862449
Norma del vettore g: 19.999999999999996
Strategy: mean_rev, portfolio variance: 5.565196930636741e-07
Norma del vettore g non è uguale a sqrt(N): 39.31136028862449
Norma del vettore g: 19.999999999999996
Strategy: mean_rev, portfolio variance: 7.74303493456931e-07
Norma del vettore g non è uguale a sqrt(N): 39.31136028862449
Norma del vettore g: 19.999999999999996
Strategy: mean_rev, portfolio variance: 0.003263408322117134
Norma del vettore g non è uguale a sqrt(N): 39.31136028862449
Norma del vettore g: 19.999999999999996
Strategy: mean_rev, portfolio variance: 1.019412279814045e-06
Norma del vettore g non è uguale a sqrt(N): 39.31136028862449
Norma del vettore g: 19.999999999999996
Strategy: mean_rev, portfolio variance: 1.0028816719251513e-06
Norma del vettore g: 19.999999999999996
Strategy: rnd     , portfolio variance: 7.063608842196384e-08
Norma del vettore g: 20.000000000000004
Strategy: rnd     , portfolio variance: 1.016800915775665e-09
Norma del vettore g: 19.999999999999996
Strategy: rnd     , portfolio variance: 7.65118150556463e-10
Norma del vettore g: 20.0
Strategy: rnd     , portfolio variance: 4.4411757348361687e-07
Norma del vettore g: 20.000000000000004
Strategy: rnd     , portfolio variance: 1.736284630147057e-07
Norma del vettore g: 20.0
Strategy: rnd     , portfolio variance: 0.0012681139969824646
Norma del vettore g: 20.0
Strategy: rnd     , portfolio variance: 1.487962552288473e-07
Norma del vettore g: 19.999999999999996
Strategy: rnd     , portfolio variance: 1.5934854777442531e-07
[===================================                                   ] 50.65%
Norma del vettore g: 20.0
Strategy: min_var , portfolio variance: 8.397057683854822e-06
Norma del vettore g: 20.0
Strategy: min_var , portfolio variance: 4.29108338423871e-13
Norma del vettore g: 20.0
Strategy: min_var , portfolio variance: 4.409912250497809e-13
Norma del vettore g: 20.0
Strategy: min_var , portfolio variance: 4.512587637302424e-07
Norma del vettore g: 20.0
Strategy: min_var , portfolio variance: 1.3767971680094505e-05
Norma del vettore g: 20.0
Strategy: min_var , portfolio variance: 0.09289288980783247
Norma del vettore g: 20.0
Strategy: min_var , portfolio variance: 2.81894169448038e-05
Norma del vettore g: 20.0
Strategy: min_var , portfolio variance: 2.861946312137568e-05
Norma del vettore g non è uguale a sqrt(N): 34.933035405832825
Norma del vettore g: 19.999999999999993
Strategy: omn     , portfolio variance: 4.0471179197045487e-07
Norma del vettore g non è uguale a sqrt(N): 34.933035405832825
Norma del vettore g: 19.999999999999993
Strategy: omn     , portfolio variance: 3.25187796162986e-12
Norma del vettore g non è uguale a sqrt(N): 34.933035405832825
Norma del vettore g: 19.999999999999993
Strategy: omn     , portfolio variance: 3.351931053280626e-12
Norma del vettore g non è uguale a sqrt(N): 34.933035405832825
Norma del vettore g: 19.999999999999993
Strategy: omn     , portfolio variance: 6.091325995608365e-07
Norma del vettore g non è uguale a sqrt(N): 34.933035405832825
Norma del vettore g: 19.999999999999993
Strategy: omn     , portfolio variance: 6.476076388797504e-07
Norma del vettore g non è uguale a sqrt(N): 34.933035405832825
Norma del vettore g: 19.999999999999993
Strategy: omn     , portfolio variance: 0.002555086673704998
Norma del vettore g non è uguale a sqrt(N): 34.933035405832825
Norma del vettore g: 19.999999999999993
Strategy: omn     , portfolio variance: 8.57972831349718e-07
Norma del vettore g non è uguale a sqrt(N): 34.933035405832825
Norma del vettore g: 19.999999999999993
Strategy: omn     , portfolio variance: 9.102928242217698e-07
Norma del vettore g non è uguale a sqrt(N): 34.933035405832825
Norma del vettore g: 19.999999999999993
Strategy: mean_rev, portfolio variance: 4.0471179197045487e-07
Norma del vettore g non è uguale a sqrt(N): 34.933035405832825
Norma del vettore g: 19.999999999999993
Strategy: mean_rev, portfolio variance: 3.25187796162986e-12
Norma del vettore g non è uguale a sqrt(N): 34.933035405832825
Norma del vettore g: 19.999999999999993
Strategy: mean_rev, portfolio variance: 3.351931053280626e-12
Norma del vettore g non è uguale a sqrt(N): 34.933035405832825
Norma del vettore g: 19.999999999999993
Strategy: mean_rev, portfolio variance: 6.091325995608365e-07
Norma del vettore g non è uguale a sqrt(N): 34.933035405832825
Norma del vettore g: 19.999999999999993
Strategy: mean_rev, portfolio variance: 6.476076388797504e-07
Norma del vettore g non è uguale a sqrt(N): 34.933035405832825
Norma del vettore g: 19.999999999999993
Strategy: mean_rev, portfolio variance: 0.002555086673704998
Norma del vettore g non è uguale a sqrt(N): 34.933035405832825
Norma del vettore g: 19.999999999999993
Strategy: mean_rev, portfolio variance: 8.57972831349718e-07
Norma del vettore g non è uguale a sqrt(N): 34.933035405832825
Norma del vettore g: 19.999999999999993
Strategy: mean_rev, portfolio variance: 9.102928242217698e-07
Norma del vettore g: 20.0
Strategy: rnd     , portfolio variance: 5.951627514055046e-08
Norma del vettore g: 20.000000000000007
Strategy: rnd     , portfolio variance: 9.491917451992156e-10
Norma del vettore g: 20.0
Strategy: rnd     , portfolio variance: 8.724280735155964e-11
Norma del vettore g: 20.0
Strategy: rnd     , portfolio variance: 4.5524263175095925e-07
Norma del vettore g: 19.999999999999996
Strategy: rnd     , portfolio variance: 1.7619303438457677e-07
Norma del vettore g: 19.999999999999993
Strategy: rnd     , portfolio variance: 0.0012436193759378757
Norma del vettore g: 20.000000000000007
Strategy: rnd     , portfolio variance: 1.55361313120068e-07
Norma del vettore g: 19.999999999999993
Strategy: rnd     , portfolio variance: 1.508823472803116e-07
[===================================                                   ] 51.30%
Norma del vettore g: 20.0
Strategy: min_var , portfolio variance: 8.562529125667228e-06
Norma del vettore g: 20.0
Strategy: min_var , portfolio variance: 4.3736394819833603e-13
Norma del vettore g: 20.0
Strategy: min_var , portfolio variance: 4.4932807333839833e-13
Norma del vettore g: 20.0
Strategy: min_var , portfolio variance: 4.4934634886729903e-07
Norma del vettore g: 20.0
Strategy: min_var , portfolio variance: 1.3795854715198519e-05
Norma del vettore g: 20.0
Strategy: min_var , portfolio variance: 0.09237370348457455
Norma del vettore g: 20.0
Strategy: min_var , portfolio variance: 2.8341471226392598e-05
Norma del vettore g: 20.0
Strategy: min_var , portfolio variance: 2.9659191003351138e-05
Norma del vettore g non è uguale a sqrt(N): 45.81544383274384
Norma del vettore g: 20.000000000000004
Strategy: omn     , portfolio variance: 6.065221928636611e-07
Norma del vettore g non è uguale a sqrt(N): 45.81544383274384
Norma del vettore g: 20.000000000000004
Strategy: omn     , portfolio variance: 1.2068799527617402e-12
Norma del vettore g non è uguale a sqrt(N): 45.81544383274384
Norma del vettore g: 20.000000000000004
Strategy: omn     , portfolio variance: 1.236400539604819e-12
Norma del vettore g non è uguale a sqrt(N): 45.81544383274384
Norma del vettore g: 20.000000000000004
Strategy: omn     , portfolio variance: 6.746720078006298e-07
Norma del vettore g non è uguale a sqrt(N): 45.81544383274384
Norma del vettore g: 20.000000000000004
Strategy: omn     , portfolio variance: 9.295330110274985e-07
Norma del vettore g non è uguale a sqrt(N): 45.81544383274384
Norma del vettore g: 20.000000000000004
Strategy: omn     , portfolio variance: 0.0032096233414600694
Norma del vettore g non è uguale a sqrt(N): 45.81544383274384
Norma del vettore g: 20.000000000000004
Strategy: omn     , portfolio variance: 1.390039603387917e-06
Norma del vettore g non è uguale a sqrt(N): 45.81544383274384
Norma del vettore g: 20.000000000000004
Strategy: omn     , portfolio variance: 1.5394669537949674e-06
Norma del vettore g non è uguale a sqrt(N): 45.81544383274384
Norma del vettore g: 20.000000000000004
Strategy: mean_rev, portfolio variance: 6.065221928636611e-07
Norma del vettore g non è uguale a sqrt(N): 45.81544383274384
Norma del vettore g: 20.000000000000004
Strategy: mean_rev, portfolio variance: 1.2068799527617402e-12
Norma del vettore g non è uguale a sqrt(N): 45.81544383274384
Norma del vettore g: 20.000000000000004
Strategy: mean_rev, portfolio variance: 1.236400539604819e-12
Norma del vettore g non è uguale a sqrt(N): 45.81544383274384
Norma del vettore g: 20.000000000000004
Strategy: mean_rev, portfolio variance: 6.746720078006298e-07
Norma del vettore g non è uguale a sqrt(N): 45.81544383274384
Norma del vettore g: 20.000000000000004
Strategy: mean_rev, portfolio variance: 9.295330110274985e-07
Norma del vettore g non è uguale a sqrt(N): 45.81544383274384
Norma del vettore g: 20.000000000000004
Strategy: mean_rev, portfolio variance: 0.0032096233414600694
Norma del vettore g non è uguale a sqrt(N): 45.81544383274384
Norma del vettore g: 20.000000000000004
Strategy: mean_rev, portfolio variance: 1.390039603387917e-06
Norma del vettore g non è uguale a sqrt(N): 45.81544383274384
Norma del vettore g: 20.000000000000004
Strategy: mean_rev, portfolio variance: 1.5394669537949674e-06
Norma del vettore g: 19.999999999999996
Strategy: rnd     , portfolio variance: 7.057803173816724e-08
Norma del vettore g: 20.000000000000007
Strategy: rnd     , portfolio variance: 3.780354899513832e-10
Norma del vettore g: 20.0
Strategy: rnd     , portfolio variance: 9.155901164100075e-11
Norma del vettore g: 20.000000000000004
Strategy: rnd     , portfolio variance: 4.3639034061774216e-07
Norma del vettore g: 19.999999999999996
Strategy: rnd     , portfolio variance: 1.6227295013595778e-07
Norma del vettore g: 19.999999999999996
Strategy: rnd     , portfolio variance: 0.0011677337870939653
Norma del vettore g: 19.999999999999996
Strategy: rnd     , portfolio variance: 1.460626288280803e-07
Norma del vettore g: 19.999999999999993
Strategy: rnd     , portfolio variance: 1.4708178321471944e-07
[====================================                                  ] 51.95%
Norma del vettore g: 20.0
Strategy: min_var , portfolio variance: 8.561349726487087e-06
Norma del vettore g: 20.0
Strategy: min_var , portfolio variance: 4.3961960760384503e-13
Norma del vettore g: 20.0
Strategy: min_var , portfolio variance: 4.5182879099428597e-13
Norma del vettore g: 20.0
Strategy: min_var , portfolio variance: 4.457261727316305e-07
Norma del vettore g: 20.0
Strategy: min_var , portfolio variance: 1.3800783460305212e-05
Norma del vettore g: 20.0
Strategy: min_var , portfolio variance: 0.09087427168189155
Norma del vettore g: 20.0
Strategy: min_var , portfolio variance: 2.679455619587289e-05
Norma del vettore g: 20.0
Strategy: min_var , portfolio variance: 2.8776168806470847e-05
Norma del vettore g non è uguale a sqrt(N): 30.735391696928094
Norma del vettore g: 20.000000000000004
Strategy: omn     , portfolio variance: 3.1108334927332655e-07
Norma del vettore g non è uguale a sqrt(N): 30.735391696928094
Norma del vettore g: 20.000000000000004
Strategy: omn     , portfolio variance: 8.444351825114925e-11
Norma del vettore g non è uguale a sqrt(N): 30.735391696928094
Norma del vettore g: 20.000000000000004
Strategy: omn     , portfolio variance: 8.475392229861696e-11
Norma del vettore g non è uguale a sqrt(N): 30.735391696928094
Norma del vettore g: 20.000000000000004
Strategy: omn     , portfolio variance: 6.549721161348334e-07
Norma del vettore g non è uguale a sqrt(N): 30.735391696928094
Norma del vettore g: 20.000000000000004
Strategy: omn     , portfolio variance: 4.863577760004545e-07
Norma del vettore g non è uguale a sqrt(N): 30.735391696928094
Norma del vettore g: 20.000000000000004
Strategy: omn     , portfolio variance: 0.001980851668604353
Norma del vettore g non è uguale a sqrt(N): 30.735391696928094
Norma del vettore g: 20.000000000000004
Strategy: omn     , portfolio variance: 6.661709467343006e-07
Norma del vettore g non è uguale a sqrt(N): 30.735391696928094
Norma del vettore g: 20.000000000000004
Strategy: omn     , portfolio variance: 6.915779921444272e-07
Norma del vettore g non è uguale a sqrt(N): 30.735391696928094
Norma del vettore g: 20.000000000000004
Strategy: mean_rev, portfolio variance: 3.1108334927332655e-07
Norma del vettore g non è uguale a sqrt(N): 30.735391696928094
Norma del vettore g: 20.000000000000004
Strategy: mean_rev, portfolio variance: 8.444351825114925e-11
Norma del vettore g non è uguale a sqrt(N): 30.735391696928094
Norma del vettore g: 20.000000000000004
Strategy: mean_rev, portfolio variance: 8.475392229861696e-11
Norma del vettore g non è uguale a sqrt(N): 30.735391696928094
Norma del vettore g: 20.000000000000004
Strategy: mean_rev, portfolio variance: 6.549721161348334e-07
Norma del vettore g non è uguale a sqrt(N): 30.735391696928094
Norma del vettore g: 20.000000000000004
Strategy: mean_rev, portfolio variance: 4.863577760004545e-07
Norma del vettore g non è uguale a sqrt(N): 30.735391696928094
Norma del vettore g: 20.000000000000004
Strategy: mean_rev, portfolio variance: 0.001980851668604353
Norma del vettore g non è uguale a sqrt(N): 30.735391696928094
Norma del vettore g: 20.000000000000004
Strategy: mean_rev, portfolio variance: 6.661709467343006e-07
Norma del vettore g non è uguale a sqrt(N): 30.735391696928094
Norma del vettore g: 20.000000000000004
Strategy: mean_rev, portfolio variance: 6.915779921444272e-07
Norma del vettore g: 20.0
Strategy: rnd     , portfolio variance: 6.298024271965558e-08
Norma del vettore g: 20.0
Strategy: rnd     , portfolio variance: 4.985189482802812e-08
Norma del vettore g: 20.0
Strategy: rnd     , portfolio variance: 4.433608845995535e-11
Norma del vettore g: 20.0
Strategy: rnd     , portfolio variance: 4.491760883393533e-07
Norma del vettore g: 20.0
Strategy: rnd     , portfolio variance: 1.4578072445144228e-07
Norma del vettore g: 20.0
Strategy: rnd     , portfolio variance: 0.0013008589721157835
Norma del vettore g: 19.999999999999996
Strategy: rnd     , portfolio variance: 1.46219936596047e-07
Norma del vettore g: 20.0
Strategy: rnd     , portfolio variance: 1.57419543902914e-07
[====================================                                  ] 52.60%
Norma del vettore g: 20.0
Strategy: min_var , portfolio variance: 8.75918792285539e-06
Norma del vettore g: 20.0
Strategy: min_var , portfolio variance: 4.581597492514215e-13
Norma del vettore g: 20.0
Strategy: min_var , portfolio variance: 4.705685249855512e-13
Norma del vettore g: 20.0
Strategy: min_var , portfolio variance: 4.5053731198789013e-07
Norma del vettore g: 20.0
Strategy: min_var , portfolio variance: 1.3950344946107216e-05
Norma del vettore g: 20.0
Strategy: min_var , portfolio variance: 0.09091229291495756
Norma del vettore g: 20.0
Strategy: min_var , portfolio variance: 2.8164445246905856e-05
Norma del vettore g: 20.0
Strategy: min_var , portfolio variance: 2.9329056492531634e-05
Norma del vettore g non è uguale a sqrt(N): 32.87969329266791
Norma del vettore g: 19.999999999999996
Strategy: omn     , portfolio variance: 3.2466905379748466e-07
Norma del vettore g non è uguale a sqrt(N): 32.87969329266791
Norma del vettore g: 19.999999999999996
Strategy: omn     , portfolio variance: 9.490260402223558e-12
Norma del vettore g non è uguale a sqrt(N): 32.87969329266791
Norma del vettore g: 19.999999999999996
Strategy: omn     , portfolio variance: 9.661381939179164e-12
Norma del vettore g non è uguale a sqrt(N): 32.87969329266791
Norma del vettore g: 19.999999999999996
Strategy: omn     , portfolio variance: 6.804431780118777e-07
Norma del vettore g non è uguale a sqrt(N): 32.87969329266791
Norma del vettore g: 19.999999999999996
Strategy: omn     , portfolio variance: 5.11018024612429e-07
Norma del vettore g non è uguale a sqrt(N): 32.87969329266791
Norma del vettore g: 19.999999999999996
Strategy: omn     , portfolio variance: 0.002126300266935026
Norma del vettore g non è uguale a sqrt(N): 32.87969329266791
Norma del vettore g: 19.999999999999996
Strategy: omn     , portfolio variance: 6.632631505867516e-07
Norma del vettore g non è uguale a sqrt(N): 32.87969329266791
Norma del vettore g: 19.999999999999996
Strategy: omn     , portfolio variance: 6.958255219033024e-07
Norma del vettore g non è uguale a sqrt(N): 32.87969329266791
Norma del vettore g: 19.999999999999996
Strategy: mean_rev, portfolio variance: 3.2466905379748466e-07
Norma del vettore g non è uguale a sqrt(N): 32.87969329266791
Norma del vettore g: 19.999999999999996
Strategy: mean_rev, portfolio variance: 9.490260402223558e-12
Norma del vettore g non è uguale a sqrt(N): 32.87969329266791
Norma del vettore g: 19.999999999999996
Strategy: mean_rev, portfolio variance: 9.661381939179164e-12
Norma del vettore g non è uguale a sqrt(N): 32.87969329266791
Norma del vettore g: 19.999999999999996
Strategy: mean_rev, portfolio variance: 6.804431780118777e-07
Norma del vettore g non è uguale a sqrt(N): 32.87969329266791
Norma del vettore g: 19.999999999999996
Strategy: mean_rev, portfolio variance: 5.11018024612429e-07
Norma del vettore g non è uguale a sqrt(N): 32.87969329266791
Norma del vettore g: 19.999999999999996
Strategy: mean_rev, portfolio variance: 0.002126300266935026
Norma del vettore g non è uguale a sqrt(N): 32.87969329266791
Norma del vettore g: 19.999999999999996
Strategy: mean_rev, portfolio variance: 6.632631505867516e-07
Norma del vettore g non è uguale a sqrt(N): 32.87969329266791
Norma del vettore g: 19.999999999999996
Strategy: mean_rev, portfolio variance: 6.958255219033024e-07
Norma del vettore g: 20.000000000000007
Strategy: rnd     , portfolio variance: 6.153780286931954e-08
Norma del vettore g: 20.0
Strategy: rnd     , portfolio variance: 3.48487444235735e-10
Norma del vettore g: 19.999999999999996
Strategy: rnd     , portfolio variance: 1.5085435271435257e-08
Norma del vettore g: 20.000000000000004
Strategy: rnd     , portfolio variance: 4.4927459053523475e-07
Norma del vettore g: 19.999999999999993
Strategy: rnd     , portfolio variance: 1.713979152713068e-07
Norma del vettore g: 20.000000000000004
Strategy: rnd     , portfolio variance: 0.0011550477263652936
Norma del vettore g: 20.0
Strategy: rnd     , portfolio variance: 1.0140614725542401e-07
Norma del vettore g: 20.0
Strategy: rnd     , portfolio variance: 1.9019082172803003e-07
[=====================================                                 ] 53.25%
Norma del vettore g: 20.0
Strategy: min_var , portfolio variance: 8.547014941683199e-06
Norma del vettore g: 20.0
Strategy: min_var , portfolio variance: 4.715836816364754e-13
Norma del vettore g: 20.0
Strategy: min_var , portfolio variance: 4.843344543657094e-13
Norma del vettore g: 20.0
Strategy: min_var , portfolio variance: 4.5360646841869653e-07
Norma del vettore g: 20.0
Strategy: min_var , portfolio variance: 1.37570080528819e-05
Norma del vettore g: 20.0
Strategy: min_var , portfolio variance: 0.0900757617209092
Norma del vettore g: 20.0
Strategy: min_var , portfolio variance: 2.7894317414671273e-05
Norma del vettore g: 20.0
Strategy: min_var , portfolio variance: 2.932406879541513e-05
Norma del vettore g non è uguale a sqrt(N): 36.444733115916854
Norma del vettore g: 20.0
Strategy: omn     , portfolio variance: 4.991283801372535e-07
Norma del vettore g non è uguale a sqrt(N): 36.444733115916854
Norma del vettore g: 20.0
Strategy: omn     , portfolio variance: 3.140142811938989e-12
Norma del vettore g non è uguale a sqrt(N): 36.444733115916854
Norma del vettore g: 20.0
Strategy: omn     , portfolio variance: 3.223251958393466e-12
Norma del vettore g non è uguale a sqrt(N): 36.444733115916854
Norma del vettore g: 20.0
Strategy: omn     , portfolio variance: 6.5948201258282e-07
Norma del vettore g non è uguale a sqrt(N): 36.444733115916854
Norma del vettore g: 20.0
Strategy: omn     , portfolio variance: 7.333319095678362e-07
Norma del vettore g non è uguale a sqrt(N): 36.444733115916854
Norma del vettore g: 20.0
Strategy: omn     , portfolio variance: 0.003145901847387881
Norma del vettore g non è uguale a sqrt(N): 36.444733115916854
Norma del vettore g: 20.0
Strategy: omn     , portfolio variance: 1.1601777866209755e-06
Norma del vettore g non è uguale a sqrt(N): 36.444733115916854
Norma del vettore g: 20.0
Strategy: omn     , portfolio variance: 1.1470486527668658e-06
Norma del vettore g non è uguale a sqrt(N): 36.444733115916854
Norma del vettore g: 20.0
Strategy: mean_rev, portfolio variance: 4.991283801372535e-07
Norma del vettore g non è uguale a sqrt(N): 36.444733115916854
Norma del vettore g: 20.0
Strategy: mean_rev, portfolio variance: 3.140142811938989e-12
Norma del vettore g non è uguale a sqrt(N): 36.444733115916854
Norma del vettore g: 20.0
Strategy: mean_rev, portfolio variance: 3.223251958393466e-12
Norma del vettore g non è uguale a sqrt(N): 36.444733115916854
Norma del vettore g: 20.0
Strategy: mean_rev, portfolio variance: 6.5948201258282e-07
Norma del vettore g non è uguale a sqrt(N): 36.444733115916854
Norma del vettore g: 20.0
Strategy: mean_rev, portfolio variance: 7.333319095678362e-07
Norma del vettore g non è uguale a sqrt(N): 36.444733115916854
Norma del vettore g: 20.0
Strategy: mean_rev, portfolio variance: 0.003145901847387881
Norma del vettore g non è uguale a sqrt(N): 36.444733115916854
Norma del vettore g: 20.0
Strategy: mean_rev, portfolio variance: 1.1601777866209755e-06
Norma del vettore g non è uguale a sqrt(N): 36.444733115916854
Norma del vettore g: 20.0
Strategy: mean_rev, portfolio variance: 1.1470486527668658e-06
Norma del vettore g: 20.0
Strategy: rnd     , portfolio variance: 5.942296283934476e-08
Norma del vettore g: 19.999999999999996
Strategy: rnd     , portfolio variance: 1.1684485100622326e-10
Norma del vettore g: 19.999999999999993
Strategy: rnd     , portfolio variance: 4.3453503862404304e-11
Norma del vettore g: 20.000000000000004
Strategy: rnd     , portfolio variance: 4.686539063648599e-07
Norma del vettore g: 19.999999999999993
Strategy: rnd     , portfolio variance: 1.7280044563798557e-07
Norma del vettore g: 20.0
Strategy: rnd     , portfolio variance: 0.0012362505731476929
Norma del vettore g: 20.000000000000004
Strategy: rnd     , portfolio variance: 1.793296950949385e-07
Norma del vettore g: 19.999999999999996
Strategy: rnd     , portfolio variance: 1.7092498980731556e-07
[=====================================                                 ] 53.90%
Norma del vettore g: 20.0
Strategy: min_var , portfolio variance: 9.044117504054982e-06
Norma del vettore g: 20.0
Strategy: min_var , portfolio variance: 4.923165583929027e-13
Norma del vettore g: 20.0
Strategy: min_var , portfolio variance: 5.052894168203595e-13
Norma del vettore g: 20.0
Strategy: min_var , portfolio variance: 4.54616951756826e-07
Norma del vettore g: 20.0
Strategy: min_var , portfolio variance: 1.3960524587156654e-05
Norma del vettore g: 20.0
Strategy: min_var , portfolio variance: 0.08965288521590344
Norma del vettore g: 20.0
Strategy: min_var , portfolio variance: 2.775551974958248e-05
Norma del vettore g: 20.0
Strategy: min_var , portfolio variance: 2.9118274601999754e-05
Norma del vettore g non è uguale a sqrt(N): 40.39716434682329
Norma del vettore g: 19.999999999999996
Strategy: omn     , portfolio variance: 5.258041120235634e-07
Norma del vettore g non è uguale a sqrt(N): 40.39716434682329
Norma del vettore g: 19.999999999999996
Strategy: omn     , portfolio variance: 1.6396732243425175e-12
Norma del vettore g non è uguale a sqrt(N): 40.39716434682329
Norma del vettore g: 19.999999999999996
Strategy: omn     , portfolio variance: 1.6791770924405792e-12
Norma del vettore g non è uguale a sqrt(N): 40.39716434682329
Norma del vettore g: 19.999999999999996
Strategy: omn     , portfolio variance: 5.686357198888864e-07
Norma del vettore g non è uguale a sqrt(N): 40.39716434682329
Norma del vettore g: 19.999999999999996
Strategy: omn     , portfolio variance: 8.076507638363733e-07
Norma del vettore g non è uguale a sqrt(N): 40.39716434682329
Norma del vettore g: 19.999999999999996
Strategy: omn     , portfolio variance: 0.003275779612394258
Norma del vettore g non è uguale a sqrt(N): 40.39716434682329
Norma del vettore g: 19.999999999999996
Strategy: omn     , portfolio variance: 1.3218797382059603e-06
Norma del vettore g non è uguale a sqrt(N): 40.39716434682329
Norma del vettore g: 19.999999999999996
Strategy: omn     , portfolio variance: 1.3312280420283965e-06
Norma del vettore g non è uguale a sqrt(N): 40.39716434682329
Norma del vettore g: 19.999999999999996
Strategy: mean_rev, portfolio variance: 5.258041120235634e-07
Norma del vettore g non è uguale a sqrt(N): 40.39716434682329
Norma del vettore g: 19.999999999999996
Strategy: mean_rev, portfolio variance: 1.6396732243425175e-12
Norma del vettore g non è uguale a sqrt(N): 40.39716434682329
Norma del vettore g: 19.999999999999996
Strategy: mean_rev, portfolio variance: 1.6791770924405792e-12
Norma del vettore g non è uguale a sqrt(N): 40.39716434682329
Norma del vettore g: 19.999999999999996
Strategy: mean_rev, portfolio variance: 5.686357198888864e-07
Norma del vettore g non è uguale a sqrt(N): 40.39716434682329
Norma del vettore g: 19.999999999999996
Strategy: mean_rev, portfolio variance: 8.076507638363733e-07
Norma del vettore g non è uguale a sqrt(N): 40.39716434682329
Norma del vettore g: 19.999999999999996
Strategy: mean_rev, portfolio variance: 0.003275779612394258
Norma del vettore g non è uguale a sqrt(N): 40.39716434682329
Norma del vettore g: 19.999999999999996
Strategy: mean_rev, portfolio variance: 1.3218797382059603e-06
Norma del vettore g non è uguale a sqrt(N): 40.39716434682329
Norma del vettore g: 19.999999999999996
Strategy: mean_rev, portfolio variance: 1.3312280420283965e-06
Norma del vettore g: 19.999999999999996
Strategy: rnd     , portfolio variance: 6.690039991909294e-08
Norma del vettore g: 19.999999999999996
Strategy: rnd     , portfolio variance: 3.1147180111908016e-10
Norma del vettore g: 20.0
Strategy: rnd     , portfolio variance: 1.195968100663643e-10
Norma del vettore g: 20.0
Strategy: rnd     , portfolio variance: 4.5015422447868687e-07
Norma del vettore g: 20.000000000000004
Strategy: rnd     , portfolio variance: 1.5897291400418676e-07
Norma del vettore g: 19.999999999999996
Strategy: rnd     , portfolio variance: 0.0011934579641633145
Norma del vettore g: 20.000000000000007
Strategy: rnd     , portfolio variance: 1.6456924752391666e-07
Norma del vettore g: 19.999999999999993
Strategy: rnd     , portfolio variance: 1.5562945801215036e-07
[======================================                                ] 54.55%
Norma del vettore g: 20.0
Strategy: min_var , portfolio variance: 9.400595677822575e-06
Norma del vettore g: 20.0
Strategy: min_var , portfolio variance: 5.295859383097967e-13
Norma del vettore g: 20.0
Strategy: min_var , portfolio variance: 5.434708273317551e-13
Norma del vettore g: 20.0
Strategy: min_var , portfolio variance: 4.600472627954338e-07
Norma del vettore g: 20.0
Strategy: min_var , portfolio variance: 1.4235286608656679e-05
Norma del vettore g: 20.0
Strategy: min_var , portfolio variance: 0.08827903414693827
Norma del vettore g: 20.0
Strategy: min_var , portfolio variance: 2.8308760276671687e-05
Norma del vettore g: 20.0
Strategy: min_var , portfolio variance: 2.9904795287619028e-05
Norma del vettore g non è uguale a sqrt(N): 59.19634916611832
Norma del vettore g: 20.000000000000007
Strategy: omn     , portfolio variance: 1.0295748312013619e-06
Norma del vettore g non è uguale a sqrt(N): 59.19634916611832
Norma del vettore g: 20.000000000000007
Strategy: omn     , portfolio variance: 1.156374179086873e-12
Norma del vettore g non è uguale a sqrt(N): 59.19634916611832
Norma del vettore g: 20.000000000000007
Strategy: omn     , portfolio variance: 1.1867355977004778e-12
Norma del vettore g non è uguale a sqrt(N): 59.19634916611832
Norma del vettore g: 20.000000000000007
Strategy: omn     , portfolio variance: 5.4445133467863e-07
Norma del vettore g non è uguale a sqrt(N): 59.19634916611832
Norma del vettore g: 20.000000000000007
Strategy: omn     , portfolio variance: 1.436004917573503e-06
Norma del vettore g non è uguale a sqrt(N): 59.19634916611832
Norma del vettore g: 20.000000000000007
Strategy: omn     , portfolio variance: 0.004807636810544127
Norma del vettore g non è uguale a sqrt(N): 59.19634916611832
Norma del vettore g: 20.000000000000007
Strategy: omn     , portfolio variance: 2.585643984135112e-06
Norma del vettore g non è uguale a sqrt(N): 59.19634916611832
Norma del vettore g: 20.000000000000007
Strategy: omn     , portfolio variance: 2.6594604097440875e-06
Norma del vettore g non è uguale a sqrt(N): 59.19634916611832
Norma del vettore g: 20.000000000000007
Strategy: mean_rev, portfolio variance: 1.0295748312013619e-06
Norma del vettore g non è uguale a sqrt(N): 59.19634916611832
Norma del vettore g: 20.000000000000007
Strategy: mean_rev, portfolio variance: 1.156374179086873e-12
Norma del vettore g non è uguale a sqrt(N): 59.19634916611832
Norma del vettore g: 20.000000000000007
Strategy: mean_rev, portfolio variance: 1.1867355977004778e-12
Norma del vettore g non è uguale a sqrt(N): 59.19634916611832
Norma del vettore g: 20.000000000000007
Strategy: mean_rev, portfolio variance: 5.4445133467863e-07
Norma del vettore g non è uguale a sqrt(N): 59.19634916611832
Norma del vettore g: 20.000000000000007
Strategy: mean_rev, portfolio variance: 1.436004917573503e-06
Norma del vettore g non è uguale a sqrt(N): 59.19634916611832
Norma del vettore g: 20.000000000000007
Strategy: mean_rev, portfolio variance: 0.004807636810544127
Norma del vettore g non è uguale a sqrt(N): 59.19634916611832
Norma del vettore g: 20.000000000000007
Strategy: mean_rev, portfolio variance: 2.585643984135112e-06
Norma del vettore g non è uguale a sqrt(N): 59.19634916611832
Norma del vettore g: 20.000000000000007
Strategy: mean_rev, portfolio variance: 2.6594604097440875e-06
Norma del vettore g: 19.999999999999996
Strategy: rnd     , portfolio variance: 4.802702450846583e-08
Norma del vettore g: 20.0
Strategy: rnd     , portfolio variance: 4.2205321449722655e-09
Norma del vettore g: 19.999999999999993
Strategy: rnd     , portfolio variance: 3.015950024395316e-09
Norma del vettore g: 20.0
Strategy: rnd     , portfolio variance: 4.5637720207962764e-07
Norma del vettore g: 19.999999999999993
Strategy: rnd     , portfolio variance: 2.0270150768865832e-07
Norma del vettore g: 20.0
Strategy: rnd     , portfolio variance: 0.0012115523342027938
Norma del vettore g: 20.000000000000004
Strategy: rnd     , portfolio variance: 1.809385619061352e-07
Norma del vettore g: 20.000000000000007
Strategy: rnd     , portfolio variance: 1.6385687091765952e-07
[======================================                                ] 55.19%
Norma del vettore g: 20.0
Strategy: min_var , portfolio variance: 9.05225359493292e-06
Norma del vettore g: 20.0
Strategy: min_var , portfolio variance: 5.50295713582616e-13
Norma del vettore g: 20.0
Strategy: min_var , portfolio variance: 5.644965642666959e-13
Norma del vettore g: 20.0
Strategy: min_var , portfolio variance: 4.4963510362258697e-07
Norma del vettore g: 20.0
Strategy: min_var , portfolio variance: 1.372818196336144e-05
Norma del vettore g: 20.0
Strategy: min_var , portfolio variance: 0.08603859425803803
Norma del vettore g: 20.0
Strategy: min_var , portfolio variance: 2.746688357900783e-05
Norma del vettore g: 20.0
Strategy: min_var , portfolio variance: 2.9802395327273105e-05
Norma del vettore g non è uguale a sqrt(N): 43.56036009741698
Norma del vettore g: 19.999999999999996
Strategy: omn     , portfolio variance: 5.975357688771049e-07
Norma del vettore g non è uguale a sqrt(N): 43.56036009741698
Norma del vettore g: 19.999999999999996
Strategy: omn     , portfolio variance: 3.3783890781299044e-12
Norma del vettore g non è uguale a sqrt(N): 43.56036009741698
Norma del vettore g: 19.999999999999996
Strategy: omn     , portfolio variance: 3.439927181861964e-12
Norma del vettore g non è uguale a sqrt(N): 43.56036009741698
Norma del vettore g: 19.999999999999996
Strategy: omn     , portfolio variance: 5.879049727712158e-07
Norma del vettore g non è uguale a sqrt(N): 43.56036009741698
Norma del vettore g: 19.999999999999996
Strategy: omn     , portfolio variance: 8.39145537407136e-07
Norma del vettore g non è uguale a sqrt(N): 43.56036009741698
Norma del vettore g: 19.999999999999996
Strategy: omn     , portfolio variance: 0.0031384904688640117
Norma del vettore g non è uguale a sqrt(N): 43.56036009741698
Norma del vettore g: 19.999999999999996
Strategy: omn     , portfolio variance: 1.3854535999444786e-06
Norma del vettore g non è uguale a sqrt(N): 43.56036009741698
Norma del vettore g: 19.999999999999996
Strategy: omn     , portfolio variance: 1.4442656621702664e-06
Norma del vettore g non è uguale a sqrt(N): 43.56036009741698
Norma del vettore g: 19.999999999999996
Strategy: mean_rev, portfolio variance: 5.975357688771049e-07
Norma del vettore g non è uguale a sqrt(N): 43.56036009741698
Norma del vettore g: 19.999999999999996
Strategy: mean_rev, portfolio variance: 3.3783890781299044e-12
Norma del vettore g non è uguale a sqrt(N): 43.56036009741698
Norma del vettore g: 19.999999999999996
Strategy: mean_rev, portfolio variance: 3.439927181861964e-12
Norma del vettore g non è uguale a sqrt(N): 43.56036009741698
Norma del vettore g: 19.999999999999996
Strategy: mean_rev, portfolio variance: 5.879049727712158e-07
Norma del vettore g non è uguale a sqrt(N): 43.56036009741698
Norma del vettore g: 19.999999999999996
Strategy: mean_rev, portfolio variance: 8.39145537407136e-07
Norma del vettore g non è uguale a sqrt(N): 43.56036009741698
Norma del vettore g: 19.999999999999996
Strategy: mean_rev, portfolio variance: 0.0031384904688640117
Norma del vettore g non è uguale a sqrt(N): 43.56036009741698
Norma del vettore g: 19.999999999999996
Strategy: mean_rev, portfolio variance: 1.3854535999444786e-06
Norma del vettore g non è uguale a sqrt(N): 43.56036009741698
Norma del vettore g: 19.999999999999996
Strategy: mean_rev, portfolio variance: 1.4442656621702664e-06
Norma del vettore g: 19.999999999999996
Strategy: rnd     , portfolio variance: 6.668355826730809e-08
Norma del vettore g: 20.000000000000004
Strategy: rnd     , portfolio variance: 5.92130327869938e-09
Norma del vettore g: 20.0
Strategy: rnd     , portfolio variance: 7.150983166837519e-09
Norma del vettore g: 20.0
Strategy: rnd     , portfolio variance: 4.5068918510503026e-07
Norma del vettore g: 19.999999999999996
Strategy: rnd     , portfolio variance: 1.853526777661428e-07
Norma del vettore g: 20.0
Strategy: rnd     , portfolio variance: 0.0012171142462907764
Norma del vettore g: 19.999999999999996
Strategy: rnd     , portfolio variance: 1.49522325866277e-07
Norma del vettore g: 20.0
Strategy: rnd     , portfolio variance: 1.874292471807642e-07
[=======================================                               ] 55.84%
Norma del vettore g: 20.0
Strategy: min_var , portfolio variance: 1.0176572910726977e-05
Norma del vettore g: 20.0
Strategy: min_var , portfolio variance: 5.247771897302634e-13
Norma del vettore g: 20.0
Strategy: min_var , portfolio variance: 5.386762111075431e-13
Norma del vettore g: 20.0
Strategy: min_var , portfolio variance: 4.6799722176759654e-07
Norma del vettore g: 20.0
Strategy: min_var , portfolio variance: 1.5162738902212582e-05
Norma del vettore g: 20.0
Strategy: min_var , portfolio variance: 0.08874203182192096
Norma del vettore g: 20.0
Strategy: min_var , portfolio variance: 3.175584860747511e-05
Norma del vettore g: 20.0
Strategy: min_var , portfolio variance: 3.2873953998809605e-05
Norma del vettore g non è uguale a sqrt(N): 44.921084089544706
Norma del vettore g: 20.0
Strategy: omn     , portfolio variance: 5.638981306826234e-07
Norma del vettore g non è uguale a sqrt(N): 44.921084089544706
Norma del vettore g: 20.0
Strategy: omn     , portfolio variance: 2.0907957959706755e-12
Norma del vettore g non è uguale a sqrt(N): 44.921084089544706
Norma del vettore g: 20.0
Strategy: omn     , portfolio variance: 2.1291409115592166e-12
Norma del vettore g non è uguale a sqrt(N): 44.921084089544706
Norma del vettore g: 20.0
Strategy: omn     , portfolio variance: 6.231255649875576e-07
Norma del vettore g non è uguale a sqrt(N): 44.921084089544706
Norma del vettore g: 20.0
Strategy: omn     , portfolio variance: 7.948499699192443e-07
Norma del vettore g non è uguale a sqrt(N): 44.921084089544706
Norma del vettore g: 20.0
Strategy: omn     , portfolio variance: 0.0030411386198745827
Norma del vettore g non è uguale a sqrt(N): 44.921084089544706
Norma del vettore g: 20.0
Strategy: omn     , portfolio variance: 1.418702575594954e-06
Norma del vettore g non è uguale a sqrt(N): 44.921084089544706
Norma del vettore g: 20.0
Strategy: omn     , portfolio variance: 1.5125482006527783e-06
Norma del vettore g non è uguale a sqrt(N): 44.921084089544706
Norma del vettore g: 20.0
Strategy: mean_rev, portfolio variance: 5.638981306826234e-07
Norma del vettore g non è uguale a sqrt(N): 44.921084089544706
Norma del vettore g: 20.0
Strategy: mean_rev, portfolio variance: 2.0907957959706755e-12
Norma del vettore g non è uguale a sqrt(N): 44.921084089544706
Norma del vettore g: 20.0
Strategy: mean_rev, portfolio variance: 2.1291409115592166e-12
Norma del vettore g non è uguale a sqrt(N): 44.921084089544706
Norma del vettore g: 20.0
Strategy: mean_rev, portfolio variance: 6.231255649875576e-07
Norma del vettore g non è uguale a sqrt(N): 44.921084089544706
Norma del vettore g: 20.0
Strategy: mean_rev, portfolio variance: 7.948499699192443e-07
Norma del vettore g non è uguale a sqrt(N): 44.921084089544706
Norma del vettore g: 20.0
Strategy: mean_rev, portfolio variance: 0.0030411386198745827
Norma del vettore g non è uguale a sqrt(N): 44.921084089544706
Norma del vettore g: 20.0
Strategy: mean_rev, portfolio variance: 1.418702575594954e-06
Norma del vettore g non è uguale a sqrt(N): 44.921084089544706
Norma del vettore g: 20.0
Strategy: mean_rev, portfolio variance: 1.5125482006527783e-06
Norma del vettore g: 20.0
Strategy: rnd     , portfolio variance: 7.219697889913256e-08
Norma del vettore g: 19.999999999999996
Strategy: rnd     , portfolio variance: 9.532847819431805e-11
Norma del vettore g: 20.0
Strategy: rnd     , portfolio variance: 4.211847315568407e-11
Norma del vettore g: 20.000000000000004
Strategy: rnd     , portfolio variance: 5.162914925033166e-07
Norma del vettore g: 20.000000000000004
Strategy: rnd     , portfolio variance: 1.6244353482227642e-07
Norma del vettore g: 20.000000000000004
Strategy: rnd     , portfolio variance: 0.001221907457491005
Norma del vettore g: 20.000000000000004
Strategy: rnd     , portfolio variance: 1.3845372654461753e-07
Norma del vettore g: 20.000000000000007
Strategy: rnd     , portfolio variance: 1.6825334743610802e-07
[=======================================                               ] 56.49%
Norma del vettore g: 20.0
Strategy: min_var , portfolio variance: 9.970334337551777e-06
Norma del vettore g: 20.0
Strategy: min_var , portfolio variance: 5.313039484292038e-13
Norma del vettore g: 20.0
Strategy: min_var , portfolio variance: 5.447125100228977e-13
Norma del vettore g: 20.0
Strategy: min_var , portfolio variance: 4.7167336700711743e-07
Norma del vettore g: 20.0
Strategy: min_var , portfolio variance: 1.5151248313500642e-05
Norma del vettore g: 20.0
Strategy: min_var , portfolio variance: 0.0884442170009293
Norma del vettore g: 20.0
Strategy: min_var , portfolio variance: 3.154894037982339e-05
Norma del vettore g: 20.0
Strategy: min_var , portfolio variance: 3.29466814515242e-05
Norma del vettore g non è uguale a sqrt(N): 45.491300063445735
Norma del vettore g: 20.000000000000007
Strategy: omn     , portfolio variance: 6.672382848219575e-07
Norma del vettore g non è uguale a sqrt(N): 45.491300063445735
Norma del vettore g: 20.000000000000007
Strategy: omn     , portfolio variance: 6.57536908664904e-12
Norma del vettore g non è uguale a sqrt(N): 45.491300063445735
Norma del vettore g: 20.000000000000007
Strategy: omn     , portfolio variance: 6.6452183168384295e-12
Norma del vettore g non è uguale a sqrt(N): 45.491300063445735
Norma del vettore g: 20.000000000000007
Strategy: omn     , portfolio variance: 8.225935956411715e-07
Norma del vettore g non è uguale a sqrt(N): 45.491300063445735
Norma del vettore g: 20.000000000000007
Strategy: omn     , portfolio variance: 9.448117447173204e-07
Norma del vettore g non è uguale a sqrt(N): 45.491300063445735
Norma del vettore g: 20.000000000000007
Strategy: omn     , portfolio variance: 0.0024882260923911087
Norma del vettore g non è uguale a sqrt(N): 45.491300063445735
Norma del vettore g: 20.000000000000007
Strategy: omn     , portfolio variance: 1.5884756502696056e-06
Norma del vettore g non è uguale a sqrt(N): 45.491300063445735
Norma del vettore g: 20.000000000000007
Strategy: omn     , portfolio variance: 1.66304783123905e-06
Norma del vettore g non è uguale a sqrt(N): 45.491300063445735
Norma del vettore g: 20.000000000000007
Strategy: mean_rev, portfolio variance: 6.672382848219575e-07
Norma del vettore g non è uguale a sqrt(N): 45.491300063445735
Norma del vettore g: 20.000000000000007
Strategy: mean_rev, portfolio variance: 6.57536908664904e-12
Norma del vettore g non è uguale a sqrt(N): 45.491300063445735
Norma del vettore g: 20.000000000000007
Strategy: mean_rev, portfolio variance: 6.6452183168384295e-12
Norma del vettore g non è uguale a sqrt(N): 45.491300063445735
Norma del vettore g: 20.000000000000007
Strategy: mean_rev, portfolio variance: 8.225935956411715e-07
Norma del vettore g non è uguale a sqrt(N): 45.491300063445735
Norma del vettore g: 20.000000000000007
Strategy: mean_rev, portfolio variance: 9.448117447173204e-07
Norma del vettore g non è uguale a sqrt(N): 45.491300063445735
Norma del vettore g: 20.000000000000007
Strategy: mean_rev, portfolio variance: 0.0024882260923911087
Norma del vettore g non è uguale a sqrt(N): 45.491300063445735
Norma del vettore g: 20.000000000000007
Strategy: mean_rev, portfolio variance: 1.5884756502696056e-06
Norma del vettore g non è uguale a sqrt(N): 45.491300063445735
Norma del vettore g: 20.000000000000007
Strategy: mean_rev, portfolio variance: 1.66304783123905e-06
Norma del vettore g: 20.0
Strategy: rnd     , portfolio variance: 6.95646320207997e-08
Norma del vettore g: 20.0
Strategy: rnd     , portfolio variance: 3.7863304773384075e-11
Norma del vettore g: 20.0
Strategy: rnd     , portfolio variance: 7.4849228495246e-10
Norma del vettore g: 20.0
Strategy: rnd     , portfolio variance: 4.605434299398929e-07
Norma del vettore g: 20.000000000000004
Strategy: rnd     , portfolio variance: 1.7926983147323631e-07
Norma del vettore g: 20.000000000000007
Strategy: rnd     , portfolio variance: 0.0012756481756311657
Norma del vettore g: 20.000000000000004
Strategy: rnd     , portfolio variance: 1.4636881266639233e-07
Norma del vettore g: 20.000000000000007
Strategy: rnd     , portfolio variance: 1.745664699623748e-07
[========================================                              ] 57.14%
Norma del vettore g: 20.0
Strategy: min_var , portfolio variance: 9.742179605278056e-06
Norma del vettore g: 20.0
Strategy: min_var , portfolio variance: 5.232670524667949e-13
Norma del vettore g: 20.0
Strategy: min_var , portfolio variance: 5.369258431171549e-13
Norma del vettore g: 20.0
Strategy: min_var , portfolio variance: 4.729847398571193e-07
Norma del vettore g: 20.0
Strategy: min_var , portfolio variance: 1.4995408948200811e-05
Norma del vettore g: 20.0
Strategy: min_var , portfolio variance: 0.08840623326978816
Norma del vettore g: 20.0
Strategy: min_var , portfolio variance: 3.128639964942478e-05
Norma del vettore g: 20.0
Strategy: min_var , portfolio variance: 3.308716622604889e-05
Norma del vettore g non è uguale a sqrt(N): 37.56156648480506
Norma del vettore g: 20.0
Strategy: omn     , portfolio variance: 4.625140038517018e-07
Norma del vettore g non è uguale a sqrt(N): 37.56156648480506
Norma del vettore g: 20.0
Strategy: omn     , portfolio variance: 4.031734691766057e-11
Norma del vettore g non è uguale a sqrt(N): 37.56156648480506
Norma del vettore g: 20.0
Strategy: omn     , portfolio variance: 4.098184384265262e-11
Norma del vettore g non è uguale a sqrt(N): 37.56156648480506
Norma del vettore g: 20.0
Strategy: omn     , portfolio variance: 9.534429846500101e-07
Norma del vettore g non è uguale a sqrt(N): 37.56156648480506
Norma del vettore g: 20.0
Strategy: omn     , portfolio variance: 6.922052246873291e-07
Norma del vettore g non è uguale a sqrt(N): 37.56156648480506
Norma del vettore g: 20.0
Strategy: omn     , portfolio variance: 0.001912154360534712
Norma del vettore g non è uguale a sqrt(N): 37.56156648480506
Norma del vettore g: 20.0
Strategy: omn     , portfolio variance: 1.015827464712548e-06
Norma del vettore g non è uguale a sqrt(N): 37.56156648480506
Norma del vettore g: 20.0
Strategy: omn     , portfolio variance: 1.1075123021961482e-06
Norma del vettore g non è uguale a sqrt(N): 37.56156648480506
Norma del vettore g: 20.0
Strategy: mean_rev, portfolio variance: 4.625140038517018e-07
Norma del vettore g non è uguale a sqrt(N): 37.56156648480506
Norma del vettore g: 20.0
Strategy: mean_rev, portfolio variance: 4.031734691766057e-11
Norma del vettore g non è uguale a sqrt(N): 37.56156648480506
Norma del vettore g: 20.0
Strategy: mean_rev, portfolio variance: 4.098184384265262e-11
Norma del vettore g non è uguale a sqrt(N): 37.56156648480506
Norma del vettore g: 20.0
Strategy: mean_rev, portfolio variance: 9.534429846500101e-07
Norma del vettore g non è uguale a sqrt(N): 37.56156648480506
Norma del vettore g: 20.0
Strategy: mean_rev, portfolio variance: 6.922052246873291e-07
Norma del vettore g non è uguale a sqrt(N): 37.56156648480506
Norma del vettore g: 20.0
Strategy: mean_rev, portfolio variance: 0.001912154360534712
Norma del vettore g non è uguale a sqrt(N): 37.56156648480506
Norma del vettore g: 20.0
Strategy: mean_rev, portfolio variance: 1.015827464712548e-06
Norma del vettore g non è uguale a sqrt(N): 37.56156648480506
Norma del vettore g: 20.0
Strategy: mean_rev, portfolio variance: 1.1075123021961482e-06
Norma del vettore g: 20.0
Strategy: rnd     , portfolio variance: 6.392942274920296e-08
Norma del vettore g: 20.0
Strategy: rnd     , portfolio variance: 2.0437683507260823e-08
Norma del vettore g: 20.0
Strategy: rnd     , portfolio variance: 4.680264262785042e-09
Norma del vettore g: 20.000000000000004
Strategy: rnd     , portfolio variance: 4.672456634885615e-07
Norma del vettore g: 20.000000000000007
Strategy: rnd     , portfolio variance: 1.7966057898884594e-07
Norma del vettore g: 19.999999999999996
Strategy: rnd     , portfolio variance: 0.0012096191393887329
Norma del vettore g: 19.999999999999993
Strategy: rnd     , portfolio variance: 1.6589698845869423e-07
Norma del vettore g: 20.000000000000004
Strategy: rnd     , portfolio variance: 1.5957159127958688e-07
[========================================                              ] 57.79%
Norma del vettore g: 20.0
Strategy: min_var , portfolio variance: 9.67900919842575e-06
Norma del vettore g: 20.0
Strategy: min_var , portfolio variance: 5.53572329065565e-13
Norma del vettore g: 20.0
Strategy: min_var , portfolio variance: 5.678291736023543e-13
Norma del vettore g: 20.0
Strategy: min_var , portfolio variance: 4.726523096255218e-07
Norma del vettore g: 20.0
Strategy: min_var , portfolio variance: 1.479893531546658e-05
Norma del vettore g: 20.0
Strategy: min_var , portfolio variance: 0.08759206880641751
Norma del vettore g: 20.0
Strategy: min_var , portfolio variance: 3.1453787666949675e-05
Norma del vettore g: 20.0
Strategy: min_var , portfolio variance: 3.275514597361977e-05
Norma del vettore g non è uguale a sqrt(N): 40.194045137275836
Norma del vettore g: 20.0
Strategy: omn     , portfolio variance: 5.157304955571062e-07
Norma del vettore g non è uguale a sqrt(N): 40.194045137275836
Norma del vettore g: 20.0
Strategy: omn     , portfolio variance: 7.703817024638346e-11
Norma del vettore g non è uguale a sqrt(N): 40.194045137275836
Norma del vettore g: 20.0
Strategy: omn     , portfolio variance: 8.023744500913385e-11
Norma del vettore g non è uguale a sqrt(N): 40.194045137275836
Norma del vettore g: 20.0
Strategy: omn     , portfolio variance: 7.37153545805198e-07
Norma del vettore g non è uguale a sqrt(N): 40.194045137275836
Norma del vettore g: 20.0
Strategy: omn     , portfolio variance: 7.243714341764158e-07
Norma del vettore g non è uguale a sqrt(N): 40.194045137275836
Norma del vettore g: 20.0
Strategy: omn     , portfolio variance: 0.002229898744831427
Norma del vettore g non è uguale a sqrt(N): 40.194045137275836
Norma del vettore g: 20.0
Strategy: omn     , portfolio variance: 9.885817788000945e-07
Norma del vettore g non è uguale a sqrt(N): 40.194045137275836
Norma del vettore g: 20.0
Strategy: omn     , portfolio variance: 1.0183580571477997e-06
Norma del vettore g non è uguale a sqrt(N): 40.194045137275836
Norma del vettore g: 20.0
Strategy: mean_rev, portfolio variance: 5.157304955571062e-07
Norma del vettore g non è uguale a sqrt(N): 40.194045137275836
Norma del vettore g: 20.0
Strategy: mean_rev, portfolio variance: 7.703817024638346e-11
Norma del vettore g non è uguale a sqrt(N): 40.194045137275836
Norma del vettore g: 20.0
Strategy: mean_rev, portfolio variance: 8.023744500913385e-11
Norma del vettore g non è uguale a sqrt(N): 40.194045137275836
Norma del vettore g: 20.0
Strategy: mean_rev, portfolio variance: 7.37153545805198e-07
Norma del vettore g non è uguale a sqrt(N): 40.194045137275836
Norma del vettore g: 20.0
Strategy: mean_rev, portfolio variance: 7.243714341764158e-07
Norma del vettore g non è uguale a sqrt(N): 40.194045137275836
Norma del vettore g: 20.0
Strategy: mean_rev, portfolio variance: 0.002229898744831427
Norma del vettore g non è uguale a sqrt(N): 40.194045137275836
Norma del vettore g: 20.0
Strategy: mean_rev, portfolio variance: 9.885817788000945e-07
Norma del vettore g non è uguale a sqrt(N): 40.194045137275836
Norma del vettore g: 20.0
Strategy: mean_rev, portfolio variance: 1.0183580571477997e-06
Norma del vettore g: 19.999999999999996
Strategy: rnd     , portfolio variance: 5.5251474970177875e-08
Norma del vettore g: 20.000000000000004
Strategy: rnd     , portfolio variance: 7.515426923862715e-09
Norma del vettore g: 19.999999999999996
Strategy: rnd     , portfolio variance: 1.896639421437623e-10
Norma del vettore g: 19.999999999999996
Strategy: rnd     , portfolio variance: 4.560813487083223e-07
Norma del vettore g: 20.000000000000004
Strategy: rnd     , portfolio variance: 1.7320928417308896e-07
Norma del vettore g: 20.000000000000007
Strategy: rnd     , portfolio variance: 0.0012714543248398586
Norma del vettore g: 19.999999999999996
Strategy: rnd     , portfolio variance: 1.9728908021810642e-07
Norma del vettore g: 20.0
Strategy: rnd     , portfolio variance: 1.6766173729376538e-07
[========================================                              ] 58.44%
Norma del vettore g: 20.0
Strategy: min_var , portfolio variance: 9.858213429999873e-06
Norma del vettore g: 20.0
Strategy: min_var , portfolio variance: 5.664832957443613e-13
Norma del vettore g: 20.0
Strategy: min_var , portfolio variance: 5.810227981612477e-13
Norma del vettore g: 20.0
Strategy: min_var , portfolio variance: 4.7371428182834395e-07
Norma del vettore g: 20.0
Strategy: min_var , portfolio variance: 1.4686119869843192e-05
Norma del vettore g: 20.0
Strategy: min_var , portfolio variance: 0.08661461798399057
Norma del vettore g: 20.0
Strategy: min_var , portfolio variance: 3.2976553659981466e-05
Norma del vettore g: 20.0
Strategy: min_var , portfolio variance: 3.225180060387463e-05
Norma del vettore g non è uguale a sqrt(N): 45.99631863048562
Norma del vettore g: 20.0
Strategy: omn     , portfolio variance: 6.906332882577119e-07
Norma del vettore g non è uguale a sqrt(N): 45.99631863048562
Norma del vettore g: 20.0
Strategy: omn     , portfolio variance: 2.3418710574746018e-11
Norma del vettore g non è uguale a sqrt(N): 45.99631863048562
Norma del vettore g: 20.0
Strategy: omn     , portfolio variance: 2.426640933390236e-11
Norma del vettore g non è uguale a sqrt(N): 45.99631863048562
Norma del vettore g: 20.0
Strategy: omn     , portfolio variance: 7.603574223445348e-07
Norma del vettore g non è uguale a sqrt(N): 45.99631863048562
Norma del vettore g: 20.0
Strategy: omn     , portfolio variance: 9.733136026096611e-07
Norma del vettore g non è uguale a sqrt(N): 45.99631863048562
Norma del vettore g: 20.0
Strategy: omn     , portfolio variance: 0.0032135627880162092
Norma del vettore g non è uguale a sqrt(N): 45.99631863048562
Norma del vettore g: 20.0
Strategy: omn     , portfolio variance: 1.768642037398311e-06
Norma del vettore g non è uguale a sqrt(N): 45.99631863048562
Norma del vettore g: 20.0
Strategy: omn     , portfolio variance: 1.7584768314376828e-06
Norma del vettore g non è uguale a sqrt(N): 45.99631863048562
Norma del vettore g: 20.0
Strategy: mean_rev, portfolio variance: 6.906332882577119e-07
Norma del vettore g non è uguale a sqrt(N): 45.99631863048562
Norma del vettore g: 20.0
Strategy: mean_rev, portfolio variance: 2.3418710574746018e-11
Norma del vettore g non è uguale a sqrt(N): 45.99631863048562
Norma del vettore g: 20.0
Strategy: mean_rev, portfolio variance: 2.426640933390236e-11
Norma del vettore g non è uguale a sqrt(N): 45.99631863048562
Norma del vettore g: 20.0
Strategy: mean_rev, portfolio variance: 7.603574223445348e-07
Norma del vettore g non è uguale a sqrt(N): 45.99631863048562
Norma del vettore g: 20.0
Strategy: mean_rev, portfolio variance: 9.733136026096611e-07
Norma del vettore g non è uguale a sqrt(N): 45.99631863048562
Norma del vettore g: 20.0
Strategy: mean_rev, portfolio variance: 0.0032135627880162092
Norma del vettore g non è uguale a sqrt(N): 45.99631863048562
Norma del vettore g: 20.0
Strategy: mean_rev, portfolio variance: 1.768642037398311e-06
Norma del vettore g non è uguale a sqrt(N): 45.99631863048562
Norma del vettore g: 20.0
Strategy: mean_rev, portfolio variance: 1.7584768314376828e-06
Norma del vettore g: 20.000000000000007
Strategy: rnd     , portfolio variance: 7.13867564832542e-08
Norma del vettore g: 20.0
Strategy: rnd     , portfolio variance: 5.481265984255735e-10
Norma del vettore g: 19.999999999999993
Strategy: rnd     , portfolio variance: 3.355638943311875e-10
Norma del vettore g: 20.000000000000007
Strategy: rnd     , portfolio variance: 4.735808006868826e-07
Norma del vettore g: 20.000000000000004
Strategy: rnd     , portfolio variance: 1.8206650966072922e-07
Norma del vettore g: 20.000000000000007
Strategy: rnd     , portfolio variance: 0.0012159327925317515
Norma del vettore g: 20.0
Strategy: rnd     , portfolio variance: 1.6226952849655323e-07
Norma del vettore g: 19.999999999999993
Strategy: rnd     , portfolio variance: 1.321532720238694e-07
[=========================================                             ] 59.09%
Norma del vettore g: 20.0
Strategy: min_var , portfolio variance: 1.0269140026403561e-05
Norma del vettore g: 20.0
Strategy: min_var , portfolio variance: 6.015516266918343e-13
Norma del vettore g: 20.0
Strategy: min_var , portfolio variance: 6.164984259399118e-13
Norma del vettore g: 20.0
Strategy: min_var , portfolio variance: 4.796243098760862e-07
Norma del vettore g: 20.0
Strategy: min_var , portfolio variance: 1.4880194312289164e-05
Norma del vettore g: 20.0
Strategy: min_var , portfolio variance: 0.08578503052947795
Norma del vettore g: 20.0
Strategy: min_var , portfolio variance: 3.235852914852737e-05
Norma del vettore g: 20.0
Strategy: min_var , portfolio variance: 3.241919210852161e-05
Norma del vettore g non è uguale a sqrt(N): 46.98344056483904
Norma del vettore g: 20.000000000000004
Strategy: omn     , portfolio variance: 7.116975700231727e-07
Norma del vettore g non è uguale a sqrt(N): 46.98344056483904
Norma del vettore g: 20.000000000000004
Strategy: omn     , portfolio variance: 3.3027809796878162e-12
Norma del vettore g non è uguale a sqrt(N): 46.98344056483904
Norma del vettore g: 20.000000000000004
Strategy: omn     , portfolio variance: 3.3879796025673045e-12
Norma del vettore g non è uguale a sqrt(N): 46.98344056483904
Norma del vettore g: 20.000000000000004
Strategy: omn     , portfolio variance: 7.162026364128203e-07
Norma del vettore g non è uguale a sqrt(N): 46.98344056483904
Norma del vettore g: 20.000000000000004
Strategy: omn     , portfolio variance: 1.0520492745953374e-06
Norma del vettore g non è uguale a sqrt(N): 46.98344056483904
Norma del vettore g: 20.000000000000004
Strategy: omn     , portfolio variance: 0.003791681677041833
Norma del vettore g non è uguale a sqrt(N): 46.98344056483904
Norma del vettore g: 20.000000000000004
Strategy: omn     , portfolio variance: 1.7221839162374067e-06
Norma del vettore g non è uguale a sqrt(N): 46.98344056483904
Norma del vettore g: 20.000000000000004
Strategy: omn     , portfolio variance: 1.86507655408331e-06
Norma del vettore g non è uguale a sqrt(N): 46.98344056483904
Norma del vettore g: 20.000000000000004
Strategy: mean_rev, portfolio variance: 7.116975700231727e-07
Norma del vettore g non è uguale a sqrt(N): 46.98344056483904
Norma del vettore g: 20.000000000000004
Strategy: mean_rev, portfolio variance: 3.3027809796878162e-12
Norma del vettore g non è uguale a sqrt(N): 46.98344056483904
Norma del vettore g: 20.000000000000004
Strategy: mean_rev, portfolio variance: 3.3879796025673045e-12
Norma del vettore g non è uguale a sqrt(N): 46.98344056483904
Norma del vettore g: 20.000000000000004
Strategy: mean_rev, portfolio variance: 7.162026364128203e-07
Norma del vettore g non è uguale a sqrt(N): 46.98344056483904
Norma del vettore g: 20.000000000000004
Strategy: mean_rev, portfolio variance: 1.0520492745953374e-06
Norma del vettore g non è uguale a sqrt(N): 46.98344056483904
Norma del vettore g: 20.000000000000004
Strategy: mean_rev, portfolio variance: 0.003791681677041833
Norma del vettore g non è uguale a sqrt(N): 46.98344056483904
Norma del vettore g: 20.000000000000004
Strategy: mean_rev, portfolio variance: 1.7221839162374067e-06
Norma del vettore g non è uguale a sqrt(N): 46.98344056483904
Norma del vettore g: 20.000000000000004
Strategy: mean_rev, portfolio variance: 1.86507655408331e-06
Norma del vettore g: 20.000000000000004
Strategy: rnd     , portfolio variance: 5.142441273640721e-08
Norma del vettore g: 19.999999999999993
Strategy: rnd     , portfolio variance: 4.970875064176532e-10
Norma del vettore g: 20.0
Strategy: rnd     , portfolio variance: 1.313721745736084e-10
Norma del vettore g: 20.0
Strategy: rnd     , portfolio variance: 4.654652864689656e-07
Norma del vettore g: 19.999999999999996
Strategy: rnd     , portfolio variance: 1.8939844333886088e-07
Norma del vettore g: 19.999999999999993
Strategy: rnd     , portfolio variance: 0.0012265230275180145
Norma del vettore g: 19.999999999999996
Strategy: rnd     , portfolio variance: 1.4743035653148775e-07
Norma del vettore g: 20.0
Strategy: rnd     , portfolio variance: 1.8938125511944283e-07
[=========================================                             ] 59.74%
Norma del vettore g: 20.0
Strategy: min_var , portfolio variance: 1.0065844884270292e-05
Norma del vettore g: 20.0
Strategy: min_var , portfolio variance: 6.262069390066784e-13
Norma del vettore g: 20.0
Strategy: min_var , portfolio variance: 6.422037024757571e-13
Norma del vettore g: 20.0
Strategy: min_var , portfolio variance: 4.775715161808735e-07
Norma del vettore g: 20.0
Strategy: min_var , portfolio variance: 1.4655949662585567e-05
Norma del vettore g: 20.0
Strategy: min_var , portfolio variance: 0.08231261635037998
Norma del vettore g: 20.0
Strategy: min_var , portfolio variance: 3.2050464556458026e-05
Norma del vettore g: 20.0
Strategy: min_var , portfolio variance: 3.2458443832053907e-05
Norma del vettore g non è uguale a sqrt(N): 41.460872325749015
Norma del vettore g: 20.0
Strategy: omn     , portfolio variance: 5.137614393534409e-07
Norma del vettore g non è uguale a sqrt(N): 41.460872325749015
Norma del vettore g: 20.0
Strategy: omn     , portfolio variance: 1.0362512903387704e-11
Norma del vettore g non è uguale a sqrt(N): 41.460872325749015
Norma del vettore g: 20.0
Strategy: omn     , portfolio variance: 1.0703843255049537e-11
Norma del vettore g non è uguale a sqrt(N): 41.460872325749015
Norma del vettore g: 20.0
Strategy: omn     , portfolio variance: 6.134451548116901e-07
Norma del vettore g non è uguale a sqrt(N): 41.460872325749015
Norma del vettore g: 20.0
Strategy: omn     , portfolio variance: 6.995918938820624e-07
Norma del vettore g non è uguale a sqrt(N): 41.460872325749015
Norma del vettore g: 20.0
Strategy: omn     , portfolio variance: 0.002724006809954902
Norma del vettore g non è uguale a sqrt(N): 41.460872325749015
Norma del vettore g: 20.0
Strategy: omn     , portfolio variance: 1.0132048529108587e-06
Norma del vettore g non è uguale a sqrt(N): 41.460872325749015
Norma del vettore g: 20.0
Strategy: omn     , portfolio variance: 1.0911150574525067e-06
Norma del vettore g non è uguale a sqrt(N): 41.460872325749015
Norma del vettore g: 20.0
Strategy: mean_rev, portfolio variance: 5.137614393534409e-07
Norma del vettore g non è uguale a sqrt(N): 41.460872325749015
Norma del vettore g: 20.0
Strategy: mean_rev, portfolio variance: 1.0362512903387704e-11
Norma del vettore g non è uguale a sqrt(N): 41.460872325749015
Norma del vettore g: 20.0
Strategy: mean_rev, portfolio variance: 1.0703843255049537e-11
Norma del vettore g non è uguale a sqrt(N): 41.460872325749015
Norma del vettore g: 20.0
Strategy: mean_rev, portfolio variance: 6.134451548116901e-07
Norma del vettore g non è uguale a sqrt(N): 41.460872325749015
Norma del vettore g: 20.0
Strategy: mean_rev, portfolio variance: 6.995918938820624e-07
Norma del vettore g non è uguale a sqrt(N): 41.460872325749015
Norma del vettore g: 20.0
Strategy: mean_rev, portfolio variance: 0.002724006809954902
Norma del vettore g non è uguale a sqrt(N): 41.460872325749015
Norma del vettore g: 20.0
Strategy: mean_rev, portfolio variance: 1.0132048529108587e-06
Norma del vettore g non è uguale a sqrt(N): 41.460872325749015
Norma del vettore g: 20.0
Strategy: mean_rev, portfolio variance: 1.0911150574525067e-06
Norma del vettore g: 19.999999999999996
Strategy: rnd     , portfolio variance: 8.290954035594894e-08
Norma del vettore g: 20.000000000000007
Strategy: rnd     , portfolio variance: 1.350902541181162e-09
Norma del vettore g: 20.0
Strategy: rnd     , portfolio variance: 2.9038435244026596e-10
Norma del vettore g: 19.999999999999993
Strategy: rnd     , portfolio variance: 4.640444500215784e-07
Norma del vettore g: 20.000000000000004
Strategy: rnd     , portfolio variance: 1.749371738346536e-07
Norma del vettore g: 19.999999999999996
Strategy: rnd     , portfolio variance: 0.001288043414128635
Norma del vettore g: 20.0
Strategy: rnd     , portfolio variance: 1.5981602014349106e-07
Norma del vettore g: 20.0
Strategy: rnd     , portfolio variance: 1.7260653028321422e-07
[==========================================                            ] 60.39%
Norma del vettore g: 20.0
Strategy: min_var , portfolio variance: 9.254957058398086e-06
Norma del vettore g: 20.0
Strategy: min_var , portfolio variance: 7.062768235596088e-13
Norma del vettore g: 20.0
Strategy: min_var , portfolio variance: 7.240609103044619e-13
Norma del vettore g: 20.0
Strategy: min_var , portfolio variance: 4.770117906719496e-07
Norma del vettore g: 20.0
Strategy: min_var , portfolio variance: 1.3670123050505325e-05
Norma del vettore g: 20.0
Strategy: min_var , portfolio variance: 0.07878859631392841
Norma del vettore g: 20.0
Strategy: min_var , portfolio variance: 3.015946226808678e-05
Norma del vettore g: 20.0
Strategy: min_var , portfolio variance: 3.1290094912138574e-05
Norma del vettore g non è uguale a sqrt(N): 51.71193502880312
Norma del vettore g: 20.000000000000004
Strategy: omn     , portfolio variance: 5.848445473430763e-07
Norma del vettore g non è uguale a sqrt(N): 51.71193502880312
Norma del vettore g: 20.000000000000004
Strategy: omn     , portfolio variance: 2.0213501695288333e-12
Norma del vettore g non è uguale a sqrt(N): 51.71193502880312
Norma del vettore g: 20.000000000000004
Strategy: omn     , portfolio variance: 2.0748949355418243e-12
Norma del vettore g non è uguale a sqrt(N): 51.71193502880312
Norma del vettore g: 20.000000000000004
Strategy: omn     , portfolio variance: 5.780527505426933e-07
Norma del vettore g non è uguale a sqrt(N): 51.71193502880312
Norma del vettore g: 20.000000000000004
Strategy: omn     , portfolio variance: 8.397838140466448e-07
Norma del vettore g non è uguale a sqrt(N): 51.71193502880312
Norma del vettore g: 20.000000000000004
Strategy: omn     , portfolio variance: 0.0031106937421932425
Norma del vettore g non è uguale a sqrt(N): 51.71193502880312
Norma del vettore g: 20.000000000000004
Strategy: omn     , portfolio variance: 1.2771232796049305e-06
Norma del vettore g non è uguale a sqrt(N): 51.71193502880312
Norma del vettore g: 20.000000000000004
Strategy: omn     , portfolio variance: 1.2769907616181164e-06
Norma del vettore g non è uguale a sqrt(N): 51.71193502880312
Norma del vettore g: 20.000000000000004
Strategy: mean_rev, portfolio variance: 5.848445473430763e-07
Norma del vettore g non è uguale a sqrt(N): 51.71193502880312
Norma del vettore g: 20.000000000000004
Strategy: mean_rev, portfolio variance: 2.0213501695288333e-12
Norma del vettore g non è uguale a sqrt(N): 51.71193502880312
Norma del vettore g: 20.000000000000004
Strategy: mean_rev, portfolio variance: 2.0748949355418243e-12
Norma del vettore g non è uguale a sqrt(N): 51.71193502880312
Norma del vettore g: 20.000000000000004
Strategy: mean_rev, portfolio variance: 5.780527505426933e-07
Norma del vettore g non è uguale a sqrt(N): 51.71193502880312
Norma del vettore g: 20.000000000000004
Strategy: mean_rev, portfolio variance: 8.397838140466448e-07
Norma del vettore g non è uguale a sqrt(N): 51.71193502880312
Norma del vettore g: 20.000000000000004
Strategy: mean_rev, portfolio variance: 0.0031106937421932425
Norma del vettore g non è uguale a sqrt(N): 51.71193502880312
Norma del vettore g: 20.000000000000004
Strategy: mean_rev, portfolio variance: 1.2771232796049305e-06
Norma del vettore g non è uguale a sqrt(N): 51.71193502880312
Norma del vettore g: 20.000000000000004
Strategy: mean_rev, portfolio variance: 1.2769907616181164e-06
Norma del vettore g: 20.0
Strategy: rnd     , portfolio variance: 6.394814574139475e-08
Norma del vettore g: 19.999999999999996
Strategy: rnd     , portfolio variance: 5.922097348485564e-09
Norma del vettore g: 20.000000000000004
Strategy: rnd     , portfolio variance: 2.2752354054780657e-10
Norma del vettore g: 19.999999999999993
Strategy: rnd     , portfolio variance: 4.796632140081307e-07
Norma del vettore g: 19.999999999999996
Strategy: rnd     , portfolio variance: 1.8629734811815872e-07
Norma del vettore g: 20.0
Strategy: rnd     , portfolio variance: 0.0012328708863442385
Norma del vettore g: 20.000000000000004
Strategy: rnd     , portfolio variance: 1.257424042534896e-07
Norma del vettore g: 20.000000000000004
Strategy: rnd     , portfolio variance: 1.7229879711754626e-07
[==========================================                            ] 61.04%
Norma del vettore g: 20.0
Strategy: min_var , portfolio variance: 8.424859729697014e-06
Norma del vettore g: 20.0
Strategy: min_var , portfolio variance: 7.969654441554408e-13
Norma del vettore g: 20.0
Strategy: min_var , portfolio variance: 8.155754946621584e-13
Norma del vettore g: 20.0
Strategy: min_var , portfolio variance: 4.823566067621428e-07
Norma del vettore g: 20.0
Strategy: min_var , portfolio variance: 1.255426769827056e-05
Norma del vettore g: 20.0
Strategy: min_var , portfolio variance: 0.0739379354401219
Norma del vettore g: 20.0
Strategy: min_var , portfolio variance: 2.8934949119301264e-05
Norma del vettore g: 20.0
Strategy: min_var , portfolio variance: 3.0379686877894174e-05
Norma del vettore g non è uguale a sqrt(N): 52.18018184113089
Norma del vettore g: 19.999999999999996
Strategy: omn     , portfolio variance: 6.630483959773805e-07
Norma del vettore g non è uguale a sqrt(N): 52.18018184113089
Norma del vettore g: 19.999999999999996
Strategy: omn     , portfolio variance: 2.431715697770701e-12
Norma del vettore g non è uguale a sqrt(N): 52.18018184113089
Norma del vettore g: 19.999999999999996
Strategy: omn     , portfolio variance: 2.4911450308566414e-12
Norma del vettore g non è uguale a sqrt(N): 52.18018184113089
Norma del vettore g: 19.999999999999996
Strategy: omn     , portfolio variance: 6.462609634506866e-07
Norma del vettore g non è uguale a sqrt(N): 52.18018184113089
Norma del vettore g: 19.999999999999996
Strategy: omn     , portfolio variance: 9.302152356435467e-07
Norma del vettore g non è uguale a sqrt(N): 52.18018184113089
Norma del vettore g: 19.999999999999996
Strategy: omn     , portfolio variance: 0.002988870794821687
Norma del vettore g non è uguale a sqrt(N): 52.18018184113089
Norma del vettore g: 19.999999999999996
Strategy: omn     , portfolio variance: 1.4447951814857392e-06
Norma del vettore g non è uguale a sqrt(N): 52.18018184113089
Norma del vettore g: 19.999999999999996
Strategy: omn     , portfolio variance: 1.4287153011481388e-06
Norma del vettore g non è uguale a sqrt(N): 52.18018184113089
Norma del vettore g: 19.999999999999996
Strategy: mean_rev, portfolio variance: 6.630483959773805e-07
Norma del vettore g non è uguale a sqrt(N): 52.18018184113089
Norma del vettore g: 19.999999999999996
Strategy: mean_rev, portfolio variance: 2.431715697770701e-12
Norma del vettore g non è uguale a sqrt(N): 52.18018184113089
Norma del vettore g: 19.999999999999996
Strategy: mean_rev, portfolio variance: 2.4911450308566414e-12
Norma del vettore g non è uguale a sqrt(N): 52.18018184113089
Norma del vettore g: 19.999999999999996
Strategy: mean_rev, portfolio variance: 6.462609634506866e-07
Norma del vettore g non è uguale a sqrt(N): 52.18018184113089
Norma del vettore g: 19.999999999999996
Strategy: mean_rev, portfolio variance: 9.302152356435467e-07
Norma del vettore g non è uguale a sqrt(N): 52.18018184113089
Norma del vettore g: 19.999999999999996
Strategy: mean_rev, portfolio variance: 0.002988870794821687
Norma del vettore g non è uguale a sqrt(N): 52.18018184113089
Norma del vettore g: 19.999999999999996
Strategy: mean_rev, portfolio variance: 1.4447951814857392e-06
Norma del vettore g non è uguale a sqrt(N): 52.18018184113089
Norma del vettore g: 19.999999999999996
Strategy: mean_rev, portfolio variance: 1.4287153011481388e-06
Norma del vettore g: 19.999999999999996
Strategy: rnd     , portfolio variance: 7.18568676608003e-08
Norma del vettore g: 19.999999999999996
Strategy: rnd     , portfolio variance: 5.508874040170165e-11
Norma del vettore g: 20.0
Strategy: rnd     , portfolio variance: 1.203361897609599e-10
Norma del vettore g: 20.0
Strategy: rnd     , portfolio variance: 4.933908945766145e-07
Norma del vettore g: 20.000000000000007
Strategy: rnd     , portfolio variance: 1.8561966630496344e-07
Norma del vettore g: 19.999999999999993
Strategy: rnd     , portfolio variance: 0.001287829229505588
Norma del vettore g: 20.0
Strategy: rnd     , portfolio variance: 1.519697411189686e-07
Norma del vettore g: 19.999999999999993
Strategy: rnd     , portfolio variance: 1.5439729460994698e-07
[===========================================                           ] 61.69%
Norma del vettore g: 20.0
Strategy: min_var , portfolio variance: 8.866762203989912e-06
Norma del vettore g: 20.0
Strategy: min_var , portfolio variance: 6.759336409657959e-13
Norma del vettore g: 20.0
Strategy: min_var , portfolio variance: 6.918940798468835e-13
Norma del vettore g: 20.0
Strategy: min_var , portfolio variance: 4.96265573169223e-07
Norma del vettore g: 20.0
Strategy: min_var , portfolio variance: 1.3593976047608168e-05
Norma del vettore g: 20.0
Strategy: min_var , portfolio variance: 0.07699555623984386
Norma del vettore g: 20.0
Strategy: min_var , portfolio variance: 3.1255944906066096e-05
Norma del vettore g: 20.0
Strategy: min_var , portfolio variance: 3.285407528275344e-05
Norma del vettore g non è uguale a sqrt(N): 57.203976352291306
Norma del vettore g: 19.999999999999996
Strategy: omn     , portfolio variance: 1.1582249721395342e-06
Norma del vettore g non è uguale a sqrt(N): 57.203976352291306
Norma del vettore g: 19.999999999999996
Strategy: omn     , portfolio variance: 2.134666080385402e-12
Norma del vettore g non è uguale a sqrt(N): 57.203976352291306
Norma del vettore g: 19.999999999999996
Strategy: omn     , portfolio variance: 2.1874867147993364e-12
Norma del vettore g non è uguale a sqrt(N): 57.203976352291306
Norma del vettore g: 19.999999999999996
Strategy: omn     , portfolio variance: 7.26893070468916e-07
Norma del vettore g non è uguale a sqrt(N): 57.203976352291306
Norma del vettore g: 19.999999999999996
Strategy: omn     , portfolio variance: 1.6680074088030924e-06
Norma del vettore g non è uguale a sqrt(N): 57.203976352291306
Norma del vettore g: 19.999999999999996
Strategy: omn     , portfolio variance: 0.005331729015466266
Norma del vettore g non è uguale a sqrt(N): 57.203976352291306
Norma del vettore g: 19.999999999999996
Strategy: omn     , portfolio variance: 3.1011919636739234e-06
Norma del vettore g non è uguale a sqrt(N): 57.203976352291306
Norma del vettore g: 19.999999999999996
Strategy: omn     , portfolio variance: 3.446208956259054e-06
Norma del vettore g non è uguale a sqrt(N): 57.203976352291306
Norma del vettore g: 19.999999999999996
Strategy: mean_rev, portfolio variance: 1.1582249721395342e-06
Norma del vettore g non è uguale a sqrt(N): 57.203976352291306
Norma del vettore g: 19.999999999999996
Strategy: mean_rev, portfolio variance: 2.134666080385402e-12
Norma del vettore g non è uguale a sqrt(N): 57.203976352291306
Norma del vettore g: 19.999999999999996
Strategy: mean_rev, portfolio variance: 2.1874867147993364e-12
Norma del vettore g non è uguale a sqrt(N): 57.203976352291306
Norma del vettore g: 19.999999999999996
Strategy: mean_rev, portfolio variance: 7.26893070468916e-07
Norma del vettore g non è uguale a sqrt(N): 57.203976352291306
Norma del vettore g: 19.999999999999996
Strategy: mean_rev, portfolio variance: 1.6680074088030924e-06
Norma del vettore g non è uguale a sqrt(N): 57.203976352291306
Norma del vettore g: 19.999999999999996
Strategy: mean_rev, portfolio variance: 0.005331729015466266
Norma del vettore g non è uguale a sqrt(N): 57.203976352291306
Norma del vettore g: 19.999999999999996
Strategy: mean_rev, portfolio variance: 3.1011919636739234e-06
Norma del vettore g non è uguale a sqrt(N): 57.203976352291306
Norma del vettore g: 19.999999999999996
Strategy: mean_rev, portfolio variance: 3.446208956259054e-06
Norma del vettore g: 19.999999999999996
Strategy: rnd     , portfolio variance: 6.368932332499597e-08
Norma del vettore g: 20.000000000000004
Strategy: rnd     , portfolio variance: 2.395920052404918e-09
Norma del vettore g: 20.000000000000004
Strategy: rnd     , portfolio variance: 7.741200179128235e-10
Norma del vettore g: 19.999999999999996
Strategy: rnd     , portfolio variance: 5.024667942531664e-07
Norma del vettore g: 20.00000000000001
Strategy: rnd     , portfolio variance: 1.925900079421815e-07
Norma del vettore g: 20.000000000000004
Strategy: rnd     , portfolio variance: 0.0011924197139404442
Norma del vettore g: 20.0
Strategy: rnd     , portfolio variance: 1.585972831222954e-07
Norma del vettore g: 19.999999999999996
Strategy: rnd     , portfolio variance: 1.7151075404157843e-07
[===========================================                           ] 62.34%
Norma del vettore g: 20.0
Strategy: min_var , portfolio variance: 9.061511283842236e-06
Norma del vettore g: 20.0
Strategy: min_var , portfolio variance: 7.119530700100747e-13
Norma del vettore g: 20.0
Strategy: min_var , portfolio variance: 7.271676879757264e-13
Norma del vettore g: 20.0
Strategy: min_var , portfolio variance: 4.946472773923437e-07
Norma del vettore g: 20.0
Strategy: min_var , portfolio variance: 1.343190005446287e-05
Norma del vettore g: 20.0
Strategy: min_var , portfolio variance: 0.07556447092398212
Norma del vettore g: 20.0
Strategy: min_var , portfolio variance: 3.1130490141871326e-05
Norma del vettore g: 20.0
Strategy: min_var , portfolio variance: 3.3049319974553006e-05
Norma del vettore g non è uguale a sqrt(N): 48.01766087005583
Norma del vettore g: 20.000000000000007
Strategy: omn     , portfolio variance: 6.290276746553104e-07
Norma del vettore g non è uguale a sqrt(N): 48.01766087005583
Norma del vettore g: 20.000000000000007
Strategy: omn     , portfolio variance: 5.0816481268550535e-11
Norma del vettore g non è uguale a sqrt(N): 48.01766087005583
Norma del vettore g: 20.000000000000007
Strategy: omn     , portfolio variance: 5.170714116847249e-11
Norma del vettore g non è uguale a sqrt(N): 48.01766087005583
Norma del vettore g: 20.000000000000007
Strategy: omn     , portfolio variance: 5.839190491637256e-07
Norma del vettore g non è uguale a sqrt(N): 48.01766087005583
Norma del vettore g: 20.000000000000007
Strategy: omn     , portfolio variance: 8.836083892163641e-07
Norma del vettore g non è uguale a sqrt(N): 48.01766087005583
Norma del vettore g: 20.000000000000007
Strategy: omn     , portfolio variance: 0.002930308015583421
Norma del vettore g non è uguale a sqrt(N): 48.01766087005583
Norma del vettore g: 20.000000000000007
Strategy: omn     , portfolio variance: 1.474071873075535e-06
Norma del vettore g non è uguale a sqrt(N): 48.01766087005583
Norma del vettore g: 20.000000000000007
Strategy: omn     , portfolio variance: 1.4278226390632509e-06
Norma del vettore g non è uguale a sqrt(N): 48.01766087005583
Norma del vettore g: 20.000000000000007
Strategy: mean_rev, portfolio variance: 6.290276746553104e-07
Norma del vettore g non è uguale a sqrt(N): 48.01766087005583
Norma del vettore g: 20.000000000000007
Strategy: mean_rev, portfolio variance: 5.0816481268550535e-11
Norma del vettore g non è uguale a sqrt(N): 48.01766087005583
Norma del vettore g: 20.000000000000007
Strategy: mean_rev, portfolio variance: 5.170714116847249e-11
Norma del vettore g non è uguale a sqrt(N): 48.01766087005583
Norma del vettore g: 20.000000000000007
Strategy: mean_rev, portfolio variance: 5.839190491637256e-07
Norma del vettore g non è uguale a sqrt(N): 48.01766087005583
Norma del vettore g: 20.000000000000007
Strategy: mean_rev, portfolio variance: 8.836083892163641e-07
Norma del vettore g non è uguale a sqrt(N): 48.01766087005583
Norma del vettore g: 20.000000000000007
Strategy: mean_rev, portfolio variance: 0.002930308015583421
Norma del vettore g non è uguale a sqrt(N): 48.01766087005583
Norma del vettore g: 20.000000000000007
Strategy: mean_rev, portfolio variance: 1.474071873075535e-06
Norma del vettore g non è uguale a sqrt(N): 48.01766087005583
Norma del vettore g: 20.000000000000007
Strategy: mean_rev, portfolio variance: 1.4278226390632509e-06
Norma del vettore g: 20.000000000000007
Strategy: rnd     , portfolio variance: 8.526909385665945e-08
Norma del vettore g: 20.000000000000007
Strategy: rnd     , portfolio variance: 3.4866762868609917e-10
Norma del vettore g: 20.0
Strategy: rnd     , portfolio variance: 1.7054951074439812e-10
Norma del vettore g: 19.999999999999996
Strategy: rnd     , portfolio variance: 5.202906434532643e-07
Norma del vettore g: 20.000000000000004
Strategy: rnd     , portfolio variance: 1.8509880268890545e-07
Norma del vettore g: 20.000000000000004
Strategy: rnd     , portfolio variance: 0.0013129103987065097
Norma del vettore g: 19.999999999999996
Strategy: rnd     , portfolio variance: 2.0151142243132035e-07
Norma del vettore g: 19.999999999999993
Strategy: rnd     , portfolio variance: 2.170837982564336e-07
[============================================                          ] 62.99%
Norma del vettore g: 20.0
Strategy: min_var , portfolio variance: 8.719539911413269e-06
Norma del vettore g: 20.0
Strategy: min_var , portfolio variance: 7.672785741452079e-13
Norma del vettore g: 20.0
Strategy: min_var , portfolio variance: 7.831809962075579e-13
Norma del vettore g: 20.0
Strategy: min_var , portfolio variance: 4.842079546637007e-07
Norma del vettore g: 20.0
Strategy: min_var , portfolio variance: 1.2735079208002129e-05
Norma del vettore g: 20.0
Strategy: min_var , portfolio variance: 0.07332902786692044
Norma del vettore g: 20.0
Strategy: min_var , portfolio variance: 2.946581233480749e-05
Norma del vettore g: 20.0
Strategy: min_var , portfolio variance: 3.272884127184212e-05
Norma del vettore g non è uguale a sqrt(N): 86.93984912589467
Norma del vettore g: 20.000000000000007
Strategy: omn     , portfolio variance: 1.5904158669700048e-06
Norma del vettore g non è uguale a sqrt(N): 86.93984912589467
Norma del vettore g: 20.000000000000007
Strategy: omn     , portfolio variance: 1.4292259340166908e-12
Norma del vettore g non è uguale a sqrt(N): 86.93984912589467
Norma del vettore g: 20.000000000000007
Strategy: omn     , portfolio variance: 1.4561183222018422e-12
Norma del vettore g non è uguale a sqrt(N): 86.93984912589467
Norma del vettore g: 20.000000000000007
Strategy: omn     , portfolio variance: 6.718354878582207e-07
Norma del vettore g non è uguale a sqrt(N): 86.93984912589467
Norma del vettore g: 20.000000000000007
Strategy: omn     , portfolio variance: 2.1987497515584577e-06
Norma del vettore g non è uguale a sqrt(N): 86.93984912589467
Norma del vettore g: 20.000000000000007
Strategy: omn     , portfolio variance: 0.005228747764175406
Norma del vettore g non è uguale a sqrt(N): 86.93984912589467
Norma del vettore g: 20.000000000000007
Strategy: omn     , portfolio variance: 4.177754761985356e-06
Norma del vettore g non è uguale a sqrt(N): 86.93984912589467
Norma del vettore g: 20.000000000000007
Strategy: omn     , portfolio variance: 4.330697919263743e-06
Norma del vettore g non è uguale a sqrt(N): 86.93984912589467
Norma del vettore g: 20.000000000000007
Strategy: mean_rev, portfolio variance: 1.5904158669700048e-06
Norma del vettore g non è uguale a sqrt(N): 86.93984912589467
Norma del vettore g: 20.000000000000007
Strategy: mean_rev, portfolio variance: 1.4292259340166908e-12
Norma del vettore g non è uguale a sqrt(N): 86.93984912589467
Norma del vettore g: 20.000000000000007
Strategy: mean_rev, portfolio variance: 1.4561183222018422e-12
Norma del vettore g non è uguale a sqrt(N): 86.93984912589467
Norma del vettore g: 20.000000000000007
Strategy: mean_rev, portfolio variance: 6.718354878582207e-07
Norma del vettore g non è uguale a sqrt(N): 86.93984912589467
Norma del vettore g: 20.000000000000007
Strategy: mean_rev, portfolio variance: 2.1987497515584577e-06
Norma del vettore g non è uguale a sqrt(N): 86.93984912589467
Norma del vettore g: 20.000000000000007
Strategy: mean_rev, portfolio variance: 0.005228747764175406
Norma del vettore g non è uguale a sqrt(N): 86.93984912589467
Norma del vettore g: 20.000000000000007
Strategy: mean_rev, portfolio variance: 4.177754761985356e-06
Norma del vettore g non è uguale a sqrt(N): 86.93984912589467
Norma del vettore g: 20.000000000000007
Strategy: mean_rev, portfolio variance: 4.330697919263743e-06
Norma del vettore g: 20.000000000000007
Strategy: rnd     , portfolio variance: 7.204932405142973e-08
Norma del vettore g: 20.000000000000004
Strategy: rnd     , portfolio variance: 6.845136609632488e-09
Norma del vettore g: 19.999999999999996
Strategy: rnd     , portfolio variance: 8.622360756786884e-11
Norma del vettore g: 19.999999999999993
Strategy: rnd     , portfolio variance: 5.194499903260696e-07
Norma del vettore g: 19.999999999999993
Strategy: rnd     , portfolio variance: 1.8209667319968153e-07
Norma del vettore g: 19.999999999999996
Strategy: rnd     , portfolio variance: 0.0012556742344377696
Norma del vettore g: 19.999999999999993
Strategy: rnd     , portfolio variance: 1.5983396158138226e-07
Norma del vettore g: 19.999999999999996
Strategy: rnd     , portfolio variance: 1.9812000712914923e-07
[============================================                          ] 63.64%
Norma del vettore g: 20.0
Strategy: min_var , portfolio variance: 8.411376343949925e-06
Norma del vettore g: 20.0
Strategy: min_var , portfolio variance: 8.139185476033035e-13
Norma del vettore g: 20.0
Strategy: min_var , portfolio variance: 8.292039788330935e-13
Norma del vettore g: 20.0
Strategy: min_var , portfolio variance: 4.645356728304981e-07
Norma del vettore g: 20.0
Strategy: min_var , portfolio variance: 1.2107686262241893e-05
Norma del vettore g: 20.0
Strategy: min_var , portfolio variance: 0.07077881231471896
Norma del vettore g: 20.0
Strategy: min_var , portfolio variance: 2.8124397065408927e-05
Norma del vettore g: 20.0
Strategy: min_var , portfolio variance: 3.0512194322859638e-05
Norma del vettore g non è uguale a sqrt(N): 62.10535997985532
Norma del vettore g: 19.999999999999996
Strategy: omn     , portfolio variance: 8.138014040888938e-07
Norma del vettore g non è uguale a sqrt(N): 62.10535997985532
Norma del vettore g: 19.999999999999996
Strategy: omn     , portfolio variance: 2.6086241371615618e-12
Norma del vettore g non è uguale a sqrt(N): 62.10535997985532
Norma del vettore g: 19.999999999999996
Strategy: omn     , portfolio variance: 2.661955361244615e-12
Norma del vettore g non è uguale a sqrt(N): 62.10535997985532
Norma del vettore g: 19.999999999999996
Strategy: omn     , portfolio variance: 7.361216829493115e-07
Norma del vettore g non è uguale a sqrt(N): 62.10535997985532
Norma del vettore g: 19.999999999999996
Strategy: omn     , portfolio variance: 1.1099467009264856e-06
Norma del vettore g non è uguale a sqrt(N): 62.10535997985532
Norma del vettore g: 19.999999999999996
Strategy: omn     , portfolio variance: 0.0033736386520785374
Norma del vettore g non è uguale a sqrt(N): 62.10535997985532
Norma del vettore g: 19.999999999999996
Strategy: omn     , portfolio variance: 1.755524953858022e-06
Norma del vettore g non è uguale a sqrt(N): 62.10535997985532
Norma del vettore g: 19.999999999999996
Strategy: omn     , portfolio variance: 1.8099597718678487e-06
Norma del vettore g non è uguale a sqrt(N): 62.10535997985532
Norma del vettore g: 19.999999999999996
Strategy: mean_rev, portfolio variance: 8.138014040888938e-07
Norma del vettore g non è uguale a sqrt(N): 62.10535997985532
Norma del vettore g: 19.999999999999996
Strategy: mean_rev, portfolio variance: 2.6086241371615618e-12
Norma del vettore g non è uguale a sqrt(N): 62.10535997985532
Norma del vettore g: 19.999999999999996
Strategy: mean_rev, portfolio variance: 2.661955361244615e-12
Norma del vettore g non è uguale a sqrt(N): 62.10535997985532
Norma del vettore g: 19.999999999999996
Strategy: mean_rev, portfolio variance: 7.361216829493115e-07
Norma del vettore g non è uguale a sqrt(N): 62.10535997985532
Norma del vettore g: 19.999999999999996
Strategy: mean_rev, portfolio variance: 1.1099467009264856e-06
Norma del vettore g non è uguale a sqrt(N): 62.10535997985532
Norma del vettore g: 19.999999999999996
Strategy: mean_rev, portfolio variance: 0.0033736386520785374
Norma del vettore g non è uguale a sqrt(N): 62.10535997985532
Norma del vettore g: 19.999999999999996
Strategy: mean_rev, portfolio variance: 1.755524953858022e-06
Norma del vettore g non è uguale a sqrt(N): 62.10535997985532
Norma del vettore g: 19.999999999999996
Strategy: mean_rev, portfolio variance: 1.8099597718678487e-06
Norma del vettore g: 20.000000000000004
Strategy: rnd     , portfolio variance: 7.077653361892258e-08
Norma del vettore g: 20.000000000000007
Strategy: rnd     , portfolio variance: 2.6924538562441206e-08
Norma del vettore g: 19.999999999999993
Strategy: rnd     , portfolio variance: 3.3420861532587107e-10
Norma del vettore g: 20.0
Strategy: rnd     , portfolio variance: 4.494499411163794e-07
Norma del vettore g: 20.000000000000004
Strategy: rnd     , portfolio variance: 1.7977586789308086e-07
Norma del vettore g: 20.0
Strategy: rnd     , portfolio variance: 0.0012286109171295956
Norma del vettore g: 19.999999999999996
Strategy: rnd     , portfolio variance: 1.5641141528530273e-07
Norma del vettore g: 20.000000000000004
Strategy: rnd     , portfolio variance: 1.4176534510921426e-07
[=============================================                         ] 64.29%
Norma del vettore g: 20.0
Strategy: min_var , portfolio variance: 8.312260958961421e-06
Norma del vettore g: 20.0
Strategy: min_var , portfolio variance: 8.099203122629023e-13
Norma del vettore g: 20.0
Strategy: min_var , portfolio variance: 8.245106290001112e-13
Norma del vettore g: 20.0
Strategy: min_var , portfolio variance: 4.666887322103002e-07
Norma del vettore g: 20.0
Strategy: min_var , portfolio variance: 1.2120123136687915e-05
Norma del vettore g: 20.0
Strategy: min_var , portfolio variance: 0.07146414351690655
Norma del vettore g: 20.0
Strategy: min_var , portfolio variance: 2.8560374566320344e-05
Norma del vettore g: 20.0
Strategy: min_var , portfolio variance: 3.0754670057943406e-05
Norma del vettore g non è uguale a sqrt(N): 41.700233232833355
Norma del vettore g: 19.999999999999993
Strategy: omn     , portfolio variance: 4.993723025859102e-07
Norma del vettore g non è uguale a sqrt(N): 41.700233232833355
Norma del vettore g: 19.999999999999993
Strategy: omn     , portfolio variance: 1.9001029772026747e-11
Norma del vettore g non è uguale a sqrt(N): 41.700233232833355
Norma del vettore g: 19.999999999999993
Strategy: omn     , portfolio variance: 1.9472309821416062e-11
Norma del vettore g non è uguale a sqrt(N): 41.700233232833355
Norma del vettore g: 19.999999999999993
Strategy: omn     , portfolio variance: 6.959008407566364e-07
Norma del vettore g non è uguale a sqrt(N): 41.700233232833355
Norma del vettore g: 19.999999999999993
Strategy: omn     , portfolio variance: 6.760995141424857e-07
Norma del vettore g non è uguale a sqrt(N): 41.700233232833355
Norma del vettore g: 19.999999999999993
Strategy: omn     , portfolio variance: 0.002291957620221316
Norma del vettore g non è uguale a sqrt(N): 41.700233232833355
Norma del vettore g: 19.999999999999993
Strategy: omn     , portfolio variance: 9.551689350930307e-07
Norma del vettore g non è uguale a sqrt(N): 41.700233232833355
Norma del vettore g: 19.999999999999993
Strategy: omn     , portfolio variance: 9.443960757838715e-07
Norma del vettore g non è uguale a sqrt(N): 41.700233232833355
Norma del vettore g: 19.999999999999993
Strategy: mean_rev, portfolio variance: 4.993723025859102e-07
Norma del vettore g non è uguale a sqrt(N): 41.700233232833355
Norma del vettore g: 19.999999999999993
Strategy: mean_rev, portfolio variance: 1.9001029772026747e-11
Norma del vettore g non è uguale a sqrt(N): 41.700233232833355
Norma del vettore g: 19.999999999999993
Strategy: mean_rev, portfolio variance: 1.9472309821416062e-11
Norma del vettore g non è uguale a sqrt(N): 41.700233232833355
Norma del vettore g: 19.999999999999993
Strategy: mean_rev, portfolio variance: 6.959008407566364e-07
Norma del vettore g non è uguale a sqrt(N): 41.700233232833355
Norma del vettore g: 19.999999999999993
Strategy: mean_rev, portfolio variance: 6.760995141424857e-07
Norma del vettore g non è uguale a sqrt(N): 41.700233232833355
Norma del vettore g: 19.999999999999993
Strategy: mean_rev, portfolio variance: 0.002291957620221316
Norma del vettore g non è uguale a sqrt(N): 41.700233232833355
Norma del vettore g: 19.999999999999993
Strategy: mean_rev, portfolio variance: 9.551689350930307e-07
Norma del vettore g non è uguale a sqrt(N): 41.700233232833355
Norma del vettore g: 19.999999999999993
Strategy: mean_rev, portfolio variance: 9.443960757838715e-07
Norma del vettore g: 19.999999999999996
Strategy: rnd     , portfolio variance: 5.926427898661929e-08
Norma del vettore g: 20.0
Strategy: rnd     , portfolio variance: 5.315203778254186e-09
Norma del vettore g: 20.000000000000004
Strategy: rnd     , portfolio variance: 1.3273937142472748e-09
Norma del vettore g: 19.999999999999996
Strategy: rnd     , portfolio variance: 4.825676440705485e-07
Norma del vettore g: 20.0
Strategy: rnd     , portfolio variance: 1.7847804690204713e-07
Norma del vettore g: 20.000000000000004
Strategy: rnd     , portfolio variance: 0.0013099124308144769
Norma del vettore g: 19.999999999999993
Strategy: rnd     , portfolio variance: 1.7830645491465258e-07
Norma del vettore g: 20.0
Strategy: rnd     , portfolio variance: 1.1638413985534449e-07
[=============================================                         ] 64.94%
Norma del vettore g: 20.0
Strategy: min_var , portfolio variance: 8.52671693039875e-06
Norma del vettore g: 20.0
Strategy: min_var , portfolio variance: 8.092661887777609e-13
Norma del vettore g: 20.0
Strategy: min_var , portfolio variance: 8.233628427203438e-13
Norma del vettore g: 20.0
Strategy: min_var , portfolio variance: 4.628895966171695e-07
Norma del vettore g: 20.0
Strategy: min_var , portfolio variance: 1.228923518925006e-05
Norma del vettore g: 20.0
Strategy: min_var , portfolio variance: 0.07087735209225433
Norma del vettore g: 20.0
Strategy: min_var , portfolio variance: 2.9386692771818437e-05
Norma del vettore g: 20.0
Strategy: min_var , portfolio variance: 3.145365958335202e-05
Norma del vettore g non è uguale a sqrt(N): 52.368284145409454
Norma del vettore g: 20.0
Strategy: omn     , portfolio variance: 7.00375788010176e-07
Norma del vettore g non è uguale a sqrt(N): 52.368284145409454
Norma del vettore g: 20.0
Strategy: omn     , portfolio variance: 3.3241328222709057e-12
Norma del vettore g non è uguale a sqrt(N): 52.368284145409454
Norma del vettore g: 20.0
Strategy: omn     , portfolio variance: 3.3715638026008384e-12
Norma del vettore g non è uguale a sqrt(N): 52.368284145409454
Norma del vettore g: 20.0
Strategy: omn     , portfolio variance: 7.447962579398891e-07
Norma del vettore g non è uguale a sqrt(N): 52.368284145409454
Norma del vettore g: 20.0
Strategy: omn     , portfolio variance: 9.691810450835974e-07
Norma del vettore g non è uguale a sqrt(N): 52.368284145409454
Norma del vettore g: 20.0
Strategy: omn     , portfolio variance: 0.002921488253480796
Norma del vettore g non è uguale a sqrt(N): 52.368284145409454
Norma del vettore g: 20.0
Strategy: omn     , portfolio variance: 1.5113572690720875e-06
Norma del vettore g non è uguale a sqrt(N): 52.368284145409454
Norma del vettore g: 20.0
Strategy: omn     , portfolio variance: 1.5781644178269883e-06
Norma del vettore g non è uguale a sqrt(N): 52.368284145409454
Norma del vettore g: 20.0
Strategy: mean_rev, portfolio variance: 7.00375788010176e-07
Norma del vettore g non è uguale a sqrt(N): 52.368284145409454
Norma del vettore g: 20.0
Strategy: mean_rev, portfolio variance: 3.3241328222709057e-12
Norma del vettore g non è uguale a sqrt(N): 52.368284145409454
Norma del vettore g: 20.0
Strategy: mean_rev, portfolio variance: 3.3715638026008384e-12
Norma del vettore g non è uguale a sqrt(N): 52.368284145409454
Norma del vettore g: 20.0
Strategy: mean_rev, portfolio variance: 7.447962579398891e-07
Norma del vettore g non è uguale a sqrt(N): 52.368284145409454
Norma del vettore g: 20.0
Strategy: mean_rev, portfolio variance: 9.691810450835974e-07
Norma del vettore g non è uguale a sqrt(N): 52.368284145409454
Norma del vettore g: 20.0
Strategy: mean_rev, portfolio variance: 0.002921488253480796
Norma del vettore g non è uguale a sqrt(N): 52.368284145409454
Norma del vettore g: 20.0
Strategy: mean_rev, portfolio variance: 1.5113572690720875e-06
Norma del vettore g non è uguale a sqrt(N): 52.368284145409454
Norma del vettore g: 20.0
Strategy: mean_rev, portfolio variance: 1.5781644178269883e-06
Norma del vettore g: 20.0
Strategy: rnd     , portfolio variance: 6.793358386335011e-08
Norma del vettore g: 20.000000000000004
Strategy: rnd     , portfolio variance: 5.740940873448786e-10
Norma del vettore g: 20.0
Strategy: rnd     , portfolio variance: 2.491093073411169e-10
Norma del vettore g: 20.000000000000004
Strategy: rnd     , portfolio variance: 4.959524580856397e-07
Norma del vettore g: 20.000000000000004
Strategy: rnd     , portfolio variance: 1.8805919879114445e-07
Norma del vettore g: 19.999999999999996
Strategy: rnd     , portfolio variance: 0.0013401595121127056
Norma del vettore g: 20.0
Strategy: rnd     , portfolio variance: 1.5716593637345225e-07
Norma del vettore g: 19.999999999999993
Strategy: rnd     , portfolio variance: 1.2633618586453946e-07
[=============================================                         ] 65.58%
Norma del vettore g: 20.0
Strategy: min_var , portfolio variance: 8.890944930494238e-06
Norma del vettore g: 20.0
Strategy: min_var , portfolio variance: 7.978372736692063e-13
Norma del vettore g: 20.0
Strategy: min_var , portfolio variance: 8.103415282327951e-13
Norma del vettore g: 20.0
Strategy: min_var , portfolio variance: 4.7533674713777216e-07
Norma del vettore g: 20.0
Strategy: min_var , portfolio variance: 1.2881216393303037e-05
Norma del vettore g: 20.0
Strategy: min_var , portfolio variance: 0.07262220723560507
Norma del vettore g: 20.0
Strategy: min_var , portfolio variance: 3.0361098815316145e-05
Norma del vettore g: 20.0
Strategy: min_var , portfolio variance: 3.2444800784509994e-05
Norma del vettore g non è uguale a sqrt(N): 48.85191918833821
Norma del vettore g: 19.999999999999996
Strategy: omn     , portfolio variance: 5.968532826116373e-07
Norma del vettore g non è uguale a sqrt(N): 48.85191918833821
Norma del vettore g: 19.999999999999996
Strategy: omn     , portfolio variance: 2.4260391728479244e-12
Norma del vettore g non è uguale a sqrt(N): 48.85191918833821
Norma del vettore g: 19.999999999999996
Strategy: omn     , portfolio variance: 2.4614359116677926e-12
Norma del vettore g non è uguale a sqrt(N): 48.85191918833821
Norma del vettore g: 19.999999999999996
Strategy: omn     , portfolio variance: 7.452624607228956e-07
Norma del vettore g non è uguale a sqrt(N): 48.85191918833821
Norma del vettore g: 19.999999999999996
Strategy: omn     , portfolio variance: 8.521245938250825e-07
Norma del vettore g non è uguale a sqrt(N): 48.85191918833821
Norma del vettore g: 19.999999999999996
Strategy: omn     , portfolio variance: 0.0028548946075946267
Norma del vettore g non è uguale a sqrt(N): 48.85191918833821
Norma del vettore g: 19.999999999999996
Strategy: omn     , portfolio variance: 1.3102390686722496e-06
Norma del vettore g non è uguale a sqrt(N): 48.85191918833821
Norma del vettore g: 19.999999999999996
Strategy: omn     , portfolio variance: 1.3589385154884643e-06
Norma del vettore g non è uguale a sqrt(N): 48.85191918833821
Norma del vettore g: 19.999999999999996
Strategy: mean_rev, portfolio variance: 5.968532826116373e-07
Norma del vettore g non è uguale a sqrt(N): 48.85191918833821
Norma del vettore g: 19.999999999999996
Strategy: mean_rev, portfolio variance: 2.4260391728479244e-12
Norma del vettore g non è uguale a sqrt(N): 48.85191918833821
Norma del vettore g: 19.999999999999996
Strategy: mean_rev, portfolio variance: 2.4614359116677926e-12
Norma del vettore g non è uguale a sqrt(N): 48.85191918833821
Norma del vettore g: 19.999999999999996
Strategy: mean_rev, portfolio variance: 7.452624607228956e-07
Norma del vettore g non è uguale a sqrt(N): 48.85191918833821
Norma del vettore g: 19.999999999999996
Strategy: mean_rev, portfolio variance: 8.521245938250825e-07
Norma del vettore g non è uguale a sqrt(N): 48.85191918833821
Norma del vettore g: 19.999999999999996
Strategy: mean_rev, portfolio variance: 0.0028548946075946267
Norma del vettore g non è uguale a sqrt(N): 48.85191918833821
Norma del vettore g: 19.999999999999996
Strategy: mean_rev, portfolio variance: 1.3102390686722496e-06
Norma del vettore g non è uguale a sqrt(N): 48.85191918833821
Norma del vettore g: 19.999999999999996
Strategy: mean_rev, portfolio variance: 1.3589385154884643e-06
Norma del vettore g: 19.999999999999996
Strategy: rnd     , portfolio variance: 7.482785212984278e-08
Norma del vettore g: 19.999999999999996
Strategy: rnd     , portfolio variance: 1.0670647519389363e-09
Norma del vettore g: 19.99999999999999
Strategy: rnd     , portfolio variance: 7.01288500838822e-09
Norma del vettore g: 19.99999999999999
Strategy: rnd     , portfolio variance: 4.713213846953302e-07
Norma del vettore g: 20.000000000000004
Strategy: rnd     , portfolio variance: 1.9939940494508027e-07
Norma del vettore g: 19.999999999999993
Strategy: rnd     , portfolio variance: 0.0012555676697063904
Norma del vettore g: 19.999999999999993
Strategy: rnd     , portfolio variance: 1.524444815839315e-07
Norma del vettore g: 20.0
Strategy: rnd     , portfolio variance: 1.5888134410635257e-07
[==============================================                        ] 66.23%
Norma del vettore g: 20.0
Strategy: min_var , portfolio variance: 8.76587259207271e-06
Norma del vettore g: 20.0
Strategy: min_var , portfolio variance: 8.59218877748239e-13
Norma del vettore g: 20.0
Strategy: min_var , portfolio variance: 8.71351759025382e-13
Norma del vettore g: 20.0
Strategy: min_var , portfolio variance: 4.697441456536433e-07
Norma del vettore g: 20.0
Strategy: min_var , portfolio variance: 1.2776028677021455e-05
Norma del vettore g: 20.0
Strategy: min_var , portfolio variance: 0.07388870311487092
Norma del vettore g: 20.0
Strategy: min_var , portfolio variance: 2.9900624994551953e-05
Norma del vettore g: 20.0
Strategy: min_var , portfolio variance: 3.1038942328906255e-05
Norma del vettore g non è uguale a sqrt(N): 40.63297895954782
Norma del vettore g: 20.0
Strategy: omn     , portfolio variance: 5.024591412068205e-07
Norma del vettore g non è uguale a sqrt(N): 40.63297895954782
Norma del vettore g: 20.0
Strategy: omn     , portfolio variance: 1.7478430138727985e-10
Norma del vettore g non è uguale a sqrt(N): 40.63297895954782
Norma del vettore g: 20.0
Strategy: omn     , portfolio variance: 1.8322173930034103e-10
Norma del vettore g non è uguale a sqrt(N): 40.63297895954782
Norma del vettore g: 20.0
Strategy: omn     , portfolio variance: 6.512239285920724e-07
Norma del vettore g non è uguale a sqrt(N): 40.63297895954782
Norma del vettore g: 20.0
Strategy: omn     , portfolio variance: 6.922522889708906e-07
Norma del vettore g non è uguale a sqrt(N): 40.63297895954782
Norma del vettore g: 20.0
Strategy: omn     , portfolio variance: 0.0026438008251375308
Norma del vettore g non è uguale a sqrt(N): 40.63297895954782
Norma del vettore g: 20.0
Strategy: omn     , portfolio variance: 1.0561037005826717e-06
Norma del vettore g non è uguale a sqrt(N): 40.63297895954782
Norma del vettore g: 20.0
Strategy: omn     , portfolio variance: 1.0981379981840881e-06
Norma del vettore g non è uguale a sqrt(N): 40.63297895954782
Norma del vettore g: 20.0
Strategy: mean_rev, portfolio variance: 5.024591412068205e-07
Norma del vettore g non è uguale a sqrt(N): 40.63297895954782
Norma del vettore g: 20.0
Strategy: mean_rev, portfolio variance: 1.7478430138727985e-10
Norma del vettore g non è uguale a sqrt(N): 40.63297895954782
Norma del vettore g: 20.0
Strategy: mean_rev, portfolio variance: 1.8322173930034103e-10
Norma del vettore g non è uguale a sqrt(N): 40.63297895954782
Norma del vettore g: 20.0
Strategy: mean_rev, portfolio variance: 6.512239285920724e-07
Norma del vettore g non è uguale a sqrt(N): 40.63297895954782
Norma del vettore g: 20.0
Strategy: mean_rev, portfolio variance: 6.922522889708906e-07
Norma del vettore g non è uguale a sqrt(N): 40.63297895954782
Norma del vettore g: 20.0
Strategy: mean_rev, portfolio variance: 0.0026438008251375308
Norma del vettore g non è uguale a sqrt(N): 40.63297895954782
Norma del vettore g: 20.0
Strategy: mean_rev, portfolio variance: 1.0561037005826717e-06
Norma del vettore g non è uguale a sqrt(N): 40.63297895954782
Norma del vettore g: 20.0
Strategy: mean_rev, portfolio variance: 1.0981379981840881e-06
Norma del vettore g: 20.0
Strategy: rnd     , portfolio variance: 7.69855237289719e-08
Norma del vettore g: 20.0
Strategy: rnd     , portfolio variance: 9.440547260746645e-10
Norma del vettore g: 20.0
Strategy: rnd     , portfolio variance: 1.2243160759461042e-10
Norma del vettore g: 19.999999999999996
Strategy: rnd     , portfolio variance: 4.7146265472112537e-07
Norma del vettore g: 20.0
Strategy: rnd     , portfolio variance: 2.0352965123770437e-07
Norma del vettore g: 20.000000000000004
Strategy: rnd     , portfolio variance: 0.0012388070025712386
Norma del vettore g: 20.0
Strategy: rnd     , portfolio variance: 1.8464186025996888e-07
Norma del vettore g: 20.000000000000004
Strategy: rnd     , portfolio variance: 1.3264832236676263e-07
[==============================================                        ] 66.88%
Norma del vettore g: 20.0
Strategy: min_var , portfolio variance: 8.823516446352212e-06
Norma del vettore g: 20.0
Strategy: min_var , portfolio variance: 8.348770735926484e-13
Norma del vettore g: 20.0
Strategy: min_var , portfolio variance: 8.46244988476338e-13
Norma del vettore g: 20.0
Strategy: min_var , portfolio variance: 4.7436390004713323e-07
Norma del vettore g: 20.0
Strategy: min_var , portfolio variance: 1.3094440544927502e-05
Norma del vettore g: 20.0
Strategy: min_var , portfolio variance: 0.07436120174559599
Norma del vettore g: 20.0
Strategy: min_var , portfolio variance: 3.0849601530878834e-05
Norma del vettore g: 20.0
Strategy: min_var , portfolio variance: 3.203012171432262e-05
Norma del vettore g non è uguale a sqrt(N): 46.29305462619045
Norma del vettore g: 20.0
Strategy: omn     , portfolio variance: 6.554359785571162e-07
Norma del vettore g non è uguale a sqrt(N): 46.29305462619045
Norma del vettore g: 20.0
Strategy: omn     , portfolio variance: 4.511385819364239e-11
Norma del vettore g non è uguale a sqrt(N): 46.29305462619045
Norma del vettore g: 20.0
Strategy: omn     , portfolio variance: 4.717698329100145e-11
Norma del vettore g non è uguale a sqrt(N): 46.29305462619045
Norma del vettore g: 20.0
Strategy: omn     , portfolio variance: 6.164125547213227e-07
Norma del vettore g non è uguale a sqrt(N): 46.29305462619045
Norma del vettore g: 20.0
Strategy: omn     , portfolio variance: 9.290309829382877e-07
Norma del vettore g non è uguale a sqrt(N): 46.29305462619045
Norma del vettore g: 20.0
Strategy: omn     , portfolio variance: 0.003426195819557211
Norma del vettore g non è uguale a sqrt(N): 46.29305462619045
Norma del vettore g: 20.0
Strategy: omn     , portfolio variance: 1.3565675440046371e-06
Norma del vettore g non è uguale a sqrt(N): 46.29305462619045
Norma del vettore g: 20.0
Strategy: omn     , portfolio variance: 1.3900314350855472e-06
Norma del vettore g non è uguale a sqrt(N): 46.29305462619045
Norma del vettore g: 20.0
Strategy: mean_rev, portfolio variance: 6.554359785571162e-07
Norma del vettore g non è uguale a sqrt(N): 46.29305462619045
Norma del vettore g: 20.0
Strategy: mean_rev, portfolio variance: 4.511385819364239e-11
Norma del vettore g non è uguale a sqrt(N): 46.29305462619045
Norma del vettore g: 20.0
Strategy: mean_rev, portfolio variance: 4.717698329100145e-11
Norma del vettore g non è uguale a sqrt(N): 46.29305462619045
Norma del vettore g: 20.0
Strategy: mean_rev, portfolio variance: 6.164125547213227e-07
Norma del vettore g non è uguale a sqrt(N): 46.29305462619045
Norma del vettore g: 20.0
Strategy: mean_rev, portfolio variance: 9.290309829382877e-07
Norma del vettore g non è uguale a sqrt(N): 46.29305462619045
Norma del vettore g: 20.0
Strategy: mean_rev, portfolio variance: 0.003426195819557211
Norma del vettore g non è uguale a sqrt(N): 46.29305462619045
Norma del vettore g: 20.0
Strategy: mean_rev, portfolio variance: 1.3565675440046371e-06
Norma del vettore g non è uguale a sqrt(N): 46.29305462619045
Norma del vettore g: 20.0
Strategy: mean_rev, portfolio variance: 1.3900314350855472e-06
Norma del vettore g: 20.000000000000004
Strategy: rnd     , portfolio variance: 6.876589282052165e-08
Norma del vettore g: 19.999999999999996
Strategy: rnd     , portfolio variance: 5.57495394956048e-10
Norma del vettore g: 19.999999999999996
Strategy: rnd     , portfolio variance: 8.430364142840865e-10
Norma del vettore g: 20.000000000000004
Strategy: rnd     , portfolio variance: 4.6903296248232217e-07
Norma del vettore g: 20.0
Strategy: rnd     , portfolio variance: 1.9490688806135296e-07
Norma del vettore g: 20.0
Strategy: rnd     , portfolio variance: 0.0012575462184306705
Norma del vettore g: 19.999999999999993
Strategy: rnd     , portfolio variance: 1.6842092072388338e-07
Norma del vettore g: 19.999999999999993
Strategy: rnd     , portfolio variance: 1.8059801273098811e-07
[===============================================                       ] 67.53%
Norma del vettore g: 20.0
Strategy: min_var , portfolio variance: 8.47999711294719e-06
Norma del vettore g: 20.0
Strategy: min_var , portfolio variance: 9.175433149626088e-13
Norma del vettore g: 20.0
Strategy: min_var , portfolio variance: 9.290548043072384e-13
Norma del vettore g: 20.0
Strategy: min_var , portfolio variance: 4.735239985670833e-07
Norma del vettore g: 20.0
Strategy: min_var , portfolio variance: 1.2783739867360052e-05
Norma del vettore g: 20.0
Strategy: min_var , portfolio variance: 0.07201513443268362
Norma del vettore g: 20.0
Strategy: min_var , portfolio variance: 2.994989810420935e-05
Norma del vettore g: 20.0
Strategy: min_var , portfolio variance: 3.0987532760819313e-05
Norma del vettore g non è uguale a sqrt(N): 59.41865719290358
Norma del vettore g: 20.0
Strategy: omn     , portfolio variance: 9.037895790472028e-07
Norma del vettore g non è uguale a sqrt(N): 59.41865719290358
Norma del vettore g: 20.0
Strategy: omn     , portfolio variance: 6.274503831172728e-12
Norma del vettore g non è uguale a sqrt(N): 59.41865719290358
Norma del vettore g: 20.0
Strategy: omn     , portfolio variance: 6.4270209307883425e-12
Norma del vettore g non è uguale a sqrt(N): 59.41865719290358
Norma del vettore g: 20.0
Strategy: omn     , portfolio variance: 6.464506059551624e-07
Norma del vettore g non è uguale a sqrt(N): 59.41865719290358
Norma del vettore g: 20.0
Strategy: omn     , portfolio variance: 1.2272282652963627e-06
Norma del vettore g non è uguale a sqrt(N): 59.41865719290358
Norma del vettore g: 20.0
Strategy: omn     , portfolio variance: 0.004154530500451352
Norma del vettore g non è uguale a sqrt(N): 59.41865719290358
Norma del vettore g: 20.0
Strategy: omn     , portfolio variance: 1.7611662605215872e-06
Norma del vettore g non è uguale a sqrt(N): 59.41865719290358
Norma del vettore g: 20.0
Strategy: omn     , portfolio variance: 1.8248656448882085e-06
Norma del vettore g non è uguale a sqrt(N): 59.41865719290358
Norma del vettore g: 20.0
Strategy: mean_rev, portfolio variance: 9.037895790472028e-07
Norma del vettore g non è uguale a sqrt(N): 59.41865719290358
Norma del vettore g: 20.0
Strategy: mean_rev, portfolio variance: 6.274503831172728e-12
Norma del vettore g non è uguale a sqrt(N): 59.41865719290358
Norma del vettore g: 20.0
Strategy: mean_rev, portfolio variance: 6.4270209307883425e-12
Norma del vettore g non è uguale a sqrt(N): 59.41865719290358
Norma del vettore g: 20.0
Strategy: mean_rev, portfolio variance: 6.464506059551624e-07
Norma del vettore g non è uguale a sqrt(N): 59.41865719290358
Norma del vettore g: 20.0
Strategy: mean_rev, portfolio variance: 1.2272282652963627e-06
Norma del vettore g non è uguale a sqrt(N): 59.41865719290358
Norma del vettore g: 20.0
Strategy: mean_rev, portfolio variance: 0.004154530500451352
Norma del vettore g non è uguale a sqrt(N): 59.41865719290358
Norma del vettore g: 20.0
Strategy: mean_rev, portfolio variance: 1.7611662605215872e-06
Norma del vettore g non è uguale a sqrt(N): 59.41865719290358
Norma del vettore g: 20.0
Strategy: mean_rev, portfolio variance: 1.8248656448882085e-06
Norma del vettore g: 20.0
Strategy: rnd     , portfolio variance: 5.4232097434155975e-08
Norma del vettore g: 20.000000000000007
Strategy: rnd     , portfolio variance: 8.625933971639821e-10
Norma del vettore g: 20.0
Strategy: rnd     , portfolio variance: 8.735696908589205e-11
Norma del vettore g: 20.000000000000004
Strategy: rnd     , portfolio variance: 4.774068373083995e-07
Norma del vettore g: 20.0
Strategy: rnd     , portfolio variance: 1.7777796793477003e-07
Norma del vettore g: 20.000000000000007
Strategy: rnd     , portfolio variance: 0.0012347244213450992
Norma del vettore g: 20.0
Strategy: rnd     , portfolio variance: 1.9481078222373077e-07
Norma del vettore g: 20.0
Strategy: rnd     , portfolio variance: 1.98582354142176e-07
[===============================================                       ] 68.18%
Norma del vettore g: 20.0
Strategy: min_var , portfolio variance: 7.998638547339445e-06
Norma del vettore g: 20.0
Strategy: min_var , portfolio variance: 9.032432996885861e-13
Norma del vettore g: 20.0
Strategy: min_var , portfolio variance: 9.147893099821266e-13
Norma del vettore g: 20.0
Strategy: min_var , portfolio variance: 4.671023612333466e-07
Norma del vettore g: 20.0
Strategy: min_var , portfolio variance: 1.2367094383746805e-05
Norma del vettore g: 20.0
Strategy: min_var , portfolio variance: 0.07082194746701949
Norma del vettore g: 20.0
Strategy: min_var , portfolio variance: 2.916288731508447e-05
Norma del vettore g: 20.0
Strategy: min_var , portfolio variance: 3.0022631944427117e-05
Norma del vettore g non è uguale a sqrt(N): 65.11243166821914
Norma del vettore g: 20.0
Strategy: omn     , portfolio variance: 1.0260251066739945e-06
Norma del vettore g non è uguale a sqrt(N): 65.11243166821914
Norma del vettore g: 20.0
Strategy: omn     , portfolio variance: 1.8049132951677552e-12
Norma del vettore g non è uguale a sqrt(N): 65.11243166821914
Norma del vettore g: 20.0
Strategy: omn     , portfolio variance: 1.83200012970586e-12
Norma del vettore g non è uguale a sqrt(N): 65.11243166821914
Norma del vettore g: 20.0
Strategy: omn     , portfolio variance: 6.564548786657403e-07
Norma del vettore g non è uguale a sqrt(N): 65.11243166821914
Norma del vettore g: 20.0
Strategy: omn     , portfolio variance: 1.4962744272173398e-06
Norma del vettore g non è uguale a sqrt(N): 65.11243166821914
Norma del vettore g: 20.0
Strategy: omn     , portfolio variance: 0.0048234122816294585
Norma del vettore g non è uguale a sqrt(N): 65.11243166821914
Norma del vettore g: 20.0
Strategy: omn     , portfolio variance: 2.8554464654928454e-06
Norma del vettore g non è uguale a sqrt(N): 65.11243166821914
Norma del vettore g: 20.0
Strategy: omn     , portfolio variance: 3.070393199043241e-06
Norma del vettore g non è uguale a sqrt(N): 65.11243166821914
Norma del vettore g: 20.0
Strategy: mean_rev, portfolio variance: 1.0260251066739945e-06
Norma del vettore g non è uguale a sqrt(N): 65.11243166821914
Norma del vettore g: 20.0
Strategy: mean_rev, portfolio variance: 1.8049132951677552e-12
Norma del vettore g non è uguale a sqrt(N): 65.11243166821914
Norma del vettore g: 20.0
Strategy: mean_rev, portfolio variance: 1.83200012970586e-12
Norma del vettore g non è uguale a sqrt(N): 65.11243166821914
Norma del vettore g: 20.0
Strategy: mean_rev, portfolio variance: 6.564548786657403e-07
Norma del vettore g non è uguale a sqrt(N): 65.11243166821914
Norma del vettore g: 20.0
Strategy: mean_rev, portfolio variance: 1.4962744272173398e-06
Norma del vettore g non è uguale a sqrt(N): 65.11243166821914
Norma del vettore g: 20.0
Strategy: mean_rev, portfolio variance: 0.0048234122816294585
Norma del vettore g non è uguale a sqrt(N): 65.11243166821914
Norma del vettore g: 20.0
Strategy: mean_rev, portfolio variance: 2.8554464654928454e-06
Norma del vettore g non è uguale a sqrt(N): 65.11243166821914
Norma del vettore g: 20.0
Strategy: mean_rev, portfolio variance: 3.070393199043241e-06
Norma del vettore g: 19.999999999999993
Strategy: rnd     , portfolio variance: 7.198676576784904e-08
Norma del vettore g: 20.0
Strategy: rnd     , portfolio variance: 2.1581371327748194e-10
Norma del vettore g: 20.0
Strategy: rnd     , portfolio variance: 8.36136939240593e-10
Norma del vettore g: 20.000000000000004
Strategy: rnd     , portfolio variance: 4.724959153929006e-07
Norma del vettore g: 19.999999999999996
Strategy: rnd     , portfolio variance: 1.7695448316295875e-07
Norma del vettore g: 20.000000000000004
Strategy: rnd     , portfolio variance: 0.0011910340704355984
Norma del vettore g: 19.999999999999996
Strategy: rnd     , portfolio variance: 1.46211557729999e-07
Norma del vettore g: 20.000000000000004
Strategy: rnd     , portfolio variance: 1.6003159884797716e-07
[================================================                      ] 68.83%
Norma del vettore g: 20.0
Strategy: min_var , portfolio variance: 7.81614123698954e-06
Norma del vettore g: 20.0
Strategy: min_var , portfolio variance: 8.573427840883896e-13
Norma del vettore g: 20.0
Strategy: min_var , portfolio variance: 8.666804329625578e-13
Norma del vettore g: 20.0
Strategy: min_var , portfolio variance: 4.5984982201604113e-07
Norma del vettore g: 20.0
Strategy: min_var , portfolio variance: 1.2097144064687793e-05
Norma del vettore g: 20.0
Strategy: min_var , portfolio variance: 0.07047612969703362
Norma del vettore g: 20.0
Strategy: min_var , portfolio variance: 2.843948004321937e-05
Norma del vettore g: 20.0
Strategy: min_var , portfolio variance: 2.9279119225296863e-05
Norma del vettore g non è uguale a sqrt(N): 42.177618350361165
Norma del vettore g: 20.000000000000004
Strategy: omn     , portfolio variance: 5.620585937112238e-07
Norma del vettore g non è uguale a sqrt(N): 42.177618350361165
Norma del vettore g: 20.000000000000004
Strategy: omn     , portfolio variance: 3.172501422082572e-12
Norma del vettore g non è uguale a sqrt(N): 42.177618350361165
Norma del vettore g: 20.000000000000004
Strategy: omn     , portfolio variance: 3.2110230565828486e-12
Norma del vettore g non è uguale a sqrt(N): 42.177618350361165
Norma del vettore g: 20.000000000000004
Strategy: omn     , portfolio variance: 5.915235121535103e-07
Norma del vettore g non è uguale a sqrt(N): 42.177618350361165
Norma del vettore g: 20.000000000000004
Strategy: omn     , portfolio variance: 8.282069222402335e-07
Norma del vettore g non è uguale a sqrt(N): 42.177618350361165
Norma del vettore g: 20.000000000000004
Strategy: omn     , portfolio variance: 0.003536212891956334
Norma del vettore g non è uguale a sqrt(N): 42.177618350361165
Norma del vettore g: 20.000000000000004
Strategy: omn     , portfolio variance: 1.1231074246130095e-06
Norma del vettore g non è uguale a sqrt(N): 42.177618350361165
Norma del vettore g: 20.000000000000004
Strategy: omn     , portfolio variance: 1.137489395047797e-06
Norma del vettore g non è uguale a sqrt(N): 42.177618350361165
Norma del vettore g: 20.000000000000004
Strategy: mean_rev, portfolio variance: 5.620585937112238e-07
Norma del vettore g non è uguale a sqrt(N): 42.177618350361165
Norma del vettore g: 20.000000000000004
Strategy: mean_rev, portfolio variance: 3.172501422082572e-12
Norma del vettore g non è uguale a sqrt(N): 42.177618350361165
Norma del vettore g: 20.000000000000004
Strategy: mean_rev, portfolio variance: 3.2110230565828486e-12
Norma del vettore g non è uguale a sqrt(N): 42.177618350361165
Norma del vettore g: 20.000000000000004
Strategy: mean_rev, portfolio variance: 5.915235121535103e-07
Norma del vettore g non è uguale a sqrt(N): 42.177618350361165
Norma del vettore g: 20.000000000000004
Strategy: mean_rev, portfolio variance: 8.282069222402335e-07
Norma del vettore g non è uguale a sqrt(N): 42.177618350361165
Norma del vettore g: 20.000000000000004
Strategy: mean_rev, portfolio variance: 0.003536212891956334
Norma del vettore g non è uguale a sqrt(N): 42.177618350361165
Norma del vettore g: 20.000000000000004
Strategy: mean_rev, portfolio variance: 1.1231074246130095e-06
Norma del vettore g non è uguale a sqrt(N): 42.177618350361165
Norma del vettore g: 20.000000000000004
Strategy: mean_rev, portfolio variance: 1.137489395047797e-06
Norma del vettore g: 19.999999999999996
Strategy: rnd     , portfolio variance: 6.709465838762625e-08
Norma del vettore g: 19.999999999999993
Strategy: rnd     , portfolio variance: 8.950964800418963e-11
Norma del vettore g: 19.999999999999993
Strategy: rnd     , portfolio variance: 1.80307270742536e-10
Norma del vettore g: 20.000000000000004
Strategy: rnd     , portfolio variance: 4.912295763925773e-07
Norma del vettore g: 19.999999999999993
Strategy: rnd     , portfolio variance: 1.6390614527160218e-07
Norma del vettore g: 20.0
Strategy: rnd     , portfolio variance: 0.0012611775665458884
Norma del vettore g: 20.000000000000007
Strategy: rnd     , portfolio variance: 1.6888138364249037e-07
Norma del vettore g: 20.0
Strategy: rnd     , portfolio variance: 1.0721420345211504e-07
[================================================                      ] 69.48%
Norma del vettore g: 20.0
Strategy: min_var , portfolio variance: 1.2379171196602595e-05
Norma del vettore g: 20.0
Strategy: min_var , portfolio variance: 4.384810599418809e-13
Norma del vettore g: 20.0
Strategy: min_var , portfolio variance: 4.54814977382949e-13
Norma del vettore g: 20.0
Strategy: min_var , portfolio variance: 7.610088316910936e-07
Norma del vettore g: 20.0
Strategy: min_var , portfolio variance: 2.1491058343970034e-05
Norma del vettore g: 20.0
Strategy: min_var , portfolio variance: 0.0808221771939378
Norma del vettore g: 20.0
Strategy: min_var , portfolio variance: 4.907280490489242e-05
Norma del vettore g: 20.0
Strategy: min_var , portfolio variance: 5.200880082120291e-05
Norma del vettore g non è uguale a sqrt(N): 38.852402503394565
Norma del vettore g: 19.999999999999993
Strategy: omn     , portfolio variance: 5.470890591747794e-07
Norma del vettore g non è uguale a sqrt(N): 38.852402503394565
Norma del vettore g: 19.999999999999993
Strategy: omn     , portfolio variance: 1.9217505254290206e-12
Norma del vettore g non è uguale a sqrt(N): 38.852402503394565
Norma del vettore g: 19.999999999999993
Strategy: omn     , portfolio variance: 1.9852149963951326e-12
Norma del vettore g non è uguale a sqrt(N): 38.852402503394565
Norma del vettore g: 19.999999999999993
Strategy: omn     , portfolio variance: 9.510179851843548e-07
Norma del vettore g non è uguale a sqrt(N): 38.852402503394565
Norma del vettore g: 19.999999999999993
Strategy: omn     , portfolio variance: 8.908365777195225e-07
Norma del vettore g non è uguale a sqrt(N): 38.852402503394565
Norma del vettore g: 19.999999999999993
Strategy: omn     , portfolio variance: 0.0029660113131435226
Norma del vettore g non è uguale a sqrt(N): 38.852402503394565
Norma del vettore g: 19.999999999999993
Strategy: omn     , portfolio variance: 1.1772681638608709e-06
Norma del vettore g non è uguale a sqrt(N): 38.852402503394565
Norma del vettore g: 19.999999999999993
Strategy: omn     , portfolio variance: 1.2477897469262197e-06
Norma del vettore g non è uguale a sqrt(N): 38.852402503394565
Norma del vettore g: 19.999999999999993
Strategy: mean_rev, portfolio variance: 5.470890591747794e-07
Norma del vettore g non è uguale a sqrt(N): 38.852402503394565
Norma del vettore g: 19.999999999999993
Strategy: mean_rev, portfolio variance: 1.9217505254290206e-12
Norma del vettore g non è uguale a sqrt(N): 38.852402503394565
Norma del vettore g: 19.999999999999993
Strategy: mean_rev, portfolio variance: 1.9852149963951326e-12
Norma del vettore g non è uguale a sqrt(N): 38.852402503394565
Norma del vettore g: 19.999999999999993
Strategy: mean_rev, portfolio variance: 9.510179851843548e-07
Norma del vettore g non è uguale a sqrt(N): 38.852402503394565
Norma del vettore g: 19.999999999999993
Strategy: mean_rev, portfolio variance: 8.908365777195225e-07
Norma del vettore g non è uguale a sqrt(N): 38.852402503394565
Norma del vettore g: 19.999999999999993
Strategy: mean_rev, portfolio variance: 0.0029660113131435226
Norma del vettore g non è uguale a sqrt(N): 38.852402503394565
Norma del vettore g: 19.999999999999993
Strategy: mean_rev, portfolio variance: 1.1772681638608709e-06
Norma del vettore g non è uguale a sqrt(N): 38.852402503394565
Norma del vettore g: 19.999999999999993
Strategy: mean_rev, portfolio variance: 1.2477897469262197e-06
Norma del vettore g: 20.0
Strategy: rnd     , portfolio variance: 6.556119454399498e-08
Norma del vettore g: 20.0
Strategy: rnd     , portfolio variance: 1.1222737781761024e-10
Norma del vettore g: 19.999999999999993
Strategy: rnd     , portfolio variance: 2.339963150927701e-10
Norma del vettore g: 19.999999999999996
Strategy: rnd     , portfolio variance: 7.459989769253983e-07
Norma del vettore g: 20.000000000000007
Strategy: rnd     , portfolio variance: 2.5442584492085843e-07
Norma del vettore g: 20.0
Strategy: rnd     , portfolio variance: 0.0012641403892538114
Norma del vettore g: 20.0
Strategy: rnd     , portfolio variance: 1.472046874075003e-07
Norma del vettore g: 20.0
Strategy: rnd     , portfolio variance: 1.8006227118231465e-07
[=================================================                     ] 70.13%
Norma del vettore g: 20.0
Strategy: min_var , portfolio variance: 1.3841980007195029e-05
Norma del vettore g: 20.0
Strategy: min_var , portfolio variance: 4.3441393153739933e-13
Norma del vettore g: 20.0
Strategy: min_var , portfolio variance: 4.5447094743609086e-13
Norma del vettore g: 20.0
Strategy: min_var , portfolio variance: 9.271123572238007e-07
Norma del vettore g: 20.0
Strategy: min_var , portfolio variance: 2.493144788571392e-05
Norma del vettore g: 20.0
Strategy: min_var , portfolio variance: 0.08544960608871181
Norma del vettore g: 20.0
Strategy: min_var , portfolio variance: 5.8170713066473795e-05
Norma del vettore g: 20.0
Strategy: min_var , portfolio variance: 5.8452845459935875e-05
Norma del vettore g non è uguale a sqrt(N): 38.92769937056006
Norma del vettore g: 20.000000000000004
Strategy: omn     , portfolio variance: 5.72111812576593e-07
Norma del vettore g non è uguale a sqrt(N): 38.92769937056006
Norma del vettore g: 20.000000000000004
Strategy: omn     , portfolio variance: 2.0552962616124798e-11
Norma del vettore g non è uguale a sqrt(N): 38.92769937056006
Norma del vettore g: 20.000000000000004
Strategy: omn     , portfolio variance: 2.1249254186963343e-11
Norma del vettore g non è uguale a sqrt(N): 38.92769937056006
Norma del vettore g: 20.000000000000004
Strategy: omn     , portfolio variance: 1.158856587009374e-06
Norma del vettore g non è uguale a sqrt(N): 38.92769937056006
Norma del vettore g: 20.000000000000004
Strategy: omn     , portfolio variance: 9.601936508342785e-07
Norma del vettore g non è uguale a sqrt(N): 38.92769937056006
Norma del vettore g: 20.000000000000004
Strategy: omn     , portfolio variance: 0.0027218964603873395
Norma del vettore g non è uguale a sqrt(N): 38.92769937056006
Norma del vettore g: 20.000000000000004
Strategy: omn     , portfolio variance: 1.5778755615765367e-06
Norma del vettore g non è uguale a sqrt(N): 38.92769937056006
Norma del vettore g: 20.000000000000004
Strategy: omn     , portfolio variance: 1.439953226207174e-06
Norma del vettore g non è uguale a sqrt(N): 38.92769937056006
Norma del vettore g: 20.000000000000004
Strategy: mean_rev, portfolio variance: 5.72111812576593e-07
Norma del vettore g non è uguale a sqrt(N): 38.92769937056006
Norma del vettore g: 20.000000000000004
Strategy: mean_rev, portfolio variance: 2.0552962616124798e-11
Norma del vettore g non è uguale a sqrt(N): 38.92769937056006
Norma del vettore g: 20.000000000000004
Strategy: mean_rev, portfolio variance: 2.1249254186963343e-11
Norma del vettore g non è uguale a sqrt(N): 38.92769937056006
Norma del vettore g: 20.000000000000004
Strategy: mean_rev, portfolio variance: 1.158856587009374e-06
Norma del vettore g non è uguale a sqrt(N): 38.92769937056006
Norma del vettore g: 20.000000000000004
Strategy: mean_rev, portfolio variance: 9.601936508342785e-07
Norma del vettore g non è uguale a sqrt(N): 38.92769937056006
Norma del vettore g: 20.000000000000004
Strategy: mean_rev, portfolio variance: 0.0027218964603873395
Norma del vettore g non è uguale a sqrt(N): 38.92769937056006
Norma del vettore g: 20.000000000000004
Strategy: mean_rev, portfolio variance: 1.5778755615765367e-06
Norma del vettore g non è uguale a sqrt(N): 38.92769937056006
Norma del vettore g: 20.000000000000004
Strategy: mean_rev, portfolio variance: 1.439953226207174e-06
Norma del vettore g: 20.000000000000007
Strategy: rnd     , portfolio variance: 5.424337759776839e-08
Norma del vettore g: 20.0
Strategy: rnd     , portfolio variance: 5.431771614299221e-10
Norma del vettore g: 20.000000000000004
Strategy: rnd     , portfolio variance: 3.010733598066053e-10
Norma del vettore g: 20.000000000000004
Strategy: rnd     , portfolio variance: 9.275093198670264e-07
Norma del vettore g: 20.000000000000007
Strategy: rnd     , portfolio variance: 2.5929390911467273e-07
Norma del vettore g: 19.999999999999993
Strategy: rnd     , portfolio variance: 0.0011827371642223997
Norma del vettore g: 20.0
Strategy: rnd     , portfolio variance: 2.6259614080295463e-07
Norma del vettore g: 20.000000000000007
Strategy: rnd     , portfolio variance: 2.2624334288441388e-07
[=================================================                     ] 70.78%
Norma del vettore g: 20.0
Strategy: min_var , portfolio variance: 1.473737785448926e-05
Norma del vettore g: 20.0
Strategy: min_var , portfolio variance: 4.567299507271065e-13
Norma del vettore g: 20.0
Strategy: min_var , portfolio variance: 4.774127924933069e-13
Norma del vettore g: 20.0
Strategy: min_var , portfolio variance: 9.751631312407625e-07
Norma del vettore g: 20.0
Strategy: min_var , portfolio variance: 2.6255511955562116e-05
Norma del vettore g: 20.0
Strategy: min_var , portfolio variance: 0.08609228289987361
Norma del vettore g: 20.0
Strategy: min_var , portfolio variance: 6.370001773410818e-05
Norma del vettore g: 20.0
Strategy: min_var , portfolio variance: 6.393280624605998e-05
Norma del vettore g non è uguale a sqrt(N): 44.65089410147328
Norma del vettore g: 20.000000000000007
Strategy: omn     , portfolio variance: 7.261636264497673e-07
Norma del vettore g non è uguale a sqrt(N): 44.65089410147328
Norma del vettore g: 20.000000000000007
Strategy: omn     , portfolio variance: 2.2358430263835157e-12
Norma del vettore g non è uguale a sqrt(N): 44.65089410147328
Norma del vettore g: 20.000000000000007
Strategy: omn     , portfolio variance: 2.3244002469731816e-12
Norma del vettore g non è uguale a sqrt(N): 44.65089410147328
Norma del vettore g: 20.000000000000007
Strategy: omn     , portfolio variance: 1.1348602906483282e-06
Norma del vettore g non è uguale a sqrt(N): 44.65089410147328
Norma del vettore g: 20.000000000000007
Strategy: omn     , portfolio variance: 1.207922157027505e-06
Norma del vettore g non è uguale a sqrt(N): 44.65089410147328
Norma del vettore g: 20.000000000000007
Strategy: omn     , portfolio variance: 0.003399877009234127
Norma del vettore g non è uguale a sqrt(N): 44.65089410147328
Norma del vettore g: 20.000000000000007
Strategy: omn     , portfolio variance: 1.8718698703125507e-06
Norma del vettore g non è uguale a sqrt(N): 44.65089410147328
Norma del vettore g: 20.000000000000007
Strategy: omn     , portfolio variance: 1.750312584474772e-06
Norma del vettore g non è uguale a sqrt(N): 44.65089410147328
Norma del vettore g: 20.000000000000007
Strategy: mean_rev, portfolio variance: 7.261636264497673e-07
Norma del vettore g non è uguale a sqrt(N): 44.65089410147328
Norma del vettore g: 20.000000000000007
Strategy: mean_rev, portfolio variance: 2.2358430263835157e-12
Norma del vettore g non è uguale a sqrt(N): 44.65089410147328
Norma del vettore g: 20.000000000000007
Strategy: mean_rev, portfolio variance: 2.3244002469731816e-12
Norma del vettore g non è uguale a sqrt(N): 44.65089410147328
Norma del vettore g: 20.000000000000007
Strategy: mean_rev, portfolio variance: 1.1348602906483282e-06
Norma del vettore g non è uguale a sqrt(N): 44.65089410147328
Norma del vettore g: 20.000000000000007
Strategy: mean_rev, portfolio variance: 1.207922157027505e-06
Norma del vettore g non è uguale a sqrt(N): 44.65089410147328
Norma del vettore g: 20.000000000000007
Strategy: mean_rev, portfolio variance: 0.003399877009234127
Norma del vettore g non è uguale a sqrt(N): 44.65089410147328
Norma del vettore g: 20.000000000000007
Strategy: mean_rev, portfolio variance: 1.8718698703125507e-06
Norma del vettore g non è uguale a sqrt(N): 44.65089410147328
Norma del vettore g: 20.000000000000007
Strategy: mean_rev, portfolio variance: 1.750312584474772e-06
Norma del vettore g: 19.999999999999996
Strategy: rnd     , portfolio variance: 7.078399759971637e-08
Norma del vettore g: 20.000000000000007
Strategy: rnd     , portfolio variance: 1.1344716651489415e-10
Norma del vettore g: 19.999999999999996
Strategy: rnd     , portfolio variance: 1.3731046784211823e-10
Norma del vettore g: 20.0
Strategy: rnd     , portfolio variance: 1.004680461842274e-06
Norma del vettore g: 20.000000000000004
Strategy: rnd     , portfolio variance: 2.8752053683994964e-07
Norma del vettore g: 20.0
Strategy: rnd     , portfolio variance: 0.00122667850942075
Norma del vettore g: 19.999999999999993
Strategy: rnd     , portfolio variance: 2.1326932528128523e-07
Norma del vettore g: 19.999999999999993
Strategy: rnd     , portfolio variance: 3.3727027608462145e-07
[==================================================                    ] 71.43%
Norma del vettore g: 20.0
Strategy: min_var , portfolio variance: 1.5648353397530877e-05
Norma del vettore g: 20.0
Strategy: min_var , portfolio variance: 4.588107956947674e-13
Norma del vettore g: 20.0
Strategy: min_var , portfolio variance: 4.798428850548694e-13
Norma del vettore g: 20.0
Strategy: min_var , portfolio variance: 1.0115980171077594e-06
Norma del vettore g: 20.0
Strategy: min_var , portfolio variance: 2.7735043412181027e-05
Norma del vettore g: 20.0
Strategy: min_var , portfolio variance: 0.0884202183467776
Norma del vettore g: 20.0
Strategy: min_var , portfolio variance: 6.596040737480668e-05
Norma del vettore g: 20.0
Strategy: min_var , portfolio variance: 6.460212297651657e-05
Norma del vettore g non è uguale a sqrt(N): 38.71776784206766
Norma del vettore g: 20.000000000000004
Strategy: omn     , portfolio variance: 5.55522297672813e-07
Norma del vettore g non è uguale a sqrt(N): 38.71776784206766
Norma del vettore g: 20.000000000000004
Strategy: omn     , portfolio variance: 2.4443267311318055e-12
Norma del vettore g non è uguale a sqrt(N): 38.71776784206766
Norma del vettore g: 20.000000000000004
Strategy: omn     , portfolio variance: 2.5600448779681054e-12
Norma del vettore g non è uguale a sqrt(N): 38.71776784206766
Norma del vettore g: 20.000000000000004
Strategy: omn     , portfolio variance: 1.2674941882609586e-06
Norma del vettore g non è uguale a sqrt(N): 38.71776784206766
Norma del vettore g: 20.000000000000004
Strategy: omn     , portfolio variance: 9.648342232846196e-07
Norma del vettore g non è uguale a sqrt(N): 38.71776784206766
Norma del vettore g: 20.000000000000004
Strategy: omn     , portfolio variance: 0.0026016056797642274
Norma del vettore g non è uguale a sqrt(N): 38.71776784206766
Norma del vettore g: 20.000000000000004
Strategy: omn     , portfolio variance: 1.3703166284896503e-06
Norma del vettore g non è uguale a sqrt(N): 38.71776784206766
Norma del vettore g: 20.000000000000004
Strategy: omn     , portfolio variance: 1.2762972913741738e-06
Norma del vettore g non è uguale a sqrt(N): 38.71776784206766
Norma del vettore g: 20.000000000000004
Strategy: mean_rev, portfolio variance: 5.55522297672813e-07
Norma del vettore g non è uguale a sqrt(N): 38.71776784206766
Norma del vettore g: 20.000000000000004
Strategy: mean_rev, portfolio variance: 2.4443267311318055e-12
Norma del vettore g non è uguale a sqrt(N): 38.71776784206766
Norma del vettore g: 20.000000000000004
Strategy: mean_rev, portfolio variance: 2.5600448779681054e-12
Norma del vettore g non è uguale a sqrt(N): 38.71776784206766
Norma del vettore g: 20.000000000000004
Strategy: mean_rev, portfolio variance: 1.2674941882609586e-06
Norma del vettore g non è uguale a sqrt(N): 38.71776784206766
Norma del vettore g: 20.000000000000004
Strategy: mean_rev, portfolio variance: 9.648342232846196e-07
Norma del vettore g non è uguale a sqrt(N): 38.71776784206766
Norma del vettore g: 20.000000000000004
Strategy: mean_rev, portfolio variance: 0.0026016056797642274
Norma del vettore g non è uguale a sqrt(N): 38.71776784206766
Norma del vettore g: 20.000000000000004
Strategy: mean_rev, portfolio variance: 1.3703166284896503e-06
Norma del vettore g non è uguale a sqrt(N): 38.71776784206766
Norma del vettore g: 20.000000000000004
Strategy: mean_rev, portfolio variance: 1.2762972913741738e-06
Norma del vettore g: 20.000000000000004
Strategy: rnd     , portfolio variance: 8.365507871507756e-08
Norma del vettore g: 20.000000000000004
Strategy: rnd     , portfolio variance: 1.4634368644876044e-07
Norma del vettore g: 20.0
Strategy: rnd     , portfolio variance: 9.04216702535901e-08
Norma del vettore g: 20.0
Strategy: rnd     , portfolio variance: 9.623631024570093e-07
Norma del vettore g: 19.999999999999996
Strategy: rnd     , portfolio variance: 2.838383593570157e-07
Norma del vettore g: 20.0
Strategy: rnd     , portfolio variance: 0.0011113358891862467
Norma del vettore g: 19.999999999999996
Strategy: rnd     , portfolio variance: 1.203477947971563e-07
Norma del vettore g: 19.999999999999993
Strategy: rnd     , portfolio variance: 3.170471535477885e-07
[==================================================                    ] 72.08%
Norma del vettore g: 20.0
Strategy: min_var , portfolio variance: 1.6062006110319034e-05
Norma del vettore g: 20.0
Strategy: min_var , portfolio variance: 4.767584653099153e-13
Norma del vettore g: 20.0
Strategy: min_var , portfolio variance: 4.972744594966755e-13
Norma del vettore g: 20.0
Strategy: min_var , portfolio variance: 1.0286969255680137e-06
Norma del vettore g: 20.0
Strategy: min_var , portfolio variance: 2.830970110706873e-05
Norma del vettore g: 20.0
Strategy: min_var , portfolio variance: 0.0893246357779433
Norma del vettore g: 20.0
Strategy: min_var , portfolio variance: 6.792312661773322e-05
Norma del vettore g: 20.0
Strategy: min_var , portfolio variance: 6.63894592584878e-05
Norma del vettore g non è uguale a sqrt(N): 35.749385007915194
Norma del vettore g: 20.0
Strategy: omn     , portfolio variance: 4.70275453030682e-07
Norma del vettore g non è uguale a sqrt(N): 35.749385007915194
Norma del vettore g: 20.0
Strategy: omn     , portfolio variance: 2.2967672686057454e-11
Norma del vettore g non è uguale a sqrt(N): 35.749385007915194
Norma del vettore g: 20.0
Strategy: omn     , portfolio variance: 2.378922540006993e-11
Norma del vettore g non è uguale a sqrt(N): 35.749385007915194
Norma del vettore g: 20.0
Strategy: omn     , portfolio variance: 1.2593171728384978e-06
Norma del vettore g non è uguale a sqrt(N): 35.749385007915194
Norma del vettore g: 20.0
Strategy: omn     , portfolio variance: 7.937304976410918e-07
Norma del vettore g non è uguale a sqrt(N): 35.749385007915194
Norma del vettore g: 20.0
Strategy: omn     , portfolio variance: 0.0022481758784858395
Norma del vettore g non è uguale a sqrt(N): 35.749385007915194
Norma del vettore g: 20.0
Strategy: omn     , portfolio variance: 1.0556360301591737e-06
Norma del vettore g non è uguale a sqrt(N): 35.749385007915194
Norma del vettore g: 20.0
Strategy: omn     , portfolio variance: 1.0648880656032323e-06
Norma del vettore g non è uguale a sqrt(N): 35.749385007915194
Norma del vettore g: 20.0
Strategy: mean_rev, portfolio variance: 4.70275453030682e-07
Norma del vettore g non è uguale a sqrt(N): 35.749385007915194
Norma del vettore g: 20.0
Strategy: mean_rev, portfolio variance: 2.2967672686057454e-11
Norma del vettore g non è uguale a sqrt(N): 35.749385007915194
Norma del vettore g: 20.0
Strategy: mean_rev, portfolio variance: 2.378922540006993e-11
Norma del vettore g non è uguale a sqrt(N): 35.749385007915194
Norma del vettore g: 20.0
Strategy: mean_rev, portfolio variance: 1.2593171728384978e-06
Norma del vettore g non è uguale a sqrt(N): 35.749385007915194
Norma del vettore g: 20.0
Strategy: mean_rev, portfolio variance: 7.937304976410918e-07
Norma del vettore g non è uguale a sqrt(N): 35.749385007915194
Norma del vettore g: 20.0
Strategy: mean_rev, portfolio variance: 0.0022481758784858395
Norma del vettore g non è uguale a sqrt(N): 35.749385007915194
Norma del vettore g: 20.0
Strategy: mean_rev, portfolio variance: 1.0556360301591737e-06
Norma del vettore g non è uguale a sqrt(N): 35.749385007915194
Norma del vettore g: 20.0
Strategy: mean_rev, portfolio variance: 1.0648880656032323e-06
Norma del vettore g: 19.999999999999996
Strategy: rnd     , portfolio variance: 9.407599432750385e-08
Norma del vettore g: 19.999999999999996
Strategy: rnd     , portfolio variance: 3.9733470749258914e-11
Norma del vettore g: 19.999999999999996
Strategy: rnd     , portfolio variance: 1.0586315877567483e-10
Norma del vettore g: 20.000000000000007
Strategy: rnd     , portfolio variance: 9.86471641447801e-07
Norma del vettore g: 20.0
Strategy: rnd     , portfolio variance: 3.0428225631157726e-07
Norma del vettore g: 20.000000000000007
Strategy: rnd     , portfolio variance: 0.0011274875895176662
Norma del vettore g: 20.0
Strategy: rnd     , portfolio variance: 1.5872990246834422e-07
Norma del vettore g: 20.0
Strategy: rnd     , portfolio variance: 2.819090190789411e-07
[==================================================                    ] 72.73%
Norma del vettore g: 20.0
Strategy: min_var , portfolio variance: 1.6370655053090866e-05
Norma del vettore g: 20.0
Strategy: min_var , portfolio variance: 4.82453895988685e-13
Norma del vettore g: 20.0
Strategy: min_var , portfolio variance: 5.022633928981517e-13
Norma del vettore g: 20.0
Strategy: min_var , portfolio variance: 1.0419092612866012e-06
Norma del vettore g: 20.0
Strategy: min_var , portfolio variance: 2.877290294770047e-05
Norma del vettore g: 20.0
Strategy: min_var , portfolio variance: 0.09040384935650703
Norma del vettore g: 20.0
Strategy: min_var , portfolio variance: 6.683383918184873e-05
Norma del vettore g: 20.0
Strategy: min_var , portfolio variance: 6.53411396835777e-05
Norma del vettore g non è uguale a sqrt(N): 40.56848494690373
Norma del vettore g: 20.000000000000007
Strategy: omn     , portfolio variance: 5.353690519419956e-07
Norma del vettore g non è uguale a sqrt(N): 40.56848494690373
Norma del vettore g: 20.000000000000007
Strategy: omn     , portfolio variance: 3.0776571962495603e-12
Norma del vettore g non è uguale a sqrt(N): 40.56848494690373
Norma del vettore g: 20.000000000000007
Strategy: omn     , portfolio variance: 3.215299919951076e-12
Norma del vettore g non è uguale a sqrt(N): 40.56848494690373
Norma del vettore g: 20.000000000000007
Strategy: omn     , portfolio variance: 1.2838114971493637e-06
Norma del vettore g non è uguale a sqrt(N): 40.56848494690373
Norma del vettore g: 20.000000000000007
Strategy: omn     , portfolio variance: 9.075184723199577e-07
Norma del vettore g non è uguale a sqrt(N): 40.56848494690373
Norma del vettore g: 20.000000000000007
Strategy: omn     , portfolio variance: 0.002481960024955731
Norma del vettore g non è uguale a sqrt(N): 40.56848494690373
Norma del vettore g: 20.000000000000007
Strategy: omn     , portfolio variance: 1.169540260384491e-06
Norma del vettore g non è uguale a sqrt(N): 40.56848494690373
Norma del vettore g: 20.000000000000007
Strategy: omn     , portfolio variance: 1.1939850157957568e-06
Norma del vettore g non è uguale a sqrt(N): 40.56848494690373
Norma del vettore g: 20.000000000000007
Strategy: mean_rev, portfolio variance: 5.353690519419956e-07
Norma del vettore g non è uguale a sqrt(N): 40.56848494690373
Norma del vettore g: 20.000000000000007
Strategy: mean_rev, portfolio variance: 3.0776571962495603e-12
Norma del vettore g non è uguale a sqrt(N): 40.56848494690373
Norma del vettore g: 20.000000000000007
Strategy: mean_rev, portfolio variance: 3.215299919951076e-12
Norma del vettore g non è uguale a sqrt(N): 40.56848494690373
Norma del vettore g: 20.000000000000007
Strategy: mean_rev, portfolio variance: 1.2838114971493637e-06
Norma del vettore g non è uguale a sqrt(N): 40.56848494690373
Norma del vettore g: 20.000000000000007
Strategy: mean_rev, portfolio variance: 9.075184723199577e-07
Norma del vettore g non è uguale a sqrt(N): 40.56848494690373
Norma del vettore g: 20.000000000000007
Strategy: mean_rev, portfolio variance: 0.002481960024955731
Norma del vettore g non è uguale a sqrt(N): 40.56848494690373
Norma del vettore g: 20.000000000000007
Strategy: mean_rev, portfolio variance: 1.169540260384491e-06
Norma del vettore g non è uguale a sqrt(N): 40.56848494690373
Norma del vettore g: 20.000000000000007
Strategy: mean_rev, portfolio variance: 1.1939850157957568e-06
Norma del vettore g: 19.999999999999993
Strategy: rnd     , portfolio variance: 8.021119005976329e-08
Norma del vettore g: 20.000000000000004
Strategy: rnd     , portfolio variance: 8.217301431244352e-09
Norma del vettore g: 19.999999999999993
Strategy: rnd     , portfolio variance: 3.474412495499404e-11
Norma del vettore g: 20.000000000000004
Strategy: rnd     , portfolio variance: 1.0642584256340016e-06
Norma del vettore g: 19.999999999999993
Strategy: rnd     , portfolio variance: 3.467539020657637e-07
Norma del vettore g: 20.000000000000007
Strategy: rnd     , portfolio variance: 0.0012157666108708071
Norma del vettore g: 20.000000000000007
Strategy: rnd     , portfolio variance: 2.7043610188754047e-07
Norma del vettore g: 19.999999999999993
Strategy: rnd     , portfolio variance: 2.453302355439987e-07
[===================================================                   ] 73.38%
Norma del vettore g: 20.0
Strategy: min_var , portfolio variance: 1.722185277188647e-05
Norma del vettore g: 20.0
Strategy: min_var , portfolio variance: 4.847418514537132e-13
Norma del vettore g: 20.0
Strategy: min_var , portfolio variance: 5.033739091646705e-13
Norma del vettore g: 20.0
Strategy: min_var , portfolio variance: 1.0519637903348046e-06
Norma del vettore g: 20.0
Strategy: min_var , portfolio variance: 2.989439124047506e-05
Norma del vettore g: 20.0
Strategy: min_var , portfolio variance: 0.09170110858952321
Norma del vettore g: 20.0
Strategy: min_var , portfolio variance: 6.684259278256187e-05
Norma del vettore g: 20.0
Strategy: min_var , portfolio variance: 6.933628914551473e-05
Norma del vettore g non è uguale a sqrt(N): 53.3899012576136
Norma del vettore g: 20.000000000000004
Strategy: omn     , portfolio variance: 9.058735026136676e-07
Norma del vettore g non è uguale a sqrt(N): 53.3899012576136
Norma del vettore g: 20.000000000000004
Strategy: omn     , portfolio variance: 1.60110088589913e-12
Norma del vettore g non è uguale a sqrt(N): 53.3899012576136
Norma del vettore g: 20.000000000000004
Strategy: omn     , portfolio variance: 1.6634650357111508e-12
Norma del vettore g non è uguale a sqrt(N): 53.3899012576136
Norma del vettore g: 20.000000000000004
Strategy: omn     , portfolio variance: 1.3598175010123929e-06
Norma del vettore g non è uguale a sqrt(N): 53.3899012576136
Norma del vettore g: 20.000000000000004
Strategy: omn     , portfolio variance: 1.4754118773974423e-06
Norma del vettore g non è uguale a sqrt(N): 53.3899012576136
Norma del vettore g: 20.000000000000004
Strategy: omn     , portfolio variance: 0.0036041937604187986
Norma del vettore g non è uguale a sqrt(N): 53.3899012576136
Norma del vettore g: 20.000000000000004
Strategy: omn     , portfolio variance: 2.2123298291117635e-06
Norma del vettore g non è uguale a sqrt(N): 53.3899012576136
Norma del vettore g: 20.000000000000004
Strategy: omn     , portfolio variance: 2.3122670964536153e-06
Norma del vettore g non è uguale a sqrt(N): 53.3899012576136
Norma del vettore g: 20.000000000000004
Strategy: mean_rev, portfolio variance: 9.058735026136676e-07
Norma del vettore g non è uguale a sqrt(N): 53.3899012576136
Norma del vettore g: 20.000000000000004
Strategy: mean_rev, portfolio variance: 1.60110088589913e-12
Norma del vettore g non è uguale a sqrt(N): 53.3899012576136
Norma del vettore g: 20.000000000000004
Strategy: mean_rev, portfolio variance: 1.6634650357111508e-12
Norma del vettore g non è uguale a sqrt(N): 53.3899012576136
Norma del vettore g: 20.000000000000004
Strategy: mean_rev, portfolio variance: 1.3598175010123929e-06
Norma del vettore g non è uguale a sqrt(N): 53.3899012576136
Norma del vettore g: 20.000000000000004
Strategy: mean_rev, portfolio variance: 1.4754118773974423e-06
Norma del vettore g non è uguale a sqrt(N): 53.3899012576136
Norma del vettore g: 20.000000000000004
Strategy: mean_rev, portfolio variance: 0.0036041937604187986
Norma del vettore g non è uguale a sqrt(N): 53.3899012576136
Norma del vettore g: 20.000000000000004
Strategy: mean_rev, portfolio variance: 2.2123298291117635e-06
Norma del vettore g non è uguale a sqrt(N): 53.3899012576136
Norma del vettore g: 20.000000000000004
Strategy: mean_rev, portfolio variance: 2.3122670964536153e-06
Norma del vettore g: 20.0
Strategy: rnd     , portfolio variance: 7.638247123816496e-08
Norma del vettore g: 19.999999999999996
Strategy: rnd     , portfolio variance: 2.2602035130206736e-09
Norma del vettore g: 20.000000000000004
Strategy: rnd     , portfolio variance: 1.270106292033924e-10
Norma del vettore g: 20.0
Strategy: rnd     , portfolio variance: 1.045977606602127e-06
Norma del vettore g: 20.00000000000001
Strategy: rnd     , portfolio variance: 3.3474161021042533e-07
Norma del vettore g: 20.000000000000004
Strategy: rnd     , portfolio variance: 0.0011368782763825172
Norma del vettore g: 20.000000000000007
Strategy: rnd     , portfolio variance: 2.332233145562644e-07
Norma del vettore g: 19.999999999999996
Strategy: rnd     , portfolio variance: 2.51027301616504e-07
[===================================================                   ] 74.03%
Norma del vettore g: 20.0
Strategy: min_var , portfolio variance: 1.7764087189287245e-05
Norma del vettore g: 20.0
Strategy: min_var , portfolio variance: 5.226923635736399e-13
Norma del vettore g: 20.0
Strategy: min_var , portfolio variance: 5.434542420871696e-13
Norma del vettore g: 20.0
Strategy: min_var , portfolio variance: 1.0909837645298079e-06
Norma del vettore g: 20.0
Strategy: min_var , portfolio variance: 3.1436754256770074e-05
Norma del vettore g: 20.0
Strategy: min_var , portfolio variance: 0.09312124644051492
Norma del vettore g: 20.0
Strategy: min_var , portfolio variance: 7.193968498948068e-05
Norma del vettore g: 20.0
Strategy: min_var , portfolio variance: 7.479344537603111e-05
Norma del vettore g non è uguale a sqrt(N): 51.58581747540187
Norma del vettore g: 20.0
Strategy: omn     , portfolio variance: 7.8978409571433e-07
Norma del vettore g non è uguale a sqrt(N): 51.58581747540187
Norma del vettore g: 20.0
Strategy: omn     , portfolio variance: 1.4059776897110022e-12
Norma del vettore g non è uguale a sqrt(N): 51.58581747540187
Norma del vettore g: 20.0
Strategy: omn     , portfolio variance: 1.4567218374364851e-12
Norma del vettore g non è uguale a sqrt(N): 51.58581747540187
Norma del vettore g: 20.0
Strategy: omn     , portfolio variance: 1.2829182781496816e-06
Norma del vettore g non è uguale a sqrt(N): 51.58581747540187
Norma del vettore g: 20.0
Strategy: omn     , portfolio variance: 1.3192679872478722e-06
Norma del vettore g non è uguale a sqrt(N): 51.58581747540187
Norma del vettore g: 20.0
Strategy: omn     , portfolio variance: 0.003395076689336772
Norma del vettore g non è uguale a sqrt(N): 51.58581747540187
Norma del vettore g: 20.0
Strategy: omn     , portfolio variance: 1.951499412635603e-06
Norma del vettore g non è uguale a sqrt(N): 51.58581747540187
Norma del vettore g: 20.0
Strategy: omn     , portfolio variance: 2.0505627978869277e-06
Norma del vettore g non è uguale a sqrt(N): 51.58581747540187
Norma del vettore g: 20.0
Strategy: mean_rev, portfolio variance: 7.8978409571433e-07
Norma del vettore g non è uguale a sqrt(N): 51.58581747540187
Norma del vettore g: 20.0
Strategy: mean_rev, portfolio variance: 1.4059776897110022e-12
Norma del vettore g non è uguale a sqrt(N): 51.58581747540187
Norma del vettore g: 20.0
Strategy: mean_rev, portfolio variance: 1.4567218374364851e-12
Norma del vettore g non è uguale a sqrt(N): 51.58581747540187
Norma del vettore g: 20.0
Strategy: mean_rev, portfolio variance: 1.2829182781496816e-06
Norma del vettore g non è uguale a sqrt(N): 51.58581747540187
Norma del vettore g: 20.0
Strategy: mean_rev, portfolio variance: 1.3192679872478722e-06
Norma del vettore g non è uguale a sqrt(N): 51.58581747540187
Norma del vettore g: 20.0
Strategy: mean_rev, portfolio variance: 0.003395076689336772
Norma del vettore g non è uguale a sqrt(N): 51.58581747540187
Norma del vettore g: 20.0
Strategy: mean_rev, portfolio variance: 1.951499412635603e-06
Norma del vettore g non è uguale a sqrt(N): 51.58581747540187
Norma del vettore g: 20.0
Strategy: mean_rev, portfolio variance: 2.0505627978869277e-06
Norma del vettore g: 20.0
Strategy: rnd     , portfolio variance: 8.767674378605553e-08
Norma del vettore g: 19.999999999999996
Strategy: rnd     , portfolio variance: 5.053396166881032e-10
Norma del vettore g: 20.000000000000004
Strategy: rnd     , portfolio variance: 2.280939697745926e-09
Norma del vettore g: 20.0
Strategy: rnd     , portfolio variance: 1.1409045558855872e-06
Norma del vettore g: 20.000000000000004
Strategy: rnd     , portfolio variance: 3.0948280712692223e-07
Norma del vettore g: 20.000000000000007
Strategy: rnd     , portfolio variance: 0.0011770261624184
Norma del vettore g: 19.999999999999993
Strategy: rnd     , portfolio variance: 3.812615588227506e-07
Norma del vettore g: 20.000000000000004
Strategy: rnd     , portfolio variance: 2.6240488931624385e-07
[====================================================                  ] 74.68%
Norma del vettore g: 20.0
Strategy: min_var , portfolio variance: 1.7947455111390766e-05
Norma del vettore g: 20.0
Strategy: min_var , portfolio variance: 5.278271871008169e-13
Norma del vettore g: 20.0
Strategy: min_var , portfolio variance: 5.485929649171842e-13
Norma del vettore g: 20.0
Strategy: min_var , portfolio variance: 1.0979679991247417e-06
Norma del vettore g: 20.0
Strategy: min_var , portfolio variance: 3.1674928472288984e-05
Norma del vettore g: 20.0
Strategy: min_var , portfolio variance: 0.09350965481086704
Norma del vettore g: 20.0
Strategy: min_var , portfolio variance: 7.220493499740666e-05
Norma del vettore g: 20.0
Strategy: min_var , portfolio variance: 7.256511667383817e-05
Norma del vettore g non è uguale a sqrt(N): 63.481586028963044
Norma del vettore g: 20.000000000000004
Strategy: omn     , portfolio variance: 1.196282097316842e-06
Norma del vettore g non è uguale a sqrt(N): 63.481586028963044
Norma del vettore g: 20.000000000000004
Strategy: omn     , portfolio variance: 1.2168974917093391e-12
Norma del vettore g non è uguale a sqrt(N): 63.481586028963044
Norma del vettore g: 20.000000000000004
Strategy: omn     , portfolio variance: 1.2489876212546528e-12
Norma del vettore g non è uguale a sqrt(N): 63.481586028963044
Norma del vettore g: 20.000000000000004
Strategy: omn     , portfolio variance: 1.2611445459588188e-06
Norma del vettore g non è uguale a sqrt(N): 63.481586028963044
Norma del vettore g: 20.000000000000004
Strategy: omn     , portfolio variance: 1.9509325518100924e-06
Norma del vettore g non è uguale a sqrt(N): 63.481586028963044
Norma del vettore g: 20.000000000000004
Strategy: omn     , portfolio variance: 0.004973882840782041
Norma del vettore g non è uguale a sqrt(N): 63.481586028963044
Norma del vettore g: 20.000000000000004
Strategy: omn     , portfolio variance: 3.6853436015883925e-06
Norma del vettore g non è uguale a sqrt(N): 63.481586028963044
Norma del vettore g: 20.000000000000004
Strategy: omn     , portfolio variance: 3.720557791801491e-06
Norma del vettore g non è uguale a sqrt(N): 63.481586028963044
Norma del vettore g: 20.000000000000004
Strategy: mean_rev, portfolio variance: 1.196282097316842e-06
Norma del vettore g non è uguale a sqrt(N): 63.481586028963044
Norma del vettore g: 20.000000000000004
Strategy: mean_rev, portfolio variance: 1.2168974917093391e-12
Norma del vettore g non è uguale a sqrt(N): 63.481586028963044
Norma del vettore g: 20.000000000000004
Strategy: mean_rev, portfolio variance: 1.2489876212546528e-12
Norma del vettore g non è uguale a sqrt(N): 63.481586028963044
Norma del vettore g: 20.000000000000004
Strategy: mean_rev, portfolio variance: 1.2611445459588188e-06
Norma del vettore g non è uguale a sqrt(N): 63.481586028963044
Norma del vettore g: 20.000000000000004
Strategy: mean_rev, portfolio variance: 1.9509325518100924e-06
Norma del vettore g non è uguale a sqrt(N): 63.481586028963044
Norma del vettore g: 20.000000000000004
Strategy: mean_rev, portfolio variance: 0.004973882840782041
Norma del vettore g non è uguale a sqrt(N): 63.481586028963044
Norma del vettore g: 20.000000000000004
Strategy: mean_rev, portfolio variance: 3.6853436015883925e-06
Norma del vettore g non è uguale a sqrt(N): 63.481586028963044
Norma del vettore g: 20.000000000000004
Strategy: mean_rev, portfolio variance: 3.720557791801491e-06
Norma del vettore g: 19.999999999999993
Strategy: rnd     , portfolio variance: 9.889170601050345e-08
Norma del vettore g: 20.000000000000007
Strategy: rnd     , portfolio variance: 2.997227321440217e-08
Norma del vettore g: 19.999999999999993
Strategy: rnd     , portfolio variance: 8.613066521150515e-11
Norma del vettore g: 20.0
Strategy: rnd     , portfolio variance: 1.0988973847939325e-06
Norma del vettore g: 20.0
Strategy: rnd     , portfolio variance: 3.264624029359196e-07
Norma del vettore g: 20.0
Strategy: rnd     , portfolio variance: 0.0011200996874339234
Norma del vettore g: 20.0
Strategy: rnd     , portfolio variance: 3.4521802486174606e-07
Norma del vettore g: 20.000000000000004
Strategy: rnd     , portfolio variance: 2.9291522339334933e-07
[====================================================                  ] 75.32%
Norma del vettore g: 20.0
Strategy: min_var , portfolio variance: 1.7912953466074564e-05
Norma del vettore g: 20.0
Strategy: min_var , portfolio variance: 5.398135221471557e-13
Norma del vettore g: 20.0
Strategy: min_var , portfolio variance: 5.607444106446359e-13
Norma del vettore g: 20.0
Strategy: min_var , portfolio variance: 1.110835789713606e-06
Norma del vettore g: 20.0
Strategy: min_var , portfolio variance: 3.153443952690535e-05
Norma del vettore g: 20.0
Strategy: min_var , portfolio variance: 0.09332217897498596
Norma del vettore g: 20.0
Strategy: min_var , portfolio variance: 7.230679730542528e-05
Norma del vettore g: 20.0
Strategy: min_var , portfolio variance: 7.568636629934561e-05
Norma del vettore g non è uguale a sqrt(N): 50.85660340035776
Norma del vettore g: 20.0
Strategy: omn     , portfolio variance: 6.851429135130503e-07
Norma del vettore g non è uguale a sqrt(N): 50.85660340035776
Norma del vettore g: 20.0
Strategy: omn     , portfolio variance: 7.293571117055435e-12
Norma del vettore g non è uguale a sqrt(N): 50.85660340035776
Norma del vettore g: 20.0
Strategy: omn     , portfolio variance: 7.302327142413669e-12
Norma del vettore g non è uguale a sqrt(N): 50.85660340035776
Norma del vettore g: 20.0
Strategy: omn     , portfolio variance: 1.4322614963952532e-06
Norma del vettore g non è uguale a sqrt(N): 50.85660340035776
Norma del vettore g: 20.0
Strategy: omn     , portfolio variance: 1.176559011749038e-06
Norma del vettore g non è uguale a sqrt(N): 50.85660340035776
Norma del vettore g: 20.0
Strategy: omn     , portfolio variance: 0.0029184404510435662
Norma del vettore g non è uguale a sqrt(N): 50.85660340035776
Norma del vettore g: 20.0
Strategy: omn     , portfolio variance: 1.881298072155276e-06
Norma del vettore g non è uguale a sqrt(N): 50.85660340035776
Norma del vettore g: 20.0
Strategy: omn     , portfolio variance: 1.973852733542762e-06
Norma del vettore g non è uguale a sqrt(N): 50.85660340035776
Norma del vettore g: 20.0
Strategy: mean_rev, portfolio variance: 6.851429135130503e-07
Norma del vettore g non è uguale a sqrt(N): 50.85660340035776
Norma del vettore g: 20.0
Strategy: mean_rev, portfolio variance: 7.293571117055435e-12
Norma del vettore g non è uguale a sqrt(N): 50.85660340035776
Norma del vettore g: 20.0
Strategy: mean_rev, portfolio variance: 7.302327142413669e-12
Norma del vettore g non è uguale a sqrt(N): 50.85660340035776
Norma del vettore g: 20.0
Strategy: mean_rev, portfolio variance: 1.4322614963952532e-06
Norma del vettore g non è uguale a sqrt(N): 50.85660340035776
Norma del vettore g: 20.0
Strategy: mean_rev, portfolio variance: 1.176559011749038e-06
Norma del vettore g non è uguale a sqrt(N): 50.85660340035776
Norma del vettore g: 20.0
Strategy: mean_rev, portfolio variance: 0.0029184404510435662
Norma del vettore g non è uguale a sqrt(N): 50.85660340035776
Norma del vettore g: 20.0
Strategy: mean_rev, portfolio variance: 1.881298072155276e-06
Norma del vettore g non è uguale a sqrt(N): 50.85660340035776
Norma del vettore g: 20.0
Strategy: mean_rev, portfolio variance: 1.973852733542762e-06
Norma del vettore g: 19.999999999999996
Strategy: rnd     , portfolio variance: 8.778717620200266e-08
Norma del vettore g: 19.999999999999993
Strategy: rnd     , portfolio variance: 1.3432537339032448e-10
Norma del vettore g: 20.000000000000004
Strategy: rnd     , portfolio variance: 1.0839919258518076e-10
Norma del vettore g: 20.000000000000007
Strategy: rnd     , portfolio variance: 1.0756515178183066e-06
Norma del vettore g: 19.999999999999996
Strategy: rnd     , portfolio variance: 3.568800853672629e-07
Norma del vettore g: 20.000000000000007
Strategy: rnd     , portfolio variance: 0.001214114811955672
Norma del vettore g: 19.999999999999996
Strategy: rnd     , portfolio variance: 1.966352052175177e-07
Norma del vettore g: 20.0
Strategy: rnd     , portfolio variance: 2.2313248842824372e-07
[=====================================================                 ] 75.97%
Norma del vettore g: 20.0
Strategy: min_var , portfolio variance: 1.9224957884431934e-05
Norma del vettore g: 20.0
Strategy: min_var , portfolio variance: 5.576135340281617e-13
Norma del vettore g: 20.0
Strategy: min_var , portfolio variance: 5.767563509947568e-13
Norma del vettore g: 20.0
Strategy: min_var , portfolio variance: 1.1282568470024722e-06
Norma del vettore g: 20.0
Strategy: min_var , portfolio variance: 3.2871382488207506e-05
Norma del vettore g: 20.0
Strategy: min_var , portfolio variance: 0.09435961857520858
Norma del vettore g: 20.0
Strategy: min_var , portfolio variance: 7.484864526836505e-05
Norma del vettore g: 20.0
Strategy: min_var , portfolio variance: 7.544663162915754e-05
Norma del vettore g non è uguale a sqrt(N): 42.54934800963627
Norma del vettore g: 20.000000000000004
Strategy: omn     , portfolio variance: 5.776904885561731e-07
Norma del vettore g non è uguale a sqrt(N): 42.54934800963627
Norma del vettore g: 20.000000000000004
Strategy: omn     , portfolio variance: 5.322045774229265e-12
Norma del vettore g non è uguale a sqrt(N): 42.54934800963627
Norma del vettore g: 20.000000000000004
Strategy: omn     , portfolio variance: 5.526936554238123e-12
Norma del vettore g non è uguale a sqrt(N): 42.54934800963627
Norma del vettore g: 20.000000000000004
Strategy: omn     , portfolio variance: 1.4132625512518962e-06
Norma del vettore g non è uguale a sqrt(N): 42.54934800963627
Norma del vettore g: 20.000000000000004
Strategy: omn     , portfolio variance: 1.022043972213071e-06
Norma del vettore g non è uguale a sqrt(N): 42.54934800963627
Norma del vettore g: 20.000000000000004
Strategy: omn     , portfolio variance: 0.00246644424220611
Norma del vettore g non è uguale a sqrt(N): 42.54934800963627
Norma del vettore g: 20.000000000000004
Strategy: omn     , portfolio variance: 1.3401185942483056e-06
Norma del vettore g non è uguale a sqrt(N): 42.54934800963627
Norma del vettore g: 20.000000000000004
Strategy: omn     , portfolio variance: 1.347905788814119e-06
Norma del vettore g non è uguale a sqrt(N): 42.54934800963627
Norma del vettore g: 20.000000000000004
Strategy: mean_rev, portfolio variance: 5.776904885561731e-07
Norma del vettore g non è uguale a sqrt(N): 42.54934800963627
Norma del vettore g: 20.000000000000004
Strategy: mean_rev, portfolio variance: 5.322045774229265e-12
Norma del vettore g non è uguale a sqrt(N): 42.54934800963627
Norma del vettore g: 20.000000000000004
Strategy: mean_rev, portfolio variance: 5.526936554238123e-12
Norma del vettore g non è uguale a sqrt(N): 42.54934800963627
Norma del vettore g: 20.000000000000004
Strategy: mean_rev, portfolio variance: 1.4132625512518962e-06
Norma del vettore g non è uguale a sqrt(N): 42.54934800963627
Norma del vettore g: 20.000000000000004
Strategy: mean_rev, portfolio variance: 1.022043972213071e-06
Norma del vettore g non è uguale a sqrt(N): 42.54934800963627
Norma del vettore g: 20.000000000000004
Strategy: mean_rev, portfolio variance: 0.00246644424220611
Norma del vettore g non è uguale a sqrt(N): 42.54934800963627
Norma del vettore g: 20.000000000000004
Strategy: mean_rev, portfolio variance: 1.3401185942483056e-06
Norma del vettore g non è uguale a sqrt(N): 42.54934800963627
Norma del vettore g: 20.000000000000004
Strategy: mean_rev, portfolio variance: 1.347905788814119e-06
Norma del vettore g: 20.000000000000004
Strategy: rnd     , portfolio variance: 8.214889648699979e-08
Norma del vettore g: 19.999999999999993
Strategy: rnd     , portfolio variance: 2.841349043935743e-10
Norma del vettore g: 19.999999999999996
Strategy: rnd     , portfolio variance: 6.601623413790918e-10
Norma del vettore g: 20.0
Strategy: rnd     , portfolio variance: 1.1745017678084903e-06
Norma del vettore g: 20.0
Strategy: rnd     , portfolio variance: 3.1019743035374606e-07
Norma del vettore g: 20.0
Strategy: rnd     , portfolio variance: 0.0011569100264708708
Norma del vettore g: 20.0
Strategy: rnd     , portfolio variance: 2.307117092068347e-07
Norma del vettore g: 20.0
Strategy: rnd     , portfolio variance: 3.133531704327995e-07
[=====================================================                 ] 76.62%
Norma del vettore g: 20.0
Strategy: min_var , portfolio variance: 1.8484055941568257e-05
Norma del vettore g: 20.0
Strategy: min_var , portfolio variance: 5.655116515386402e-13
Norma del vettore g: 20.0
Strategy: min_var , portfolio variance: 5.861728366743865e-13
Norma del vettore g: 20.0
Strategy: min_var , portfolio variance: 1.1149325105290099e-06
Norma del vettore g: 20.0
Strategy: min_var , portfolio variance: 3.1513250823599623e-05
Norma del vettore g: 20.0
Strategy: min_var , portfolio variance: 0.09191133469070317
Norma del vettore g: 20.0
Strategy: min_var , portfolio variance: 7.42784660674538e-05
Norma del vettore g: 20.0
Strategy: min_var , portfolio variance: 7.417384553635756e-05
Norma del vettore g non è uguale a sqrt(N): 44.65816117992208
Norma del vettore g: 20.000000000000007
Strategy: omn     , portfolio variance: 6.007014990444888e-07
Norma del vettore g non è uguale a sqrt(N): 44.65816117992208
Norma del vettore g: 20.000000000000007
Strategy: omn     , portfolio variance: 6.026746557669079e-11
Norma del vettore g non è uguale a sqrt(N): 44.65816117992208
Norma del vettore g: 20.000000000000007
Strategy: omn     , portfolio variance: 6.111163423930881e-11
Norma del vettore g non è uguale a sqrt(N): 44.65816117992208
Norma del vettore g: 20.000000000000007
Strategy: omn     , portfolio variance: 1.5398871740755987e-06
Norma del vettore g non è uguale a sqrt(N): 44.65816117992208
Norma del vettore g: 20.000000000000007
Strategy: omn     , portfolio variance: 1.0302696409830352e-06
Norma del vettore g non è uguale a sqrt(N): 44.65816117992208
Norma del vettore g: 20.000000000000007
Strategy: omn     , portfolio variance: 0.0022139460650200176
Norma del vettore g non è uguale a sqrt(N): 44.65816117992208
Norma del vettore g: 20.000000000000007
Strategy: omn     , portfolio variance: 1.3433405056255954e-06
Norma del vettore g non è uguale a sqrt(N): 44.65816117992208
Norma del vettore g: 20.000000000000007
Strategy: omn     , portfolio variance: 1.4605753296331565e-06
Norma del vettore g non è uguale a sqrt(N): 44.65816117992208
Norma del vettore g: 20.000000000000007
Strategy: mean_rev, portfolio variance: 6.007014990444888e-07
Norma del vettore g non è uguale a sqrt(N): 44.65816117992208
Norma del vettore g: 20.000000000000007
Strategy: mean_rev, portfolio variance: 6.026746557669079e-11
Norma del vettore g non è uguale a sqrt(N): 44.65816117992208
Norma del vettore g: 20.000000000000007
Strategy: mean_rev, portfolio variance: 6.111163423930881e-11
Norma del vettore g non è uguale a sqrt(N): 44.65816117992208
Norma del vettore g: 20.000000000000007
Strategy: mean_rev, portfolio variance: 1.5398871740755987e-06
Norma del vettore g non è uguale a sqrt(N): 44.65816117992208
Norma del vettore g: 20.000000000000007
Strategy: mean_rev, portfolio variance: 1.0302696409830352e-06
Norma del vettore g non è uguale a sqrt(N): 44.65816117992208
Norma del vettore g: 20.000000000000007
Strategy: mean_rev, portfolio variance: 0.0022139460650200176
Norma del vettore g non è uguale a sqrt(N): 44.65816117992208
Norma del vettore g: 20.000000000000007
Strategy: mean_rev, portfolio variance: 1.3433405056255954e-06
Norma del vettore g non è uguale a sqrt(N): 44.65816117992208
Norma del vettore g: 20.000000000000007
Strategy: mean_rev, portfolio variance: 1.4605753296331565e-06
Norma del vettore g: 19.999999999999996
Strategy: rnd     , portfolio variance: 8.89150488747284e-08
Norma del vettore g: 20.000000000000004
Strategy: rnd     , portfolio variance: 1.6710248417830422e-10
Norma del vettore g: 20.0
Strategy: rnd     , portfolio variance: 2.0740259710568682e-08
Norma del vettore g: 20.0
Strategy: rnd     , portfolio variance: 1.0971043882435136e-06
Norma del vettore g: 20.0
Strategy: rnd     , portfolio variance: 3.3143867339807384e-07
Norma del vettore g: 20.000000000000004
Strategy: rnd     , portfolio variance: 0.0012100464855140428
Norma del vettore g: 20.0
Strategy: rnd     , portfolio variance: 3.054247431637315e-07
Norma del vettore g: 19.999999999999993
Strategy: rnd     , portfolio variance: 3.537069323057754e-07
[======================================================                ] 77.27%
Norma del vettore g: 20.0
Strategy: min_var , portfolio variance: 1.78986042059607e-05
Norma del vettore g: 20.0
Strategy: min_var , portfolio variance: 5.704387981828593e-13
Norma del vettore g: 20.0
Strategy: min_var , portfolio variance: 5.943913832393581e-13
Norma del vettore g: 20.0
Strategy: min_var , portfolio variance: 1.111732983632998e-06
Norma del vettore g: 20.0
Strategy: min_var , portfolio variance: 3.0928310354086505e-05
Norma del vettore g: 20.0
Strategy: min_var , portfolio variance: 0.09049647339695294
Norma del vettore g: 20.0
Strategy: min_var , portfolio variance: 7.470383297612503e-05
Norma del vettore g: 20.0
Strategy: min_var , portfolio variance: 7.697447246035599e-05
Norma del vettore g non è uguale a sqrt(N): 53.741865527996815
Norma del vettore g: 19.999999999999996
Strategy: omn     , portfolio variance: 8.396265723230806e-07
Norma del vettore g non è uguale a sqrt(N): 53.741865527996815
Norma del vettore g: 19.999999999999996
Strategy: omn     , portfolio variance: 3.488821940296407e-12
Norma del vettore g non è uguale a sqrt(N): 53.741865527996815
Norma del vettore g: 19.999999999999996
Strategy: omn     , portfolio variance: 3.5896424524195367e-12
Norma del vettore g non è uguale a sqrt(N): 53.741865527996815
Norma del vettore g: 19.999999999999996
Strategy: omn     , portfolio variance: 1.5275859197423247e-06
Norma del vettore g non è uguale a sqrt(N): 53.741865527996815
Norma del vettore g: 19.999999999999996
Strategy: omn     , portfolio variance: 1.4173842995635184e-06
Norma del vettore g non è uguale a sqrt(N): 53.741865527996815
Norma del vettore g: 19.999999999999996
Strategy: omn     , portfolio variance: 0.0030260829397544655
Norma del vettore g non è uguale a sqrt(N): 53.741865527996815
Norma del vettore g: 19.999999999999996
Strategy: omn     , portfolio variance: 2.504883037351471e-06
Norma del vettore g non è uguale a sqrt(N): 53.741865527996815
Norma del vettore g: 19.999999999999996
Strategy: omn     , portfolio variance: 2.5003680619453183e-06
Norma del vettore g non è uguale a sqrt(N): 53.741865527996815
Norma del vettore g: 19.999999999999996
Strategy: mean_rev, portfolio variance: 8.396265723230806e-07
Norma del vettore g non è uguale a sqrt(N): 53.741865527996815
Norma del vettore g: 19.999999999999996
Strategy: mean_rev, portfolio variance: 3.488821940296407e-12
Norma del vettore g non è uguale a sqrt(N): 53.741865527996815
Norma del vettore g: 19.999999999999996
Strategy: mean_rev, portfolio variance: 3.5896424524195367e-12
Norma del vettore g non è uguale a sqrt(N): 53.741865527996815
Norma del vettore g: 19.999999999999996
Strategy: mean_rev, portfolio variance: 1.5275859197423247e-06
Norma del vettore g non è uguale a sqrt(N): 53.741865527996815
Norma del vettore g: 19.999999999999996
Strategy: mean_rev, portfolio variance: 1.4173842995635184e-06
Norma del vettore g non è uguale a sqrt(N): 53.741865527996815
Norma del vettore g: 19.999999999999996
Strategy: mean_rev, portfolio variance: 0.0030260829397544655
Norma del vettore g non è uguale a sqrt(N): 53.741865527996815
Norma del vettore g: 19.999999999999996
Strategy: mean_rev, portfolio variance: 2.504883037351471e-06
Norma del vettore g non è uguale a sqrt(N): 53.741865527996815
Norma del vettore g: 19.999999999999996
Strategy: mean_rev, portfolio variance: 2.5003680619453183e-06
Norma del vettore g: 20.0
Strategy: rnd     , portfolio variance: 7.816162521880171e-08
Norma del vettore g: 19.999999999999993
Strategy: rnd     , portfolio variance: 4.819201816149697e-10
Norma del vettore g: 20.000000000000004
Strategy: rnd     , portfolio variance: 1.9694583846580726e-09
Norma del vettore g: 20.0
Strategy: rnd     , portfolio variance: 1.1172471463909445e-06
Norma del vettore g: 19.999999999999996
Strategy: rnd     , portfolio variance: 3.0160011698902394e-07
Norma del vettore g: 20.000000000000007
Strategy: rnd     , portfolio variance: 0.0011560174579843298
Norma del vettore g: 20.000000000000004
Strategy: rnd     , portfolio variance: 2.9771020137208963e-07
Norma del vettore g: 20.00000000000001
Strategy: rnd     , portfolio variance: 3.886804467487285e-07
[======================================================                ] 77.92%
Norma del vettore g: 20.0
Strategy: min_var , portfolio variance: 1.718981538379986e-05
Norma del vettore g: 20.0
Strategy: min_var , portfolio variance: 5.679545263696186e-13
Norma del vettore g: 20.0
Strategy: min_var , portfolio variance: 5.952770506921034e-13
Norma del vettore g: 20.0
Strategy: min_var , portfolio variance: 1.103524067270831e-06
Norma del vettore g: 20.0
Strategy: min_var , portfolio variance: 2.9876144416175778e-05
Norma del vettore g: 20.0
Strategy: min_var , portfolio variance: 0.08943753395277379
Norma del vettore g: 20.0
Strategy: min_var , portfolio variance: 6.979796182376313e-05
Norma del vettore g: 20.0
Strategy: min_var , portfolio variance: 7.760651770944373e-05
Norma del vettore g non è uguale a sqrt(N): 52.96605655205466
Norma del vettore g: 19.999999999999996
Strategy: omn     , portfolio variance: 8.933409796369324e-07
Norma del vettore g non è uguale a sqrt(N): 52.96605655205466
Norma del vettore g: 19.999999999999996
Strategy: omn     , portfolio variance: 1.6750393108487216e-12
Norma del vettore g non è uguale a sqrt(N): 52.96605655205466
Norma del vettore g: 19.999999999999996
Strategy: omn     , portfolio variance: 1.7364057837943935e-12
Norma del vettore g non è uguale a sqrt(N): 52.96605655205466
Norma del vettore g: 19.999999999999996
Strategy: omn     , portfolio variance: 1.383703815932047e-06
Norma del vettore g non è uguale a sqrt(N): 52.96605655205466
Norma del vettore g: 19.999999999999996
Strategy: omn     , portfolio variance: 1.4736859079050661e-06
Norma del vettore g non è uguale a sqrt(N): 52.96605655205466
Norma del vettore g: 19.999999999999996
Strategy: omn     , portfolio variance: 0.0031456596221214285
Norma del vettore g non è uguale a sqrt(N): 52.96605655205466
Norma del vettore g: 19.999999999999996
Strategy: omn     , portfolio variance: 2.6078134765448506e-06
Norma del vettore g non è uguale a sqrt(N): 52.96605655205466
Norma del vettore g: 19.999999999999996
Strategy: omn     , portfolio variance: 2.730698522999366e-06
Norma del vettore g non è uguale a sqrt(N): 52.96605655205466
Norma del vettore g: 19.999999999999996
Strategy: mean_rev, portfolio variance: 8.933409796369324e-07
Norma del vettore g non è uguale a sqrt(N): 52.96605655205466
Norma del vettore g: 19.999999999999996
Strategy: mean_rev, portfolio variance: 1.6750393108487216e-12
Norma del vettore g non è uguale a sqrt(N): 52.96605655205466
Norma del vettore g: 19.999999999999996
Strategy: mean_rev, portfolio variance: 1.7364057837943935e-12
Norma del vettore g non è uguale a sqrt(N): 52.96605655205466
Norma del vettore g: 19.999999999999996
Strategy: mean_rev, portfolio variance: 1.383703815932047e-06
Norma del vettore g non è uguale a sqrt(N): 52.96605655205466
Norma del vettore g: 19.999999999999996
Strategy: mean_rev, portfolio variance: 1.4736859079050661e-06
Norma del vettore g non è uguale a sqrt(N): 52.96605655205466
Norma del vettore g: 19.999999999999996
Strategy: mean_rev, portfolio variance: 0.0031456596221214285
Norma del vettore g non è uguale a sqrt(N): 52.96605655205466
Norma del vettore g: 19.999999999999996
Strategy: mean_rev, portfolio variance: 2.6078134765448506e-06
Norma del vettore g non è uguale a sqrt(N): 52.96605655205466
Norma del vettore g: 19.999999999999996
Strategy: mean_rev, portfolio variance: 2.730698522999366e-06
Norma del vettore g: 19.999999999999993
Strategy: rnd     , portfolio variance: 1.225988197700261e-07
Norma del vettore g: 19.999999999999996
Strategy: rnd     , portfolio variance: 3.687304094984839e-09
Norma del vettore g: 20.0
Strategy: rnd     , portfolio variance: 5.740727152254279e-09
Norma del vettore g: 19.999999999999996
Strategy: rnd     , portfolio variance: 1.0831644910987428e-06
Norma del vettore g: 20.000000000000007
Strategy: rnd     , portfolio variance: 3.3421412778170353e-07
Norma del vettore g: 19.999999999999996
Strategy: rnd     , portfolio variance: 0.0011837570923894799
Norma del vettore g: 20.0
Strategy: rnd     , portfolio variance: 3.187614855442265e-07
Norma del vettore g: 19.999999999999996
Strategy: rnd     , portfolio variance: 3.50497267310105e-07
[=======================================================               ] 78.57%
Norma del vettore g: 20.0
Strategy: min_var , portfolio variance: 1.640275803497582e-05
Norma del vettore g: 20.0
Strategy: min_var , portfolio variance: 5.646785615514076e-13
Norma del vettore g: 20.0
Strategy: min_var , portfolio variance: 5.953973359296238e-13
Norma del vettore g: 20.0
Strategy: min_var , portfolio variance: 1.1042050173339328e-06
Norma del vettore g: 20.0
Strategy: min_var , portfolio variance: 2.947923652135223e-05
Norma del vettore g: 20.0
Strategy: min_var , portfolio variance: 0.08955756719846714
Norma del vettore g: 20.0
Strategy: min_var , portfolio variance: 6.989357732879713e-05
Norma del vettore g: 20.0
Strategy: min_var , portfolio variance: 7.390047248377928e-05
Norma del vettore g non è uguale a sqrt(N): 48.41733694888603
Norma del vettore g: 19.999999999999996
Strategy: omn     , portfolio variance: 7.261608195818232e-07
Norma del vettore g non è uguale a sqrt(N): 48.41733694888603
Norma del vettore g: 19.999999999999996
Strategy: omn     , portfolio variance: 2.620007626430111e-12
Norma del vettore g non è uguale a sqrt(N): 48.41733694888603
Norma del vettore g: 19.999999999999996
Strategy: omn     , portfolio variance: 2.73380040964684e-12
Norma del vettore g non è uguale a sqrt(N): 48.41733694888603
Norma del vettore g: 19.999999999999996
Strategy: omn     , portfolio variance: 1.2776293527406499e-06
Norma del vettore g non è uguale a sqrt(N): 48.41733694888603
Norma del vettore g: 19.999999999999996
Strategy: omn     , portfolio variance: 1.2866870207573769e-06
Norma del vettore g non è uguale a sqrt(N): 48.41733694888603
Norma del vettore g: 19.999999999999996
Strategy: omn     , portfolio variance: 0.0029539375003325135
Norma del vettore g non è uguale a sqrt(N): 48.41733694888603
Norma del vettore g: 19.999999999999996
Strategy: omn     , portfolio variance: 2.1570309077673126e-06
Norma del vettore g non è uguale a sqrt(N): 48.41733694888603
Norma del vettore g: 19.999999999999996
Strategy: omn     , portfolio variance: 2.032004342302625e-06
Norma del vettore g non è uguale a sqrt(N): 48.41733694888603
Norma del vettore g: 19.999999999999996
Strategy: mean_rev, portfolio variance: 7.261608195818232e-07
Norma del vettore g non è uguale a sqrt(N): 48.41733694888603
Norma del vettore g: 19.999999999999996
Strategy: mean_rev, portfolio variance: 2.620007626430111e-12
Norma del vettore g non è uguale a sqrt(N): 48.41733694888603
Norma del vettore g: 19.999999999999996
Strategy: mean_rev, portfolio variance: 2.73380040964684e-12
Norma del vettore g non è uguale a sqrt(N): 48.41733694888603
Norma del vettore g: 19.999999999999996
Strategy: mean_rev, portfolio variance: 1.2776293527406499e-06
Norma del vettore g non è uguale a sqrt(N): 48.41733694888603
Norma del vettore g: 19.999999999999996
Strategy: mean_rev, portfolio variance: 1.2866870207573769e-06
Norma del vettore g non è uguale a sqrt(N): 48.41733694888603
Norma del vettore g: 19.999999999999996
Strategy: mean_rev, portfolio variance: 0.0029539375003325135
Norma del vettore g non è uguale a sqrt(N): 48.41733694888603
Norma del vettore g: 19.999999999999996
Strategy: mean_rev, portfolio variance: 2.1570309077673126e-06
Norma del vettore g non è uguale a sqrt(N): 48.41733694888603
Norma del vettore g: 19.999999999999996
Strategy: mean_rev, portfolio variance: 2.032004342302625e-06
Norma del vettore g: 20.000000000000004
Strategy: rnd     , portfolio variance: 1.0667048950752842e-07
Norma del vettore g: 20.000000000000007
Strategy: rnd     , portfolio variance: 1.8467993417120948e-10
Norma del vettore g: 20.000000000000004
Strategy: rnd     , portfolio variance: 8.498565853805077e-09
Norma del vettore g: 19.999999999999993
Strategy: rnd     , portfolio variance: 1.136213398758546e-06
Norma del vettore g: 19.999999999999996
Strategy: rnd     , portfolio variance: 3.257816433201622e-07
Norma del vettore g: 20.0
Strategy: rnd     , portfolio variance: 0.001089282958834831
Norma del vettore g: 20.0
Strategy: rnd     , portfolio variance: 2.745723443819846e-07
Norma del vettore g: 20.000000000000007
Strategy: rnd     , portfolio variance: 2.719305910409563e-07
[=======================================================               ] 79.22%
Norma del vettore g: 20.0
Strategy: min_var , portfolio variance: 1.6467527233547467e-05
Norma del vettore g: 20.0
Strategy: min_var , portfolio variance: 5.634216368691793e-13
Norma del vettore g: 20.0
Strategy: min_var , portfolio variance: 5.94233746358114e-13
Norma del vettore g: 20.0
Strategy: min_var , portfolio variance: 1.102723839763129e-06
Norma del vettore g: 20.0
Strategy: min_var , portfolio variance: 2.9617194806561566e-05
Norma del vettore g: 20.0
Strategy: min_var , portfolio variance: 0.08934730486538686
Norma del vettore g: 20.0
Strategy: min_var , portfolio variance: 6.95967948201296e-05
Norma del vettore g: 20.0
Strategy: min_var , portfolio variance: 7.331467386297312e-05
Norma del vettore g non è uguale a sqrt(N): 42.99179813412146
Norma del vettore g: 19.999999999999996
Strategy: omn     , portfolio variance: 6.374548882869514e-07
Norma del vettore g non è uguale a sqrt(N): 42.99179813412146
Norma del vettore g: 19.999999999999996
Strategy: omn     , portfolio variance: 6.53316043056291e-12
Norma del vettore g non è uguale a sqrt(N): 42.99179813412146
Norma del vettore g: 19.999999999999996
Strategy: omn     , portfolio variance: 6.9028374933433035e-12
Norma del vettore g non è uguale a sqrt(N): 42.99179813412146
Norma del vettore g: 19.999999999999996
Strategy: omn     , portfolio variance: 1.3344062521879123e-06
Norma del vettore g non è uguale a sqrt(N): 42.99179813412146
Norma del vettore g: 19.999999999999996
Strategy: omn     , portfolio variance: 1.022687227080003e-06
Norma del vettore g non è uguale a sqrt(N): 42.99179813412146
Norma del vettore g: 19.999999999999996
Strategy: omn     , portfolio variance: 0.002319090090998381
Norma del vettore g non è uguale a sqrt(N): 42.99179813412146
Norma del vettore g: 19.999999999999996
Strategy: omn     , portfolio variance: 1.4376160053028968e-06
Norma del vettore g non è uguale a sqrt(N): 42.99179813412146
Norma del vettore g: 19.999999999999996
Strategy: omn     , portfolio variance: 1.436578390016604e-06
Norma del vettore g non è uguale a sqrt(N): 42.99179813412146
Norma del vettore g: 19.999999999999996
Strategy: mean_rev, portfolio variance: 6.374548882869514e-07
Norma del vettore g non è uguale a sqrt(N): 42.99179813412146
Norma del vettore g: 19.999999999999996
Strategy: mean_rev, portfolio variance: 6.53316043056291e-12
Norma del vettore g non è uguale a sqrt(N): 42.99179813412146
Norma del vettore g: 19.999999999999996
Strategy: mean_rev, portfolio variance: 6.9028374933433035e-12
Norma del vettore g non è uguale a sqrt(N): 42.99179813412146
Norma del vettore g: 19.999999999999996
Strategy: mean_rev, portfolio variance: 1.3344062521879123e-06
Norma del vettore g non è uguale a sqrt(N): 42.99179813412146
Norma del vettore g: 19.999999999999996
Strategy: mean_rev, portfolio variance: 1.022687227080003e-06
Norma del vettore g non è uguale a sqrt(N): 42.99179813412146
Norma del vettore g: 19.999999999999996
Strategy: mean_rev, portfolio variance: 0.002319090090998381
Norma del vettore g non è uguale a sqrt(N): 42.99179813412146
Norma del vettore g: 19.999999999999996
Strategy: mean_rev, portfolio variance: 1.4376160053028968e-06
Norma del vettore g non è uguale a sqrt(N): 42.99179813412146
Norma del vettore g: 19.999999999999996
Strategy: mean_rev, portfolio variance: 1.436578390016604e-06
Norma del vettore g: 19.999999999999996
Strategy: rnd     , portfolio variance: 7.483549747051814e-08
Norma del vettore g: 19.999999999999996
Strategy: rnd     , portfolio variance: 1.31625889792666e-09
Norma del vettore g: 20.000000000000007
Strategy: rnd     , portfolio variance: 7.870406064049076e-11
Norma del vettore g: 19.999999999999996
Strategy: rnd     , portfolio variance: 1.1233571750109779e-06
Norma del vettore g: 20.0
Strategy: rnd     , portfolio variance: 3.458504253968542e-07
Norma del vettore g: 20.000000000000007
Strategy: rnd     , portfolio variance: 0.0011369867907748562
Norma del vettore g: 19.999999999999996
Strategy: rnd     , portfolio variance: 2.664403842435415e-07
Norma del vettore g: 20.000000000000007
Strategy: rnd     , portfolio variance: 2.3877081709548667e-07
[=======================================================               ] 79.87%
Norma del vettore g: 20.0
Strategy: min_var , portfolio variance: 1.6487397106160543e-05
Norma del vettore g: 20.0
Strategy: min_var , portfolio variance: 5.593782335874632e-13
Norma del vettore g: 20.0
Strategy: min_var , portfolio variance: 5.904341158243824e-13
Norma del vettore g: 20.0
Strategy: min_var , portfolio variance: 1.103859940083654e-06
Norma del vettore g: 20.0
Strategy: min_var , portfolio variance: 2.9842856476289996e-05
Norma del vettore g: 20.0
Strategy: min_var , portfolio variance: 0.08941944842699673
Norma del vettore g: 20.0
Strategy: min_var , portfolio variance: 6.643564202147895e-05
Norma del vettore g: 20.0
Strategy: min_var , portfolio variance: 7.404931750023966e-05
Norma del vettore g non è uguale a sqrt(N): 43.676570951709806
Norma del vettore g: 20.0
Strategy: omn     , portfolio variance: 6.664248764891104e-07
Norma del vettore g non è uguale a sqrt(N): 43.676570951709806
Norma del vettore g: 20.0
Strategy: omn     , portfolio variance: 6.693635535517687e-12
Norma del vettore g non è uguale a sqrt(N): 43.676570951709806
Norma del vettore g: 20.0
Strategy: omn     , portfolio variance: 7.094054298721579e-12
Norma del vettore g non è uguale a sqrt(N): 43.676570951709806
Norma del vettore g: 20.0
Strategy: omn     , portfolio variance: 1.422060558312781e-06
Norma del vettore g non è uguale a sqrt(N): 43.676570951709806
Norma del vettore g: 20.0
Strategy: omn     , portfolio variance: 1.131384498724188e-06
Norma del vettore g non è uguale a sqrt(N): 43.676570951709806
Norma del vettore g: 20.0
Strategy: omn     , portfolio variance: 0.002727068306702607
Norma del vettore g non è uguale a sqrt(N): 43.676570951709806
Norma del vettore g: 20.0
Strategy: omn     , portfolio variance: 1.6902560316285095e-06
Norma del vettore g non è uguale a sqrt(N): 43.676570951709806
Norma del vettore g: 20.0
Strategy: omn     , portfolio variance: 1.6781650119556866e-06
Norma del vettore g non è uguale a sqrt(N): 43.676570951709806
Norma del vettore g: 20.0
Strategy: mean_rev, portfolio variance: 6.664248764891104e-07
Norma del vettore g non è uguale a sqrt(N): 43.676570951709806
Norma del vettore g: 20.0
Strategy: mean_rev, portfolio variance: 6.693635535517687e-12
Norma del vettore g non è uguale a sqrt(N): 43.676570951709806
Norma del vettore g: 20.0
Strategy: mean_rev, portfolio variance: 7.094054298721579e-12
Norma del vettore g non è uguale a sqrt(N): 43.676570951709806
Norma del vettore g: 20.0
Strategy: mean_rev, portfolio variance: 1.422060558312781e-06
Norma del vettore g non è uguale a sqrt(N): 43.676570951709806
Norma del vettore g: 20.0
Strategy: mean_rev, portfolio variance: 1.131384498724188e-06
Norma del vettore g non è uguale a sqrt(N): 43.676570951709806
Norma del vettore g: 20.0
Strategy: mean_rev, portfolio variance: 0.002727068306702607
Norma del vettore g non è uguale a sqrt(N): 43.676570951709806
Norma del vettore g: 20.0
Strategy: mean_rev, portfolio variance: 1.6902560316285095e-06
Norma del vettore g non è uguale a sqrt(N): 43.676570951709806
Norma del vettore g: 20.0
Strategy: mean_rev, portfolio variance: 1.6781650119556866e-06
Norma del vettore g: 19.999999999999993
Strategy: rnd     , portfolio variance: 1.160837956055507e-07
Norma del vettore g: 20.0
Strategy: rnd     , portfolio variance: 1.351860824728332e-10
Norma del vettore g: 19.999999999999993
Strategy: rnd     , portfolio variance: 8.642174606117219e-11
Norma del vettore g: 20.0
Strategy: rnd     , portfolio variance: 1.160765151046945e-06
Norma del vettore g: 19.999999999999993
Strategy: rnd     , portfolio variance: 3.3136975781697037e-07
Norma del vettore g: 19.999999999999996
Strategy: rnd     , portfolio variance: 0.0010951307793559207
Norma del vettore g: 20.0
Strategy: rnd     , portfolio variance: 2.6263822345778466e-07
Norma del vettore g: 19.999999999999996
Strategy: rnd     , portfolio variance: 2.969265593608355e-07
[========================================================              ] 80.52%
Norma del vettore g: 20.0
Strategy: min_var , portfolio variance: 1.634929733106703e-05
Norma del vettore g: 20.0
Strategy: min_var , portfolio variance: 5.686083474700314e-13
Norma del vettore g: 20.0
Strategy: min_var , portfolio variance: 6.006357415278557e-13
Norma del vettore g: 20.0
Strategy: min_var , portfolio variance: 1.112990161878097e-06
Norma del vettore g: 20.0
Strategy: min_var , portfolio variance: 2.997510797675394e-05
Norma del vettore g: 20.0
Strategy: min_var , portfolio variance: 0.09004483025744861
Norma del vettore g: 20.0
Strategy: min_var , portfolio variance: 6.984499246457018e-05
Norma del vettore g: 20.0
Strategy: min_var , portfolio variance: 7.229718860222424e-05
Norma del vettore g non è uguale a sqrt(N): 70.13433653194267
Norma del vettore g: 20.000000000000004
Strategy: omn     , portfolio variance: 2.1663448793663284e-06
Norma del vettore g non è uguale a sqrt(N): 70.13433653194267
Norma del vettore g: 20.000000000000004
Strategy: omn     , portfolio variance: 1.2510340409872356e-12
Norma del vettore g non è uguale a sqrt(N): 70.13433653194267
Norma del vettore g: 20.000000000000004
Strategy: omn     , portfolio variance: 1.3153621932099949e-12
Norma del vettore g non è uguale a sqrt(N): 70.13433653194267
Norma del vettore g: 20.000000000000004
Strategy: omn     , portfolio variance: 1.4997177090057297e-06
Norma del vettore g non è uguale a sqrt(N): 70.13433653194267
Norma del vettore g: 20.000000000000004
Strategy: omn     , portfolio variance: 3.593097304556647e-06
Norma del vettore g non è uguale a sqrt(N): 70.13433653194267
Norma del vettore g: 20.000000000000004
Strategy: omn     , portfolio variance: 0.0077408950826112835
Norma del vettore g non è uguale a sqrt(N): 70.13433653194267
Norma del vettore g: 20.000000000000004
Strategy: omn     , portfolio variance: 7.0553223629807825e-06
Norma del vettore g non è uguale a sqrt(N): 70.13433653194267
Norma del vettore g: 20.000000000000004
Strategy: omn     , portfolio variance: 6.406739576514302e-06
Norma del vettore g non è uguale a sqrt(N): 70.13433653194267
Norma del vettore g: 20.000000000000004
Strategy: mean_rev, portfolio variance: 2.1663448793663284e-06
Norma del vettore g non è uguale a sqrt(N): 70.13433653194267
Norma del vettore g: 20.000000000000004
Strategy: mean_rev, portfolio variance: 1.2510340409872356e-12
Norma del vettore g non è uguale a sqrt(N): 70.13433653194267
Norma del vettore g: 20.000000000000004
Strategy: mean_rev, portfolio variance: 1.3153621932099949e-12
Norma del vettore g non è uguale a sqrt(N): 70.13433653194267
Norma del vettore g: 20.000000000000004
Strategy: mean_rev, portfolio variance: 1.4997177090057297e-06
Norma del vettore g non è uguale a sqrt(N): 70.13433653194267
Norma del vettore g: 20.000000000000004
Strategy: mean_rev, portfolio variance: 3.593097304556647e-06
Norma del vettore g non è uguale a sqrt(N): 70.13433653194267
Norma del vettore g: 20.000000000000004
Strategy: mean_rev, portfolio variance: 0.0077408950826112835
Norma del vettore g non è uguale a sqrt(N): 70.13433653194267
Norma del vettore g: 20.000000000000004
Strategy: mean_rev, portfolio variance: 7.0553223629807825e-06
Norma del vettore g non è uguale a sqrt(N): 70.13433653194267
Norma del vettore g: 20.000000000000004
Strategy: mean_rev, portfolio variance: 6.406739576514302e-06
Norma del vettore g: 20.0
Strategy: rnd     , portfolio variance: 8.599352203859795e-08
Norma del vettore g: 19.999999999999996
Strategy: rnd     , portfolio variance: 1.4900493265386203e-10
Norma del vettore g: 20.0
Strategy: rnd     , portfolio variance: 2.0741470570540976e-09
Norma del vettore g: 19.999999999999993
Strategy: rnd     , portfolio variance: 1.1513695397923513e-06
Norma del vettore g: 20.000000000000004
Strategy: rnd     , portfolio variance: 3.3402297814049865e-07
Norma del vettore g: 20.0
Strategy: rnd     , portfolio variance: 0.00114085991851662
Norma del vettore g: 20.0
Strategy: rnd     , portfolio variance: 2.9850624692913403e-07
Norma del vettore g: 19.999999999999993
Strategy: rnd     , portfolio variance: 3.21745148366256e-07
[========================================================              ] 81.17%
Norma del vettore g: 20.0
Strategy: min_var , portfolio variance: 1.6918896434529888e-05
Norma del vettore g: 20.0
Strategy: min_var , portfolio variance: 5.617811733624515e-13
Norma del vettore g: 20.0
Strategy: min_var , portfolio variance: 5.936397697315035e-13
Norma del vettore g: 20.0
Strategy: min_var , portfolio variance: 1.1077917013551597e-06
Norma del vettore g: 20.0
Strategy: min_var , portfolio variance: 3.084886226495202e-05
Norma del vettore g: 20.0
Strategy: min_var , portfolio variance: 0.09078842431770939
Norma del vettore g: 20.0
Strategy: min_var , portfolio variance: 6.957682833724657e-05
Norma del vettore g: 20.0
Strategy: min_var , portfolio variance: 7.256122014934503e-05
Norma del vettore g non è uguale a sqrt(N): 43.2201747734877
Norma del vettore g: 20.0
Strategy: omn     , portfolio variance: 5.622057633208472e-07
Norma del vettore g non è uguale a sqrt(N): 43.2201747734877
Norma del vettore g: 20.0
Strategy: omn     , portfolio variance: 5.7532315704111265e-12
Norma del vettore g non è uguale a sqrt(N): 43.2201747734877
Norma del vettore g: 20.0
Strategy: omn     , portfolio variance: 6.152296766035777e-12
Norma del vettore g non è uguale a sqrt(N): 43.2201747734877
Norma del vettore g: 20.0
Strategy: omn     , portfolio variance: 1.4325274121287579e-06
Norma del vettore g non è uguale a sqrt(N): 43.2201747734877
Norma del vettore g: 20.0
Strategy: omn     , portfolio variance: 9.59613842214316e-07
Norma del vettore g non è uguale a sqrt(N): 43.2201747734877
Norma del vettore g: 20.0
Strategy: omn     , portfolio variance: 0.0021267591200744597
Norma del vettore g non è uguale a sqrt(N): 43.2201747734877
Norma del vettore g: 20.0
Strategy: omn     , portfolio variance: 1.2391102871515665e-06
Norma del vettore g non è uguale a sqrt(N): 43.2201747734877
Norma del vettore g: 20.0
Strategy: omn     , portfolio variance: 1.266938390218748e-06
Norma del vettore g non è uguale a sqrt(N): 43.2201747734877
Norma del vettore g: 20.0
Strategy: mean_rev, portfolio variance: 5.622057633208472e-07
Norma del vettore g non è uguale a sqrt(N): 43.2201747734877
Norma del vettore g: 20.0
Strategy: mean_rev, portfolio variance: 5.7532315704111265e-12
Norma del vettore g non è uguale a sqrt(N): 43.2201747734877
Norma del vettore g: 20.0
Strategy: mean_rev, portfolio variance: 6.152296766035777e-12
Norma del vettore g non è uguale a sqrt(N): 43.2201747734877
Norma del vettore g: 20.0
Strategy: mean_rev, portfolio variance: 1.4325274121287579e-06
Norma del vettore g non è uguale a sqrt(N): 43.2201747734877
Norma del vettore g: 20.0
Strategy: mean_rev, portfolio variance: 9.59613842214316e-07
Norma del vettore g non è uguale a sqrt(N): 43.2201747734877
Norma del vettore g: 20.0
Strategy: mean_rev, portfolio variance: 0.0021267591200744597
Norma del vettore g non è uguale a sqrt(N): 43.2201747734877
Norma del vettore g: 20.0
Strategy: mean_rev, portfolio variance: 1.2391102871515665e-06
Norma del vettore g non è uguale a sqrt(N): 43.2201747734877
Norma del vettore g: 20.0
Strategy: mean_rev, portfolio variance: 1.266938390218748e-06
Norma del vettore g: 20.000000000000004
Strategy: rnd     , portfolio variance: 1.053966817495356e-07
Norma del vettore g: 20.000000000000007
Strategy: rnd     , portfolio variance: 1.6827131721331596e-09
Norma del vettore g: 20.000000000000007
Strategy: rnd     , portfolio variance: 6.84129797528649e-11
Norma del vettore g: 19.999999999999996
Strategy: rnd     , portfolio variance: 1.0711121232712814e-06
Norma del vettore g: 20.0
Strategy: rnd     , portfolio variance: 3.422229885963663e-07
Norma del vettore g: 20.000000000000007
Strategy: rnd     , portfolio variance: 0.0010780967164191846
Norma del vettore g: 19.999999999999996
Strategy: rnd     , portfolio variance: 3.0850602975811005e-07
Norma del vettore g: 19.999999999999993
Strategy: rnd     , portfolio variance: 2.6998775395187016e-07
[=========================================================             ] 81.82%
Norma del vettore g: 20.0
Strategy: min_var , portfolio variance: 1.7336919108767984e-05
Norma del vettore g: 20.0
Strategy: min_var , portfolio variance: 5.670937324268968e-13
Norma del vettore g: 20.0
Strategy: min_var , portfolio variance: 5.991363450383788e-13
Norma del vettore g: 20.0
Strategy: min_var , portfolio variance: 1.1047322508988426e-06
Norma del vettore g: 20.0
Strategy: min_var , portfolio variance: 3.071766116566144e-05
Norma del vettore g: 20.0
Strategy: min_var , portfolio variance: 0.09093982255880981
Norma del vettore g: 20.0
Strategy: min_var , portfolio variance: 6.75122325121152e-05
Norma del vettore g: 20.0
Strategy: min_var , portfolio variance: 6.962014985025151e-05
Norma del vettore g non è uguale a sqrt(N): 44.89284963237021
Norma del vettore g: 20.0
Strategy: omn     , portfolio variance: 6.198370154159894e-07
Norma del vettore g non è uguale a sqrt(N): 44.89284963237021
Norma del vettore g: 20.0
Strategy: omn     , portfolio variance: 2.2146260397052505e-12
Norma del vettore g non è uguale a sqrt(N): 44.89284963237021
Norma del vettore g: 20.0
Strategy: omn     , portfolio variance: 2.3399069558240015e-12
Norma del vettore g non è uguale a sqrt(N): 44.89284963237021
Norma del vettore g: 20.0
Strategy: omn     , portfolio variance: 1.2840579222986259e-06
Norma del vettore g non è uguale a sqrt(N): 44.89284963237021
Norma del vettore g: 20.0
Strategy: omn     , portfolio variance: 1.0933478951925826e-06
Norma del vettore g non è uguale a sqrt(N): 44.89284963237021
Norma del vettore g: 20.0
Strategy: omn     , portfolio variance: 0.002700097499595578
Norma del vettore g non è uguale a sqrt(N): 44.89284963237021
Norma del vettore g: 20.0
Strategy: omn     , portfolio variance: 1.510623456032507e-06
Norma del vettore g non è uguale a sqrt(N): 44.89284963237021
Norma del vettore g: 20.0
Strategy: omn     , portfolio variance: 1.4944417287579297e-06
Norma del vettore g non è uguale a sqrt(N): 44.89284963237021
Norma del vettore g: 20.0
Strategy: mean_rev, portfolio variance: 6.198370154159894e-07
Norma del vettore g non è uguale a sqrt(N): 44.89284963237021
Norma del vettore g: 20.0
Strategy: mean_rev, portfolio variance: 2.2146260397052505e-12
Norma del vettore g non è uguale a sqrt(N): 44.89284963237021
Norma del vettore g: 20.0
Strategy: mean_rev, portfolio variance: 2.3399069558240015e-12
Norma del vettore g non è uguale a sqrt(N): 44.89284963237021
Norma del vettore g: 20.0
Strategy: mean_rev, portfolio variance: 1.2840579222986259e-06
Norma del vettore g non è uguale a sqrt(N): 44.89284963237021
Norma del vettore g: 20.0
Strategy: mean_rev, portfolio variance: 1.0933478951925826e-06
Norma del vettore g non è uguale a sqrt(N): 44.89284963237021
Norma del vettore g: 20.0
Strategy: mean_rev, portfolio variance: 0.002700097499595578
Norma del vettore g non è uguale a sqrt(N): 44.89284963237021
Norma del vettore g: 20.0
Strategy: mean_rev, portfolio variance: 1.510623456032507e-06
Norma del vettore g non è uguale a sqrt(N): 44.89284963237021
Norma del vettore g: 20.0
Strategy: mean_rev, portfolio variance: 1.4944417287579297e-06
Norma del vettore g: 20.000000000000004
Strategy: rnd     , portfolio variance: 1.2164880332322587e-07
Norma del vettore g: 20.000000000000004
Strategy: rnd     , portfolio variance: 1.189586057631287e-09
Norma del vettore g: 20.0
Strategy: rnd     , portfolio variance: 4.3880283757024004e-10
Norma del vettore g: 19.999999999999996
Strategy: rnd     , portfolio variance: 1.0534456051297232e-06
Norma del vettore g: 20.000000000000007
Strategy: rnd     , portfolio variance: 3.1735261882884396e-07
Norma del vettore g: 20.000000000000004
Strategy: rnd     , portfolio variance: 0.0011317289325836278
Norma del vettore g: 20.0
Strategy: rnd     , portfolio variance: 2.8695288793409385e-07
Norma del vettore g: 20.000000000000004
Strategy: rnd     , portfolio variance: 3.3673508790640255e-07
[=========================================================             ] 82.47%
Norma del vettore g: 20.0
Strategy: min_var , portfolio variance: 1.6854876947640063e-05
Norma del vettore g: 20.0
Strategy: min_var , portfolio variance: 5.906380781282977e-13
Norma del vettore g: 20.0
Strategy: min_var , portfolio variance: 6.237495360487522e-13
Norma del vettore g: 20.0
Strategy: min_var , portfolio variance: 1.1074022034389638e-06
Norma del vettore g: 20.0
Strategy: min_var , portfolio variance: 2.948911880193768e-05
Norma del vettore g: 20.0
Strategy: min_var , portfolio variance: 0.08829388658910214
Norma del vettore g: 20.0
Strategy: min_var , portfolio variance: 6.653833345709158e-05
Norma del vettore g: 20.0
Strategy: min_var , portfolio variance: 7.039513372331541e-05
Norma del vettore g non è uguale a sqrt(N): 63.47647877773082
Norma del vettore g: 19.999999999999993
Strategy: omn     , portfolio variance: 1.22912881823944e-06
Norma del vettore g non è uguale a sqrt(N): 63.47647877773082
Norma del vettore g: 19.999999999999993
Strategy: omn     , portfolio variance: 9.485028324963795e-13
Norma del vettore g non è uguale a sqrt(N): 63.47647877773082
Norma del vettore g: 19.999999999999993
Strategy: omn     , portfolio variance: 1.0004416586853103e-12
Norma del vettore g non è uguale a sqrt(N): 63.47647877773082
Norma del vettore g: 19.999999999999993
Strategy: omn     , portfolio variance: 1.181598162309691e-06
Norma del vettore g non è uguale a sqrt(N): 63.47647877773082
Norma del vettore g: 19.999999999999993
Strategy: omn     , portfolio variance: 2.180603633304567e-06
Norma del vettore g non è uguale a sqrt(N): 63.47647877773082
Norma del vettore g: 19.999999999999993
Strategy: omn     , portfolio variance: 0.005681728289769919
Norma del vettore g non è uguale a sqrt(N): 63.47647877773082
Norma del vettore g: 19.999999999999993
Strategy: omn     , portfolio variance: 3.665787216905788e-06
Norma del vettore g non è uguale a sqrt(N): 63.47647877773082
Norma del vettore g: 19.999999999999993
Strategy: omn     , portfolio variance: 3.858253602148302e-06
Norma del vettore g non è uguale a sqrt(N): 63.47647877773082
Norma del vettore g: 19.999999999999993
Strategy: mean_rev, portfolio variance: 1.22912881823944e-06
Norma del vettore g non è uguale a sqrt(N): 63.47647877773082
Norma del vettore g: 19.999999999999993
Strategy: mean_rev, portfolio variance: 9.485028324963795e-13
Norma del vettore g non è uguale a sqrt(N): 63.47647877773082
Norma del vettore g: 19.999999999999993
Strategy: mean_rev, portfolio variance: 1.0004416586853103e-12
Norma del vettore g non è uguale a sqrt(N): 63.47647877773082
Norma del vettore g: 19.999999999999993
Strategy: mean_rev, portfolio variance: 1.181598162309691e-06
Norma del vettore g non è uguale a sqrt(N): 63.47647877773082
Norma del vettore g: 19.999999999999993
Strategy: mean_rev, portfolio variance: 2.180603633304567e-06
Norma del vettore g non è uguale a sqrt(N): 63.47647877773082
Norma del vettore g: 19.999999999999993
Strategy: mean_rev, portfolio variance: 0.005681728289769919
Norma del vettore g non è uguale a sqrt(N): 63.47647877773082
Norma del vettore g: 19.999999999999993
Strategy: mean_rev, portfolio variance: 3.665787216905788e-06
Norma del vettore g non è uguale a sqrt(N): 63.47647877773082
Norma del vettore g: 19.999999999999993
Strategy: mean_rev, portfolio variance: 3.858253602148302e-06
Norma del vettore g: 20.000000000000004
Strategy: rnd     , portfolio variance: 8.946856645117491e-08
Norma del vettore g: 19.999999999999996
Strategy: rnd     , portfolio variance: 1.6543042480461185e-10
Norma del vettore g: 20.000000000000004
Strategy: rnd     , portfolio variance: 2.2620597996256857e-10
Norma del vettore g: 19.999999999999996
Strategy: rnd     , portfolio variance: 1.053453243315452e-06
Norma del vettore g: 20.000000000000004
Strategy: rnd     , portfolio variance: 3.188035109775326e-07
Norma del vettore g: 20.0
Strategy: rnd     , portfolio variance: 0.0011707756317771495
Norma del vettore g: 19.999999999999993
Strategy: rnd     , portfolio variance: 3.0479539204631305e-07
Norma del vettore g: 20.0
Strategy: rnd     , portfolio variance: 2.5857967254831884e-07
[==========================================================            ] 83.12%
Norma del vettore g: 20.0
Strategy: min_var , portfolio variance: 1.6647013008997374e-05
Norma del vettore g: 20.0
Strategy: min_var , portfolio variance: 5.942751522672939e-13
Norma del vettore g: 20.0
Strategy: min_var , portfolio variance: 6.276489728818799e-13
Norma del vettore g: 20.0
Strategy: min_var , portfolio variance: 1.1094011398029927e-06
Norma del vettore g: 20.0
Strategy: min_var , portfolio variance: 2.941870048862277e-05
Norma del vettore g: 20.0
Strategy: min_var , portfolio variance: 0.08896884315665682
Norma del vettore g: 20.0
Strategy: min_var , portfolio variance: 6.769248498033289e-05
Norma del vettore g: 20.0
Strategy: min_var , portfolio variance: 7.06228625938097e-05
Norma del vettore g non è uguale a sqrt(N): 42.7380252950515
Norma del vettore g: 20.000000000000007
Strategy: omn     , portfolio variance: 5.712105100719484e-07
Norma del vettore g non è uguale a sqrt(N): 42.7380252950515
Norma del vettore g: 20.000000000000007
Strategy: omn     , portfolio variance: 9.54427209360702e-12
Norma del vettore g non è uguale a sqrt(N): 42.7380252950515
Norma del vettore g: 20.000000000000007
Strategy: omn     , portfolio variance: 1.0220400734223299e-11
Norma del vettore g non è uguale a sqrt(N): 42.7380252950515
Norma del vettore g: 20.000000000000007
Strategy: omn     , portfolio variance: 1.215672985100706e-06
Norma del vettore g non è uguale a sqrt(N): 42.7380252950515
Norma del vettore g: 20.000000000000007
Strategy: omn     , portfolio variance: 9.751205556586428e-07
Norma del vettore g non è uguale a sqrt(N): 42.7380252950515
Norma del vettore g: 20.000000000000007
Strategy: omn     , portfolio variance: 0.0025173197902944675
Norma del vettore g non è uguale a sqrt(N): 42.7380252950515
Norma del vettore g: 20.000000000000007
Strategy: omn     , portfolio variance: 1.7069719986259832e-06
Norma del vettore g non è uguale a sqrt(N): 42.7380252950515
Norma del vettore g: 20.000000000000007
Strategy: omn     , portfolio variance: 1.567838618676117e-06
Norma del vettore g non è uguale a sqrt(N): 42.7380252950515
Norma del vettore g: 20.000000000000007
Strategy: mean_rev, portfolio variance: 5.712105100719484e-07
Norma del vettore g non è uguale a sqrt(N): 42.7380252950515
Norma del vettore g: 20.000000000000007
Strategy: mean_rev, portfolio variance: 9.54427209360702e-12
Norma del vettore g non è uguale a sqrt(N): 42.7380252950515
Norma del vettore g: 20.000000000000007
Strategy: mean_rev, portfolio variance: 1.0220400734223299e-11
Norma del vettore g non è uguale a sqrt(N): 42.7380252950515
Norma del vettore g: 20.000000000000007
Strategy: mean_rev, portfolio variance: 1.215672985100706e-06
Norma del vettore g non è uguale a sqrt(N): 42.7380252950515
Norma del vettore g: 20.000000000000007
Strategy: mean_rev, portfolio variance: 9.751205556586428e-07
Norma del vettore g non è uguale a sqrt(N): 42.7380252950515
Norma del vettore g: 20.000000000000007
Strategy: mean_rev, portfolio variance: 0.0025173197902944675
Norma del vettore g non è uguale a sqrt(N): 42.7380252950515
Norma del vettore g: 20.000000000000007
Strategy: mean_rev, portfolio variance: 1.7069719986259832e-06
Norma del vettore g non è uguale a sqrt(N): 42.7380252950515
Norma del vettore g: 20.000000000000007
Strategy: mean_rev, portfolio variance: 1.567838618676117e-06
Norma del vettore g: 20.000000000000007
Strategy: rnd     , portfolio variance: 9.698935790769932e-08
Norma del vettore g: 20.000000000000007
Strategy: rnd     , portfolio variance: 3.2342706414567586e-10
Norma del vettore g: 19.999999999999993
Strategy: rnd     , portfolio variance: 6.5004857462979354e-09
Norma del vettore g: 20.000000000000004
Strategy: rnd     , portfolio variance: 1.0801408759762836e-06
Norma del vettore g: 20.000000000000004
Strategy: rnd     , portfolio variance: 3.077847716025317e-07
Norma del vettore g: 20.0
Strategy: rnd     , portfolio variance: 0.0011435209739119251
Norma del vettore g: 20.000000000000007
Strategy: rnd     , portfolio variance: 2.837327656298591e-07
Norma del vettore g: 19.999999999999993
Strategy: rnd     , portfolio variance: 2.371019325281834e-07
[==========================================================            ] 83.77%
Norma del vettore g: 20.0
Strategy: min_var , portfolio variance: 1.827729112153195e-05
Norma del vettore g: 20.0
Strategy: min_var , portfolio variance: 6.006264515784275e-13
Norma del vettore g: 20.0
Strategy: min_var , portfolio variance: 6.345736710000115e-13
Norma del vettore g: 20.0
Strategy: min_var , portfolio variance: 1.1466711140988682e-06
Norma del vettore g: 20.0
Strategy: min_var , portfolio variance: 3.1748268600309476e-05
Norma del vettore g: 20.0
Strategy: min_var , portfolio variance: 0.0945979097608578
Norma del vettore g: 20.0
Strategy: min_var , portfolio variance: 7.002708184529725e-05
Norma del vettore g: 20.0
Strategy: min_var , portfolio variance: 7.664154840770555e-05
Norma del vettore g non è uguale a sqrt(N): 47.40833295936884
Norma del vettore g: 20.0
Strategy: omn     , portfolio variance: 7.43863887949801e-07
Norma del vettore g non è uguale a sqrt(N): 47.40833295936884
Norma del vettore g: 20.0
Strategy: omn     , portfolio variance: 2.0802906691046044e-12
Norma del vettore g non è uguale a sqrt(N): 47.40833295936884
Norma del vettore g: 20.0
Strategy: omn     , portfolio variance: 2.2081996027956225e-12
Norma del vettore g non è uguale a sqrt(N): 47.40833295936884
Norma del vettore g: 20.0
Strategy: omn     , portfolio variance: 1.2594564979626204e-06
Norma del vettore g non è uguale a sqrt(N): 47.40833295936884
Norma del vettore g: 20.0
Strategy: omn     , portfolio variance: 1.2759574104461094e-06
Norma del vettore g non è uguale a sqrt(N): 47.40833295936884
Norma del vettore g: 20.0
Strategy: omn     , portfolio variance: 0.0030352958058247363
Norma del vettore g non è uguale a sqrt(N): 47.40833295936884
Norma del vettore g: 20.0
Strategy: omn     , portfolio variance: 2.2993974156475143e-06
Norma del vettore g non è uguale a sqrt(N): 47.40833295936884
Norma del vettore g: 20.0
Strategy: omn     , portfolio variance: 2.1458125592230185e-06
Norma del vettore g non è uguale a sqrt(N): 47.40833295936884
Norma del vettore g: 20.0
Strategy: mean_rev, portfolio variance: 7.43863887949801e-07
Norma del vettore g non è uguale a sqrt(N): 47.40833295936884
Norma del vettore g: 20.0
Strategy: mean_rev, portfolio variance: 2.0802906691046044e-12
Norma del vettore g non è uguale a sqrt(N): 47.40833295936884
Norma del vettore g: 20.0
Strategy: mean_rev, portfolio variance: 2.2081996027956225e-12
Norma del vettore g non è uguale a sqrt(N): 47.40833295936884
Norma del vettore g: 20.0
Strategy: mean_rev, portfolio variance: 1.2594564979626204e-06
Norma del vettore g non è uguale a sqrt(N): 47.40833295936884
Norma del vettore g: 20.0
Strategy: mean_rev, portfolio variance: 1.2759574104461094e-06
Norma del vettore g non è uguale a sqrt(N): 47.40833295936884
Norma del vettore g: 20.0
Strategy: mean_rev, portfolio variance: 0.0030352958058247363
Norma del vettore g non è uguale a sqrt(N): 47.40833295936884
Norma del vettore g: 20.0
Strategy: mean_rev, portfolio variance: 2.2993974156475143e-06
Norma del vettore g non è uguale a sqrt(N): 47.40833295936884
Norma del vettore g: 20.0
Strategy: mean_rev, portfolio variance: 2.1458125592230185e-06
Norma del vettore g: 19.999999999999996
Strategy: rnd     , portfolio variance: 9.104779381557459e-08
Norma del vettore g: 19.999999999999996
Strategy: rnd     , portfolio variance: 8.513832199198022e-08
Norma del vettore g: 20.000000000000004
Strategy: rnd     , portfolio variance: 7.306221947223666e-11
Norma del vettore g: 20.000000000000007
Strategy: rnd     , portfolio variance: 1.1806307057845842e-06
Norma del vettore g: 20.0
Strategy: rnd     , portfolio variance: 3.4604129291310344e-07
Norma del vettore g: 20.0
Strategy: rnd     , portfolio variance: 0.0011213833031207695
Norma del vettore g: 20.000000000000004
Strategy: rnd     , portfolio variance: 3.4286117243957363e-07
Norma del vettore g: 20.000000000000004
Strategy: rnd     , portfolio variance: 2.838241937165236e-07
[===========================================================           ] 84.42%
Norma del vettore g: 20.0
Strategy: min_var , portfolio variance: 1.8921511621406486e-05
Norma del vettore g: 20.0
Strategy: min_var , portfolio variance: 5.932861669372561e-13
Norma del vettore g: 20.0
Strategy: min_var , portfolio variance: 6.270145972916105e-13
Norma del vettore g: 20.0
Strategy: min_var , portfolio variance: 1.1692572385325136e-06
Norma del vettore g: 20.0
Strategy: min_var , portfolio variance: 3.233960355850724e-05
Norma del vettore g: 20.0
Strategy: min_var , portfolio variance: 0.09856994381733888
Norma del vettore g: 20.0
Strategy: min_var , portfolio variance: 7.323969854678329e-05
Norma del vettore g: 20.0
Strategy: min_var , portfolio variance: 7.615665129849809e-05
Norma del vettore g non è uguale a sqrt(N): 42.83095435001574
Norma del vettore g: 20.0
Strategy: omn     , portfolio variance: 6.172653934826332e-07
Norma del vettore g non è uguale a sqrt(N): 42.83095435001574
Norma del vettore g: 20.0
Strategy: omn     , portfolio variance: 2.532007210148195e-12
Norma del vettore g non è uguale a sqrt(N): 42.83095435001574
Norma del vettore g: 20.0
Strategy: omn     , portfolio variance: 2.673398998759425e-12
Norma del vettore g non è uguale a sqrt(N): 42.83095435001574
Norma del vettore g: 20.0
Strategy: omn     , portfolio variance: 1.2957901037896487e-06
Norma del vettore g non è uguale a sqrt(N): 42.83095435001574
Norma del vettore g: 20.0
Strategy: omn     , portfolio variance: 1.1669401995355815e-06
Norma del vettore g non è uguale a sqrt(N): 42.83095435001574
Norma del vettore g: 20.0
Strategy: omn     , portfolio variance: 0.002638857432399499
Norma del vettore g non è uguale a sqrt(N): 42.83095435001574
Norma del vettore g: 20.0
Strategy: omn     , portfolio variance: 2.113062091955639e-06
Norma del vettore g non è uguale a sqrt(N): 42.83095435001574
Norma del vettore g: 20.0
Strategy: omn     , portfolio variance: 1.97597462077116e-06
Norma del vettore g non è uguale a sqrt(N): 42.83095435001574
Norma del vettore g: 20.0
Strategy: mean_rev, portfolio variance: 6.172653934826332e-07
Norma del vettore g non è uguale a sqrt(N): 42.83095435001574
Norma del vettore g: 20.0
Strategy: mean_rev, portfolio variance: 2.532007210148195e-12
Norma del vettore g non è uguale a sqrt(N): 42.83095435001574
Norma del vettore g: 20.0
Strategy: mean_rev, portfolio variance: 2.673398998759425e-12
Norma del vettore g non è uguale a sqrt(N): 42.83095435001574
Norma del vettore g: 20.0
Strategy: mean_rev, portfolio variance: 1.2957901037896487e-06
Norma del vettore g non è uguale a sqrt(N): 42.83095435001574
Norma del vettore g: 20.0
Strategy: mean_rev, portfolio variance: 1.1669401995355815e-06
Norma del vettore g non è uguale a sqrt(N): 42.83095435001574
Norma del vettore g: 20.0
Strategy: mean_rev, portfolio variance: 0.002638857432399499
Norma del vettore g non è uguale a sqrt(N): 42.83095435001574
Norma del vettore g: 20.0
Strategy: mean_rev, portfolio variance: 2.113062091955639e-06
Norma del vettore g non è uguale a sqrt(N): 42.83095435001574
Norma del vettore g: 20.0
Strategy: mean_rev, portfolio variance: 1.97597462077116e-06
Norma del vettore g: 19.999999999999996
Strategy: rnd     , portfolio variance: 1.0854084088753697e-07
Norma del vettore g: 19.999999999999993
Strategy: rnd     , portfolio variance: 7.18226000219434e-11
Norma del vettore g: 20.000000000000007
Strategy: rnd     , portfolio variance: 2.3966152512188423e-10
Norma del vettore g: 20.000000000000004
Strategy: rnd     , portfolio variance: 1.1477766246295862e-06
Norma del vettore g: 20.0
Strategy: rnd     , portfolio variance: 3.5984977895244575e-07
Norma del vettore g: 20.0
Strategy: rnd     , portfolio variance: 0.001088361919290848
Norma del vettore g: 20.000000000000007
Strategy: rnd     , portfolio variance: 2.6375593285798597e-07
Norma del vettore g: 19.999999999999996
Strategy: rnd     , portfolio variance: 3.1379087958261924e-07
[===========================================================           ] 85.06%
Norma del vettore g: 20.0
Strategy: min_var , portfolio variance: 1.901221311917232e-05
Norma del vettore g: 20.0
Strategy: min_var , portfolio variance: 6.03395636450378e-13
Norma del vettore g: 20.0
Strategy: min_var , portfolio variance: 6.373332391088738e-13
Norma del vettore g: 20.0
Strategy: min_var , portfolio variance: 1.176393383986619e-06
Norma del vettore g: 20.0
Strategy: min_var , portfolio variance: 3.228111356185237e-05
Norma del vettore g: 20.0
Strategy: min_var , portfolio variance: 0.09850230585368627
Norma del vettore g: 20.0
Strategy: min_var , portfolio variance: 7.106075826583782e-05
Norma del vettore g: 20.0
Strategy: min_var , portfolio variance: 7.896129084485167e-05
Norma del vettore g non è uguale a sqrt(N): 46.92752533679218
Norma del vettore g: 20.0
Strategy: omn     , portfolio variance: 6.661714907857721e-07
Norma del vettore g non è uguale a sqrt(N): 46.92752533679218
Norma del vettore g: 20.0
Strategy: omn     , portfolio variance: 7.931250260215395e-12
Norma del vettore g non è uguale a sqrt(N): 46.92752533679218
Norma del vettore g: 20.0
Strategy: omn     , portfolio variance: 8.31736231787716e-12
Norma del vettore g non è uguale a sqrt(N): 46.92752533679218
Norma del vettore g: 20.0
Strategy: omn     , portfolio variance: 1.4839088615287723e-06
Norma del vettore g non è uguale a sqrt(N): 46.92752533679218
Norma del vettore g: 20.0
Strategy: omn     , portfolio variance: 1.1290067528143147e-06
Norma del vettore g non è uguale a sqrt(N): 46.92752533679218
Norma del vettore g: 20.0
Strategy: omn     , portfolio variance: 0.0022776798504486745
Norma del vettore g non è uguale a sqrt(N): 46.92752533679218
Norma del vettore g: 20.0
Strategy: omn     , portfolio variance: 1.8817214216235778e-06
Norma del vettore g non è uguale a sqrt(N): 46.92752533679218
Norma del vettore g: 20.0
Strategy: omn     , portfolio variance: 1.9123122090617847e-06
Norma del vettore g non è uguale a sqrt(N): 46.92752533679218
Norma del vettore g: 20.0
Strategy: mean_rev, portfolio variance: 6.661714907857721e-07
Norma del vettore g non è uguale a sqrt(N): 46.92752533679218
Norma del vettore g: 20.0
Strategy: mean_rev, portfolio variance: 7.931250260215395e-12
Norma del vettore g non è uguale a sqrt(N): 46.92752533679218
Norma del vettore g: 20.0
Strategy: mean_rev, portfolio variance: 8.31736231787716e-12
Norma del vettore g non è uguale a sqrt(N): 46.92752533679218
Norma del vettore g: 20.0
Strategy: mean_rev, portfolio variance: 1.4839088615287723e-06
Norma del vettore g non è uguale a sqrt(N): 46.92752533679218
Norma del vettore g: 20.0
Strategy: mean_rev, portfolio variance: 1.1290067528143147e-06
Norma del vettore g non è uguale a sqrt(N): 46.92752533679218
Norma del vettore g: 20.0
Strategy: mean_rev, portfolio variance: 0.0022776798504486745
Norma del vettore g non è uguale a sqrt(N): 46.92752533679218
Norma del vettore g: 20.0
Strategy: mean_rev, portfolio variance: 1.8817214216235778e-06
Norma del vettore g non è uguale a sqrt(N): 46.92752533679218
Norma del vettore g: 20.0
Strategy: mean_rev, portfolio variance: 1.9123122090617847e-06
Norma del vettore g: 20.0
Strategy: rnd     , portfolio variance: 8.652688327855634e-08
Norma del vettore g: 20.0
Strategy: rnd     , portfolio variance: 3.218915496088936e-10
Norma del vettore g: 20.0
Strategy: rnd     , portfolio variance: 6.7157835833724215e-09
Norma del vettore g: 19.999999999999993
Strategy: rnd     , portfolio variance: 1.210589524777786e-06
Norma del vettore g: 19.999999999999996
Strategy: rnd     , portfolio variance: 3.666676974736857e-07
Norma del vettore g: 20.000000000000007
Strategy: rnd     , portfolio variance: 0.0010628132610679734
Norma del vettore g: 20.0
Strategy: rnd     , portfolio variance: 2.770759282413726e-07
Norma del vettore g: 20.0
Strategy: rnd     , portfolio variance: 3.265925601683778e-07
[============================================================          ] 85.71%
Norma del vettore g: 20.0
Strategy: min_var , portfolio variance: 1.956637635914344e-05
Norma del vettore g: 20.0
Strategy: min_var , portfolio variance: 5.925607223474895e-13
Norma del vettore g: 20.0
Strategy: min_var , portfolio variance: 6.264371897297177e-13
Norma del vettore g: 20.0
Strategy: min_var , portfolio variance: 1.1897283782837834e-06
Norma del vettore g: 20.0
Strategy: min_var , portfolio variance: 3.3196803259794846e-05
Norma del vettore g: 20.0
Strategy: min_var , portfolio variance: 0.10163168983321581
Norma del vettore g: 20.0
Strategy: min_var , portfolio variance: 7.365020583321587e-05
Norma del vettore g: 20.0
Strategy: min_var , portfolio variance: 8.053007944903659e-05
Norma del vettore g non è uguale a sqrt(N): 42.61545479280419
Norma del vettore g: 20.000000000000004
Strategy: omn     , portfolio variance: 6.027421379713956e-07
Norma del vettore g non è uguale a sqrt(N): 42.61545479280419
Norma del vettore g: 20.000000000000004
Strategy: omn     , portfolio variance: 5.0284397643934585e-11
Norma del vettore g non è uguale a sqrt(N): 42.61545479280419
Norma del vettore g: 20.000000000000004
Strategy: omn     , portfolio variance: 5.0083252243912776e-11
Norma del vettore g non è uguale a sqrt(N): 42.61545479280419
Norma del vettore g: 20.000000000000004
Strategy: omn     , portfolio variance: 1.5434876752745924e-06
Norma del vettore g non è uguale a sqrt(N): 42.61545479280419
Norma del vettore g: 20.000000000000004
Strategy: omn     , portfolio variance: 1.0380747107255005e-06
Norma del vettore g non è uguale a sqrt(N): 42.61545479280419
Norma del vettore g: 20.000000000000004
Strategy: omn     , portfolio variance: 0.0021951748631098686
Norma del vettore g non è uguale a sqrt(N): 42.61545479280419
Norma del vettore g: 20.000000000000004
Strategy: omn     , portfolio variance: 1.4160490422403074e-06
Norma del vettore g non è uguale a sqrt(N): 42.61545479280419
Norma del vettore g: 20.000000000000004
Strategy: omn     , portfolio variance: 1.3748060388861134e-06
Norma del vettore g non è uguale a sqrt(N): 42.61545479280419
Norma del vettore g: 20.000000000000004
Strategy: mean_rev, portfolio variance: 6.027421379713956e-07
Norma del vettore g non è uguale a sqrt(N): 42.61545479280419
Norma del vettore g: 20.000000000000004
Strategy: mean_rev, portfolio variance: 5.0284397643934585e-11
Norma del vettore g non è uguale a sqrt(N): 42.61545479280419
Norma del vettore g: 20.000000000000004
Strategy: mean_rev, portfolio variance: 5.0083252243912776e-11
Norma del vettore g non è uguale a sqrt(N): 42.61545479280419
Norma del vettore g: 20.000000000000004
Strategy: mean_rev, portfolio variance: 1.5434876752745924e-06
Norma del vettore g non è uguale a sqrt(N): 42.61545479280419
Norma del vettore g: 20.000000000000004
Strategy: mean_rev, portfolio variance: 1.0380747107255005e-06
Norma del vettore g non è uguale a sqrt(N): 42.61545479280419
Norma del vettore g: 20.000000000000004
Strategy: mean_rev, portfolio variance: 0.0021951748631098686
Norma del vettore g non è uguale a sqrt(N): 42.61545479280419
Norma del vettore g: 20.000000000000004
Strategy: mean_rev, portfolio variance: 1.4160490422403074e-06
Norma del vettore g non è uguale a sqrt(N): 42.61545479280419
Norma del vettore g: 20.000000000000004
Strategy: mean_rev, portfolio variance: 1.3748060388861134e-06
Norma del vettore g: 20.00000000000001
Strategy: rnd     , portfolio variance: 9.88774610043979e-08
Norma del vettore g: 20.0
Strategy: rnd     , portfolio variance: 6.821305131533883e-11
Norma del vettore g: 20.0
Strategy: rnd     , portfolio variance: 6.085388504391484e-10
Norma del vettore g: 19.999999999999993
Strategy: rnd     , portfolio variance: 1.1794213410055674e-06
Norma del vettore g: 20.0
Strategy: rnd     , portfolio variance: 3.4287995253575093e-07
Norma del vettore g: 20.0
Strategy: rnd     , portfolio variance: 0.0010864551169439327
Norma del vettore g: 20.0
Strategy: rnd     , portfolio variance: 3.284907021875684e-07
Norma del vettore g: 20.000000000000004
Strategy: rnd     , portfolio variance: 3.264475607152756e-07
[============================================================          ] 86.36%
Norma del vettore g: 20.0
Strategy: min_var , portfolio variance: 1.933196743085911e-05
Norma del vettore g: 20.0
Strategy: min_var , portfolio variance: 5.845943251584048e-13
Norma del vettore g: 20.0
Strategy: min_var , portfolio variance: 6.190254658218941e-13
Norma del vettore g: 20.0
Strategy: min_var , portfolio variance: 1.2006179220836957e-06
Norma del vettore g: 20.0
Strategy: min_var , portfolio variance: 3.3377367732277154e-05
Norma del vettore g: 20.0
Strategy: min_var , portfolio variance: 0.10471763950550685
Norma del vettore g: 20.0
Strategy: min_var , portfolio variance: 7.441192096407345e-05
Norma del vettore g: 20.0
Strategy: min_var , portfolio variance: 7.918301921135259e-05
Norma del vettore g non è uguale a sqrt(N): 57.10055267482087
Norma del vettore g: 19.999999999999993
Strategy: omn     , portfolio variance: 9.041859314180151e-07
Norma del vettore g non è uguale a sqrt(N): 57.10055267482087
Norma del vettore g: 19.999999999999993
Strategy: omn     , portfolio variance: 2.6424666950320105e-12
Norma del vettore g non è uguale a sqrt(N): 57.10055267482087
Norma del vettore g: 19.999999999999993
Strategy: omn     , portfolio variance: 2.8287922158659936e-12
Norma del vettore g non è uguale a sqrt(N): 57.10055267482087
Norma del vettore g: 19.999999999999993
Strategy: omn     , portfolio variance: 1.5645927964714373e-06
Norma del vettore g non è uguale a sqrt(N): 57.10055267482087
Norma del vettore g: 19.999999999999993
Strategy: omn     , portfolio variance: 1.5547708838751183e-06
Norma del vettore g non è uguale a sqrt(N): 57.10055267482087
Norma del vettore g: 19.999999999999993
Strategy: omn     , portfolio variance: 0.003305958468251812
Norma del vettore g non è uguale a sqrt(N): 57.10055267482087
Norma del vettore g: 19.999999999999993
Strategy: omn     , portfolio variance: 2.510809306576287e-06
Norma del vettore g non è uguale a sqrt(N): 57.10055267482087
Norma del vettore g: 19.999999999999993
Strategy: omn     , portfolio variance: 2.553080310273745e-06
Norma del vettore g non è uguale a sqrt(N): 57.10055267482087
Norma del vettore g: 19.999999999999993
Strategy: mean_rev, portfolio variance: 9.041859314180151e-07
Norma del vettore g non è uguale a sqrt(N): 57.10055267482087
Norma del vettore g: 19.999999999999993
Strategy: mean_rev, portfolio variance: 2.6424666950320105e-12
Norma del vettore g non è uguale a sqrt(N): 57.10055267482087
Norma del vettore g: 19.999999999999993
Strategy: mean_rev, portfolio variance: 2.8287922158659936e-12
Norma del vettore g non è uguale a sqrt(N): 57.10055267482087
Norma del vettore g: 19.999999999999993
Strategy: mean_rev, portfolio variance: 1.5645927964714373e-06
Norma del vettore g non è uguale a sqrt(N): 57.10055267482087
Norma del vettore g: 19.999999999999993
Strategy: mean_rev, portfolio variance: 1.5547708838751183e-06
Norma del vettore g non è uguale a sqrt(N): 57.10055267482087
Norma del vettore g: 19.999999999999993
Strategy: mean_rev, portfolio variance: 0.003305958468251812
Norma del vettore g non è uguale a sqrt(N): 57.10055267482087
Norma del vettore g: 19.999999999999993
Strategy: mean_rev, portfolio variance: 2.510809306576287e-06
Norma del vettore g non è uguale a sqrt(N): 57.10055267482087
Norma del vettore g: 19.999999999999993
Strategy: mean_rev, portfolio variance: 2.553080310273745e-06
Norma del vettore g: 19.999999999999996
Strategy: rnd     , portfolio variance: 1.0195930635729246e-07
Norma del vettore g: 20.000000000000007
Strategy: rnd     , portfolio variance: 1.2938026888999932e-10
Norma del vettore g: 19.999999999999996
Strategy: rnd     , portfolio variance: 8.690483836216514e-11
Norma del vettore g: 19.999999999999996
Strategy: rnd     , portfolio variance: 1.2234392442770379e-06
Norma del vettore g: 19.999999999999996
Strategy: rnd     , portfolio variance: 3.4799768545691155e-07
Norma del vettore g: 20.0
Strategy: rnd     , portfolio variance: 0.0010249742175661289
Norma del vettore g: 20.000000000000004
Strategy: rnd     , portfolio variance: 2.5856379339946693e-07
Norma del vettore g: 20.000000000000007
Strategy: rnd     , portfolio variance: 3.4320088762895287e-07
[============================================================          ] 87.01%
Norma del vettore g: 20.0
Strategy: min_var , portfolio variance: 1.9208023837410632e-05
Norma del vettore g: 20.0
Strategy: min_var , portfolio variance: 5.954431850697342e-13
Norma del vettore g: 20.0
Strategy: min_var , portfolio variance: 6.300829544132947e-13
Norma del vettore g: 20.0
Strategy: min_var , portfolio variance: 1.2276459773641663e-06
Norma del vettore g: 20.0
Strategy: min_var , portfolio variance: 3.387070514274524e-05
Norma del vettore g: 20.0
Strategy: min_var , portfolio variance: 0.1047470988476988
Norma del vettore g: 20.0
Strategy: min_var , portfolio variance: 7.524486310931926e-05
Norma del vettore g: 20.0
Strategy: min_var , portfolio variance: 8.11016252607455e-05
Norma del vettore g non è uguale a sqrt(N): 48.2306129737138
Norma del vettore g: 19.999999999999996
Strategy: omn     , portfolio variance: 7.525506650922764e-07
Norma del vettore g non è uguale a sqrt(N): 48.2306129737138
Norma del vettore g: 19.999999999999996
Strategy: omn     , portfolio variance: 2.626860373549312e-12
Norma del vettore g non è uguale a sqrt(N): 48.2306129737138
Norma del vettore g: 19.999999999999996
Strategy: omn     , portfolio variance: 2.774151173554906e-12
Norma del vettore g non è uguale a sqrt(N): 48.2306129737138
Norma del vettore g: 19.999999999999996
Strategy: omn     , portfolio variance: 1.554182693816085e-06
Norma del vettore g non è uguale a sqrt(N): 48.2306129737138
Norma del vettore g: 19.999999999999996
Strategy: omn     , portfolio variance: 1.2989293624359295e-06
Norma del vettore g non è uguale a sqrt(N): 48.2306129737138
Norma del vettore g: 19.999999999999996
Strategy: omn     , portfolio variance: 0.002808350370744172
Norma del vettore g non è uguale a sqrt(N): 48.2306129737138
Norma del vettore g: 19.999999999999996
Strategy: omn     , portfolio variance: 1.7984425281678562e-06
Norma del vettore g non è uguale a sqrt(N): 48.2306129737138
Norma del vettore g: 19.999999999999996
Strategy: omn     , portfolio variance: 1.7570919629638379e-06
Norma del vettore g non è uguale a sqrt(N): 48.2306129737138
Norma del vettore g: 19.999999999999996
Strategy: mean_rev, portfolio variance: 7.525506650922764e-07
Norma del vettore g non è uguale a sqrt(N): 48.2306129737138
Norma del vettore g: 19.999999999999996
Strategy: mean_rev, portfolio variance: 2.626860373549312e-12
Norma del vettore g non è uguale a sqrt(N): 48.2306129737138
Norma del vettore g: 19.999999999999996
Strategy: mean_rev, portfolio variance: 2.774151173554906e-12
Norma del vettore g non è uguale a sqrt(N): 48.2306129737138
Norma del vettore g: 19.999999999999996
Strategy: mean_rev, portfolio variance: 1.554182693816085e-06
Norma del vettore g non è uguale a sqrt(N): 48.2306129737138
Norma del vettore g: 19.999999999999996
Strategy: mean_rev, portfolio variance: 1.2989293624359295e-06
Norma del vettore g non è uguale a sqrt(N): 48.2306129737138
Norma del vettore g: 19.999999999999996
Strategy: mean_rev, portfolio variance: 0.002808350370744172
Norma del vettore g non è uguale a sqrt(N): 48.2306129737138
Norma del vettore g: 19.999999999999996
Strategy: mean_rev, portfolio variance: 1.7984425281678562e-06
Norma del vettore g non è uguale a sqrt(N): 48.2306129737138
Norma del vettore g: 19.999999999999996
Strategy: mean_rev, portfolio variance: 1.7570919629638379e-06
Norma del vettore g: 19.999999999999996
Strategy: rnd     , portfolio variance: 9.316040473108915e-08
Norma del vettore g: 20.0
Strategy: rnd     , portfolio variance: 7.713832775300472e-10
Norma del vettore g: 20.000000000000007
Strategy: rnd     , portfolio variance: 1.1906027028200888e-08
Norma del vettore g: 20.0
Strategy: rnd     , portfolio variance: 1.223760721978662e-06
Norma del vettore g: 20.000000000000007
Strategy: rnd     , portfolio variance: 3.530795109136773e-07
Norma del vettore g: 20.000000000000007
Strategy: rnd     , portfolio variance: 0.0010864292839596913
Norma del vettore g: 20.0
Strategy: rnd     , portfolio variance: 2.8650850552008423e-07
Norma del vettore g: 19.999999999999996
Strategy: rnd     , portfolio variance: 3.1891816049943037e-07
[=============================================================         ] 87.66%
Norma del vettore g: 20.0
Strategy: min_var , portfolio variance: 1.942447217160864e-05
Norma del vettore g: 20.0
Strategy: min_var , portfolio variance: 5.880845341766762e-13
Norma del vettore g: 20.0
Strategy: min_var , portfolio variance: 6.229126807385144e-13
Norma del vettore g: 20.0
Strategy: min_var , portfolio variance: 1.229228187703624e-06
Norma del vettore g: 20.0
Strategy: min_var , portfolio variance: 3.41722304339148e-05
Norma del vettore g: 20.0
Strategy: min_var , portfolio variance: 0.10715724985892824
Norma del vettore g: 20.0
Strategy: min_var , portfolio variance: 7.606337914752858e-05
Norma del vettore g: 20.0
Strategy: min_var , portfolio variance: 8.139009768558749e-05
Norma del vettore g non è uguale a sqrt(N): 74.6349361956695
Norma del vettore g: 20.000000000000004
Strategy: omn     , portfolio variance: 1.227131935462883e-06
Norma del vettore g non è uguale a sqrt(N): 74.6349361956695
Norma del vettore g: 20.000000000000004
Strategy: omn     , portfolio variance: 3.1062065268723067e-12
Norma del vettore g non è uguale a sqrt(N): 74.6349361956695
Norma del vettore g: 20.000000000000004
Strategy: omn     , portfolio variance: 3.2556533341805065e-12
Norma del vettore g non è uguale a sqrt(N): 74.6349361956695
Norma del vettore g: 20.000000000000004
Strategy: omn     , portfolio variance: 2.1770312675069286e-06
Norma del vettore g non è uguale a sqrt(N): 74.6349361956695
Norma del vettore g: 20.000000000000004
Strategy: omn     , portfolio variance: 1.917361112812168e-06
Norma del vettore g non è uguale a sqrt(N): 74.6349361956695
Norma del vettore g: 20.000000000000004
Strategy: omn     , portfolio variance: 0.0024576265505852164
Norma del vettore g non è uguale a sqrt(N): 74.6349361956695
Norma del vettore g: 20.000000000000004
Strategy: omn     , portfolio variance: 3.1386690247948646e-06
Norma del vettore g non è uguale a sqrt(N): 74.6349361956695
Norma del vettore g: 20.000000000000004
Strategy: omn     , portfolio variance: 3.3077080602279397e-06
Norma del vettore g non è uguale a sqrt(N): 74.6349361956695
Norma del vettore g: 20.000000000000004
Strategy: mean_rev, portfolio variance: 1.227131935462883e-06
Norma del vettore g non è uguale a sqrt(N): 74.6349361956695
Norma del vettore g: 20.000000000000004
Strategy: mean_rev, portfolio variance: 3.1062065268723067e-12
Norma del vettore g non è uguale a sqrt(N): 74.6349361956695
Norma del vettore g: 20.000000000000004
Strategy: mean_rev, portfolio variance: 3.2556533341805065e-12
Norma del vettore g non è uguale a sqrt(N): 74.6349361956695
Norma del vettore g: 20.000000000000004
Strategy: mean_rev, portfolio variance: 2.1770312675069286e-06
Norma del vettore g non è uguale a sqrt(N): 74.6349361956695
Norma del vettore g: 20.000000000000004
Strategy: mean_rev, portfolio variance: 1.917361112812168e-06
Norma del vettore g non è uguale a sqrt(N): 74.6349361956695
Norma del vettore g: 20.000000000000004
Strategy: mean_rev, portfolio variance: 0.0024576265505852164
Norma del vettore g non è uguale a sqrt(N): 74.6349361956695
Norma del vettore g: 20.000000000000004
Strategy: mean_rev, portfolio variance: 3.1386690247948646e-06
Norma del vettore g non è uguale a sqrt(N): 74.6349361956695
Norma del vettore g: 20.000000000000004
Strategy: mean_rev, portfolio variance: 3.3077080602279397e-06
Norma del vettore g: 20.000000000000004
Strategy: rnd     , portfolio variance: 1.0193034389041603e-07
Norma del vettore g: 20.0
Strategy: rnd     , portfolio variance: 9.392772443044355e-10
Norma del vettore g: 19.999999999999993
Strategy: rnd     , portfolio variance: 3.652587244071114e-11
Norma del vettore g: 20.000000000000004
Strategy: rnd     , portfolio variance: 1.1541291228969118e-06
Norma del vettore g: 20.000000000000004
Strategy: rnd     , portfolio variance: 3.555973129865265e-07
Norma del vettore g: 20.0
Strategy: rnd     , portfolio variance: 0.001066713320447628
Norma del vettore g: 20.0
Strategy: rnd     , portfolio variance: 2.974761292905981e-07
Norma del vettore g: 20.000000000000004
Strategy: rnd     , portfolio variance: 3.0464122786574333e-07
[=============================================================         ] 88.31%
Norma del vettore g: 20.0
Strategy: min_var , portfolio variance: 1.9113949016398105e-05
Norma del vettore g: 20.0
Strategy: min_var , portfolio variance: 5.915859574299691e-13
Norma del vettore g: 20.0
Strategy: min_var , portfolio variance: 6.259747023588245e-13
Norma del vettore g: 20.0
Strategy: min_var , portfolio variance: 1.2414608726671522e-06
Norma del vettore g: 20.0
Strategy: min_var , portfolio variance: 3.450050166074081e-05
Norma del vettore g: 20.0
Strategy: min_var , portfolio variance: 0.10846027988731118
Norma del vettore g: 20.0
Strategy: min_var , portfolio variance: 7.879720880323635e-05
Norma del vettore g: 20.0
Strategy: min_var , portfolio variance: 8.25977627414441e-05
Norma del vettore g non è uguale a sqrt(N): 46.56785538040787
Norma del vettore g: 20.0
Strategy: omn     , portfolio variance: 7.150019160197297e-07
Norma del vettore g non è uguale a sqrt(N): 46.56785538040787
Norma del vettore g: 20.0
Strategy: omn     , portfolio variance: 6.652883199859564e-11
Norma del vettore g non è uguale a sqrt(N): 46.56785538040787
Norma del vettore g: 20.0
Strategy: omn     , portfolio variance: 7.243990572083662e-11
Norma del vettore g non è uguale a sqrt(N): 46.56785538040787
Norma del vettore g: 20.0
Strategy: omn     , portfolio variance: 1.7001117176802016e-06
Norma del vettore g non è uguale a sqrt(N): 46.56785538040787
Norma del vettore g: 20.0
Strategy: omn     , portfolio variance: 1.2403541397001318e-06
Norma del vettore g non è uguale a sqrt(N): 46.56785538040787
Norma del vettore g: 20.0
Strategy: omn     , portfolio variance: 0.0022956483778935888
Norma del vettore g non è uguale a sqrt(N): 46.56785538040787
Norma del vettore g: 20.0
Strategy: omn     , portfolio variance: 1.864698321077198e-06
Norma del vettore g non è uguale a sqrt(N): 46.56785538040787
Norma del vettore g: 20.0
Strategy: omn     , portfolio variance: 1.9163385489382036e-06
Norma del vettore g non è uguale a sqrt(N): 46.56785538040787
Norma del vettore g: 20.0
Strategy: mean_rev, portfolio variance: 7.150019160197297e-07
Norma del vettore g non è uguale a sqrt(N): 46.56785538040787
Norma del vettore g: 20.0
Strategy: mean_rev, portfolio variance: 6.652883199859564e-11
Norma del vettore g non è uguale a sqrt(N): 46.56785538040787
Norma del vettore g: 20.0
Strategy: mean_rev, portfolio variance: 7.243990572083662e-11
Norma del vettore g non è uguale a sqrt(N): 46.56785538040787
Norma del vettore g: 20.0
Strategy: mean_rev, portfolio variance: 1.7001117176802016e-06
Norma del vettore g non è uguale a sqrt(N): 46.56785538040787
Norma del vettore g: 20.0
Strategy: mean_rev, portfolio variance: 1.2403541397001318e-06
Norma del vettore g non è uguale a sqrt(N): 46.56785538040787
Norma del vettore g: 20.0
Strategy: mean_rev, portfolio variance: 0.0022956483778935888
Norma del vettore g non è uguale a sqrt(N): 46.56785538040787
Norma del vettore g: 20.0
Strategy: mean_rev, portfolio variance: 1.864698321077198e-06
Norma del vettore g non è uguale a sqrt(N): 46.56785538040787
Norma del vettore g: 20.0
Strategy: mean_rev, portfolio variance: 1.9163385489382036e-06
Norma del vettore g: 20.0
Strategy: rnd     , portfolio variance: 1.0682966398221624e-07
Norma del vettore g: 20.000000000000014
Strategy: rnd     , portfolio variance: 1.201621664952205e-09
Norma del vettore g: 20.000000000000004
Strategy: rnd     , portfolio variance: 1.8397470098003383e-09
Norma del vettore g: 20.0
Strategy: rnd     , portfolio variance: 1.1832158099189215e-06
Norma del vettore g: 19.999999999999996
Strategy: rnd     , portfolio variance: 3.582700979009537e-07
Norma del vettore g: 19.999999999999996
Strategy: rnd     , portfolio variance: 0.0010854595277392442
Norma del vettore g: 20.0
Strategy: rnd     , portfolio variance: 3.590735792360062e-07
Norma del vettore g: 19.999999999999996
Strategy: rnd     , portfolio variance: 4.060313011999464e-07
[==============================================================        ] 88.96%
Norma del vettore g: 20.0
Strategy: min_var , portfolio variance: 1.9979771023103066e-05
Norma del vettore g: 20.0
Strategy: min_var , portfolio variance: 5.988685663922473e-13
Norma del vettore g: 20.0
Strategy: min_var , portfolio variance: 6.324542632257129e-13
Norma del vettore g: 20.0
Strategy: min_var , portfolio variance: 1.2547146500009754e-06
Norma del vettore g: 20.0
Strategy: min_var , portfolio variance: 3.543643397583181e-05
Norma del vettore g: 20.0
Strategy: min_var , portfolio variance: 0.10969245069495395
Norma del vettore g: 20.0
Strategy: min_var , portfolio variance: 7.823371218374784e-05
Norma del vettore g: 20.0
Strategy: min_var , portfolio variance: 8.538449558528698e-05
Norma del vettore g non è uguale a sqrt(N): 114.91505986892598
Norma del vettore g: 20.000000000000004
Strategy: omn     , portfolio variance: 5.8380579152696385e-06
Norma del vettore g non è uguale a sqrt(N): 114.91505986892598
Norma del vettore g: 20.000000000000004
Strategy: omn     , portfolio variance: 1.246823568907846e-12
Norma del vettore g non è uguale a sqrt(N): 114.91505986892598
Norma del vettore g: 20.000000000000004
Strategy: omn     , portfolio variance: 1.3353408014861543e-12
Norma del vettore g non è uguale a sqrt(N): 114.91505986892598
Norma del vettore g: 20.000000000000004
Strategy: omn     , portfolio variance: 1.8821107381699274e-06
Norma del vettore g non è uguale a sqrt(N): 114.91505986892598
Norma del vettore g: 20.000000000000004
Strategy: omn     , portfolio variance: 1.0317819124302576e-05
Norma del vettore g non è uguale a sqrt(N): 114.91505986892598
Norma del vettore g: 20.000000000000004
Strategy: omn     , portfolio variance: 0.014750895891010333
Norma del vettore g non è uguale a sqrt(N): 114.91505986892598
Norma del vettore g: 20.000000000000004
Strategy: omn     , portfolio variance: 2.7782516491952068e-05
Norma del vettore g non è uguale a sqrt(N): 114.91505986892598
Norma del vettore g: 20.000000000000004
Strategy: omn     , portfolio variance: 2.9156890468122365e-05
Norma del vettore g non è uguale a sqrt(N): 114.91505986892598
Norma del vettore g: 20.000000000000004
Strategy: mean_rev, portfolio variance: 5.8380579152696385e-06
Norma del vettore g non è uguale a sqrt(N): 114.91505986892598
Norma del vettore g: 20.000000000000004
Strategy: mean_rev, portfolio variance: 1.246823568907846e-12
Norma del vettore g non è uguale a sqrt(N): 114.91505986892598
Norma del vettore g: 20.000000000000004
Strategy: mean_rev, portfolio variance: 1.3353408014861543e-12
Norma del vettore g non è uguale a sqrt(N): 114.91505986892598
Norma del vettore g: 20.000000000000004
Strategy: mean_rev, portfolio variance: 1.8821107381699274e-06
Norma del vettore g non è uguale a sqrt(N): 114.91505986892598
Norma del vettore g: 20.000000000000004
Strategy: mean_rev, portfolio variance: 1.0317819124302576e-05
Norma del vettore g non è uguale a sqrt(N): 114.91505986892598
Norma del vettore g: 20.000000000000004
Strategy: mean_rev, portfolio variance: 0.014750895891010333
Norma del vettore g non è uguale a sqrt(N): 114.91505986892598
Norma del vettore g: 20.000000000000004
Strategy: mean_rev, portfolio variance: 2.7782516491952068e-05
Norma del vettore g non è uguale a sqrt(N): 114.91505986892598
Norma del vettore g: 20.000000000000004
Strategy: mean_rev, portfolio variance: 2.9156890468122365e-05
Norma del vettore g: 20.0
Strategy: rnd     , portfolio variance: 9.727251041153543e-08
Norma del vettore g: 20.0
Strategy: rnd     , portfolio variance: 4.278219655649129e-09
Norma del vettore g: 20.000000000000007
Strategy: rnd     , portfolio variance: 3.240210138995872e-09
Norma del vettore g: 20.0
Strategy: rnd     , portfolio variance: 1.2629448175643019e-06
Norma del vettore g: 19.999999999999993
Strategy: rnd     , portfolio variance: 3.659983735485017e-07
Norma del vettore g: 20.0
Strategy: rnd     , portfolio variance: 0.0010848751348351642
Norma del vettore g: 19.999999999999996
Strategy: rnd     , portfolio variance: 2.9477026699202905e-07
Norma del vettore g: 19.999999999999996
Strategy: rnd     , portfolio variance: 2.700667350223079e-07
[==============================================================        ] 89.61%
Norma del vettore g: 20.0
Strategy: min_var , portfolio variance: 1.9465530972262148e-05
Norma del vettore g: 20.0
Strategy: min_var , portfolio variance: 5.980013387745193e-13
Norma del vettore g: 20.0
Strategy: min_var , portfolio variance: 6.325659316675379e-13
Norma del vettore g: 20.0
Strategy: min_var , portfolio variance: 1.255317811651504e-06
Norma del vettore g: 20.0
Strategy: min_var , portfolio variance: 3.550863484166928e-05
Norma del vettore g: 20.0
Strategy: min_var , portfolio variance: 0.11055409484793158
Norma del vettore g: 20.0
Strategy: min_var , portfolio variance: 8.083482517159759e-05
Norma del vettore g: 20.0
Strategy: min_var , portfolio variance: 8.459739143678578e-05
Norma del vettore g non è uguale a sqrt(N): 109.84824280635496
Norma del vettore g: 20.0
Strategy: omn     , portfolio variance: 4.207607912068221e-06
Norma del vettore g non è uguale a sqrt(N): 109.84824280635496
Norma del vettore g: 20.0
Strategy: omn     , portfolio variance: 1.484241359366018e-12
Norma del vettore g non è uguale a sqrt(N): 109.84824280635496
Norma del vettore g: 20.0
Strategy: omn     , portfolio variance: 1.6057413518016979e-12
Norma del vettore g non è uguale a sqrt(N): 109.84824280635496
Norma del vettore g: 20.0
Strategy: omn     , portfolio variance: 1.8211377934009752e-06
Norma del vettore g non è uguale a sqrt(N): 109.84824280635496
Norma del vettore g: 20.0
Strategy: omn     , portfolio variance: 6.595049989634816e-06
Norma del vettore g non è uguale a sqrt(N): 109.84824280635496
Norma del vettore g: 20.0
Strategy: omn     , portfolio variance: 0.008343098711795545
Norma del vettore g non è uguale a sqrt(N): 109.84824280635496
Norma del vettore g: 20.0
Strategy: omn     , portfolio variance: 1.6526354764273382e-05
Norma del vettore g non è uguale a sqrt(N): 109.84824280635496
Norma del vettore g: 20.0
Strategy: omn     , portfolio variance: 1.6440559987420372e-05
Norma del vettore g non è uguale a sqrt(N): 109.84824280635496
Norma del vettore g: 20.0
Strategy: mean_rev, portfolio variance: 4.207607912068221e-06
Norma del vettore g non è uguale a sqrt(N): 109.84824280635496
Norma del vettore g: 20.0
Strategy: mean_rev, portfolio variance: 1.484241359366018e-12
Norma del vettore g non è uguale a sqrt(N): 109.84824280635496
Norma del vettore g: 20.0
Strategy: mean_rev, portfolio variance: 1.6057413518016979e-12
Norma del vettore g non è uguale a sqrt(N): 109.84824280635496
Norma del vettore g: 20.0
Strategy: mean_rev, portfolio variance: 1.8211377934009752e-06
Norma del vettore g non è uguale a sqrt(N): 109.84824280635496
Norma del vettore g: 20.0
Strategy: mean_rev, portfolio variance: 6.595049989634816e-06
Norma del vettore g non è uguale a sqrt(N): 109.84824280635496
Norma del vettore g: 20.0
Strategy: mean_rev, portfolio variance: 0.008343098711795545
Norma del vettore g non è uguale a sqrt(N): 109.84824280635496
Norma del vettore g: 20.0
Strategy: mean_rev, portfolio variance: 1.6526354764273382e-05
Norma del vettore g non è uguale a sqrt(N): 109.84824280635496
Norma del vettore g: 20.0
Strategy: mean_rev, portfolio variance: 1.6440559987420372e-05
Norma del vettore g: 19.999999999999993
Strategy: rnd     , portfolio variance: 1.2538716155945728e-07
Norma del vettore g: 19.999999999999996
Strategy: rnd     , portfolio variance: 6.073621360108447e-11
Norma del vettore g: 20.0
Strategy: rnd     , portfolio variance: 4.979622965416032e-10
Norma del vettore g: 19.999999999999996
Strategy: rnd     , portfolio variance: 1.2068505173376479e-06
Norma del vettore g: 20.0
Strategy: rnd     , portfolio variance: 3.6926247000562697e-07
Norma del vettore g: 19.999999999999996
Strategy: rnd     , portfolio variance: 0.0010919435779555295
Norma del vettore g: 20.0
Strategy: rnd     , portfolio variance: 3.9310075461011177e-07
Norma del vettore g: 19.999999999999993
Strategy: rnd     , portfolio variance: 2.870590971370399e-07
[===============================================================       ] 90.26%
Norma del vettore g: 20.0
Strategy: min_var , portfolio variance: 1.576873464622572e-05
Norma del vettore g: 20.0
Strategy: min_var , portfolio variance: 6.560386948340795e-13
Norma del vettore g: 20.0
Strategy: min_var , portfolio variance: 6.83112598623465e-13
Norma del vettore g: 20.0
Strategy: min_var , portfolio variance: 9.892813138711675e-07
Norma del vettore g: 20.0
Strategy: min_var , portfolio variance: 2.777774313021517e-05
Norma del vettore g: 20.0
Strategy: min_var , portfolio variance: 0.10276775642247532
Norma del vettore g: 20.0
Strategy: min_var , portfolio variance: 6.208901170678464e-05
Norma del vettore g: 20.0
Strategy: min_var , portfolio variance: 6.434280319543147e-05
Norma del vettore g non è uguale a sqrt(N): 211.59955153701893
Norma del vettore g: 20.000000000000007
Strategy: omn     , portfolio variance: 5.104639504592074e-06
Norma del vettore g non è uguale a sqrt(N): 211.59955153701893
Norma del vettore g: 20.000000000000007
Strategy: omn     , portfolio variance: 9.478327431998859e-13
Norma del vettore g non è uguale a sqrt(N): 211.59955153701893
Norma del vettore g: 20.000000000000007
Strategy: omn     , portfolio variance: 9.905358715495574e-13
Norma del vettore g non è uguale a sqrt(N): 211.59955153701893
Norma del vettore g: 20.000000000000007
Strategy: omn     , portfolio variance: 1.3372888141302882e-06
Norma del vettore g non è uguale a sqrt(N): 211.59955153701893
Norma del vettore g: 20.000000000000007
Strategy: omn     , portfolio variance: 7.940253042651942e-06
Norma del vettore g non è uguale a sqrt(N): 211.59955153701893
Norma del vettore g: 20.000000000000007
Strategy: omn     , portfolio variance: 0.009006419255199825
Norma del vettore g non è uguale a sqrt(N): 211.59955153701893
Norma del vettore g: 20.000000000000007
Strategy: omn     , portfolio variance: 1.5466770907490385e-05
Norma del vettore g non è uguale a sqrt(N): 211.59955153701893
Norma del vettore g: 20.000000000000007
Strategy: omn     , portfolio variance: 1.739241117513354e-05
Norma del vettore g non è uguale a sqrt(N): 211.59955153701893
Norma del vettore g: 20.000000000000007
Strategy: mean_rev, portfolio variance: 5.104639504592074e-06
Norma del vettore g non è uguale a sqrt(N): 211.59955153701893
Norma del vettore g: 20.000000000000007
Strategy: mean_rev, portfolio variance: 9.478327431998859e-13
Norma del vettore g non è uguale a sqrt(N): 211.59955153701893
Norma del vettore g: 20.000000000000007
Strategy: mean_rev, portfolio variance: 9.905358715495574e-13
Norma del vettore g non è uguale a sqrt(N): 211.59955153701893
Norma del vettore g: 20.000000000000007
Strategy: mean_rev, portfolio variance: 1.3372888141302882e-06
Norma del vettore g non è uguale a sqrt(N): 211.59955153701893
Norma del vettore g: 20.000000000000007
Strategy: mean_rev, portfolio variance: 7.940253042651942e-06
Norma del vettore g non è uguale a sqrt(N): 211.59955153701893
Norma del vettore g: 20.000000000000007
Strategy: mean_rev, portfolio variance: 0.009006419255199825
Norma del vettore g non è uguale a sqrt(N): 211.59955153701893
Norma del vettore g: 20.000000000000007
Strategy: mean_rev, portfolio variance: 1.5466770907490385e-05
Norma del vettore g non è uguale a sqrt(N): 211.59955153701893
Norma del vettore g: 20.000000000000007
Strategy: mean_rev, portfolio variance: 1.739241117513354e-05
Norma del vettore g: 20.0
Strategy: rnd     , portfolio variance: 1.0262397965423113e-07
Norma del vettore g: 19.999999999999993
Strategy: rnd     , portfolio variance: 1.208647547016269e-10
Norma del vettore g: 20.0
Strategy: rnd     , portfolio variance: 1.206514349940045e-08
Norma del vettore g: 20.000000000000004
Strategy: rnd     , portfolio variance: 9.664409573455162e-07
Norma del vettore g: 19.999999999999993
Strategy: rnd     , portfolio variance: 2.7733126751540854e-07
Norma del vettore g: 19.999999999999996
Strategy: rnd     , portfolio variance: 0.0010441988817740113
Norma del vettore g: 20.000000000000004
Strategy: rnd     , portfolio variance: 2.842427003488532e-07
Norma del vettore g: 20.000000000000007
Strategy: rnd     , portfolio variance: 3.27601279025047e-07
[===============================================================       ] 90.91%
Norma del vettore g: 20.0
Strategy: min_var , portfolio variance: 1.4322326442481214e-05
Norma del vettore g: 20.0
Strategy: min_var , portfolio variance: 7.410048263551257e-13
Norma del vettore g: 20.0
Strategy: min_var , portfolio variance: 7.659736827149546e-13
Norma del vettore g: 20.0
Strategy: min_var , portfolio variance: 8.291412735537092e-07
Norma del vettore g: 20.0
Strategy: min_var , portfolio variance: 2.4016129001914994e-05
Norma del vettore g: 20.0
Strategy: min_var , portfolio variance: 0.09903524565551153
Norma del vettore g: 20.0
Strategy: min_var , portfolio variance: 5.322756206550743e-05
Norma del vettore g: 20.0
Strategy: min_var , portfolio variance: 5.329035114783996e-05
Norma del vettore g non è uguale a sqrt(N): 74.12437179832173
Norma del vettore g: 20.000000000000004
Strategy: omn     , portfolio variance: 1.351842414953216e-06
Norma del vettore g non è uguale a sqrt(N): 74.12437179832173
Norma del vettore g: 20.000000000000004
Strategy: omn     , portfolio variance: 1.6737622491067944e-12
Norma del vettore g non è uguale a sqrt(N): 74.12437179832173
Norma del vettore g: 20.000000000000004
Strategy: omn     , portfolio variance: 1.7252557300463997e-12
Norma del vettore g non è uguale a sqrt(N): 74.12437179832173
Norma del vettore g: 20.000000000000004
Strategy: omn     , portfolio variance: 1.0715212980057918e-06
Norma del vettore g non è uguale a sqrt(N): 74.12437179832173
Norma del vettore g: 20.000000000000004
Strategy: omn     , portfolio variance: 2.063084496746592e-06
Norma del vettore g non è uguale a sqrt(N): 74.12437179832173
Norma del vettore g: 20.000000000000004
Strategy: omn     , portfolio variance: 0.00493707454032972
Norma del vettore g non è uguale a sqrt(N): 74.12437179832173
Norma del vettore g: 20.000000000000004
Strategy: omn     , portfolio variance: 3.6612626708280042e-06
Norma del vettore g non è uguale a sqrt(N): 74.12437179832173
Norma del vettore g: 20.000000000000004
Strategy: omn     , portfolio variance: 3.50798061602152e-06
Norma del vettore g non è uguale a sqrt(N): 74.12437179832173
Norma del vettore g: 20.000000000000004
Strategy: mean_rev, portfolio variance: 1.351842414953216e-06
Norma del vettore g non è uguale a sqrt(N): 74.12437179832173
Norma del vettore g: 20.000000000000004
Strategy: mean_rev, portfolio variance: 1.6737622491067944e-12
Norma del vettore g non è uguale a sqrt(N): 74.12437179832173
Norma del vettore g: 20.000000000000004
Strategy: mean_rev, portfolio variance: 1.7252557300463997e-12
Norma del vettore g non è uguale a sqrt(N): 74.12437179832173
Norma del vettore g: 20.000000000000004
Strategy: mean_rev, portfolio variance: 1.0715212980057918e-06
Norma del vettore g non è uguale a sqrt(N): 74.12437179832173
Norma del vettore g: 20.000000000000004
Strategy: mean_rev, portfolio variance: 2.063084496746592e-06
Norma del vettore g non è uguale a sqrt(N): 74.12437179832173
Norma del vettore g: 20.000000000000004
Strategy: mean_rev, portfolio variance: 0.00493707454032972
Norma del vettore g non è uguale a sqrt(N): 74.12437179832173
Norma del vettore g: 20.000000000000004
Strategy: mean_rev, portfolio variance: 3.6612626708280042e-06
Norma del vettore g non è uguale a sqrt(N): 74.12437179832173
Norma del vettore g: 20.000000000000004
Strategy: mean_rev, portfolio variance: 3.50798061602152e-06
Norma del vettore g: 20.0
Strategy: rnd     , portfolio variance: 1.0584207735638492e-07
Norma del vettore g: 19.999999999999996
Strategy: rnd     , portfolio variance: 1.3180447458709576e-09
Norma del vettore g: 19.999999999999996
Strategy: rnd     , portfolio variance: 1.784419119413626e-08
Norma del vettore g: 19.999999999999996
Strategy: rnd     , portfolio variance: 8.297782351498937e-07
Norma del vettore g: 20.0
Strategy: rnd     , portfolio variance: 2.941831834739277e-07
Norma del vettore g: 20.0
Strategy: rnd     , portfolio variance: 0.001143003210938603
Norma del vettore g: 20.000000000000004
Strategy: rnd     , portfolio variance: 2.7777922001422377e-07
Norma del vettore g: 20.000000000000004
Strategy: rnd     , portfolio variance: 2.767734655755687e-07
[================================================================      ] 91.56%
Norma del vettore g: 20.0
Strategy: min_var , portfolio variance: 1.3879682267253052e-05
Norma del vettore g: 20.0
Strategy: min_var , portfolio variance: 7.587659497980143e-13
Norma del vettore g: 20.0
Strategy: min_var , portfolio variance: 7.830164337390521e-13
Norma del vettore g: 20.0
Strategy: min_var , portfolio variance: 7.93923146603812e-07
Norma del vettore g: 20.0
Strategy: min_var , portfolio variance: 2.2963730609816458e-05
Norma del vettore g: 20.0
Strategy: min_var , portfolio variance: 0.09878499312695674
Norma del vettore g: 20.0
Strategy: min_var , portfolio variance: 5.009793453389471e-05
Norma del vettore g: 20.0
Strategy: min_var , portfolio variance: 5.211880480310647e-05
Norma del vettore g non è uguale a sqrt(N): 58.839489736553325
Norma del vettore g: 19.999999999999993
Strategy: omn     , portfolio variance: 8.79382833660438e-07
Norma del vettore g non è uguale a sqrt(N): 58.839489736553325
Norma del vettore g: 19.999999999999993
Strategy: omn     , portfolio variance: 4.353141035360193e-12
Norma del vettore g non è uguale a sqrt(N): 58.839489736553325
Norma del vettore g: 19.999999999999993
Strategy: omn     , portfolio variance: 4.439559345256709e-12
Norma del vettore g non è uguale a sqrt(N): 58.839489736553325
Norma del vettore g: 19.999999999999993
Strategy: omn     , portfolio variance: 1.0140692507080135e-06
Norma del vettore g non è uguale a sqrt(N): 58.839489736553325
Norma del vettore g: 19.999999999999993
Strategy: omn     , portfolio variance: 1.2501949216438586e-06
Norma del vettore g non è uguale a sqrt(N): 58.839489736553325
Norma del vettore g: 19.999999999999993
Strategy: omn     , portfolio variance: 0.0030999049777567494
Norma del vettore g non è uguale a sqrt(N): 58.839489736553325
Norma del vettore g: 19.999999999999993
Strategy: omn     , portfolio variance: 1.9305316707430523e-06
Norma del vettore g non è uguale a sqrt(N): 58.839489736553325
Norma del vettore g: 19.999999999999993
Strategy: omn     , portfolio variance: 2.1685483712903365e-06
Norma del vettore g non è uguale a sqrt(N): 58.839489736553325
Norma del vettore g: 19.999999999999993
Strategy: mean_rev, portfolio variance: 8.79382833660438e-07
Norma del vettore g non è uguale a sqrt(N): 58.839489736553325
Norma del vettore g: 19.999999999999993
Strategy: mean_rev, portfolio variance: 4.353141035360193e-12
Norma del vettore g non è uguale a sqrt(N): 58.839489736553325
Norma del vettore g: 19.999999999999993
Strategy: mean_rev, portfolio variance: 4.439559345256709e-12
Norma del vettore g non è uguale a sqrt(N): 58.839489736553325
Norma del vettore g: 19.999999999999993
Strategy: mean_rev, portfolio variance: 1.0140692507080135e-06
Norma del vettore g non è uguale a sqrt(N): 58.839489736553325
Norma del vettore g: 19.999999999999993
Strategy: mean_rev, portfolio variance: 1.2501949216438586e-06
Norma del vettore g non è uguale a sqrt(N): 58.839489736553325
Norma del vettore g: 19.999999999999993
Strategy: mean_rev, portfolio variance: 0.0030999049777567494
Norma del vettore g non è uguale a sqrt(N): 58.839489736553325
Norma del vettore g: 19.999999999999993
Strategy: mean_rev, portfolio variance: 1.9305316707430523e-06
Norma del vettore g non è uguale a sqrt(N): 58.839489736553325
Norma del vettore g: 19.999999999999993
Strategy: mean_rev, portfolio variance: 2.1685483712903365e-06
Norma del vettore g: 20.0
Strategy: rnd     , portfolio variance: 1.0923816239668964e-07
Norma del vettore g: 20.0
Strategy: rnd     , portfolio variance: 7.916401339999083e-10
Norma del vettore g: 20.000000000000004
Strategy: rnd     , portfolio variance: 4.699291343648613e-10
Norma del vettore g: 20.0
Strategy: rnd     , portfolio variance: 7.673232190095878e-07
Norma del vettore g: 19.999999999999996
Strategy: rnd     , portfolio variance: 3.0132789965795017e-07
Norma del vettore g: 20.000000000000004
Strategy: rnd     , portfolio variance: 0.001093419990864363
Norma del vettore g: 20.000000000000004
Strategy: rnd     , portfolio variance: 2.3358050110501358e-07
Norma del vettore g: 20.000000000000004
Strategy: rnd     , portfolio variance: 2.8516674600874213e-07
[================================================================      ] 92.21%
Norma del vettore g: 20.0
Strategy: min_var , portfolio variance: 1.2990919267690607e-05
Norma del vettore g: 20.0
Strategy: min_var , portfolio variance: 8.028433208559119e-13
Norma del vettore g: 20.0
Strategy: min_var , portfolio variance: 8.269579337606175e-13
Norma del vettore g: 20.0
Strategy: min_var , portfolio variance: 7.584873525002151e-07
Norma del vettore g: 20.0
Strategy: min_var , portfolio variance: 2.16473061635071e-05
Norma del vettore g: 20.0
Strategy: min_var , portfolio variance: 0.09653836787351308
Norma del vettore g: 20.0
Strategy: min_var , portfolio variance: 4.7553195333649724e-05
Norma del vettore g: 20.0
Strategy: min_var , portfolio variance: 4.983562609372964e-05
Norma del vettore g non è uguale a sqrt(N): 64.04811516428677
Norma del vettore g: 19.999999999999993
Strategy: omn     , portfolio variance: 9.499349831741862e-07
Norma del vettore g non è uguale a sqrt(N): 64.04811516428677
Norma del vettore g: 19.999999999999993
Strategy: omn     , portfolio variance: 2.2790555455692192e-12
Norma del vettore g non è uguale a sqrt(N): 64.04811516428677
Norma del vettore g: 19.999999999999993
Strategy: omn     , portfolio variance: 2.342741341449178e-12
Norma del vettore g non è uguale a sqrt(N): 64.04811516428677
Norma del vettore g: 19.999999999999993
Strategy: omn     , portfolio variance: 9.523672502628148e-07
Norma del vettore g non è uguale a sqrt(N): 64.04811516428677
Norma del vettore g: 19.999999999999993
Strategy: omn     , portfolio variance: 1.4173880621553118e-06
Norma del vettore g non è uguale a sqrt(N): 64.04811516428677
Norma del vettore g: 19.999999999999993
Strategy: omn     , portfolio variance: 0.0036388653996794256
Norma del vettore g non è uguale a sqrt(N): 64.04811516428677
Norma del vettore g: 19.999999999999993
Strategy: omn     , portfolio variance: 2.026903405687107e-06
Norma del vettore g non è uguale a sqrt(N): 64.04811516428677
Norma del vettore g: 19.999999999999993
Strategy: omn     , portfolio variance: 2.1854872905178183e-06
Norma del vettore g non è uguale a sqrt(N): 64.04811516428677
Norma del vettore g: 19.999999999999993
Strategy: mean_rev, portfolio variance: 9.499349831741862e-07
Norma del vettore g non è uguale a sqrt(N): 64.04811516428677
Norma del vettore g: 19.999999999999993
Strategy: mean_rev, portfolio variance: 2.2790555455692192e-12
Norma del vettore g non è uguale a sqrt(N): 64.04811516428677
Norma del vettore g: 19.999999999999993
Strategy: mean_rev, portfolio variance: 2.342741341449178e-12
Norma del vettore g non è uguale a sqrt(N): 64.04811516428677
Norma del vettore g: 19.999999999999993
Strategy: mean_rev, portfolio variance: 9.523672502628148e-07
Norma del vettore g non è uguale a sqrt(N): 64.04811516428677
Norma del vettore g: 19.999999999999993
Strategy: mean_rev, portfolio variance: 1.4173880621553118e-06
Norma del vettore g non è uguale a sqrt(N): 64.04811516428677
Norma del vettore g: 19.999999999999993
Strategy: mean_rev, portfolio variance: 0.0036388653996794256
Norma del vettore g non è uguale a sqrt(N): 64.04811516428677
Norma del vettore g: 19.999999999999993
Strategy: mean_rev, portfolio variance: 2.026903405687107e-06
Norma del vettore g non è uguale a sqrt(N): 64.04811516428677
Norma del vettore g: 19.999999999999993
Strategy: mean_rev, portfolio variance: 2.1854872905178183e-06
Norma del vettore g: 20.000000000000004
Strategy: rnd     , portfolio variance: 7.968231168691952e-08
Norma del vettore g: 20.000000000000004
Strategy: rnd     , portfolio variance: 8.232562356763849e-11
Norma del vettore g: 20.00000000000001
Strategy: rnd     , portfolio variance: 2.268363271369788e-09
Norma del vettore g: 19.99999999999999
Strategy: rnd     , portfolio variance: 7.254490753647996e-07
Norma del vettore g: 19.999999999999993
Strategy: rnd     , portfolio variance: 2.618430785527379e-07
Norma del vettore g: 20.0
Strategy: rnd     , portfolio variance: 0.0011702135831271484
Norma del vettore g: 20.000000000000007
Strategy: rnd     , portfolio variance: 2.773739839484221e-07
Norma del vettore g: 20.0
Strategy: rnd     , portfolio variance: 2.432680418037741e-07
[=================================================================     ] 92.86%
Norma del vettore g: 20.0
Strategy: min_var , portfolio variance: 1.3033759583010523e-05
Norma del vettore g: 20.0
Strategy: min_var , portfolio variance: 7.699768985421432e-13
Norma del vettore g: 20.0
Strategy: min_var , portfolio variance: 7.927257235343161e-13
Norma del vettore g: 20.0
Strategy: min_var , portfolio variance: 7.50977553123013e-07
Norma del vettore g: 20.0
Strategy: min_var , portfolio variance: 2.1399856487548632e-05
Norma del vettore g: 20.0
Strategy: min_var , portfolio variance: 0.09741485581542902
Norma del vettore g: 20.0
Strategy: min_var , portfolio variance: 4.802339713616823e-05
Norma del vettore g: 20.0
Strategy: min_var , portfolio variance: 4.9887329618878706e-05
Norma del vettore g non è uguale a sqrt(N): 52.82661504198082
Norma del vettore g: 20.000000000000007
Strategy: omn     , portfolio variance: 7.224169597681287e-07
Norma del vettore g non è uguale a sqrt(N): 52.82661504198082
Norma del vettore g: 20.000000000000007
Strategy: omn     , portfolio variance: 6.951236714526384e-12
Norma del vettore g non è uguale a sqrt(N): 52.82661504198082
Norma del vettore g: 20.000000000000007
Strategy: omn     , portfolio variance: 7.108360380206081e-12
Norma del vettore g non è uguale a sqrt(N): 52.82661504198082
Norma del vettore g: 20.000000000000007
Strategy: omn     , portfolio variance: 1.0723076186271027e-06
Norma del vettore g non è uguale a sqrt(N): 52.82661504198082
Norma del vettore g: 20.000000000000007
Strategy: omn     , portfolio variance: 1.0781522160781545e-06
Norma del vettore g non è uguale a sqrt(N): 52.82661504198082
Norma del vettore g: 20.000000000000007
Strategy: omn     , portfolio variance: 0.002637214756349121
Norma del vettore g non è uguale a sqrt(N): 52.82661504198082
Norma del vettore g: 20.000000000000007
Strategy: omn     , portfolio variance: 1.6957012982043335e-06
Norma del vettore g non è uguale a sqrt(N): 52.82661504198082
Norma del vettore g: 20.000000000000007
Strategy: omn     , portfolio variance: 1.6417479194417367e-06
Norma del vettore g non è uguale a sqrt(N): 52.82661504198082
Norma del vettore g: 20.000000000000007
Strategy: mean_rev, portfolio variance: 7.224169597681287e-07
Norma del vettore g non è uguale a sqrt(N): 52.82661504198082
Norma del vettore g: 20.000000000000007
Strategy: mean_rev, portfolio variance: 6.951236714526384e-12
Norma del vettore g non è uguale a sqrt(N): 52.82661504198082
Norma del vettore g: 20.000000000000007
Strategy: mean_rev, portfolio variance: 7.108360380206081e-12
Norma del vettore g non è uguale a sqrt(N): 52.82661504198082
Norma del vettore g: 20.000000000000007
Strategy: mean_rev, portfolio variance: 1.0723076186271027e-06
Norma del vettore g non è uguale a sqrt(N): 52.82661504198082
Norma del vettore g: 20.000000000000007
Strategy: mean_rev, portfolio variance: 1.0781522160781545e-06
Norma del vettore g non è uguale a sqrt(N): 52.82661504198082
Norma del vettore g: 20.000000000000007
Strategy: mean_rev, portfolio variance: 0.002637214756349121
Norma del vettore g non è uguale a sqrt(N): 52.82661504198082
Norma del vettore g: 20.000000000000007
Strategy: mean_rev, portfolio variance: 1.6957012982043335e-06
Norma del vettore g non è uguale a sqrt(N): 52.82661504198082
Norma del vettore g: 20.000000000000007
Strategy: mean_rev, portfolio variance: 1.6417479194417367e-06
Norma del vettore g: 20.0
Strategy: rnd     , portfolio variance: 9.5337476554964e-08
Norma del vettore g: 20.000000000000007
Strategy: rnd     , portfolio variance: 6.7010696262829664e-09
Norma del vettore g: 20.0
Strategy: rnd     , portfolio variance: 1.6356888544194964e-09
Norma del vettore g: 20.000000000000007
Strategy: rnd     , portfolio variance: 7.548588523725563e-07
Norma del vettore g: 20.0
Strategy: rnd     , portfolio variance: 2.4214603534630767e-07
Norma del vettore g: 19.999999999999993
Strategy: rnd     , portfolio variance: 0.0010673906547951468
Norma del vettore g: 19.999999999999996
Strategy: rnd     , portfolio variance: 2.45836575255179e-07
Norma del vettore g: 20.0
Strategy: rnd     , portfolio variance: 2.1445589554338737e-07
[=================================================================     ] 93.51%
Norma del vettore g: 20.0
Strategy: min_var , portfolio variance: 1.3089181253212308e-05
Norma del vettore g: 20.0
Strategy: min_var , portfolio variance: 7.823814995522759e-13
Norma del vettore g: 20.0
Strategy: min_var , portfolio variance: 8.062243954880406e-13
Norma del vettore g: 20.0
Strategy: min_var , portfolio variance: 7.523987604395953e-07
Norma del vettore g: 20.0
Strategy: min_var , portfolio variance: 2.1158389726398932e-05
Norma del vettore g: 20.0
Strategy: min_var , portfolio variance: 0.09579351987814652
Norma del vettore g: 20.0
Strategy: min_var , portfolio variance: 4.6957327303890606e-05
Norma del vettore g: 20.0
Strategy: min_var , portfolio variance: 4.933144913904997e-05
Norma del vettore g non è uguale a sqrt(N): 79.30833320318938
Norma del vettore g: 20.0
Strategy: omn     , portfolio variance: 1.3192517538146174e-06
Norma del vettore g non è uguale a sqrt(N): 79.30833320318938
Norma del vettore g: 20.0
Strategy: omn     , portfolio variance: 2.021950683093539e-12
Norma del vettore g non è uguale a sqrt(N): 79.30833320318938
Norma del vettore g: 20.0
Strategy: omn     , portfolio variance: 2.091350082407963e-12
Norma del vettore g non è uguale a sqrt(N): 79.30833320318938
Norma del vettore g: 20.0
Strategy: omn     , portfolio variance: 1.1711468946701671e-06
Norma del vettore g non è uguale a sqrt(N): 79.30833320318938
Norma del vettore g: 20.0
Strategy: omn     , portfolio variance: 2.0138107551229484e-06
Norma del vettore g non è uguale a sqrt(N): 79.30833320318938
Norma del vettore g: 20.0
Strategy: omn     , portfolio variance: 0.004824268134065411
Norma del vettore g non è uguale a sqrt(N): 79.30833320318938
Norma del vettore g: 20.0
Strategy: omn     , portfolio variance: 3.5642240878065337e-06
Norma del vettore g non è uguale a sqrt(N): 79.30833320318938
Norma del vettore g: 20.0
Strategy: omn     , portfolio variance: 3.538634910321949e-06
Norma del vettore g non è uguale a sqrt(N): 79.30833320318938
Norma del vettore g: 20.0
Strategy: mean_rev, portfolio variance: 1.3192517538146174e-06
Norma del vettore g non è uguale a sqrt(N): 79.30833320318938
Norma del vettore g: 20.0
Strategy: mean_rev, portfolio variance: 2.021950683093539e-12
Norma del vettore g non è uguale a sqrt(N): 79.30833320318938
Norma del vettore g: 20.0
Strategy: mean_rev, portfolio variance: 2.091350082407963e-12
Norma del vettore g non è uguale a sqrt(N): 79.30833320318938
Norma del vettore g: 20.0
Strategy: mean_rev, portfolio variance: 1.1711468946701671e-06
Norma del vettore g non è uguale a sqrt(N): 79.30833320318938
Norma del vettore g: 20.0
Strategy: mean_rev, portfolio variance: 2.0138107551229484e-06
Norma del vettore g non è uguale a sqrt(N): 79.30833320318938
Norma del vettore g: 20.0
Strategy: mean_rev, portfolio variance: 0.004824268134065411
Norma del vettore g non è uguale a sqrt(N): 79.30833320318938
Norma del vettore g: 20.0
Strategy: mean_rev, portfolio variance: 3.5642240878065337e-06
Norma del vettore g non è uguale a sqrt(N): 79.30833320318938
Norma del vettore g: 20.0
Strategy: mean_rev, portfolio variance: 3.538634910321949e-06
Norma del vettore g: 19.999999999999993
Strategy: rnd     , portfolio variance: 9.520907956623291e-08
Norma del vettore g: 20.000000000000004
Strategy: rnd     , portfolio variance: 2.896719536042409e-09
Norma del vettore g: 20.000000000000007
Strategy: rnd     , portfolio variance: 3.086816363516199e-10
Norma del vettore g: 20.0
Strategy: rnd     , portfolio variance: 7.382621457814702e-07
Norma del vettore g: 20.0
Strategy: rnd     , portfolio variance: 2.6149742455340964e-07
Norma del vettore g: 20.0
Strategy: rnd     , portfolio variance: 0.0010798241389640432
Norma del vettore g: 20.000000000000004
Strategy: rnd     , portfolio variance: 2.104438758943473e-07
Norma del vettore g: 20.0
Strategy: rnd     , portfolio variance: 2.3366455232655975e-07
[=================================================================     ] 94.16%
Norma del vettore g: 20.0
Strategy: min_var , portfolio variance: 1.3257735183756348e-05
Norma del vettore g: 20.0
Strategy: min_var , portfolio variance: 7.905785224873584e-13
Norma del vettore g: 20.0
Strategy: min_var , portfolio variance: 8.145928850245403e-13
Norma del vettore g: 20.0
Strategy: min_var , portfolio variance: 7.455611490165865e-07
Norma del vettore g: 20.0
Strategy: min_var , portfolio variance: 2.097329425268413e-05
Norma del vettore g: 20.0
Strategy: min_var , portfolio variance: 0.09659026304930932
Norma del vettore g: 20.0
Strategy: min_var , portfolio variance: 4.748344668570386e-05
Norma del vettore g: 20.0
Strategy: min_var , portfolio variance: 4.8937254450277874e-05
Norma del vettore g non è uguale a sqrt(N): 97.12604143691645
Norma del vettore g: 19.999999999999993
Strategy: omn     , portfolio variance: 1.9332864683431985e-06
Norma del vettore g non è uguale a sqrt(N): 97.12604143691645
Norma del vettore g: 19.999999999999993
Strategy: omn     , portfolio variance: 2.684556546887301e-12
Norma del vettore g non è uguale a sqrt(N): 97.12604143691645
Norma del vettore g: 19.999999999999993
Strategy: omn     , portfolio variance: 2.785057865600947e-12
Norma del vettore g non è uguale a sqrt(N): 97.12604143691645
Norma del vettore g: 19.999999999999993
Strategy: omn     , portfolio variance: 1.2890409500094575e-06
Norma del vettore g non è uguale a sqrt(N): 97.12604143691645
Norma del vettore g: 19.999999999999993
Strategy: omn     , portfolio variance: 2.825646338361273e-06
Norma del vettore g non è uguale a sqrt(N): 97.12604143691645
Norma del vettore g: 19.999999999999993
Strategy: omn     , portfolio variance: 0.005685667806004536
Norma del vettore g non è uguale a sqrt(N): 97.12604143691645
Norma del vettore g: 19.999999999999993
Strategy: omn     , portfolio variance: 5.591004491117353e-06
Norma del vettore g non è uguale a sqrt(N): 97.12604143691645
Norma del vettore g: 19.999999999999993
Strategy: omn     , portfolio variance: 5.249532599468494e-06
Norma del vettore g non è uguale a sqrt(N): 97.12604143691645
Norma del vettore g: 19.999999999999993
Strategy: mean_rev, portfolio variance: 1.9332864683431985e-06
Norma del vettore g non è uguale a sqrt(N): 97.12604143691645
Norma del vettore g: 19.999999999999993
Strategy: mean_rev, portfolio variance: 2.684556546887301e-12
Norma del vettore g non è uguale a sqrt(N): 97.12604143691645
Norma del vettore g: 19.999999999999993
Strategy: mean_rev, portfolio variance: 2.785057865600947e-12
Norma del vettore g non è uguale a sqrt(N): 97.12604143691645
Norma del vettore g: 19.999999999999993
Strategy: mean_rev, portfolio variance: 1.2890409500094575e-06
Norma del vettore g non è uguale a sqrt(N): 97.12604143691645
Norma del vettore g: 19.999999999999993
Strategy: mean_rev, portfolio variance: 2.825646338361273e-06
Norma del vettore g non è uguale a sqrt(N): 97.12604143691645
Norma del vettore g: 19.999999999999993
Strategy: mean_rev, portfolio variance: 0.005685667806004536
Norma del vettore g non è uguale a sqrt(N): 97.12604143691645
Norma del vettore g: 19.999999999999993
Strategy: mean_rev, portfolio variance: 5.591004491117353e-06
Norma del vettore g non è uguale a sqrt(N): 97.12604143691645
Norma del vettore g: 19.999999999999993
Strategy: mean_rev, portfolio variance: 5.249532599468494e-06
Norma del vettore g: 20.000000000000004
Strategy: rnd     , portfolio variance: 8.33663267165062e-08
Norma del vettore g: 20.0
Strategy: rnd     , portfolio variance: 3.956902423321809e-10
Norma del vettore g: 20.000000000000004
Strategy: rnd     , portfolio variance: 7.285739273273428e-09
Norma del vettore g: 19.999999999999996
Strategy: rnd     , portfolio variance: 7.608652313525339e-07
Norma del vettore g: 20.0
Strategy: rnd     , portfolio variance: 2.4182861013434237e-07
Norma del vettore g: 19.999999999999996
Strategy: rnd     , portfolio variance: 0.0011434285644409635
Norma del vettore g: 20.0
Strategy: rnd     , portfolio variance: 2.274908624467852e-07
Norma del vettore g: 19.999999999999993
Strategy: rnd     , portfolio variance: 2.23657376913456e-07
[==================================================================    ] 94.81%
Norma del vettore g: 20.0
Strategy: min_var , portfolio variance: 1.3170822795548355e-05
Norma del vettore g: 20.0
Strategy: min_var , portfolio variance: 7.494607847380936e-13
Norma del vettore g: 20.0
Strategy: min_var , portfolio variance: 7.707426868789542e-13
Norma del vettore g: 20.0
Strategy: min_var , portfolio variance: 7.122875310591307e-07
Norma del vettore g: 20.0
Strategy: min_var , portfolio variance: 2.041163169226082e-05
Norma del vettore g: 20.0
Strategy: min_var , portfolio variance: 0.09529236672943533
Norma del vettore g: 20.0
Strategy: min_var , portfolio variance: 4.418014993942832e-05
Norma del vettore g: 20.0
Strategy: min_var , portfolio variance: 4.606326327996065e-05
Norma del vettore g non è uguale a sqrt(N): 75.02953618425202
Norma del vettore g: 19.999999999999996
Strategy: omn     , portfolio variance: 1.2175858485452062e-06
Norma del vettore g non è uguale a sqrt(N): 75.02953618425202
Norma del vettore g: 19.999999999999996
Strategy: omn     , portfolio variance: 5.2954409943986226e-12
Norma del vettore g non è uguale a sqrt(N): 75.02953618425202
Norma del vettore g: 19.999999999999996
Strategy: omn     , portfolio variance: 5.4980638203332415e-12
Norma del vettore g non è uguale a sqrt(N): 75.02953618425202
Norma del vettore g: 19.999999999999996
Strategy: omn     , portfolio variance: 1.1926695720436588e-06
Norma del vettore g non è uguale a sqrt(N): 75.02953618425202
Norma del vettore g: 19.999999999999996
Strategy: omn     , portfolio variance: 1.8598610729820555e-06
Norma del vettore g non è uguale a sqrt(N): 75.02953618425202
Norma del vettore g: 19.999999999999996
Strategy: omn     , portfolio variance: 0.004638515442017443
Norma del vettore g non è uguale a sqrt(N): 75.02953618425202
Norma del vettore g: 19.999999999999996
Strategy: omn     , portfolio variance: 3.245856397332435e-06
Norma del vettore g non è uguale a sqrt(N): 75.02953618425202
Norma del vettore g: 19.999999999999996
Strategy: omn     , portfolio variance: 3.1597111912991306e-06
Norma del vettore g non è uguale a sqrt(N): 75.02953618425202
Norma del vettore g: 19.999999999999996
Strategy: mean_rev, portfolio variance: 1.2175858485452062e-06
Norma del vettore g non è uguale a sqrt(N): 75.02953618425202
Norma del vettore g: 19.999999999999996
Strategy: mean_rev, portfolio variance: 5.2954409943986226e-12
Norma del vettore g non è uguale a sqrt(N): 75.02953618425202
Norma del vettore g: 19.999999999999996
Strategy: mean_rev, portfolio variance: 5.4980638203332415e-12
Norma del vettore g non è uguale a sqrt(N): 75.02953618425202
Norma del vettore g: 19.999999999999996
Strategy: mean_rev, portfolio variance: 1.1926695720436588e-06
Norma del vettore g non è uguale a sqrt(N): 75.02953618425202
Norma del vettore g: 19.999999999999996
Strategy: mean_rev, portfolio variance: 1.8598610729820555e-06
Norma del vettore g non è uguale a sqrt(N): 75.02953618425202
Norma del vettore g: 19.999999999999996
Strategy: mean_rev, portfolio variance: 0.004638515442017443
Norma del vettore g non è uguale a sqrt(N): 75.02953618425202
Norma del vettore g: 19.999999999999996
Strategy: mean_rev, portfolio variance: 3.245856397332435e-06
Norma del vettore g non è uguale a sqrt(N): 75.02953618425202
Norma del vettore g: 19.999999999999996
Strategy: mean_rev, portfolio variance: 3.1597111912991306e-06
Norma del vettore g: 20.0
Strategy: rnd     , portfolio variance: 6.379684172712727e-08
Norma del vettore g: 20.0
Strategy: rnd     , portfolio variance: 7.279708196773624e-11
Norma del vettore g: 20.000000000000004
Strategy: rnd     , portfolio variance: 1.0691390120590611e-10
Norma del vettore g: 19.999999999999996
Strategy: rnd     , portfolio variance: 7.034364235362234e-07
Norma del vettore g: 20.0
Strategy: rnd     , portfolio variance: 2.4766362898604303e-07
Norma del vettore g: 20.000000000000004
Strategy: rnd     , portfolio variance: 0.0010929199907054356
Norma del vettore g: 19.999999999999996
Strategy: rnd     , portfolio variance: 2.3238319565253077e-07
Norma del vettore g: 20.000000000000004
Strategy: rnd     , portfolio variance: 2.2331661622263485e-07
[==================================================================    ] 95.45%
Norma del vettore g: 20.0
Strategy: min_var , portfolio variance: 1.289637339531263e-05
Norma del vettore g: 20.0
Strategy: min_var , portfolio variance: 7.556502919412216e-13
Norma del vettore g: 20.0
Strategy: min_var , portfolio variance: 7.75703821055639e-13
Norma del vettore g: 20.0
Strategy: min_var , portfolio variance: 7.092048531037764e-07
Norma del vettore g: 20.0
Strategy: min_var , portfolio variance: 2.0146565946879184e-05
Norma del vettore g: 20.0
Strategy: min_var , portfolio variance: 0.09488698353228561
Norma del vettore g: 20.0
Strategy: min_var , portfolio variance: 4.382459853940182e-05
Norma del vettore g: 20.0
Strategy: min_var , portfolio variance: 4.540275641600475e-05
Norma del vettore g non è uguale a sqrt(N): 68.23452119023908
Norma del vettore g: 20.0
Strategy: omn     , portfolio variance: 9.870953840324926e-07
Norma del vettore g non è uguale a sqrt(N): 68.23452119023908
Norma del vettore g: 20.0
Strategy: omn     , portfolio variance: 1.8403638686229446e-12
Norma del vettore g non è uguale a sqrt(N): 68.23452119023908
Norma del vettore g: 20.0
Strategy: omn     , portfolio variance: 1.90819367266642e-12
Norma del vettore g non è uguale a sqrt(N): 68.23452119023908
Norma del vettore g: 20.0
Strategy: omn     , portfolio variance: 1.0201734685201082e-06
Norma del vettore g non è uguale a sqrt(N): 68.23452119023908
Norma del vettore g: 20.0
Strategy: omn     , portfolio variance: 1.5431251819192923e-06
Norma del vettore g non è uguale a sqrt(N): 68.23452119023908
Norma del vettore g: 20.0
Strategy: omn     , portfolio variance: 0.00419977591807694
Norma del vettore g non è uguale a sqrt(N): 68.23452119023908
Norma del vettore g: 20.0
Strategy: omn     , portfolio variance: 2.4445084001257844e-06
Norma del vettore g non è uguale a sqrt(N): 68.23452119023908
Norma del vettore g: 20.0
Strategy: omn     , portfolio variance: 2.2892948188455827e-06
Norma del vettore g non è uguale a sqrt(N): 68.23452119023908
Norma del vettore g: 20.0
Strategy: mean_rev, portfolio variance: 9.870953840324926e-07
Norma del vettore g non è uguale a sqrt(N): 68.23452119023908
Norma del vettore g: 20.0
Strategy: mean_rev, portfolio variance: 1.8403638686229446e-12
Norma del vettore g non è uguale a sqrt(N): 68.23452119023908
Norma del vettore g: 20.0
Strategy: mean_rev, portfolio variance: 1.90819367266642e-12
Norma del vettore g non è uguale a sqrt(N): 68.23452119023908
Norma del vettore g: 20.0
Strategy: mean_rev, portfolio variance: 1.0201734685201082e-06
Norma del vettore g non è uguale a sqrt(N): 68.23452119023908
Norma del vettore g: 20.0
Strategy: mean_rev, portfolio variance: 1.5431251819192923e-06
Norma del vettore g non è uguale a sqrt(N): 68.23452119023908
Norma del vettore g: 20.0
Strategy: mean_rev, portfolio variance: 0.00419977591807694
Norma del vettore g non è uguale a sqrt(N): 68.23452119023908
Norma del vettore g: 20.0
Strategy: mean_rev, portfolio variance: 2.4445084001257844e-06
Norma del vettore g non è uguale a sqrt(N): 68.23452119023908
Norma del vettore g: 20.0
Strategy: mean_rev, portfolio variance: 2.2892948188455827e-06
Norma del vettore g: 20.0
Strategy: rnd     , portfolio variance: 7.268875154144299e-08
Norma del vettore g: 20.0
Strategy: rnd     , portfolio variance: 1.107276204184271e-09
Norma del vettore g: 20.0
Strategy: rnd     , portfolio variance: 8.270624490634646e-09
Norma del vettore g: 20.0
Strategy: rnd     , portfolio variance: 7.222848556515213e-07
Norma del vettore g: 19.999999999999993
Strategy: rnd     , portfolio variance: 2.3281663107196686e-07
Norma del vettore g: 20.000000000000004
Strategy: rnd     , portfolio variance: 0.0011232988645539978
Norma del vettore g: 20.0
Strategy: rnd     , portfolio variance: 1.5199154749328332e-07
Norma del vettore g: 20.0
Strategy: rnd     , portfolio variance: 2.279426951999704e-07
[===================================================================   ] 96.10%
Norma del vettore g: 20.0
Strategy: min_var , portfolio variance: 1.3033995385576386e-05
Norma del vettore g: 20.0
Strategy: min_var , portfolio variance: 7.238399577469912e-13
Norma del vettore g: 20.0
Strategy: min_var , portfolio variance: 7.440010773314246e-13
Norma del vettore g: 20.0
Strategy: min_var , portfolio variance: 6.988737208128165e-07
Norma del vettore g: 20.0
Strategy: min_var , portfolio variance: 2.0141853540381883e-05
Norma del vettore g: 20.0
Strategy: min_var , portfolio variance: 0.0958879338160232
Norma del vettore g: 20.0
Strategy: min_var , portfolio variance: 4.436894134817291e-05
Norma del vettore g: 20.0
Strategy: min_var , portfolio variance: 4.479572540234509e-05
Norma del vettore g non è uguale a sqrt(N): 76.83453151813765
Norma del vettore g: 20.000000000000004
Strategy: omn     , portfolio variance: 1.43686757497087e-06
Norma del vettore g non è uguale a sqrt(N): 76.83453151813765
Norma del vettore g: 20.000000000000004
Strategy: omn     , portfolio variance: 1.4803049236262163e-12
Norma del vettore g non è uguale a sqrt(N): 76.83453151813765
Norma del vettore g: 20.000000000000004
Strategy: omn     , portfolio variance: 1.5285126531516371e-12
Norma del vettore g non è uguale a sqrt(N): 76.83453151813765
Norma del vettore g: 20.000000000000004
Strategy: omn     , portfolio variance: 8.094912945882242e-07
Norma del vettore g non è uguale a sqrt(N): 76.83453151813765
Norma del vettore g: 20.000000000000004
Strategy: omn     , portfolio variance: 2.1487727125188244e-06
Norma del vettore g non è uguale a sqrt(N): 76.83453151813765
Norma del vettore g: 20.000000000000004
Strategy: omn     , portfolio variance: 0.006073249754669226
Norma del vettore g non è uguale a sqrt(N): 76.83453151813765
Norma del vettore g: 20.000000000000004
Strategy: omn     , portfolio variance: 3.723315002106072e-06
Norma del vettore g non è uguale a sqrt(N): 76.83453151813765
Norma del vettore g: 20.000000000000004
Strategy: omn     , portfolio variance: 3.8863799334369315e-06
Norma del vettore g non è uguale a sqrt(N): 76.83453151813765
Norma del vettore g: 20.000000000000004
Strategy: mean_rev, portfolio variance: 1.43686757497087e-06
Norma del vettore g non è uguale a sqrt(N): 76.83453151813765
Norma del vettore g: 20.000000000000004
Strategy: mean_rev, portfolio variance: 1.4803049236262163e-12
Norma del vettore g non è uguale a sqrt(N): 76.83453151813765
Norma del vettore g: 20.000000000000004
Strategy: mean_rev, portfolio variance: 1.5285126531516371e-12
Norma del vettore g non è uguale a sqrt(N): 76.83453151813765
Norma del vettore g: 20.000000000000004
Strategy: mean_rev, portfolio variance: 8.094912945882242e-07
Norma del vettore g non è uguale a sqrt(N): 76.83453151813765
Norma del vettore g: 20.000000000000004
Strategy: mean_rev, portfolio variance: 2.1487727125188244e-06
Norma del vettore g non è uguale a sqrt(N): 76.83453151813765
Norma del vettore g: 20.000000000000004
Strategy: mean_rev, portfolio variance: 0.006073249754669226
Norma del vettore g non è uguale a sqrt(N): 76.83453151813765
Norma del vettore g: 20.000000000000004
Strategy: mean_rev, portfolio variance: 3.723315002106072e-06
Norma del vettore g non è uguale a sqrt(N): 76.83453151813765
Norma del vettore g: 20.000000000000004
Strategy: mean_rev, portfolio variance: 3.8863799334369315e-06
Norma del vettore g: 20.000000000000007
Strategy: rnd     , portfolio variance: 1.0368334176468939e-07
Norma del vettore g: 19.999999999999993
Strategy: rnd     , portfolio variance: 9.621056178669307e-09
Norma del vettore g: 19.999999999999993
Strategy: rnd     , portfolio variance: 1.553565013234109e-08
Norma del vettore g: 20.0
Strategy: rnd     , portfolio variance: 6.850201340318372e-07
Norma del vettore g: 20.000000000000004
Strategy: rnd     , portfolio variance: 2.502357899437391e-07
Norma del vettore g: 19.999999999999996
Strategy: rnd     , portfolio variance: 0.0011246388329493621
Norma del vettore g: 19.999999999999996
Strategy: rnd     , portfolio variance: 1.9598426979233967e-07
Norma del vettore g: 19.999999999999993
Strategy: rnd     , portfolio variance: 1.790966155609075e-07
[===================================================================   ] 96.75%
Norma del vettore g: 20.0
Strategy: min_var , portfolio variance: 1.3908664373126347e-05
Norma del vettore g: 20.0
Strategy: min_var , portfolio variance: 7.186129409822082e-13
Norma del vettore g: 20.0
Strategy: min_var , portfolio variance: 7.382621519226207e-13
Norma del vettore g: 20.0
Strategy: min_var , portfolio variance: 6.896427854560434e-07
Norma del vettore g: 20.0
Strategy: min_var , portfolio variance: 2.040243535309829e-05
Norma del vettore g: 20.0
Strategy: min_var , portfolio variance: 0.09592702408355198
Norma del vettore g: 20.0
Strategy: min_var , portfolio variance: 4.3021079668189106e-05
Norma del vettore g: 20.0
Strategy: min_var , portfolio variance: 4.3790047797874354e-05
Norma del vettore g non è uguale a sqrt(N): 55.40789469764972
Norma del vettore g: 19.999999999999993
Strategy: omn     , portfolio variance: 8.897436454570256e-07
Norma del vettore g non è uguale a sqrt(N): 55.40789469764972
Norma del vettore g: 19.999999999999993
Strategy: omn     , portfolio variance: 1.7238430257275916e-12
Norma del vettore g non è uguale a sqrt(N): 55.40789469764972
Norma del vettore g: 19.999999999999993
Strategy: omn     , portfolio variance: 1.7805008282729243e-12
Norma del vettore g non è uguale a sqrt(N): 55.40789469764972
Norma del vettore g: 19.999999999999993
Strategy: omn     , portfolio variance: 8.515316726139046e-07
Norma del vettore g non è uguale a sqrt(N): 55.40789469764972
Norma del vettore g: 19.999999999999993
Strategy: omn     , portfolio variance: 1.3392064270836603e-06
Norma del vettore g non è uguale a sqrt(N): 55.40789469764972
Norma del vettore g: 19.999999999999993
Strategy: omn     , portfolio variance: 0.003625698462500112
Norma del vettore g non è uguale a sqrt(N): 55.40789469764972
Norma del vettore g: 19.999999999999993
Strategy: omn     , portfolio variance: 2.0065242289895644e-06
Norma del vettore g non è uguale a sqrt(N): 55.40789469764972
Norma del vettore g: 19.999999999999993
Strategy: omn     , portfolio variance: 2.0801572589718477e-06
Norma del vettore g non è uguale a sqrt(N): 55.40789469764972
Norma del vettore g: 19.999999999999993
Strategy: mean_rev, portfolio variance: 8.897436454570256e-07
Norma del vettore g non è uguale a sqrt(N): 55.40789469764972
Norma del vettore g: 19.999999999999993
Strategy: mean_rev, portfolio variance: 1.7238430257275916e-12
Norma del vettore g non è uguale a sqrt(N): 55.40789469764972
Norma del vettore g: 19.999999999999993
Strategy: mean_rev, portfolio variance: 1.7805008282729243e-12
Norma del vettore g non è uguale a sqrt(N): 55.40789469764972
Norma del vettore g: 19.999999999999993
Strategy: mean_rev, portfolio variance: 8.515316726139046e-07
Norma del vettore g non è uguale a sqrt(N): 55.40789469764972
Norma del vettore g: 19.999999999999993
Strategy: mean_rev, portfolio variance: 1.3392064270836603e-06
Norma del vettore g non è uguale a sqrt(N): 55.40789469764972
Norma del vettore g: 19.999999999999993
Strategy: mean_rev, portfolio variance: 0.003625698462500112
Norma del vettore g non è uguale a sqrt(N): 55.40789469764972
Norma del vettore g: 19.999999999999993
Strategy: mean_rev, portfolio variance: 2.0065242289895644e-06
Norma del vettore g non è uguale a sqrt(N): 55.40789469764972
Norma del vettore g: 19.999999999999993
Strategy: mean_rev, portfolio variance: 2.0801572589718477e-06
Norma del vettore g: 20.000000000000004
Strategy: rnd     , portfolio variance: 9.203109803908146e-08
Norma del vettore g: 20.000000000000007
Strategy: rnd     , portfolio variance: 7.91090136081208e-10
Norma del vettore g: 19.999999999999993
Strategy: rnd     , portfolio variance: 4.463684022459069e-09
Norma del vettore g: 20.000000000000004
Strategy: rnd     , portfolio variance: 6.837372620640982e-07
Norma del vettore g: 19.999999999999996
Strategy: rnd     , portfolio variance: 2.553509403778595e-07
Norma del vettore g: 19.999999999999996
Strategy: rnd     , portfolio variance: 0.001130343758554474
Norma del vettore g: 20.0
Strategy: rnd     , portfolio variance: 2.4693980653905484e-07
Norma del vettore g: 20.000000000000004
Strategy: rnd     , portfolio variance: 2.1511810696933023e-07
[====================================================================  ] 97.40%
Norma del vettore g: 20.0
Strategy: min_var , portfolio variance: 1.3676120683106238e-05
Norma del vettore g: 20.0
Strategy: min_var , portfolio variance: 7.224668864674719e-13
Norma del vettore g: 20.0
Strategy: min_var , portfolio variance: 7.420994278667988e-13
Norma del vettore g: 20.0
Strategy: min_var , portfolio variance: 6.895258272899877e-07
Norma del vettore g: 20.0
Strategy: min_var , portfolio variance: 2.0282045648912445e-05
Norma del vettore g: 20.0
Strategy: min_var , portfolio variance: 0.09549672210102697
Norma del vettore g: 20.0
Strategy: min_var , portfolio variance: 4.29103814366003e-05
Norma del vettore g: 20.0
Strategy: min_var , portfolio variance: 4.319055934788604e-05
Norma del vettore g non è uguale a sqrt(N): 36.913312648967114
Norma del vettore g: 20.000000000000004
Strategy: omn     , portfolio variance: 4.4636545717232745e-07
Norma del vettore g non è uguale a sqrt(N): 36.913312648967114
Norma del vettore g: 20.000000000000004
Strategy: omn     , portfolio variance: 8.954092631558129e-12
Norma del vettore g non è uguale a sqrt(N): 36.913312648967114
Norma del vettore g: 20.000000000000004
Strategy: omn     , portfolio variance: 9.285068924342686e-12
Norma del vettore g non è uguale a sqrt(N): 36.913312648967114
Norma del vettore g: 20.000000000000004
Strategy: omn     , portfolio variance: 8.336254557046145e-07
Norma del vettore g non è uguale a sqrt(N): 36.913312648967114
Norma del vettore g: 20.000000000000004
Strategy: omn     , portfolio variance: 7.070688117905014e-07
Norma del vettore g non è uguale a sqrt(N): 36.913312648967114
Norma del vettore g: 20.000000000000004
Strategy: omn     , portfolio variance: 0.0024149564259538228
Norma del vettore g non è uguale a sqrt(N): 36.913312648967114
Norma del vettore g: 20.000000000000004
Strategy: omn     , portfolio variance: 1.1046704554229118e-06
Norma del vettore g non è uguale a sqrt(N): 36.913312648967114
Norma del vettore g: 20.000000000000004
Strategy: omn     , portfolio variance: 1.0366098440845585e-06
Norma del vettore g non è uguale a sqrt(N): 36.913312648967114
Norma del vettore g: 20.000000000000004
Strategy: mean_rev, portfolio variance: 4.4636545717232745e-07
Norma del vettore g non è uguale a sqrt(N): 36.913312648967114
Norma del vettore g: 20.000000000000004
Strategy: mean_rev, portfolio variance: 8.954092631558129e-12
Norma del vettore g non è uguale a sqrt(N): 36.913312648967114
Norma del vettore g: 20.000000000000004
Strategy: mean_rev, portfolio variance: 9.285068924342686e-12
Norma del vettore g non è uguale a sqrt(N): 36.913312648967114
Norma del vettore g: 20.000000000000004
Strategy: mean_rev, portfolio variance: 8.336254557046145e-07
Norma del vettore g non è uguale a sqrt(N): 36.913312648967114
Norma del vettore g: 20.000000000000004
Strategy: mean_rev, portfolio variance: 7.070688117905014e-07
Norma del vettore g non è uguale a sqrt(N): 36.913312648967114
Norma del vettore g: 20.000000000000004
Strategy: mean_rev, portfolio variance: 0.0024149564259538228
Norma del vettore g non è uguale a sqrt(N): 36.913312648967114
Norma del vettore g: 20.000000000000004
Strategy: mean_rev, portfolio variance: 1.1046704554229118e-06
Norma del vettore g non è uguale a sqrt(N): 36.913312648967114
Norma del vettore g: 20.000000000000004
Strategy: mean_rev, portfolio variance: 1.0366098440845585e-06
Norma del vettore g: 19.999999999999996
Strategy: rnd     , portfolio variance: 7.851690267159276e-08
Norma del vettore g: 20.000000000000004
Strategy: rnd     , portfolio variance: 6.381584105660591e-10
Norma del vettore g: 20.000000000000007
Strategy: rnd     , portfolio variance: 1.9583181881291556e-09
Norma del vettore g: 20.0
Strategy: rnd     , portfolio variance: 6.887876971415119e-07
Norma del vettore g: 19.999999999999996
Strategy: rnd     , portfolio variance: 2.5021286490914304e-07
Norma del vettore g: 20.000000000000004
Strategy: rnd     , portfolio variance: 0.0011347186181613145
Norma del vettore g: 20.0
Strategy: rnd     , portfolio variance: 1.7312084912574783e-07
Norma del vettore g: 20.000000000000004
Strategy: rnd     , portfolio variance: 2.0752342110976458e-07
[====================================================================  ] 98.05%
Norma del vettore g: 20.0
Strategy: min_var , portfolio variance: 1.34097654544593e-05
Norma del vettore g: 20.0
Strategy: min_var , portfolio variance: 7.60134443072549e-13
Norma del vettore g: 20.0
Strategy: min_var , portfolio variance: 7.796815716068747e-13
Norma del vettore g: 20.0
Strategy: min_var , portfolio variance: 7.01325854168496e-07
Norma del vettore g: 20.0
Strategy: min_var , portfolio variance: 2.0068659119063906e-05
Norma del vettore g: 20.0
Strategy: min_var , portfolio variance: 0.09403725749472619
Norma del vettore g: 20.0
Strategy: min_var , portfolio variance: 4.3373644269264525e-05
Norma del vettore g: 20.0
Strategy: min_var , portfolio variance: 4.3098012144181656e-05
Norma del vettore g non è uguale a sqrt(N): 51.98095987243066
Norma del vettore g: 20.0
Strategy: omn     , portfolio variance: 8.10179759993211e-07
Norma del vettore g non è uguale a sqrt(N): 51.98095987243066
Norma del vettore g: 20.0
Strategy: omn     , portfolio variance: 6.769617203335452e-12
Norma del vettore g non è uguale a sqrt(N): 51.98095987243066
Norma del vettore g: 20.0
Strategy: omn     , portfolio variance: 6.93832902399756e-12
Norma del vettore g non è uguale a sqrt(N): 51.98095987243066
Norma del vettore g: 20.0
Strategy: omn     , portfolio variance: 9.415800490225215e-07
Norma del vettore g non è uguale a sqrt(N): 51.98095987243066
Norma del vettore g: 20.0
Strategy: omn     , portfolio variance: 1.2693220881874399e-06
Norma del vettore g non è uguale a sqrt(N): 51.98095987243066
Norma del vettore g: 20.0
Strategy: omn     , portfolio variance: 0.0037929946673233212
Norma del vettore g non è uguale a sqrt(N): 51.98095987243066
Norma del vettore g: 20.0
Strategy: omn     , portfolio variance: 2.1690218470493296e-06
Norma del vettore g non è uguale a sqrt(N): 51.98095987243066
Norma del vettore g: 20.0
Strategy: omn     , portfolio variance: 2.1752981846896656e-06
Norma del vettore g non è uguale a sqrt(N): 51.98095987243066
Norma del vettore g: 20.0
Strategy: mean_rev, portfolio variance: 8.10179759993211e-07
Norma del vettore g non è uguale a sqrt(N): 51.98095987243066
Norma del vettore g: 20.0
Strategy: mean_rev, portfolio variance: 6.769617203335452e-12
Norma del vettore g non è uguale a sqrt(N): 51.98095987243066
Norma del vettore g: 20.0
Strategy: mean_rev, portfolio variance: 6.93832902399756e-12
Norma del vettore g non è uguale a sqrt(N): 51.98095987243066
Norma del vettore g: 20.0
Strategy: mean_rev, portfolio variance: 9.415800490225215e-07
Norma del vettore g non è uguale a sqrt(N): 51.98095987243066
Norma del vettore g: 20.0
Strategy: mean_rev, portfolio variance: 1.2693220881874399e-06
Norma del vettore g non è uguale a sqrt(N): 51.98095987243066
Norma del vettore g: 20.0
Strategy: mean_rev, portfolio variance: 0.0037929946673233212
Norma del vettore g non è uguale a sqrt(N): 51.98095987243066
Norma del vettore g: 20.0
Strategy: mean_rev, portfolio variance: 2.1690218470493296e-06
Norma del vettore g non è uguale a sqrt(N): 51.98095987243066
Norma del vettore g: 20.0
Strategy: mean_rev, portfolio variance: 2.1752981846896656e-06
Norma del vettore g: 20.000000000000007
Strategy: rnd     , portfolio variance: 6.70158145099738e-08
Norma del vettore g: 20.0
Strategy: rnd     , portfolio variance: 1.1294595077057502e-10
Norma del vettore g: 20.000000000000007
Strategy: rnd     , portfolio variance: 2.271466726256939e-09
Norma del vettore g: 19.999999999999996
Strategy: rnd     , portfolio variance: 7.515599751783782e-07
Norma del vettore g: 20.0
Strategy: rnd     , portfolio variance: 2.391933607770713e-07
Norma del vettore g: 20.0
Strategy: rnd     , portfolio variance: 0.0011710747416111731
Norma del vettore g: 19.999999999999996
Strategy: rnd     , portfolio variance: 2.3343704706168611e-07
Norma del vettore g: 19.999999999999993
Strategy: rnd     , portfolio variance: 2.542911516842446e-07
[===================================================================== ] 98.70%
