Train shape: (52, 400, 800)
Test shape: (52, 400, 60)
[                                                                      ] 0.00%
Norma del vettore g: 20.0
⚠️ Errore numerico: Autovalori troppo piccoli in Sigma. Uso la pseudo-inversa.
Strategy: min_var , portfolio variance: 1.3005326209754308e-05
Norma del vettore g: 20.0
⚠️ Errore numerico: Autovalori troppo piccoli in Sigma. Uso la pseudo-inversa.
Strategy: min_var , portfolio variance: 5.964247172027599e-16
Norma del vettore g: 20.0
Strategy: min_var , portfolio variance: 7.002812176799564e-13
Norma del vettore g: 20.0
Strategy: min_var , portfolio variance: 1.5615099329101947e-06
Norma del vettore g: 20.0
Strategy: min_var , portfolio variance: 2.422303588849494e-05
Norma del vettore g: 20.0
Strategy: min_var , portfolio variance: 0.1113331361742818
Norma del vettore g: 20.0
Strategy: min_var , portfolio variance: 6.418579267058558e-05
Norma del vettore g: 20.0
Strategy: min_var , portfolio variance: 7.0613182823234e-05
Norma del vettore g non è uguale a sqrt(N): 45.58665157226964
Norma del vettore g: 19.999999999999993
⚠️ Errore numerico: Autovalori troppo piccoli in Sigma. Uso la pseudo-inversa.
Strategy: omn     , portfolio variance: 9.280760800166052e-07
Norma del vettore g non è uguale a sqrt(N): 45.58665157226964
Norma del vettore g: 19.999999999999993
⚠️ Errore numerico: Autovalori troppo piccoli in Sigma. Uso la pseudo-inversa.
Strategy: omn     , portfolio variance: 1.3548211687114454e-14
Norma del vettore g non è uguale a sqrt(N): 45.58665157226964
Norma del vettore g: 19.999999999999993
Strategy: omn     , portfolio variance: 2.891976692493567e-10
Norma del vettore g non è uguale a sqrt(N): 45.58665157226964
Norma del vettore g: 19.999999999999993
Strategy: omn     , portfolio variance: 1.951934243130302e-06
Norma del vettore g non è uguale a sqrt(N): 45.58665157226964
Norma del vettore g: 19.999999999999993
Strategy: omn     , portfolio variance: 1.6342157185999077e-06
Norma del vettore g non è uguale a sqrt(N): 45.58665157226964
Norma del vettore g: 19.999999999999993
Strategy: omn     , portfolio variance: 0.002335093267263268
Norma del vettore g non è uguale a sqrt(N): 45.58665157226964
Norma del vettore g: 19.999999999999993
Strategy: omn     , portfolio variance: 2.3350369274663445e-06
Norma del vettore g non è uguale a sqrt(N): 45.58665157226964
Norma del vettore g: 19.999999999999993
Strategy: omn     , portfolio variance: 2.4800145348185544e-06
Norma del vettore g non è uguale a sqrt(N): 45.58665157226964
Norma del vettore g: 19.999999999999993
⚠️ Errore numerico: Autovalori troppo piccoli in Sigma. Uso la pseudo-inversa.
Strategy: mean_rev, portfolio variance: 9.280760800166052e-07
Norma del vettore g non è uguale a sqrt(N): 45.58665157226964
Norma del vettore g: 19.999999999999993
⚠️ Errore numerico: Autovalori troppo piccoli in Sigma. Uso la pseudo-inversa.
Strategy: mean_rev, portfolio variance: 1.3548211687114454e-14
Norma del vettore g non è uguale a sqrt(N): 45.58665157226964
Norma del vettore g: 19.999999999999993
Strategy: mean_rev, portfolio variance: 2.891976692493567e-10
Norma del vettore g non è uguale a sqrt(N): 45.58665157226964
Norma del vettore g: 19.999999999999993
Strategy: mean_rev, portfolio variance: 1.951934243130302e-06
Norma del vettore g non è uguale a sqrt(N): 45.58665157226964
Norma del vettore g: 19.999999999999993
Strategy: mean_rev, portfolio variance: 1.6342157185999077e-06
Norma del vettore g non è uguale a sqrt(N): 45.58665157226964
Norma del vettore g: 19.999999999999993
Strategy: mean_rev, portfolio variance: 0.002335093267263268
Norma del vettore g non è uguale a sqrt(N): 45.58665157226964
Norma del vettore g: 19.999999999999993
Strategy: mean_rev, portfolio variance: 2.3350369274663445e-06
Norma del vettore g non è uguale a sqrt(N): 45.58665157226964
Norma del vettore g: 19.999999999999993
Strategy: mean_rev, portfolio variance: 2.4800145348185544e-06
Norma del vettore g: 20.0
⚠️ Errore numerico: Autovalori troppo piccoli in Sigma. Uso la pseudo-inversa.
Strategy: rnd     , portfolio variance: 2.762685730602067e-15
Norma del vettore g: 20.000000000000007
⚠️ Errore numerico: Autovalori troppo piccoli in Sigma. Uso la pseudo-inversa.
Strategy: rnd     , portfolio variance: 4.0786007224829305e-15
Norma del vettore g: 19.999999999999993
Strategy: rnd     , portfolio variance: 1.795609130491219e-10
Norma del vettore g: 20.000000000000004
Strategy: rnd     , portfolio variance: 1.5862298632736352e-06
Norma del vettore g: 20.0
Strategy: rnd     , portfolio variance: 5.992537878920609e-07
Norma del vettore g: 19.999999999999996
Strategy: rnd     , portfolio variance: 7.785704074148088e-05
Norma del vettore g: 20.000000000000004
Strategy: rnd     , portfolio variance: 5.763900782287636e-15
Norma del vettore g: 20.000000000000004
Strategy: rnd     , portfolio variance: 1.3478862778453725e-14
[=                                                                     ] 1.96%
Norma del vettore g: 20.0
⚠️ Errore numerico: Autovalori troppo piccoli in Sigma. Uso la pseudo-inversa.
Strategy: min_var , portfolio variance: 1.3019612669493823e-05
Norma del vettore g: 20.0
⚠️ Errore numerico: Autovalori troppo piccoli in Sigma. Uso la pseudo-inversa.
Strategy: min_var , portfolio variance: 5.190665051292623e-16
Norma del vettore g: 20.0
Strategy: min_var , portfolio variance: 6.860591391666747e-13
Norma del vettore g: 20.0
Strategy: min_var , portfolio variance: 1.5667786681139226e-06
Norma del vettore g: 20.0
Strategy: min_var , portfolio variance: 2.4409470896162778e-05
Norma del vettore g: 20.0
Strategy: min_var , portfolio variance: 0.11511576833089063
Norma del vettore g: 20.0
Strategy: min_var , portfolio variance: 6.52785280895919e-05
Norma del vettore g: 20.0
Strategy: min_var , portfolio variance: 7.168802431581513e-05
Norma del vettore g non è uguale a sqrt(N): 63.654894187876195
Norma del vettore g: 20.0
⚠️ Errore numerico: Autovalori troppo piccoli in Sigma. Uso la pseudo-inversa.
Strategy: omn     , portfolio variance: 1.4864038429024876e-06
Norma del vettore g non è uguale a sqrt(N): 63.654894187876195
Norma del vettore g: 20.0
⚠️ Errore numerico: Autovalori troppo piccoli in Sigma. Uso la pseudo-inversa.
Strategy: omn     , portfolio variance: 5.139090163710911e-16
Norma del vettore g non è uguale a sqrt(N): 63.654894187876195
Norma del vettore g: 20.0
Strategy: omn     , portfolio variance: 1.9758189047271216e-12
Norma del vettore g non è uguale a sqrt(N): 63.654894187876195
Norma del vettore g: 20.0
Strategy: omn     , portfolio variance: 2.272539312823816e-06
Norma del vettore g non è uguale a sqrt(N): 63.654894187876195
Norma del vettore g: 20.0
Strategy: omn     , portfolio variance: 2.6594793475897055e-06
Norma del vettore g non è uguale a sqrt(N): 63.654894187876195
Norma del vettore g: 20.0
Strategy: omn     , portfolio variance: 0.0032881232351666
Norma del vettore g non è uguale a sqrt(N): 63.654894187876195
Norma del vettore g: 20.0
Strategy: omn     , portfolio variance: 4.958367732899705e-06
Norma del vettore g non è uguale a sqrt(N): 63.654894187876195
Norma del vettore g: 20.0
Strategy: omn     , portfolio variance: 5.89045561454142e-06
Norma del vettore g non è uguale a sqrt(N): 63.654894187876195
Norma del vettore g: 20.0
⚠️ Errore numerico: Autovalori troppo piccoli in Sigma. Uso la pseudo-inversa.
Strategy: mean_rev, portfolio variance: 1.4864038429024876e-06
Norma del vettore g non è uguale a sqrt(N): 63.654894187876195
Norma del vettore g: 20.0
⚠️ Errore numerico: Autovalori troppo piccoli in Sigma. Uso la pseudo-inversa.
Strategy: mean_rev, portfolio variance: 5.139090163710911e-16
Norma del vettore g non è uguale a sqrt(N): 63.654894187876195
Norma del vettore g: 20.0
Strategy: mean_rev, portfolio variance: 1.9758189047271216e-12
Norma del vettore g non è uguale a sqrt(N): 63.654894187876195
Norma del vettore g: 20.0
Strategy: mean_rev, portfolio variance: 2.272539312823816e-06
Norma del vettore g non è uguale a sqrt(N): 63.654894187876195
Norma del vettore g: 20.0
Strategy: mean_rev, portfolio variance: 2.6594793475897055e-06
Norma del vettore g non è uguale a sqrt(N): 63.654894187876195
Norma del vettore g: 20.0
Strategy: mean_rev, portfolio variance: 0.0032881232351666
Norma del vettore g non è uguale a sqrt(N): 63.654894187876195
Norma del vettore g: 20.0
Strategy: mean_rev, portfolio variance: 4.958367732899705e-06
Norma del vettore g non è uguale a sqrt(N): 63.654894187876195
Norma del vettore g: 20.0
Strategy: mean_rev, portfolio variance: 5.89045561454142e-06
Norma del vettore g: 20.000000000000007
⚠️ Errore numerico: Autovalori troppo piccoli in Sigma. Uso la pseudo-inversa.
Strategy: rnd     , portfolio variance: 7.629716726213756e-13
Norma del vettore g: 19.999999999999993
⚠️ Errore numerico: Autovalori troppo piccoli in Sigma. Uso la pseudo-inversa.
Strategy: rnd     , portfolio variance: 5.730207198132395e-15
Norma del vettore g: 20.000000000000004
Strategy: rnd     , portfolio variance: 4.0721180233332016e-10
Norma del vettore g: 20.0
Strategy: rnd     , portfolio variance: 1.6266795120799434e-06
Norma del vettore g: 19.999999999999993
Strategy: rnd     , portfolio variance: 6.393409994992019e-07
Norma del vettore g: 20.000000000000004
Strategy: rnd     , portfolio variance: 0.0005238491475265646
Norma del vettore g: 20.000000000000007
Strategy: rnd     , portfolio variance: 2.2531089888697436e-15
Norma del vettore g: 19.999999999999996
Strategy: rnd     , portfolio variance: 1.1819447220553124e-13
[==                                                                    ] 3.92%
Norma del vettore g: 20.0
⚠️ Errore numerico: Autovalori troppo piccoli in Sigma. Uso la pseudo-inversa.
Strategy: min_var , portfolio variance: 1.2925258055503157e-05
Norma del vettore g: 20.0
⚠️ Errore numerico: Autovalori troppo piccoli in Sigma. Uso la pseudo-inversa.
Strategy: min_var , portfolio variance: 4.820249449987653e-16
Norma del vettore g: 20.0
Strategy: min_var , portfolio variance: 6.739209823175355e-13
Norma del vettore g: 20.0
Strategy: min_var , portfolio variance: 1.5732126380730684e-06
Norma del vettore g: 20.0
Strategy: min_var , portfolio variance: 2.4737861043931888e-05
Norma del vettore g: 20.0
Strategy: min_var , portfolio variance: 0.11818975812611107
Norma del vettore g: 20.0
Strategy: min_var , portfolio variance: 6.3897123588933e-05
Norma del vettore g: 20.0
Strategy: min_var , portfolio variance: 7.357215960070111e-05
Norma del vettore g non è uguale a sqrt(N): 50.34992562804906
Norma del vettore g: 19.999999999999993
⚠️ Errore numerico: Autovalori troppo piccoli in Sigma. Uso la pseudo-inversa.
Strategy: omn     , portfolio variance: 9.63992314165058e-07
Norma del vettore g non è uguale a sqrt(N): 50.34992562804906
Norma del vettore g: 19.999999999999993
⚠️ Errore numerico: Autovalori troppo piccoli in Sigma. Uso la pseudo-inversa.
Strategy: omn     , portfolio variance: 9.990068221006499e-15
Norma del vettore g non è uguale a sqrt(N): 50.34992562804906
Norma del vettore g: 19.999999999999993
Strategy: omn     , portfolio variance: 3.3929428718873815e-12
Norma del vettore g non è uguale a sqrt(N): 50.34992562804906
Norma del vettore g: 19.999999999999993
Strategy: omn     , portfolio variance: 1.9453239103716268e-06
Norma del vettore g non è uguale a sqrt(N): 50.34992562804906
Norma del vettore g: 19.999999999999993
Strategy: omn     , portfolio variance: 1.8481278413884284e-06
Norma del vettore g non è uguale a sqrt(N): 50.34992562804906
Norma del vettore g: 19.999999999999993
Strategy: omn     , portfolio variance: 0.00285397883547376
Norma del vettore g non è uguale a sqrt(N): 50.34992562804906
Norma del vettore g: 19.999999999999993
Strategy: omn     , portfolio variance: 2.732764257020748e-06
Norma del vettore g non è uguale a sqrt(N): 50.34992562804906
Norma del vettore g: 19.999999999999993
Strategy: omn     , portfolio variance: 2.7283159594112148e-06
Norma del vettore g non è uguale a sqrt(N): 50.34992562804906
Norma del vettore g: 19.999999999999993
⚠️ Errore numerico: Autovalori troppo piccoli in Sigma. Uso la pseudo-inversa.
Strategy: mean_rev, portfolio variance: 9.63992314165058e-07
Norma del vettore g non è uguale a sqrt(N): 50.34992562804906
Norma del vettore g: 19.999999999999993
⚠️ Errore numerico: Autovalori troppo piccoli in Sigma. Uso la pseudo-inversa.
Strategy: mean_rev, portfolio variance: 9.990068221006499e-15
Norma del vettore g non è uguale a sqrt(N): 50.34992562804906
Norma del vettore g: 19.999999999999993
Strategy: mean_rev, portfolio variance: 3.3929428718873815e-12
Norma del vettore g non è uguale a sqrt(N): 50.34992562804906
Norma del vettore g: 19.999999999999993
Strategy: mean_rev, portfolio variance: 1.9453239103716268e-06
Norma del vettore g non è uguale a sqrt(N): 50.34992562804906
Norma del vettore g: 19.999999999999993
Strategy: mean_rev, portfolio variance: 1.8481278413884284e-06
Norma del vettore g non è uguale a sqrt(N): 50.34992562804906
Norma del vettore g: 19.999999999999993
Strategy: mean_rev, portfolio variance: 0.00285397883547376
Norma del vettore g non è uguale a sqrt(N): 50.34992562804906
Norma del vettore g: 19.999999999999993
Strategy: mean_rev, portfolio variance: 2.732764257020748e-06
Norma del vettore g non è uguale a sqrt(N): 50.34992562804906
Norma del vettore g: 19.999999999999993
Strategy: mean_rev, portfolio variance: 2.7283159594112148e-06
Norma del vettore g: 20.000000000000004
⚠️ Errore numerico: Autovalori troppo piccoli in Sigma. Uso la pseudo-inversa.
Strategy: rnd     , portfolio variance: 6.191399707413379e-16
Norma del vettore g: 19.999999999999996
⚠️ Errore numerico: Autovalori troppo piccoli in Sigma. Uso la pseudo-inversa.
Strategy: rnd     , portfolio variance: 1.3290505462859684e-15
Norma del vettore g: 19.999999999999993
Strategy: rnd     , portfolio variance: 1.459268896310642e-09
Norma del vettore g: 20.000000000000004
Strategy: rnd     , portfolio variance: 1.6345128643630557e-06
Norma del vettore g: 19.999999999999996
Strategy: rnd     , portfolio variance: 6.14789515417965e-07
Norma del vettore g: 20.000000000000004
Strategy: rnd     , portfolio variance: 1.2183862169564978e-05
Norma del vettore g: 20.0
Strategy: rnd     , portfolio variance: 8.724599495731617e-15
Norma del vettore g: 20.000000000000004
Strategy: rnd     , portfolio variance: 3.0350966831742893e-15
[====                                                                  ] 5.88%
Norma del vettore g: 20.0
⚠️ Errore numerico: Autovalori troppo piccoli in Sigma. Uso la pseudo-inversa.
Strategy: min_var , portfolio variance: 1.3606212008215069e-05
Norma del vettore g: 20.0
⚠️ Errore numerico: Autovalori troppo piccoli in Sigma. Uso la pseudo-inversa.
Strategy: min_var , portfolio variance: 4.651065735523025e-16
Norma del vettore g: 20.0
Strategy: min_var , portfolio variance: 6.555258179483701e-13
Norma del vettore g: 20.0
Strategy: min_var , portfolio variance: 1.6058967095251278e-06
Norma del vettore g: 20.0
Strategy: min_var , portfolio variance: 2.632341995497619e-05
Norma del vettore g: 20.0
Strategy: min_var , portfolio variance: 0.12510829221045067
Norma del vettore g: 20.0
Strategy: min_var , portfolio variance: 6.787233662492923e-05
Norma del vettore g: 20.0
Strategy: min_var , portfolio variance: 7.489051909160444e-05
Norma del vettore g non è uguale a sqrt(N): 57.89192392935818
Norma del vettore g: 20.0
⚠️ Errore numerico: Autovalori troppo piccoli in Sigma. Uso la pseudo-inversa.
Strategy: omn     , portfolio variance: 1.1950206865444847e-06
Norma del vettore g non è uguale a sqrt(N): 57.89192392935818
Norma del vettore g: 20.0
⚠️ Errore numerico: Autovalori troppo piccoli in Sigma. Uso la pseudo-inversa.
Strategy: omn     , portfolio variance: 1.2972390614372171e-15
Norma del vettore g non è uguale a sqrt(N): 57.89192392935818
Norma del vettore g: 20.0
Strategy: omn     , portfolio variance: 1.2932080884788045e-11
Norma del vettore g non è uguale a sqrt(N): 57.89192392935818
Norma del vettore g: 20.0
Strategy: omn     , portfolio variance: 2.4934050212018073e-06
Norma del vettore g non è uguale a sqrt(N): 57.89192392935818
Norma del vettore g: 20.0
Strategy: omn     , portfolio variance: 2.0300681516103987e-06
Norma del vettore g non è uguale a sqrt(N): 57.89192392935818
Norma del vettore g: 20.0
Strategy: omn     , portfolio variance: 0.0024085235676839603
Norma del vettore g non è uguale a sqrt(N): 57.89192392935818
Norma del vettore g: 20.0
Strategy: omn     , portfolio variance: 2.953069494308477e-06
Norma del vettore g non è uguale a sqrt(N): 57.89192392935818
Norma del vettore g: 20.0
Strategy: omn     , portfolio variance: 2.960269467804171e-06
Norma del vettore g non è uguale a sqrt(N): 57.89192392935818
Norma del vettore g: 20.0
⚠️ Errore numerico: Autovalori troppo piccoli in Sigma. Uso la pseudo-inversa.
Strategy: mean_rev, portfolio variance: 1.1950206865444847e-06
Norma del vettore g non è uguale a sqrt(N): 57.89192392935818
Norma del vettore g: 20.0
⚠️ Errore numerico: Autovalori troppo piccoli in Sigma. Uso la pseudo-inversa.
Strategy: mean_rev, portfolio variance: 1.2972390614372171e-15
Norma del vettore g non è uguale a sqrt(N): 57.89192392935818
Norma del vettore g: 20.0
Strategy: mean_rev, portfolio variance: 1.2932080884788045e-11
Norma del vettore g non è uguale a sqrt(N): 57.89192392935818
Norma del vettore g: 20.0
Strategy: mean_rev, portfolio variance: 2.4934050212018073e-06
Norma del vettore g non è uguale a sqrt(N): 57.89192392935818
Norma del vettore g: 20.0
Strategy: mean_rev, portfolio variance: 2.0300681516103987e-06
Norma del vettore g non è uguale a sqrt(N): 57.89192392935818
Norma del vettore g: 20.0
Strategy: mean_rev, portfolio variance: 0.0024085235676839603
Norma del vettore g non è uguale a sqrt(N): 57.89192392935818
Norma del vettore g: 20.0
Strategy: mean_rev, portfolio variance: 2.953069494308477e-06
Norma del vettore g non è uguale a sqrt(N): 57.89192392935818
Norma del vettore g: 20.0
Strategy: mean_rev, portfolio variance: 2.960269467804171e-06
Norma del vettore g: 20.00000000000001
⚠️ Errore numerico: Autovalori troppo piccoli in Sigma. Uso la pseudo-inversa.
Strategy: rnd     , portfolio variance: 4.97311014915826e-15
Norma del vettore g: 19.999999999999996
⚠️ Errore numerico: Autovalori troppo piccoli in Sigma. Uso la pseudo-inversa.
Strategy: rnd     , portfolio variance: 1.887966695133545e-15
Norma del vettore g: 20.0
Strategy: rnd     , portfolio variance: 2.878151874553849e-09
Norma del vettore g: 20.0
Strategy: rnd     , portfolio variance: 1.5319373150215752e-06
Norma del vettore g: 20.0
Strategy: rnd     , portfolio variance: 6.249854052004816e-07
Norma del vettore g: 20.0
Strategy: rnd     , portfolio variance: 0.00018365328853980694
Norma del vettore g: 20.0
Strategy: rnd     , portfolio variance: 2.8232981066441737e-14
Norma del vettore g: 19.999999999999993
Strategy: rnd     , portfolio variance: 8.886252310206419e-13
[=====                                                                 ] 7.84%
Norma del vettore g: 20.0
⚠️ Errore numerico: Autovalori troppo piccoli in Sigma. Uso la pseudo-inversa.
Strategy: min_var , portfolio variance: 1.3269071861424439e-05
Norma del vettore g: 20.0
⚠️ Errore numerico: Autovalori troppo piccoli in Sigma. Uso la pseudo-inversa.
Strategy: min_var , portfolio variance: 4.141377539832824e-16
Norma del vettore g: 20.0
Strategy: min_var , portfolio variance: 6.28519339878074e-13
Norma del vettore g: 20.0
Strategy: min_var , portfolio variance: 1.5935955161277808e-06
Norma del vettore g: 20.0
Strategy: min_var , portfolio variance: 2.5949861648338507e-05
Norma del vettore g: 20.0
Strategy: min_var , portfolio variance: 0.12839464900118747
Norma del vettore g: 20.0
Strategy: min_var , portfolio variance: 6.896613013639797e-05
Norma del vettore g: 20.0
Strategy: min_var , portfolio variance: 7.418400924130445e-05
Norma del vettore g non è uguale a sqrt(N): 65.66227662758503
Norma del vettore g: 20.000000000000007
⚠️ Errore numerico: Autovalori troppo piccoli in Sigma. Uso la pseudo-inversa.
Strategy: omn     , portfolio variance: 1.2920999688771396e-06
Norma del vettore g non è uguale a sqrt(N): 65.66227662758503
Norma del vettore g: 20.000000000000007
⚠️ Errore numerico: Autovalori troppo piccoli in Sigma. Uso la pseudo-inversa.
Strategy: omn     , portfolio variance: 7.052021202871868e-17
Norma del vettore g non è uguale a sqrt(N): 65.66227662758503
Norma del vettore g: 20.000000000000007
Strategy: omn     , portfolio variance: 7.244845441751072e-12
Norma del vettore g non è uguale a sqrt(N): 65.66227662758503
Norma del vettore g: 20.000000000000007
Strategy: omn     , portfolio variance: 2.3398191290928393e-06
Norma del vettore g non è uguale a sqrt(N): 65.66227662758503
Norma del vettore g: 20.000000000000007
Strategy: omn     , portfolio variance: 2.190607987967283e-06
Norma del vettore g non è uguale a sqrt(N): 65.66227662758503
Norma del vettore g: 20.000000000000007
Strategy: omn     , portfolio variance: 0.002754076997385608
Norma del vettore g non è uguale a sqrt(N): 65.66227662758503
Norma del vettore g: 20.000000000000007
Strategy: omn     , portfolio variance: 3.387811010691815e-06
Norma del vettore g non è uguale a sqrt(N): 65.66227662758503
Norma del vettore g: 20.000000000000007
Strategy: omn     , portfolio variance: 3.7617346237872505e-06
Norma del vettore g non è uguale a sqrt(N): 65.66227662758503
Norma del vettore g: 20.000000000000007
⚠️ Errore numerico: Autovalori troppo piccoli in Sigma. Uso la pseudo-inversa.
Strategy: mean_rev, portfolio variance: 1.2920999688771396e-06
Norma del vettore g non è uguale a sqrt(N): 65.66227662758503
Norma del vettore g: 20.000000000000007
⚠️ Errore numerico: Autovalori troppo piccoli in Sigma. Uso la pseudo-inversa.
Strategy: mean_rev, portfolio variance: 7.052021202871868e-17
Norma del vettore g non è uguale a sqrt(N): 65.66227662758503
Norma del vettore g: 20.000000000000007
Strategy: mean_rev, portfolio variance: 7.244845441751072e-12
Norma del vettore g non è uguale a sqrt(N): 65.66227662758503
Norma del vettore g: 20.000000000000007
Strategy: mean_rev, portfolio variance: 2.3398191290928393e-06
Norma del vettore g non è uguale a sqrt(N): 65.66227662758503
Norma del vettore g: 20.000000000000007
Strategy: mean_rev, portfolio variance: 2.190607987967283e-06
Norma del vettore g non è uguale a sqrt(N): 65.66227662758503
Norma del vettore g: 20.000000000000007
Strategy: mean_rev, portfolio variance: 0.002754076997385608
Norma del vettore g non è uguale a sqrt(N): 65.66227662758503
Norma del vettore g: 20.000000000000007
Strategy: mean_rev, portfolio variance: 3.387811010691815e-06
Norma del vettore g non è uguale a sqrt(N): 65.66227662758503
Norma del vettore g: 20.000000000000007
Strategy: mean_rev, portfolio variance: 3.7617346237872505e-06
Norma del vettore g: 20.000000000000004
⚠️ Errore numerico: Autovalori troppo piccoli in Sigma. Uso la pseudo-inversa.
Strategy: rnd     , portfolio variance: 3.6637493072006545e-12
Norma del vettore g: 20.0
⚠️ Errore numerico: Autovalori troppo piccoli in Sigma. Uso la pseudo-inversa.
Strategy: rnd     , portfolio variance: 3.836595851310314e-12
Norma del vettore g: 20.0
Strategy: rnd     , portfolio variance: 2.3865092949668733e-10
Norma del vettore g: 20.000000000000004
Strategy: rnd     , portfolio variance: 1.5766048073047172e-06
Norma del vettore g: 20.0
Strategy: rnd     , portfolio variance: 5.852662571583422e-07
Norma del vettore g: 20.000000000000007
Strategy: rnd     , portfolio variance: 2.2416774041214487e-06
Norma del vettore g: 20.000000000000004
Strategy: rnd     , portfolio variance: 9.379450418333032e-15
Norma del vettore g: 20.000000000000004
Strategy: rnd     , portfolio variance: 9.214705107534743e-15
[======                                                                ] 9.80%
Norma del vettore g: 20.0
⚠️ Errore numerico: Autovalori troppo piccoli in Sigma. Uso la pseudo-inversa.
Strategy: min_var , portfolio variance: 1.2379942591576174e-05
Norma del vettore g: 20.0
⚠️ Errore numerico: Autovalori troppo piccoli in Sigma. Uso la pseudo-inversa.
Strategy: min_var , portfolio variance: 3.9329543912581776e-16
Norma del vettore g: 20.0
Strategy: min_var , portfolio variance: 6.142946736705489e-13
Norma del vettore g: 20.0
Strategy: min_var , portfolio variance: 1.5483720891883858e-06
Norma del vettore g: 20.0
Strategy: min_var , portfolio variance: 2.4788929246603592e-05
Norma del vettore g: 20.0
Strategy: min_var , portfolio variance: 0.12582391780469931
Norma del vettore g: 20.0
Strategy: min_var , portfolio variance: 6.510948647041215e-05
Norma del vettore g: 20.0
Strategy: min_var , portfolio variance: 6.851248232645013e-05
Norma del vettore g non è uguale a sqrt(N): 57.074138421516224
Norma del vettore g: 20.0
⚠️ Errore numerico: Autovalori troppo piccoli in Sigma. Uso la pseudo-inversa.
Strategy: omn     , portfolio variance: 1.0072252849479164e-06
Norma del vettore g non è uguale a sqrt(N): 57.074138421516224
Norma del vettore g: 20.0
⚠️ Errore numerico: Autovalori troppo piccoli in Sigma. Uso la pseudo-inversa.
Strategy: omn     , portfolio variance: 1.0867914363024865e-16
Norma del vettore g non è uguale a sqrt(N): 57.074138421516224
Norma del vettore g: 20.0
Strategy: omn     , portfolio variance: 1.8472462855389786e-11
Norma del vettore g non è uguale a sqrt(N): 57.074138421516224
Norma del vettore g: 20.0
Strategy: omn     , portfolio variance: 2.4842231876092914e-06
Norma del vettore g non è uguale a sqrt(N): 57.074138421516224
Norma del vettore g: 20.0
Strategy: omn     , portfolio variance: 1.781646872874345e-06
Norma del vettore g non è uguale a sqrt(N): 57.074138421516224
Norma del vettore g: 20.0
Strategy: omn     , portfolio variance: 0.002085155056188251
Norma del vettore g non è uguale a sqrt(N): 57.074138421516224
Norma del vettore g: 20.0
Strategy: omn     , portfolio variance: 2.3192190851255763e-06
Norma del vettore g non è uguale a sqrt(N): 57.074138421516224
Norma del vettore g: 20.0
Strategy: omn     , portfolio variance: 2.3014860900141286e-06
Norma del vettore g non è uguale a sqrt(N): 57.074138421516224
Norma del vettore g: 20.0
⚠️ Errore numerico: Autovalori troppo piccoli in Sigma. Uso la pseudo-inversa.
Strategy: mean_rev, portfolio variance: 1.0072252849479164e-06
Norma del vettore g non è uguale a sqrt(N): 57.074138421516224
Norma del vettore g: 20.0
⚠️ Errore numerico: Autovalori troppo piccoli in Sigma. Uso la pseudo-inversa.
Strategy: mean_rev, portfolio variance: 1.0867914363024865e-16
Norma del vettore g non è uguale a sqrt(N): 57.074138421516224
Norma del vettore g: 20.0
Strategy: mean_rev, portfolio variance: 1.8472462855389786e-11
Norma del vettore g non è uguale a sqrt(N): 57.074138421516224
Norma del vettore g: 20.0
Strategy: mean_rev, portfolio variance: 2.4842231876092914e-06
Norma del vettore g non è uguale a sqrt(N): 57.074138421516224
Norma del vettore g: 20.0
Strategy: mean_rev, portfolio variance: 1.781646872874345e-06
Norma del vettore g non è uguale a sqrt(N): 57.074138421516224
Norma del vettore g: 20.0
Strategy: mean_rev, portfolio variance: 0.002085155056188251
Norma del vettore g non è uguale a sqrt(N): 57.074138421516224
Norma del vettore g: 20.0
Strategy: mean_rev, portfolio variance: 2.3192190851255763e-06
Norma del vettore g non è uguale a sqrt(N): 57.074138421516224
Norma del vettore g: 20.0
Strategy: mean_rev, portfolio variance: 2.3014860900141286e-06
Norma del vettore g: 20.0
⚠️ Errore numerico: Autovalori troppo piccoli in Sigma. Uso la pseudo-inversa.
Strategy: rnd     , portfolio variance: 8.903275402323542e-15
Norma del vettore g: 20.000000000000007
⚠️ Errore numerico: Autovalori troppo piccoli in Sigma. Uso la pseudo-inversa.
Strategy: rnd     , portfolio variance: 2.7477128829225535e-14
Norma del vettore g: 20.000000000000004
Strategy: rnd     , portfolio variance: 1.1638712039341694e-09
Norma del vettore g: 19.999999999999996
Strategy: rnd     , portfolio variance: 1.609029768869555e-06
Norma del vettore g: 20.000000000000004
Strategy: rnd     , portfolio variance: 6.1017473334567e-07
Norma del vettore g: 20.000000000000004
Strategy: rnd     , portfolio variance: 1.4561204563850918e-05
Norma del vettore g: 20.000000000000007
Strategy: rnd     , portfolio variance: 1.7733960700795542e-14
Norma del vettore g: 20.000000000000014
Strategy: rnd     , portfolio variance: 3.207854603498895e-13
[========                                                              ] 11.76%
Norma del vettore g: 20.0
⚠️ Errore numerico: Autovalori troppo piccoli in Sigma. Uso la pseudo-inversa.
Strategy: min_var , portfolio variance: 1.1722015355337015e-05
Norma del vettore g: 20.0
⚠️ Errore numerico: Autovalori troppo piccoli in Sigma. Uso la pseudo-inversa.
Strategy: min_var , portfolio variance: 3.285452796518403e-16
Norma del vettore g: 20.0
Strategy: min_var , portfolio variance: 5.789507700445204e-13
Norma del vettore g: 20.0
Strategy: min_var , portfolio variance: 1.4821309054077616e-06
Norma del vettore g: 20.0
Strategy: min_var , portfolio variance: 2.3521162707526598e-05
Norma del vettore g: 20.0
Strategy: min_var , portfolio variance: 0.12527150827008113
Norma del vettore g: 20.0
Strategy: min_var , portfolio variance: 6.126023864518051e-05
Norma del vettore g: 20.0
Strategy: min_var , portfolio variance: 6.662236739446493e-05
Norma del vettore g non è uguale a sqrt(N): 72.4215284192218
Norma del vettore g: 20.000000000000004
⚠️ Errore numerico: Autovalori troppo piccoli in Sigma. Uso la pseudo-inversa.
Strategy: omn     , portfolio variance: 1.2613009043386478e-06
Norma del vettore g non è uguale a sqrt(N): 72.4215284192218
Norma del vettore g: 20.000000000000004
⚠️ Errore numerico: Autovalori troppo piccoli in Sigma. Uso la pseudo-inversa.
Strategy: omn     , portfolio variance: 1.250857598530264e-16
Norma del vettore g non è uguale a sqrt(N): 72.4215284192218
Norma del vettore g: 20.000000000000004
Strategy: omn     , portfolio variance: 2.6656590148480035e-12
Norma del vettore g non è uguale a sqrt(N): 72.4215284192218
Norma del vettore g: 20.000000000000004
Strategy: omn     , portfolio variance: 2.219840202140966e-06
Norma del vettore g non è uguale a sqrt(N): 72.4215284192218
Norma del vettore g: 20.000000000000004
Strategy: omn     , portfolio variance: 2.1534434607703706e-06
Norma del vettore g non è uguale a sqrt(N): 72.4215284192218
Norma del vettore g: 20.000000000000004
Strategy: omn     , portfolio variance: 0.0024923634872714806
Norma del vettore g non è uguale a sqrt(N): 72.4215284192218
Norma del vettore g: 20.000000000000004
Strategy: omn     , portfolio variance: 3.2086320319581564e-06
Norma del vettore g non è uguale a sqrt(N): 72.4215284192218
Norma del vettore g: 20.000000000000004
Strategy: omn     , portfolio variance: 3.486284111498454e-06
Norma del vettore g non è uguale a sqrt(N): 72.4215284192218
Norma del vettore g: 20.000000000000004
⚠️ Errore numerico: Autovalori troppo piccoli in Sigma. Uso la pseudo-inversa.
Strategy: mean_rev, portfolio variance: 1.2613009043386478e-06
Norma del vettore g non è uguale a sqrt(N): 72.4215284192218
Norma del vettore g: 20.000000000000004
⚠️ Errore numerico: Autovalori troppo piccoli in Sigma. Uso la pseudo-inversa.
Strategy: mean_rev, portfolio variance: 1.250857598530264e-16
Norma del vettore g non è uguale a sqrt(N): 72.4215284192218
Norma del vettore g: 20.000000000000004
Strategy: mean_rev, portfolio variance: 2.6656590148480035e-12
Norma del vettore g non è uguale a sqrt(N): 72.4215284192218
Norma del vettore g: 20.000000000000004
Strategy: mean_rev, portfolio variance: 2.219840202140966e-06
Norma del vettore g non è uguale a sqrt(N): 72.4215284192218
Norma del vettore g: 20.000000000000004
Strategy: mean_rev, portfolio variance: 2.1534434607703706e-06
Norma del vettore g non è uguale a sqrt(N): 72.4215284192218
Norma del vettore g: 20.000000000000004
Strategy: mean_rev, portfolio variance: 0.0024923634872714806
Norma del vettore g non è uguale a sqrt(N): 72.4215284192218
Norma del vettore g: 20.000000000000004
Strategy: mean_rev, portfolio variance: 3.2086320319581564e-06
Norma del vettore g non è uguale a sqrt(N): 72.4215284192218
Norma del vettore g: 20.000000000000004
Strategy: mean_rev, portfolio variance: 3.486284111498454e-06
Norma del vettore g: 19.999999999999996
⚠️ Errore numerico: Autovalori troppo piccoli in Sigma. Uso la pseudo-inversa.
Strategy: rnd     , portfolio variance: 4.7370052976786514e-15
Norma del vettore g: 19.999999999999996
⚠️ Errore numerico: Autovalori troppo piccoli in Sigma. Uso la pseudo-inversa.
Strategy: rnd     , portfolio variance: 6.587271079116108e-13
Norma del vettore g: 20.0
Strategy: rnd     , portfolio variance: 1.2661244654122926e-10
Norma del vettore g: 20.000000000000004
Strategy: rnd     , portfolio variance: 1.4851347026500303e-06
Norma del vettore g: 20.000000000000004
Strategy: rnd     , portfolio variance: 5.624250636451554e-07
Norma del vettore g: 20.000000000000007
Strategy: rnd     , portfolio variance: 1.7560232914446649e-06
Norma del vettore g: 20.0
Strategy: rnd     , portfolio variance: 3.235984306733341e-14
Norma del vettore g: 20.000000000000004
Strategy: rnd     , portfolio variance: 4.141065202641721e-15
[=========                                                             ] 13.73%
Norma del vettore g: 20.0
⚠️ Errore numerico: Autovalori troppo piccoli in Sigma. Uso la pseudo-inversa.
Strategy: min_var , portfolio variance: 1.3483188765075256e-05
Norma del vettore g: 20.0
⚠️ Errore numerico: Autovalori troppo piccoli in Sigma. Uso la pseudo-inversa.
Strategy: min_var , portfolio variance: 3.081867851689158e-16
Norma del vettore g: 20.0
Strategy: min_var , portfolio variance: 5.346259457984504e-13
Norma del vettore g: 20.0
Strategy: min_var , portfolio variance: 1.5018949284997594e-06
Norma del vettore g: 20.0
Strategy: min_var , portfolio variance: 2.5907498500752533e-05
Norma del vettore g: 20.0
⚠️ Errore numerico: Autovalori troppo piccoli in Sigma. Uso la pseudo-inversa.
Strategy: min_var , portfolio variance: 3.383174877656404e+27
Norma del vettore g: 20.0
Strategy: min_var , portfolio variance: 6.36799274137457e-05
Norma del vettore g: 20.0
Strategy: min_var , portfolio variance: 6.944949985357177e-05
Norma del vettore g non è uguale a sqrt(N): 84.33403662625153
Norma del vettore g: 19.999999999999993
⚠️ Errore numerico: Autovalori troppo piccoli in Sigma. Uso la pseudo-inversa.
Strategy: omn     , portfolio variance: 1.7821715445623837e-06
Norma del vettore g non è uguale a sqrt(N): 84.33403662625153
Norma del vettore g: 19.999999999999993
⚠️ Errore numerico: Autovalori troppo piccoli in Sigma. Uso la pseudo-inversa.
Strategy: omn     , portfolio variance: 4.3512368415654976e-16
Norma del vettore g non è uguale a sqrt(N): 84.33403662625153
Norma del vettore g: 19.999999999999993
Strategy: omn     , portfolio variance: 1.0719457452742588e-10
Norma del vettore g non è uguale a sqrt(N): 84.33403662625153
Norma del vettore g: 19.999999999999993
Strategy: omn     , portfolio variance: 2.6486471028873254e-06
Norma del vettore g non è uguale a sqrt(N): 84.33403662625153
Norma del vettore g: 19.999999999999993
Strategy: omn     , portfolio variance: 3.000332413504156e-06
Norma del vettore g non è uguale a sqrt(N): 84.33403662625153
Norma del vettore g: 19.999999999999993
⚠️ Errore numerico: Autovalori troppo piccoli in Sigma. Uso la pseudo-inversa.
Strategy: omn     , portfolio variance: 1.551481496941668e-08
Norma del vettore g non è uguale a sqrt(N): 84.33403662625153
Norma del vettore g: 19.999999999999993
Strategy: omn     , portfolio variance: 5.111558723505963e-06
Norma del vettore g non è uguale a sqrt(N): 84.33403662625153
Norma del vettore g: 19.999999999999993
Strategy: omn     , portfolio variance: 5.403570294372445e-06
Norma del vettore g non è uguale a sqrt(N): 84.33403662625153
Norma del vettore g: 19.999999999999993
⚠️ Errore numerico: Autovalori troppo piccoli in Sigma. Uso la pseudo-inversa.
Strategy: mean_rev, portfolio variance: 1.7821715445623837e-06
Norma del vettore g non è uguale a sqrt(N): 84.33403662625153
Norma del vettore g: 19.999999999999993
⚠️ Errore numerico: Autovalori troppo piccoli in Sigma. Uso la pseudo-inversa.
Strategy: mean_rev, portfolio variance: 4.3512368415654976e-16
Norma del vettore g non è uguale a sqrt(N): 84.33403662625153
Norma del vettore g: 19.999999999999993
Strategy: mean_rev, portfolio variance: 1.0719457452742588e-10
Norma del vettore g non è uguale a sqrt(N): 84.33403662625153
Norma del vettore g: 19.999999999999993
Strategy: mean_rev, portfolio variance: 2.6486471028873254e-06
Norma del vettore g non è uguale a sqrt(N): 84.33403662625153
Norma del vettore g: 19.999999999999993
Strategy: mean_rev, portfolio variance: 3.000332413504156e-06
Norma del vettore g non è uguale a sqrt(N): 84.33403662625153
Norma del vettore g: 19.999999999999993
⚠️ Errore numerico: Autovalori troppo piccoli in Sigma. Uso la pseudo-inversa.
Strategy: mean_rev, portfolio variance: 1.551481496941668e-08
Norma del vettore g non è uguale a sqrt(N): 84.33403662625153
Norma del vettore g: 19.999999999999993
Strategy: mean_rev, portfolio variance: 5.111558723505963e-06
Norma del vettore g non è uguale a sqrt(N): 84.33403662625153
Norma del vettore g: 19.999999999999993
Strategy: mean_rev, portfolio variance: 5.403570294372445e-06
Norma del vettore g: 19.999999999999993
⚠️ Errore numerico: Autovalori troppo piccoli in Sigma. Uso la pseudo-inversa.
Strategy: rnd     , portfolio variance: 7.992024856567418e-16
Norma del vettore g: 20.000000000000007
⚠️ Errore numerico: Autovalori troppo piccoli in Sigma. Uso la pseudo-inversa.
Strategy: rnd     , portfolio variance: 1.989818119652973e-15
Norma del vettore g: 20.0
Strategy: rnd     , portfolio variance: 4.1240008233485555e-09
Norma del vettore g: 19.999999999999993
Strategy: rnd     , portfolio variance: 1.494466995485901e-06
Norma del vettore g: 20.0
Strategy: rnd     , portfolio variance: 5.437409765378542e-07
Norma del vettore g: 20.000000000000004
⚠️ Errore numerico: Autovalori troppo piccoli in Sigma. Uso la pseudo-inversa.
Strategy: rnd     , portfolio variance: -1.5365652322644156e-30
Norma del vettore g: 20.0
Strategy: rnd     , portfolio variance: 1.2851120150861874e-13
Norma del vettore g: 19.999999999999993
Strategy: rnd     , portfolio variance: 1.291768773391737e-14
[==========                                                            ] 15.69%
Kendall covariance matrix not positive definite!
 It may happen!
Norma del vettore g: 20.0
⚠️ Errore numerico: Autovalori troppo piccoli in Sigma. Uso la pseudo-inversa.
Strategy: min_var , portfolio variance: 1.1501319930554704e-05
Norma del vettore g: 20.0
⚠️ Errore numerico: Autovalori troppo piccoli in Sigma. Uso la pseudo-inversa.
Strategy: min_var , portfolio variance: 3.198491055827865e-16
Norma del vettore g: 20.0
Strategy: min_var , portfolio variance: 4.52628292365543e-13
Norma del vettore g: 20.0
Strategy: min_var , portfolio variance: 1.3066724532910118e-06
Norma del vettore g: 20.0
Strategy: min_var , portfolio variance: 2.2936206562211423e-05
Norma del vettore g: 20.0
⚠️ Errore numerico: Autovalori troppo piccoli in Sigma. Uso la pseudo-inversa.
Strategy: min_var , portfolio variance: 9.273771354312744e+26
Norma del vettore g: 20.0
Strategy: min_var , portfolio variance: 5.465222011596234e-05
Norma del vettore g: 20.0
Strategy: min_var , portfolio variance: 5.658898892744667e-05
Norma del vettore g non è uguale a sqrt(N): 82.15379303494099
Norma del vettore g: 19.999999999999993
⚠️ Errore numerico: Autovalori troppo piccoli in Sigma. Uso la pseudo-inversa.
Strategy: omn     , portfolio variance: 1.5314533571442251e-06
Norma del vettore g non è uguale a sqrt(N): 82.15379303494099
Norma del vettore g: 19.999999999999993
⚠️ Errore numerico: Autovalori troppo piccoli in Sigma. Uso la pseudo-inversa.
Strategy: omn     , portfolio variance: 3.782047218137899e-16
Norma del vettore g non è uguale a sqrt(N): 82.15379303494099
Norma del vettore g: 19.999999999999993
Strategy: omn     , portfolio variance: 3.91614202532783e-12
Norma del vettore g non è uguale a sqrt(N): 82.15379303494099
Norma del vettore g: 19.999999999999993
Strategy: omn     , portfolio variance: 2.2440379945166084e-06
Norma del vettore g non è uguale a sqrt(N): 82.15379303494099
Norma del vettore g: 19.999999999999993
Strategy: omn     , portfolio variance: 2.501527380414413e-06
Norma del vettore g non è uguale a sqrt(N): 82.15379303494099
Norma del vettore g: 19.999999999999993
⚠️ Errore numerico: Autovalori troppo piccoli in Sigma. Uso la pseudo-inversa.
Strategy: omn     , portfolio variance: 0.0005170674963287749
Norma del vettore g non è uguale a sqrt(N): 82.15379303494099
Norma del vettore g: 19.999999999999993
Strategy: omn     , portfolio variance: 3.674295977467353e-06
Norma del vettore g non è uguale a sqrt(N): 82.15379303494099
Norma del vettore g: 19.999999999999993
Strategy: omn     , portfolio variance: 3.5605576784349165e-06
Norma del vettore g non è uguale a sqrt(N): 82.15379303494099
Norma del vettore g: 19.999999999999993
⚠️ Errore numerico: Autovalori troppo piccoli in Sigma. Uso la pseudo-inversa.
Strategy: mean_rev, portfolio variance: 1.5314533571442251e-06
Norma del vettore g non è uguale a sqrt(N): 82.15379303494099
Norma del vettore g: 19.999999999999993
⚠️ Errore numerico: Autovalori troppo piccoli in Sigma. Uso la pseudo-inversa.
Strategy: mean_rev, portfolio variance: 3.782047218137899e-16
Norma del vettore g non è uguale a sqrt(N): 82.15379303494099
Norma del vettore g: 19.999999999999993
Strategy: mean_rev, portfolio variance: 3.91614202532783e-12
Norma del vettore g non è uguale a sqrt(N): 82.15379303494099
Norma del vettore g: 19.999999999999993
Strategy: mean_rev, portfolio variance: 2.2440379945166084e-06
Norma del vettore g non è uguale a sqrt(N): 82.15379303494099
Norma del vettore g: 19.999999999999993
Strategy: mean_rev, portfolio variance: 2.501527380414413e-06
Norma del vettore g non è uguale a sqrt(N): 82.15379303494099
Norma del vettore g: 19.999999999999993
⚠️ Errore numerico: Autovalori troppo piccoli in Sigma. Uso la pseudo-inversa.
Strategy: mean_rev, portfolio variance: 0.0005170674963287749
Norma del vettore g non è uguale a sqrt(N): 82.15379303494099
Norma del vettore g: 19.999999999999993
Strategy: mean_rev, portfolio variance: 3.674295977467353e-06
Norma del vettore g non è uguale a sqrt(N): 82.15379303494099
Norma del vettore g: 19.999999999999993
Strategy: mean_rev, portfolio variance: 3.5605576784349165e-06
Norma del vettore g: 19.999999999999993
⚠️ Errore numerico: Autovalori troppo piccoli in Sigma. Uso la pseudo-inversa.
Strategy: rnd     , portfolio variance: 2.0161808514073845e-14
Norma del vettore g: 20.000000000000004
⚠️ Errore numerico: Autovalori troppo piccoli in Sigma. Uso la pseudo-inversa.
Strategy: rnd     , portfolio variance: 4.983605949321848e-15
Norma del vettore g: 20.000000000000004
Strategy: rnd     , portfolio variance: 4.1982210673682e-11
Norma del vettore g: 20.000000000000004
Strategy: rnd     , portfolio variance: 1.407858013635041e-06
Norma del vettore g: 20.000000000000004
Strategy: rnd     , portfolio variance: 5.042883690058616e-07
Norma del vettore g: 20.000000000000004
⚠️ Errore numerico: Autovalori troppo piccoli in Sigma. Uso la pseudo-inversa.
Strategy: rnd     , portfolio variance: -2.3547394110065117e-32
Norma del vettore g: 20.000000000000004
Strategy: rnd     , portfolio variance: 6.2371805770441e-15
Norma del vettore g: 19.999999999999996
Strategy: rnd     , portfolio variance: 1.1758704088072376e-14
[============                                                          ] 17.65%
Norma del vettore g: 20.0
⚠️ Errore numerico: Autovalori troppo piccoli in Sigma. Uso la pseudo-inversa.
Strategy: min_var , portfolio variance: 8.864012352780621e-06
Norma del vettore g: 20.0
⚠️ Errore numerico: Autovalori troppo piccoli in Sigma. Uso la pseudo-inversa.
Strategy: min_var , portfolio variance: 4.137891431763228e-16
Norma del vettore g: 20.0
Strategy: min_var , portfolio variance: 3.484801830013767e-13
Norma del vettore g: 20.0
Strategy: min_var , portfolio variance: 8.947419739610959e-07
Norma del vettore g: 20.0
Strategy: min_var , portfolio variance: 1.632041318965836e-05
Norma del vettore g: 20.0
Strategy: min_var , portfolio variance: 0.13512162242787917
Norma del vettore g: 20.0
Strategy: min_var , portfolio variance: 3.8162071076061396e-05
Norma del vettore g: 20.0
Strategy: min_var , portfolio variance: 4.017407521647824e-05
Norma del vettore g non è uguale a sqrt(N): 133.18841823150652
Norma del vettore g: 20.0
⚠️ Errore numerico: Autovalori troppo piccoli in Sigma. Uso la pseudo-inversa.
Strategy: omn     , portfolio variance: 1.984763884006989e-06
Norma del vettore g non è uguale a sqrt(N): 133.18841823150652
Norma del vettore g: 20.0
⚠️ Errore numerico: Autovalori troppo piccoli in Sigma. Uso la pseudo-inversa.
Strategy: omn     , portfolio variance: 2.479825083480597e-15
Norma del vettore g non è uguale a sqrt(N): 133.18841823150652
Norma del vettore g: 20.0
Strategy: omn     , portfolio variance: 2.5079510807165146e-12
Norma del vettore g non è uguale a sqrt(N): 133.18841823150652
Norma del vettore g: 20.0
Strategy: omn     , portfolio variance: 2.1205206100860584e-06
Norma del vettore g non è uguale a sqrt(N): 133.18841823150652
Norma del vettore g: 20.0
Strategy: omn     , portfolio variance: 2.67567229376525e-06
Norma del vettore g non è uguale a sqrt(N): 133.18841823150652
Norma del vettore g: 20.0
Strategy: omn     , portfolio variance: 0.002521149670590391
Norma del vettore g non è uguale a sqrt(N): 133.18841823150652
Norma del vettore g: 20.0
Strategy: omn     , portfolio variance: 5.018392376639812e-06
Norma del vettore g non è uguale a sqrt(N): 133.18841823150652
Norma del vettore g: 20.0
Strategy: omn     , portfolio variance: 5.096884136697389e-06
Norma del vettore g non è uguale a sqrt(N): 133.18841823150652
Norma del vettore g: 20.0
⚠️ Errore numerico: Autovalori troppo piccoli in Sigma. Uso la pseudo-inversa.
Strategy: mean_rev, portfolio variance: 1.984763884006989e-06
Norma del vettore g non è uguale a sqrt(N): 133.18841823150652
Norma del vettore g: 20.0
⚠️ Errore numerico: Autovalori troppo piccoli in Sigma. Uso la pseudo-inversa.
Strategy: mean_rev, portfolio variance: 2.479825083480597e-15
Norma del vettore g non è uguale a sqrt(N): 133.18841823150652
Norma del vettore g: 20.0
Strategy: mean_rev, portfolio variance: 2.5079510807165146e-12
Norma del vettore g non è uguale a sqrt(N): 133.18841823150652
Norma del vettore g: 20.0
Strategy: mean_rev, portfolio variance: 2.1205206100860584e-06
Norma del vettore g non è uguale a sqrt(N): 133.18841823150652
Norma del vettore g: 20.0
Strategy: mean_rev, portfolio variance: 2.67567229376525e-06
Norma del vettore g non è uguale a sqrt(N): 133.18841823150652
Norma del vettore g: 20.0
Strategy: mean_rev, portfolio variance: 0.002521149670590391
Norma del vettore g non è uguale a sqrt(N): 133.18841823150652
Norma del vettore g: 20.0
Strategy: mean_rev, portfolio variance: 5.018392376639812e-06
Norma del vettore g non è uguale a sqrt(N): 133.18841823150652
Norma del vettore g: 20.0
Strategy: mean_rev, portfolio variance: 5.096884136697389e-06
Norma del vettore g: 20.0
⚠️ Errore numerico: Autovalori troppo piccoli in Sigma. Uso la pseudo-inversa.
Strategy: rnd     , portfolio variance: 1.192848953511848e-14
Norma del vettore g: 19.999999999999996
⚠️ Errore numerico: Autovalori troppo piccoli in Sigma. Uso la pseudo-inversa.
Strategy: rnd     , portfolio variance: 1.6314228953495092e-16
Norma del vettore g: 20.0
Strategy: rnd     , portfolio variance: 8.012944519245704e-09
Norma del vettore g: 20.000000000000004
Strategy: rnd     , portfolio variance: 8.354556167450051e-07
Norma del vettore g: 19.999999999999993
Strategy: rnd     , portfolio variance: 3.6913499887111605e-07
Norma del vettore g: 20.000000000000004
Strategy: rnd     , portfolio variance: 1.7062291603142905e-06
Norma del vettore g: 20.000000000000007
Strategy: rnd     , portfolio variance: 4.91365308789373e-13
Norma del vettore g: 20.000000000000004
Strategy: rnd     , portfolio variance: 2.1589861502266933e-14
[=============                                                         ] 19.61%
Norma del vettore g: 20.0
⚠️ Errore numerico: Autovalori troppo piccoli in Sigma. Uso la pseudo-inversa.
Strategy: min_var , portfolio variance: 7.931325266625255e-06
Norma del vettore g: 20.0
⚠️ Errore numerico: Autovalori troppo piccoli in Sigma. Uso la pseudo-inversa.
Strategy: min_var , portfolio variance: 4.420444512137171e-16
Norma del vettore g: 20.0
⚠️ Errore numerico: Autovalori troppo piccoli in Sigma. Uso la pseudo-inversa.
Strategy: min_var , portfolio variance: 2.5451227876905855e-13
Norma del vettore g: 20.0
Strategy: min_var , portfolio variance: 6.967135955522148e-07
Norma del vettore g: 20.0
Strategy: min_var , portfolio variance: 1.323379832076243e-05
Norma del vettore g: 20.0
Strategy: min_var , portfolio variance: 0.13367028614953289
Norma del vettore g: 20.0
Strategy: min_var , portfolio variance: 2.7797366796103254e-05
Norma del vettore g: 20.0
Strategy: min_var , portfolio variance: 3.0202662685270014e-05
Norma del vettore g non è uguale a sqrt(N): 82.85148787058208
Norma del vettore g: 20.000000000000004
⚠️ Errore numerico: Autovalori troppo piccoli in Sigma. Uso la pseudo-inversa.
Strategy: omn     , portfolio variance: 1.1991025070696845e-06
Norma del vettore g non è uguale a sqrt(N): 82.85148787058208
Norma del vettore g: 20.000000000000004
⚠️ Errore numerico: Autovalori troppo piccoli in Sigma. Uso la pseudo-inversa.
Strategy: omn     , portfolio variance: 1.9327471172696517e-15
Norma del vettore g non è uguale a sqrt(N): 82.85148787058208
Norma del vettore g: 20.000000000000004
⚠️ Errore numerico: Autovalori troppo piccoli in Sigma. Uso la pseudo-inversa.
Strategy: omn     , portfolio variance: 7.068827558658486e-13
Norma del vettore g non è uguale a sqrt(N): 82.85148787058208
Norma del vettore g: 20.000000000000004
Strategy: omn     , portfolio variance: 1.1446660562683681e-06
Norma del vettore g non è uguale a sqrt(N): 82.85148787058208
Norma del vettore g: 20.000000000000004
Strategy: omn     , portfolio variance: 1.6974252010011959e-06
Norma del vettore g non è uguale a sqrt(N): 82.85148787058208
Norma del vettore g: 20.000000000000004
Strategy: omn     , portfolio variance: 0.0030915499142112777
Norma del vettore g non è uguale a sqrt(N): 82.85148787058208
Norma del vettore g: 20.000000000000004
Strategy: omn     , portfolio variance: 2.598288483709788e-06
Norma del vettore g non è uguale a sqrt(N): 82.85148787058208
Norma del vettore g: 20.000000000000004
Strategy: omn     , portfolio variance: 2.6557366414583842e-06
Norma del vettore g non è uguale a sqrt(N): 82.85148787058208
Norma del vettore g: 20.000000000000004
⚠️ Errore numerico: Autovalori troppo piccoli in Sigma. Uso la pseudo-inversa.
Strategy: mean_rev, portfolio variance: 1.1991025070696845e-06
Norma del vettore g non è uguale a sqrt(N): 82.85148787058208
Norma del vettore g: 20.000000000000004
⚠️ Errore numerico: Autovalori troppo piccoli in Sigma. Uso la pseudo-inversa.
Strategy: mean_rev, portfolio variance: 1.9327471172696517e-15
Norma del vettore g non è uguale a sqrt(N): 82.85148787058208
Norma del vettore g: 20.000000000000004
⚠️ Errore numerico: Autovalori troppo piccoli in Sigma. Uso la pseudo-inversa.
Strategy: mean_rev, portfolio variance: 7.068827558658486e-13
Norma del vettore g non è uguale a sqrt(N): 82.85148787058208
Norma del vettore g: 20.000000000000004
Strategy: mean_rev, portfolio variance: 1.1446660562683681e-06
Norma del vettore g non è uguale a sqrt(N): 82.85148787058208
Norma del vettore g: 20.000000000000004
Strategy: mean_rev, portfolio variance: 1.6974252010011959e-06
Norma del vettore g non è uguale a sqrt(N): 82.85148787058208
Norma del vettore g: 20.000000000000004
Strategy: mean_rev, portfolio variance: 0.0030915499142112777
Norma del vettore g non è uguale a sqrt(N): 82.85148787058208
Norma del vettore g: 20.000000000000004
Strategy: mean_rev, portfolio variance: 2.598288483709788e-06
Norma del vettore g non è uguale a sqrt(N): 82.85148787058208
Norma del vettore g: 20.000000000000004
Strategy: mean_rev, portfolio variance: 2.6557366414583842e-06
Norma del vettore g: 20.0
⚠️ Errore numerico: Autovalori troppo piccoli in Sigma. Uso la pseudo-inversa.
Strategy: rnd     , portfolio variance: 1.643746235895095e-15
Norma del vettore g: 19.999999999999993
⚠️ Errore numerico: Autovalori troppo piccoli in Sigma. Uso la pseudo-inversa.
Strategy: rnd     , portfolio variance: 1.3450034832327574e-15
Norma del vettore g: 20.0
⚠️ Errore numerico: Autovalori troppo piccoli in Sigma. Uso la pseudo-inversa.
Strategy: rnd     , portfolio variance: 1.7974330159596068e-09
Norma del vettore g: 19.999999999999993
Strategy: rnd     , portfolio variance: 6.613087044665014e-07
Norma del vettore g: 20.0
Strategy: rnd     , portfolio variance: 2.9287297488190073e-07
Norma del vettore g: 20.000000000000004
Strategy: rnd     , portfolio variance: 2.3404388249159844e-05
Norma del vettore g: 20.000000000000004
Strategy: rnd     , portfolio variance: 1.127264063169397e-14
Norma del vettore g: 19.999999999999996
Strategy: rnd     , portfolio variance: 9.30492432456516e-15
[===============                                                       ] 21.57%
Kendall covariance matrix not positive definite!
 It may happen!
Norma del vettore g: 20.0
⚠️ Errore numerico: Autovalori troppo piccoli in Sigma. Uso la pseudo-inversa.
Strategy: min_var , portfolio variance: 6.948359187753954e-06
Norma del vettore g: 20.0
⚠️ Errore numerico: Autovalori troppo piccoli in Sigma. Uso la pseudo-inversa.
Strategy: min_var , portfolio variance: 4.629946747722275e-16
Norma del vettore g: 20.0
⚠️ Errore numerico: Autovalori troppo piccoli in Sigma. Uso la pseudo-inversa.
Strategy: min_var , portfolio variance: 2.256429674241225e-13
Norma del vettore g: 20.0
Strategy: min_var , portfolio variance: 6.434599882015697e-07
Norma del vettore g: 20.0
Strategy: min_var , portfolio variance: 1.1766658372674343e-05
Norma del vettore g: 20.0
⚠️ Errore numerico: Autovalori troppo piccoli in Sigma. Uso la pseudo-inversa.
Strategy: min_var , portfolio variance: 6.921390523804252e+26
Norma del vettore g: 20.0
Strategy: min_var , portfolio variance: 2.3920830852627727e-05
Norma del vettore g: 20.0
Strategy: min_var , portfolio variance: 2.758296101604081e-05
Norma del vettore g non è uguale a sqrt(N): 52.80778594272953
Norma del vettore g: 20.000000000000007
⚠️ Errore numerico: Autovalori troppo piccoli in Sigma. Uso la pseudo-inversa.
Strategy: omn     , portfolio variance: 6.348236494755097e-07
Norma del vettore g non è uguale a sqrt(N): 52.80778594272953
Norma del vettore g: 20.000000000000007
⚠️ Errore numerico: Autovalori troppo piccoli in Sigma. Uso la pseudo-inversa.
Strategy: omn     , portfolio variance: 1.4708086826002955e-16
Norma del vettore g non è uguale a sqrt(N): 52.80778594272953
Norma del vettore g: 20.000000000000007
⚠️ Errore numerico: Autovalori troppo piccoli in Sigma. Uso la pseudo-inversa.
Strategy: omn     , portfolio variance: 9.180840364673938e-13
Norma del vettore g non è uguale a sqrt(N): 52.80778594272953
Norma del vettore g: 20.000000000000007
Strategy: omn     , portfolio variance: 8.162468362256174e-07
Norma del vettore g non è uguale a sqrt(N): 52.80778594272953
Norma del vettore g: 20.000000000000007
Strategy: omn     , portfolio variance: 9.170483063865055e-07
Norma del vettore g non è uguale a sqrt(N): 52.80778594272953
Norma del vettore g: 20.000000000000007
⚠️ Errore numerico: Autovalori troppo piccoli in Sigma. Uso la pseudo-inversa.
Strategy: omn     , portfolio variance: 2.749394445889131e-09
Norma del vettore g non è uguale a sqrt(N): 52.80778594272953
Norma del vettore g: 20.000000000000007
Strategy: omn     , portfolio variance: 1.2499977519849383e-06
Norma del vettore g non è uguale a sqrt(N): 52.80778594272953
Norma del vettore g: 20.000000000000007
Strategy: omn     , portfolio variance: 1.2244804074224505e-06
Norma del vettore g non è uguale a sqrt(N): 52.80778594272953
Norma del vettore g: 20.000000000000007
⚠️ Errore numerico: Autovalori troppo piccoli in Sigma. Uso la pseudo-inversa.
Strategy: mean_rev, portfolio variance: 6.348236494755097e-07
Norma del vettore g non è uguale a sqrt(N): 52.80778594272953
Norma del vettore g: 20.000000000000007
⚠️ Errore numerico: Autovalori troppo piccoli in Sigma. Uso la pseudo-inversa.
Strategy: mean_rev, portfolio variance: 1.4708086826002955e-16
Norma del vettore g non è uguale a sqrt(N): 52.80778594272953
Norma del vettore g: 20.000000000000007
⚠️ Errore numerico: Autovalori troppo piccoli in Sigma. Uso la pseudo-inversa.
Strategy: mean_rev, portfolio variance: 9.180840364673938e-13
Norma del vettore g non è uguale a sqrt(N): 52.80778594272953
Norma del vettore g: 20.000000000000007
Strategy: mean_rev, portfolio variance: 8.162468362256174e-07
Norma del vettore g non è uguale a sqrt(N): 52.80778594272953
Norma del vettore g: 20.000000000000007
Strategy: mean_rev, portfolio variance: 9.170483063865055e-07
Norma del vettore g non è uguale a sqrt(N): 52.80778594272953
Norma del vettore g: 20.000000000000007
⚠️ Errore numerico: Autovalori troppo piccoli in Sigma. Uso la pseudo-inversa.
Strategy: mean_rev, portfolio variance: 2.749394445889131e-09
Norma del vettore g non è uguale a sqrt(N): 52.80778594272953
Norma del vettore g: 20.000000000000007
Strategy: mean_rev, portfolio variance: 1.2499977519849383e-06
Norma del vettore g non è uguale a sqrt(N): 52.80778594272953
Norma del vettore g: 20.000000000000007
Strategy: mean_rev, portfolio variance: 1.2244804074224505e-06
Norma del vettore g: 19.999999999999996
⚠️ Errore numerico: Autovalori troppo piccoli in Sigma. Uso la pseudo-inversa.
Strategy: rnd     , portfolio variance: 1.7578947267490934e-12
Norma del vettore g: 20.0
⚠️ Errore numerico: Autovalori troppo piccoli in Sigma. Uso la pseudo-inversa.
Strategy: rnd     , portfolio variance: 9.02322068128868e-16
Norma del vettore g: 20.0
⚠️ Errore numerico: Autovalori troppo piccoli in Sigma. Uso la pseudo-inversa.
Strategy: rnd     , portfolio variance: 3.8702774174566234e-10
Norma del vettore g: 20.0
Strategy: rnd     , portfolio variance: 6.68257262016785e-07
Norma del vettore g: 20.000000000000007
Strategy: rnd     , portfolio variance: 2.635964717601577e-07
Norma del vettore g: 20.0
⚠️ Errore numerico: Autovalori troppo piccoli in Sigma. Uso la pseudo-inversa.
Strategy: rnd     , portfolio variance: -1.906372430733213e-30
Norma del vettore g: 19.999999999999996
Strategy: rnd     , portfolio variance: 3.901528308089263e-15
Norma del vettore g: 19.999999999999993
Strategy: rnd     , portfolio variance: 1.3061453473435124e-11
[================                                                      ] 23.53%
Kendall covariance matrix not positive definite!
 It may happen!
Norma del vettore g: 20.0
⚠️ Errore numerico: Autovalori troppo piccoli in Sigma. Uso la pseudo-inversa.
Strategy: min_var , portfolio variance: 7.02301309680894e-06
Norma del vettore g: 20.0
⚠️ Errore numerico: Autovalori troppo piccoli in Sigma. Uso la pseudo-inversa.
Strategy: min_var , portfolio variance: 4.488713314165607e-16
Norma del vettore g: 20.0
⚠️ Errore numerico: Autovalori troppo piccoli in Sigma. Uso la pseudo-inversa.
Strategy: min_var , portfolio variance: 2.117190199616134e-13
Norma del vettore g: 20.0
Strategy: min_var , portfolio variance: 6.16780284983267e-07
Norma del vettore g: 20.0
Strategy: min_var , portfolio variance: 1.1791050994299066e-05
Norma del vettore g: 20.0
⚠️ Errore numerico: Autovalori troppo piccoli in Sigma. Uso la pseudo-inversa.
Strategy: min_var , portfolio variance: 4.0528579114366685e+26
Norma del vettore g: 20.0
Strategy: min_var , portfolio variance: 2.4034313535899735e-05
Norma del vettore g: 20.0
Strategy: min_var , portfolio variance: 2.5917835523972894e-05
Norma del vettore g non è uguale a sqrt(N): 55.94288627251393
Norma del vettore g: 20.000000000000004
⚠️ Errore numerico: Autovalori troppo piccoli in Sigma. Uso la pseudo-inversa.
Strategy: omn     , portfolio variance: 7.752741166034177e-07
Norma del vettore g non è uguale a sqrt(N): 55.94288627251393
Norma del vettore g: 20.000000000000004
⚠️ Errore numerico: Autovalori troppo piccoli in Sigma. Uso la pseudo-inversa.
Strategy: omn     , portfolio variance: 1.100985146116865e-15
Norma del vettore g non è uguale a sqrt(N): 55.94288627251393
Norma del vettore g: 20.000000000000004
⚠️ Errore numerico: Autovalori troppo piccoli in Sigma. Uso la pseudo-inversa.
Strategy: omn     , portfolio variance: 1.3169751281428262e-12
Norma del vettore g non è uguale a sqrt(N): 55.94288627251393
Norma del vettore g: 20.000000000000004
Strategy: omn     , portfolio variance: 1.0105512206414574e-06
Norma del vettore g non è uguale a sqrt(N): 55.94288627251393
Norma del vettore g: 20.000000000000004
Strategy: omn     , portfolio variance: 1.1123857057673884e-06
Norma del vettore g non è uguale a sqrt(N): 55.94288627251393
Norma del vettore g: 20.000000000000004
⚠️ Errore numerico: Autovalori troppo piccoli in Sigma. Uso la pseudo-inversa.
Strategy: omn     , portfolio variance: 1.6669322557274933e-10
Norma del vettore g non è uguale a sqrt(N): 55.94288627251393
Norma del vettore g: 20.000000000000004
Strategy: omn     , portfolio variance: 1.5386305574939695e-06
Norma del vettore g non è uguale a sqrt(N): 55.94288627251393
Norma del vettore g: 20.000000000000004
Strategy: omn     , portfolio variance: 1.7234524213073478e-06
Norma del vettore g non è uguale a sqrt(N): 55.94288627251393
Norma del vettore g: 20.000000000000004
⚠️ Errore numerico: Autovalori troppo piccoli in Sigma. Uso la pseudo-inversa.
Strategy: mean_rev, portfolio variance: 7.752741166034177e-07
Norma del vettore g non è uguale a sqrt(N): 55.94288627251393
Norma del vettore g: 20.000000000000004
⚠️ Errore numerico: Autovalori troppo piccoli in Sigma. Uso la pseudo-inversa.
Strategy: mean_rev, portfolio variance: 1.100985146116865e-15
Norma del vettore g non è uguale a sqrt(N): 55.94288627251393
Norma del vettore g: 20.000000000000004
⚠️ Errore numerico: Autovalori troppo piccoli in Sigma. Uso la pseudo-inversa.
Strategy: mean_rev, portfolio variance: 1.3169751281428262e-12
Norma del vettore g non è uguale a sqrt(N): 55.94288627251393
Norma del vettore g: 20.000000000000004
Strategy: mean_rev, portfolio variance: 1.0105512206414574e-06
Norma del vettore g non è uguale a sqrt(N): 55.94288627251393
Norma del vettore g: 20.000000000000004
Strategy: mean_rev, portfolio variance: 1.1123857057673884e-06
Norma del vettore g non è uguale a sqrt(N): 55.94288627251393
Norma del vettore g: 20.000000000000004
⚠️ Errore numerico: Autovalori troppo piccoli in Sigma. Uso la pseudo-inversa.
Strategy: mean_rev, portfolio variance: 1.6669322557274933e-10
Norma del vettore g non è uguale a sqrt(N): 55.94288627251393
Norma del vettore g: 20.000000000000004
Strategy: mean_rev, portfolio variance: 1.5386305574939695e-06
Norma del vettore g non è uguale a sqrt(N): 55.94288627251393
Norma del vettore g: 20.000000000000004
Strategy: mean_rev, portfolio variance: 1.7234524213073478e-06
Norma del vettore g: 20.000000000000007
⚠️ Errore numerico: Autovalori troppo piccoli in Sigma. Uso la pseudo-inversa.
Strategy: rnd     , portfolio variance: 1.6352236443683939e-15
Norma del vettore g: 20.0
⚠️ Errore numerico: Autovalori troppo piccoli in Sigma. Uso la pseudo-inversa.
Strategy: rnd     , portfolio variance: 3.4579617646797966e-15
Norma del vettore g: 19.999999999999996
⚠️ Errore numerico: Autovalori troppo piccoli in Sigma. Uso la pseudo-inversa.
Strategy: rnd     , portfolio variance: 5.719904520078169e-10
Norma del vettore g: 20.000000000000007
Strategy: rnd     , portfolio variance: 6.603484309721096e-07
Norma del vettore g: 19.999999999999996
Strategy: rnd     , portfolio variance: 2.5213394591326943e-07
Norma del vettore g: 20.000000000000004
⚠️ Errore numerico: Autovalori troppo piccoli in Sigma. Uso la pseudo-inversa.
Strategy: rnd     , portfolio variance: -5.298378301980188e-31
Norma del vettore g: 20.000000000000007
Strategy: rnd     , portfolio variance: 1.083965681782883e-14
Norma del vettore g: 19.999999999999996
Strategy: rnd     , portfolio variance: 4.915774746835417e-15
[=================                                                     ] 25.49%
Norma del vettore g: 20.0
⚠️ Errore numerico: Autovalori troppo piccoli in Sigma. Uso la pseudo-inversa.
Strategy: min_var , portfolio variance: 7.382966140964608e-06
Norma del vettore g: 20.0
⚠️ Errore numerico: Autovalori troppo piccoli in Sigma. Uso la pseudo-inversa.
Strategy: min_var , portfolio variance: 4.1351311460028726e-16
Norma del vettore g: 20.0
⚠️ Errore numerico: Autovalori troppo piccoli in Sigma. Uso la pseudo-inversa.
Strategy: min_var , portfolio variance: 2.0706320035541979e-13
Norma del vettore g: 20.0
Strategy: min_var , portfolio variance: 6.18027173895826e-07
Norma del vettore g: 20.0
Strategy: min_var , portfolio variance: 1.2546808402730084e-05
Norma del vettore g: 20.0
⚠️ Errore numerico: Autovalori troppo piccoli in Sigma. Uso la pseudo-inversa.
Strategy: min_var , portfolio variance: 4.3572448364845585e+26
Norma del vettore g: 20.0
Strategy: min_var , portfolio variance: 2.4826405635217746e-05
Norma del vettore g: 20.0
Strategy: min_var , portfolio variance: 2.697889374238013e-05
Norma del vettore g non è uguale a sqrt(N): 44.859047040676245
Norma del vettore g: 20.0
⚠️ Errore numerico: Autovalori troppo piccoli in Sigma. Uso la pseudo-inversa.
Strategy: omn     , portfolio variance: 6.527899776852669e-07
Norma del vettore g non è uguale a sqrt(N): 44.859047040676245
Norma del vettore g: 20.0
⚠️ Errore numerico: Autovalori troppo piccoli in Sigma. Uso la pseudo-inversa.
Strategy: omn     , portfolio variance: 4.457032892879839e-16
Norma del vettore g non è uguale a sqrt(N): 44.859047040676245
Norma del vettore g: 20.0
⚠️ Errore numerico: Autovalori troppo piccoli in Sigma. Uso la pseudo-inversa.
Strategy: omn     , portfolio variance: 1.0930084042471272e-12
Norma del vettore g non è uguale a sqrt(N): 44.859047040676245
Norma del vettore g: 20.0
Strategy: omn     , portfolio variance: 9.404640121374664e-07
Norma del vettore g non è uguale a sqrt(N): 44.859047040676245
Norma del vettore g: 20.0
Strategy: omn     , portfolio variance: 1.0350898542861772e-06
Norma del vettore g non è uguale a sqrt(N): 44.859047040676245
Norma del vettore g: 20.0
⚠️ Errore numerico: Autovalori troppo piccoli in Sigma. Uso la pseudo-inversa.
Strategy: omn     , portfolio variance: 1.4330618443832962e-09
Norma del vettore g non è uguale a sqrt(N): 44.859047040676245
Norma del vettore g: 20.0
Strategy: omn     , portfolio variance: 1.4502964768334404e-06
Norma del vettore g non è uguale a sqrt(N): 44.859047040676245
Norma del vettore g: 20.0
Strategy: omn     , portfolio variance: 1.39702682528873e-06
Norma del vettore g non è uguale a sqrt(N): 44.859047040676245
Norma del vettore g: 20.0
⚠️ Errore numerico: Autovalori troppo piccoli in Sigma. Uso la pseudo-inversa.
Strategy: mean_rev, portfolio variance: 6.527899776852669e-07
Norma del vettore g non è uguale a sqrt(N): 44.859047040676245
Norma del vettore g: 20.0
⚠️ Errore numerico: Autovalori troppo piccoli in Sigma. Uso la pseudo-inversa.
Strategy: mean_rev, portfolio variance: 4.457032892879839e-16
Norma del vettore g non è uguale a sqrt(N): 44.859047040676245
Norma del vettore g: 20.0
⚠️ Errore numerico: Autovalori troppo piccoli in Sigma. Uso la pseudo-inversa.
Strategy: mean_rev, portfolio variance: 1.0930084042471272e-12
Norma del vettore g non è uguale a sqrt(N): 44.859047040676245
Norma del vettore g: 20.0
Strategy: mean_rev, portfolio variance: 9.404640121374664e-07
Norma del vettore g non è uguale a sqrt(N): 44.859047040676245
Norma del vettore g: 20.0
Strategy: mean_rev, portfolio variance: 1.0350898542861772e-06
Norma del vettore g non è uguale a sqrt(N): 44.859047040676245
Norma del vettore g: 20.0
⚠️ Errore numerico: Autovalori troppo piccoli in Sigma. Uso la pseudo-inversa.
Strategy: mean_rev, portfolio variance: 1.4330618443832962e-09
Norma del vettore g non è uguale a sqrt(N): 44.859047040676245
Norma del vettore g: 20.0
Strategy: mean_rev, portfolio variance: 1.4502964768334404e-06
Norma del vettore g non è uguale a sqrt(N): 44.859047040676245
Norma del vettore g: 20.0
Strategy: mean_rev, portfolio variance: 1.39702682528873e-06
Norma del vettore g: 20.0
⚠️ Errore numerico: Autovalori troppo piccoli in Sigma. Uso la pseudo-inversa.
Strategy: rnd     , portfolio variance: 5.394733183100734e-15
Norma del vettore g: 20.000000000000007
⚠️ Errore numerico: Autovalori troppo piccoli in Sigma. Uso la pseudo-inversa.
Strategy: rnd     , portfolio variance: 2.5671742291726715e-14
Norma del vettore g: 19.999999999999996
⚠️ Errore numerico: Autovalori troppo piccoli in Sigma. Uso la pseudo-inversa.
Strategy: rnd     , portfolio variance: 3.203197437968416e-11
Norma del vettore g: 20.000000000000004
Strategy: rnd     , portfolio variance: 5.730670160210353e-07
Norma del vettore g: 19.999999999999996
Strategy: rnd     , portfolio variance: 2.262629348150275e-07
Norma del vettore g: 20.000000000000004
⚠️ Errore numerico: Autovalori troppo piccoli in Sigma. Uso la pseudo-inversa.
Strategy: rnd     , portfolio variance: -1.6726403595435959e-31
Norma del vettore g: 20.00000000000001
Strategy: rnd     , portfolio variance: 9.31724303610542e-13
Norma del vettore g: 20.0
Strategy: rnd     , portfolio variance: 5.042405684477954e-13
[===================                                                   ] 27.45%
Norma del vettore g: 20.0
⚠️ Errore numerico: Autovalori troppo piccoli in Sigma. Uso la pseudo-inversa.
Strategy: min_var , portfolio variance: 6.4155042536009045e-06
Norma del vettore g: 20.0
⚠️ Errore numerico: Autovalori troppo piccoli in Sigma. Uso la pseudo-inversa.
Strategy: min_var , portfolio variance: 5.136409398801523e-16
Norma del vettore g: 20.0
⚠️ Errore numerico: Autovalori troppo piccoli in Sigma. Uso la pseudo-inversa.
Strategy: min_var , portfolio variance: 2.1790452284062825e-13
Norma del vettore g: 20.0
Strategy: min_var , portfolio variance: 5.59602496428297e-07
Norma del vettore g: 20.0
Strategy: min_var , portfolio variance: 1.1237286168964005e-05
Norma del vettore g: 20.0
⚠️ Errore numerico: Autovalori troppo piccoli in Sigma. Uso la pseudo-inversa.
Strategy: min_var , portfolio variance: 1.2078047180409997e+26
Norma del vettore g: 20.0
Strategy: min_var , portfolio variance: 2.286809987926111e-05
Norma del vettore g: 20.0
Strategy: min_var , portfolio variance: 2.51298619106947e-05
Norma del vettore g non è uguale a sqrt(N): 56.11827722554802
Norma del vettore g: 19.999999999999996
⚠️ Errore numerico: Autovalori troppo piccoli in Sigma. Uso la pseudo-inversa.
Strategy: omn     , portfolio variance: 8.526332849670149e-07
Norma del vettore g non è uguale a sqrt(N): 56.11827722554802
Norma del vettore g: 19.999999999999996
⚠️ Errore numerico: Autovalori troppo piccoli in Sigma. Uso la pseudo-inversa.
Strategy: omn     , portfolio variance: 1.6219897119781894e-16
Norma del vettore g non è uguale a sqrt(N): 56.11827722554802
Norma del vettore g: 19.999999999999996
⚠️ Errore numerico: Autovalori troppo piccoli in Sigma. Uso la pseudo-inversa.
Strategy: omn     , portfolio variance: 7.501617935851464e-13
Norma del vettore g non è uguale a sqrt(N): 56.11827722554802
Norma del vettore g: 19.999999999999996
Strategy: omn     , portfolio variance: 8.849270964428326e-07
Norma del vettore g non è uguale a sqrt(N): 56.11827722554802
Norma del vettore g: 19.999999999999996
Strategy: omn     , portfolio variance: 1.2242706788522486e-06
Norma del vettore g non è uguale a sqrt(N): 56.11827722554802
Norma del vettore g: 19.999999999999996
⚠️ Errore numerico: Autovalori troppo piccoli in Sigma. Uso la pseudo-inversa.
Strategy: omn     , portfolio variance: 6.239865728823594e-09
Norma del vettore g non è uguale a sqrt(N): 56.11827722554802
Norma del vettore g: 19.999999999999996
Strategy: omn     , portfolio variance: 1.8120460755178128e-06
Norma del vettore g non è uguale a sqrt(N): 56.11827722554802
Norma del vettore g: 19.999999999999996
Strategy: omn     , portfolio variance: 1.9493858167967426e-06
Norma del vettore g non è uguale a sqrt(N): 56.11827722554802
Norma del vettore g: 19.999999999999996
⚠️ Errore numerico: Autovalori troppo piccoli in Sigma. Uso la pseudo-inversa.
Strategy: mean_rev, portfolio variance: 8.526332849670149e-07
Norma del vettore g non è uguale a sqrt(N): 56.11827722554802
Norma del vettore g: 19.999999999999996
⚠️ Errore numerico: Autovalori troppo piccoli in Sigma. Uso la pseudo-inversa.
Strategy: mean_rev, portfolio variance: 1.6219897119781894e-16
Norma del vettore g non è uguale a sqrt(N): 56.11827722554802
Norma del vettore g: 19.999999999999996
⚠️ Errore numerico: Autovalori troppo piccoli in Sigma. Uso la pseudo-inversa.
Strategy: mean_rev, portfolio variance: 7.501617935851464e-13
Norma del vettore g non è uguale a sqrt(N): 56.11827722554802
Norma del vettore g: 19.999999999999996
Strategy: mean_rev, portfolio variance: 8.849270964428326e-07
Norma del vettore g non è uguale a sqrt(N): 56.11827722554802
Norma del vettore g: 19.999999999999996
Strategy: mean_rev, portfolio variance: 1.2242706788522486e-06
Norma del vettore g non è uguale a sqrt(N): 56.11827722554802
Norma del vettore g: 19.999999999999996
⚠️ Errore numerico: Autovalori troppo piccoli in Sigma. Uso la pseudo-inversa.
Strategy: mean_rev, portfolio variance: 6.239865728823594e-09
Norma del vettore g non è uguale a sqrt(N): 56.11827722554802
Norma del vettore g: 19.999999999999996
Strategy: mean_rev, portfolio variance: 1.8120460755178128e-06
Norma del vettore g non è uguale a sqrt(N): 56.11827722554802
Norma del vettore g: 19.999999999999996
Strategy: mean_rev, portfolio variance: 1.9493858167967426e-06
Norma del vettore g: 19.999999999999996
⚠️ Errore numerico: Autovalori troppo piccoli in Sigma. Uso la pseudo-inversa.
Strategy: rnd     , portfolio variance: 6.013803802748796e-15
Norma del vettore g: 20.000000000000007
⚠️ Errore numerico: Autovalori troppo piccoli in Sigma. Uso la pseudo-inversa.
Strategy: rnd     , portfolio variance: 4.901145175022705e-16
Norma del vettore g: 20.0
⚠️ Errore numerico: Autovalori troppo piccoli in Sigma. Uso la pseudo-inversa.
Strategy: rnd     , portfolio variance: 1.466289013464167e-10
Norma del vettore g: 20.000000000000007
Strategy: rnd     , portfolio variance: 5.628170652453678e-07
Norma del vettore g: 20.000000000000004
Strategy: rnd     , portfolio variance: 2.1334023308696284e-07
Norma del vettore g: 20.000000000000004
⚠️ Errore numerico: Autovalori troppo piccoli in Sigma. Uso la pseudo-inversa.
Strategy: rnd     , portfolio variance: -2.0116036646249353e-31
Norma del vettore g: 20.0
Strategy: rnd     , portfolio variance: 1.0620347699195419e-14
Norma del vettore g: 20.0
Strategy: rnd     , portfolio variance: 4.805218096062613e-12
[====================                                                  ] 29.41%
Kendall covariance matrix not positive definite!
 It may happen!
Norma del vettore g: 20.0
⚠️ Errore numerico: Autovalori troppo piccoli in Sigma. Uso la pseudo-inversa.
Strategy: min_var , portfolio variance: 6.756431709052822e-06
Norma del vettore g: 20.0
⚠️ Errore numerico: Autovalori troppo piccoli in Sigma. Uso la pseudo-inversa.
Strategy: min_var , portfolio variance: 5.634794296796345e-16
Norma del vettore g: 20.0
⚠️ Errore numerico: Autovalori troppo piccoli in Sigma. Uso la pseudo-inversa.
Strategy: min_var , portfolio variance: 2.2051196647261947e-13
Norma del vettore g: 20.0
Strategy: min_var , portfolio variance: 5.500914465550792e-07
Norma del vettore g: 20.0
Strategy: min_var , portfolio variance: 1.1576360478585948e-05
Norma del vettore g: 20.0
⚠️ Errore numerico: Autovalori troppo piccoli in Sigma. Uso la pseudo-inversa.
Strategy: min_var , portfolio variance: 2.657557797889577e+27
Norma del vettore g: 20.0
Strategy: min_var , portfolio variance: 2.369213159248578e-05
Norma del vettore g: 20.0
Strategy: min_var , portfolio variance: 2.5274057409156136e-05
Norma del vettore g non è uguale a sqrt(N): 79.8721547132567
Norma del vettore g: 20.000000000000004
⚠️ Errore numerico: Autovalori troppo piccoli in Sigma. Uso la pseudo-inversa.
Strategy: omn     , portfolio variance: 1.4892403883154537e-06
Norma del vettore g non è uguale a sqrt(N): 79.8721547132567
Norma del vettore g: 20.000000000000004
⚠️ Errore numerico: Autovalori troppo piccoli in Sigma. Uso la pseudo-inversa.
Strategy: omn     , portfolio variance: 3.540726011155987e-15
Norma del vettore g non è uguale a sqrt(N): 79.8721547132567
Norma del vettore g: 20.000000000000004
⚠️ Errore numerico: Autovalori troppo piccoli in Sigma. Uso la pseudo-inversa.
Strategy: omn     , portfolio variance: 4.466369122304886e-13
Norma del vettore g non è uguale a sqrt(N): 79.8721547132567
Norma del vettore g: 20.000000000000004
Strategy: omn     , portfolio variance: 8.864920831796399e-07
Norma del vettore g non è uguale a sqrt(N): 79.8721547132567
Norma del vettore g: 20.000000000000004
Strategy: omn     , portfolio variance: 2.16627328701039e-06
Norma del vettore g non è uguale a sqrt(N): 79.8721547132567
Norma del vettore g: 20.000000000000004
⚠️ Errore numerico: Autovalori troppo piccoli in Sigma. Uso la pseudo-inversa.
Strategy: omn     , portfolio variance: 5.72361191126321e-06
Norma del vettore g non è uguale a sqrt(N): 79.8721547132567
Norma del vettore g: 20.000000000000004
Strategy: omn     , portfolio variance: 3.347449823911736e-06
Norma del vettore g non è uguale a sqrt(N): 79.8721547132567
Norma del vettore g: 20.000000000000004
Strategy: omn     , portfolio variance: 3.935442006004621e-06
Norma del vettore g non è uguale a sqrt(N): 79.8721547132567
Norma del vettore g: 20.000000000000004
⚠️ Errore numerico: Autovalori troppo piccoli in Sigma. Uso la pseudo-inversa.
Strategy: mean_rev, portfolio variance: 1.4892403883154537e-06
Norma del vettore g non è uguale a sqrt(N): 79.8721547132567
Norma del vettore g: 20.000000000000004
⚠️ Errore numerico: Autovalori troppo piccoli in Sigma. Uso la pseudo-inversa.
Strategy: mean_rev, portfolio variance: 3.540726011155987e-15
Norma del vettore g non è uguale a sqrt(N): 79.8721547132567
Norma del vettore g: 20.000000000000004
⚠️ Errore numerico: Autovalori troppo piccoli in Sigma. Uso la pseudo-inversa.
Strategy: mean_rev, portfolio variance: 4.466369122304886e-13
Norma del vettore g non è uguale a sqrt(N): 79.8721547132567
Norma del vettore g: 20.000000000000004
Strategy: mean_rev, portfolio variance: 8.864920831796399e-07
Norma del vettore g non è uguale a sqrt(N): 79.8721547132567
Norma del vettore g: 20.000000000000004
Strategy: mean_rev, portfolio variance: 2.16627328701039e-06
Norma del vettore g non è uguale a sqrt(N): 79.8721547132567
Norma del vettore g: 20.000000000000004
⚠️ Errore numerico: Autovalori troppo piccoli in Sigma. Uso la pseudo-inversa.
Strategy: mean_rev, portfolio variance: 5.72361191126321e-06
Norma del vettore g non è uguale a sqrt(N): 79.8721547132567
Norma del vettore g: 20.000000000000004
Strategy: mean_rev, portfolio variance: 3.347449823911736e-06
Norma del vettore g non è uguale a sqrt(N): 79.8721547132567
Norma del vettore g: 20.000000000000004
Strategy: mean_rev, portfolio variance: 3.935442006004621e-06
Norma del vettore g: 19.999999999999996
⚠️ Errore numerico: Autovalori troppo piccoli in Sigma. Uso la pseudo-inversa.
Strategy: rnd     , portfolio variance: 1.6124397157127714e-15
Norma del vettore g: 20.0
⚠️ Errore numerico: Autovalori troppo piccoli in Sigma. Uso la pseudo-inversa.
Strategy: rnd     , portfolio variance: 1.2184939922934942e-15
Norma del vettore g: 19.999999999999993
⚠️ Errore numerico: Autovalori troppo piccoli in Sigma. Uso la pseudo-inversa.
Strategy: rnd     , portfolio variance: 3.5544120658739745e-10
Norma del vettore g: 19.99999999999999
Strategy: rnd     , portfolio variance: 5.366592353696743e-07
Norma del vettore g: 20.0
Strategy: rnd     , portfolio variance: 2.214204099660615e-07
Norma del vettore g: 19.999999999999996
⚠️ Errore numerico: Autovalori troppo piccoli in Sigma. Uso la pseudo-inversa.
Strategy: rnd     , portfolio variance: 3.463253501438297e-28
Norma del vettore g: 19.999999999999996
Strategy: rnd     , portfolio variance: 4.487758410016368e-15
Norma del vettore g: 20.0
Strategy: rnd     , portfolio variance: 1.4771508548904486e-13
[=====================                                                 ] 31.37%
Norma del vettore g: 20.0
Strategy: min_var , portfolio variance: 7.076177387012511e-06
Norma del vettore g: 20.0
⚠️ Errore numerico: Autovalori troppo piccoli in Sigma. Uso la pseudo-inversa.
Strategy: min_var , portfolio variance: 2.2070213731516618e-13
Norma del vettore g: 20.0
⚠️ Errore numerico: Autovalori troppo piccoli in Sigma. Uso la pseudo-inversa.
Strategy: min_var , portfolio variance: 2.2120236093054026e-13
Norma del vettore g: 20.0
Strategy: min_var , portfolio variance: 5.513671970498264e-07
Norma del vettore g: 20.0
Strategy: min_var , portfolio variance: 1.175337475815578e-05
Norma del vettore g: 20.0
Strategy: min_var , portfolio variance: 0.11670835230798968
Norma del vettore g: 20.0
Strategy: min_var , portfolio variance: 2.3448044400628783e-05
Norma del vettore g: 20.0
Strategy: min_var , portfolio variance: 2.520150687981971e-05
Norma del vettore g non è uguale a sqrt(N): 41.618829991959366
Norma del vettore g: 19.999999999999996
Strategy: omn     , portfolio variance: 5.088006068829639e-07
Norma del vettore g non è uguale a sqrt(N): 41.618829991959366
Norma del vettore g: 19.999999999999996
⚠️ Errore numerico: Autovalori troppo piccoli in Sigma. Uso la pseudo-inversa.
Strategy: omn     , portfolio variance: 6.264545880467812e-12
Norma del vettore g non è uguale a sqrt(N): 41.618829991959366
Norma del vettore g: 19.999999999999996
⚠️ Errore numerico: Autovalori troppo piccoli in Sigma. Uso la pseudo-inversa.
Strategy: omn     , portfolio variance: 6.186957632373078e-12
Norma del vettore g non è uguale a sqrt(N): 41.618829991959366
Norma del vettore g: 19.999999999999996
Strategy: omn     , portfolio variance: 8.003785144301946e-07
Norma del vettore g non è uguale a sqrt(N): 41.618829991959366
Norma del vettore g: 19.999999999999996
Strategy: omn     , portfolio variance: 7.24236965100306e-07
Norma del vettore g non è uguale a sqrt(N): 41.618829991959366
Norma del vettore g: 19.999999999999996
Strategy: omn     , portfolio variance: 0.0024116895264488453
Norma del vettore g non è uguale a sqrt(N): 41.618829991959366
Norma del vettore g: 19.999999999999996
Strategy: omn     , portfolio variance: 1.1911057238200795e-06
Norma del vettore g non è uguale a sqrt(N): 41.618829991959366
Norma del vettore g: 19.999999999999996
Strategy: omn     , portfolio variance: 1.2107315712100578e-06
Norma del vettore g non è uguale a sqrt(N): 41.618829991959366
Norma del vettore g: 19.999999999999996
Strategy: mean_rev, portfolio variance: 5.088006068829639e-07
Norma del vettore g non è uguale a sqrt(N): 41.618829991959366
Norma del vettore g: 19.999999999999996
⚠️ Errore numerico: Autovalori troppo piccoli in Sigma. Uso la pseudo-inversa.
Strategy: mean_rev, portfolio variance: 6.264545880467812e-12
Norma del vettore g non è uguale a sqrt(N): 41.618829991959366
Norma del vettore g: 19.999999999999996
⚠️ Errore numerico: Autovalori troppo piccoli in Sigma. Uso la pseudo-inversa.
Strategy: mean_rev, portfolio variance: 6.186957632373078e-12
Norma del vettore g non è uguale a sqrt(N): 41.618829991959366
Norma del vettore g: 19.999999999999996
Strategy: mean_rev, portfolio variance: 8.003785144301946e-07
Norma del vettore g non è uguale a sqrt(N): 41.618829991959366
Norma del vettore g: 19.999999999999996
Strategy: mean_rev, portfolio variance: 7.24236965100306e-07
Norma del vettore g non è uguale a sqrt(N): 41.618829991959366
Norma del vettore g: 19.999999999999996
Strategy: mean_rev, portfolio variance: 0.0024116895264488453
Norma del vettore g non è uguale a sqrt(N): 41.618829991959366
Norma del vettore g: 19.999999999999996
Strategy: mean_rev, portfolio variance: 1.1911057238200795e-06
Norma del vettore g non è uguale a sqrt(N): 41.618829991959366
Norma del vettore g: 19.999999999999996
Strategy: mean_rev, portfolio variance: 1.2107315712100578e-06
Norma del vettore g: 20.0
Strategy: rnd     , portfolio variance: 6.787926443522472e-08
Norma del vettore g: 20.0
⚠️ Errore numerico: Autovalori troppo piccoli in Sigma. Uso la pseudo-inversa.
Strategy: rnd     , portfolio variance: 2.8706902400303393e-11
Norma del vettore g: 20.0
⚠️ Errore numerico: Autovalori troppo piccoli in Sigma. Uso la pseudo-inversa.
Strategy: rnd     , portfolio variance: 9.751647851668226e-09
Norma del vettore g: 20.000000000000004
Strategy: rnd     , portfolio variance: 5.181417607439604e-07
Norma del vettore g: 20.0
Strategy: rnd     , portfolio variance: 2.138804656432555e-07
Norma del vettore g: 20.0
Strategy: rnd     , portfolio variance: 0.000834514378863094
Norma del vettore g: 20.0
Strategy: rnd     , portfolio variance: 8.694769287852934e-08
Norma del vettore g: 19.999999999999996
Strategy: rnd     , portfolio variance: 2.2146139912840195e-07
[=======================                                               ] 33.33%
Norma del vettore g: 20.0
Strategy: min_var , portfolio variance: 6.872598726162604e-06
Norma del vettore g: 20.0
⚠️ Errore numerico: Autovalori troppo piccoli in Sigma. Uso la pseudo-inversa.
Strategy: min_var , portfolio variance: 2.20328273015532e-13
Norma del vettore g: 20.0
⚠️ Errore numerico: Autovalori troppo piccoli in Sigma. Uso la pseudo-inversa.
Strategy: min_var , portfolio variance: 2.206399214977793e-13
Norma del vettore g: 20.0
Strategy: min_var , portfolio variance: 5.393537602229831e-07
Norma del vettore g: 20.0
Strategy: min_var , portfolio variance: 1.1279063641188055e-05
Norma del vettore g: 20.0
Strategy: min_var , portfolio variance: 0.11458519429968134
Norma del vettore g: 20.0
Strategy: min_var , portfolio variance: 2.3037042223118332e-05
Norma del vettore g: 20.0
Strategy: min_var , portfolio variance: 2.506624715479733e-05
Norma del vettore g non è uguale a sqrt(N): 58.36842273768455
Norma del vettore g: 20.000000000000004
Strategy: omn     , portfolio variance: 1.0809409307366088e-06
Norma del vettore g non è uguale a sqrt(N): 58.36842273768455
Norma del vettore g: 20.000000000000004
⚠️ Errore numerico: Autovalori troppo piccoli in Sigma. Uso la pseudo-inversa.
Strategy: omn     , portfolio variance: 1.1680157085775154e-12
Norma del vettore g non è uguale a sqrt(N): 58.36842273768455
Norma del vettore g: 20.000000000000004
⚠️ Errore numerico: Autovalori troppo piccoli in Sigma. Uso la pseudo-inversa.
Strategy: omn     , portfolio variance: 1.1644574150222023e-12
Norma del vettore g non è uguale a sqrt(N): 58.36842273768455
Norma del vettore g: 20.000000000000004
Strategy: omn     , portfolio variance: 8.463908326462572e-07
Norma del vettore g non è uguale a sqrt(N): 58.36842273768455
Norma del vettore g: 20.000000000000004
Strategy: omn     , portfolio variance: 1.5940781753318932e-06
Norma del vettore g non è uguale a sqrt(N): 58.36842273768455
Norma del vettore g: 20.000000000000004
Strategy: omn     , portfolio variance: 0.0043800560783737365
Norma del vettore g non è uguale a sqrt(N): 58.36842273768455
Norma del vettore g: 20.000000000000004
Strategy: omn     , portfolio variance: 2.3797075626126534e-06
Norma del vettore g non è uguale a sqrt(N): 58.36842273768455
Norma del vettore g: 20.000000000000004
Strategy: omn     , portfolio variance: 2.6100362961344033e-06
Norma del vettore g non è uguale a sqrt(N): 58.36842273768455
Norma del vettore g: 20.000000000000004
Strategy: mean_rev, portfolio variance: 1.0809409307366088e-06
Norma del vettore g non è uguale a sqrt(N): 58.36842273768455
Norma del vettore g: 20.000000000000004
⚠️ Errore numerico: Autovalori troppo piccoli in Sigma. Uso la pseudo-inversa.
Strategy: mean_rev, portfolio variance: 1.1680157085775154e-12
Norma del vettore g non è uguale a sqrt(N): 58.36842273768455
Norma del vettore g: 20.000000000000004
⚠️ Errore numerico: Autovalori troppo piccoli in Sigma. Uso la pseudo-inversa.
Strategy: mean_rev, portfolio variance: 1.1644574150222023e-12
Norma del vettore g non è uguale a sqrt(N): 58.36842273768455
Norma del vettore g: 20.000000000000004
Strategy: mean_rev, portfolio variance: 8.463908326462572e-07
Norma del vettore g non è uguale a sqrt(N): 58.36842273768455
Norma del vettore g: 20.000000000000004
Strategy: mean_rev, portfolio variance: 1.5940781753318932e-06
Norma del vettore g non è uguale a sqrt(N): 58.36842273768455
Norma del vettore g: 20.000000000000004
Strategy: mean_rev, portfolio variance: 0.0043800560783737365
Norma del vettore g non è uguale a sqrt(N): 58.36842273768455
Norma del vettore g: 20.000000000000004
Strategy: mean_rev, portfolio variance: 2.3797075626126534e-06
Norma del vettore g non è uguale a sqrt(N): 58.36842273768455
Norma del vettore g: 20.000000000000004
Strategy: mean_rev, portfolio variance: 2.6100362961344033e-06
Norma del vettore g: 20.000000000000004
Strategy: rnd     , portfolio variance: 7.752982983875608e-08
Norma del vettore g: 20.0
⚠️ Errore numerico: Autovalori troppo piccoli in Sigma. Uso la pseudo-inversa.
Strategy: rnd     , portfolio variance: 1.8984573522208088e-09
Norma del vettore g: 20.000000000000007
⚠️ Errore numerico: Autovalori troppo piccoli in Sigma. Uso la pseudo-inversa.
Strategy: rnd     , portfolio variance: 1.1320511249829147e-10
Norma del vettore g: 20.0
Strategy: rnd     , portfolio variance: 5.160161503634891e-07
Norma del vettore g: 20.000000000000007
Strategy: rnd     , portfolio variance: 2.0275645835149645e-07
Norma del vettore g: 19.999999999999996
Strategy: rnd     , portfolio variance: 0.0012237346086753052
Norma del vettore g: 20.0
Strategy: rnd     , portfolio variance: 1.2184656173852839e-07
Norma del vettore g: 20.000000000000007
Strategy: rnd     , portfolio variance: 9.68666858376662e-08
[========================                                              ] 35.29%
Norma del vettore g: 20.0
Strategy: min_var , portfolio variance: 6.357528176555632e-06
Norma del vettore g: 20.0
Strategy: min_var , portfolio variance: 3.05672597671652e-13
Norma del vettore g: 20.0
Strategy: min_var , portfolio variance: 3.0599368652364657e-13
Norma del vettore g: 20.0
Strategy: min_var , portfolio variance: 4.365537863400103e-07
Norma del vettore g: 20.0
Strategy: min_var , portfolio variance: 9.374571598868556e-06
Norma del vettore g: 20.0
Strategy: min_var , portfolio variance: 0.09723936809290043
Norma del vettore g: 20.0
Strategy: min_var , portfolio variance: 1.9870333538424647e-05
Norma del vettore g: 20.0
Strategy: min_var , portfolio variance: 2.138913604451869e-05
Norma del vettore g non è uguale a sqrt(N): 61.72173234288986
Norma del vettore g: 20.0
Strategy: omn     , portfolio variance: 7.639026746945218e-07
Norma del vettore g non è uguale a sqrt(N): 61.72173234288986
Norma del vettore g: 20.0
Strategy: omn     , portfolio variance: 8.316670796630947e-13
Norma del vettore g non è uguale a sqrt(N): 61.72173234288986
Norma del vettore g: 20.0
Strategy: omn     , portfolio variance: 8.337784054980037e-13
Norma del vettore g non è uguale a sqrt(N): 61.72173234288986
Norma del vettore g: 20.0
Strategy: omn     , portfolio variance: 6.392412763371142e-07
Norma del vettore g non è uguale a sqrt(N): 61.72173234288986
Norma del vettore g: 20.0
Strategy: omn     , portfolio variance: 1.0443998687266336e-06
Norma del vettore g non è uguale a sqrt(N): 61.72173234288986
Norma del vettore g: 20.0
Strategy: omn     , portfolio variance: 0.003103684526768783
Norma del vettore g non è uguale a sqrt(N): 61.72173234288986
Norma del vettore g: 20.0
Strategy: omn     , portfolio variance: 1.4460839621929125e-06
Norma del vettore g non è uguale a sqrt(N): 61.72173234288986
Norma del vettore g: 20.0
Strategy: omn     , portfolio variance: 1.4594240303298809e-06
Norma del vettore g non è uguale a sqrt(N): 61.72173234288986
Norma del vettore g: 20.0
Strategy: mean_rev, portfolio variance: 7.639026746945218e-07
Norma del vettore g non è uguale a sqrt(N): 61.72173234288986
Norma del vettore g: 20.0
Strategy: mean_rev, portfolio variance: 8.316670796630947e-13
Norma del vettore g non è uguale a sqrt(N): 61.72173234288986
Norma del vettore g: 20.0
Strategy: mean_rev, portfolio variance: 8.337784054980037e-13
Norma del vettore g non è uguale a sqrt(N): 61.72173234288986
Norma del vettore g: 20.0
Strategy: mean_rev, portfolio variance: 6.392412763371142e-07
Norma del vettore g non è uguale a sqrt(N): 61.72173234288986
Norma del vettore g: 20.0
Strategy: mean_rev, portfolio variance: 1.0443998687266336e-06
Norma del vettore g non è uguale a sqrt(N): 61.72173234288986
Norma del vettore g: 20.0
Strategy: mean_rev, portfolio variance: 0.003103684526768783
Norma del vettore g non è uguale a sqrt(N): 61.72173234288986
Norma del vettore g: 20.0
Strategy: mean_rev, portfolio variance: 1.4460839621929125e-06
Norma del vettore g non è uguale a sqrt(N): 61.72173234288986
Norma del vettore g: 20.0
Strategy: mean_rev, portfolio variance: 1.4594240303298809e-06
Norma del vettore g: 19.999999999999993
Strategy: rnd     , portfolio variance: 7.358498922982835e-08
Norma del vettore g: 20.0
Strategy: rnd     , portfolio variance: 2.348184116755565e-10
Norma del vettore g: 20.0
Strategy: rnd     , portfolio variance: 2.1478581760327576e-09
Norma del vettore g: 20.000000000000007
Strategy: rnd     , portfolio variance: 4.113121938391895e-07
Norma del vettore g: 20.000000000000004
Strategy: rnd     , portfolio variance: 1.7378285079077924e-07
Norma del vettore g: 20.0
Strategy: rnd     , portfolio variance: 0.0012899773007050337
Norma del vettore g: 19.999999999999993
Strategy: rnd     , portfolio variance: 1.6676580890554544e-07
Norma del vettore g: 20.0
Strategy: rnd     , portfolio variance: 1.1481643583691887e-07
[==========================                                            ] 37.25%
Norma del vettore g: 20.0
Strategy: min_var , portfolio variance: 6.730766836089943e-06
Norma del vettore g: 20.0
Strategy: min_var , portfolio variance: 3.615341974051063e-13
Norma del vettore g: 20.0
Strategy: min_var , portfolio variance: 3.629984507452833e-13
Norma del vettore g: 20.0
Strategy: min_var , portfolio variance: 4.004773020979012e-07
Norma del vettore g: 20.0
Strategy: min_var , portfolio variance: 9.502325382521032e-06
Norma del vettore g: 20.0
Strategy: min_var , portfolio variance: 0.0890389863823688
Norma del vettore g: 20.0
Strategy: min_var , portfolio variance: 2.10148618849755e-05
Norma del vettore g: 20.0
Strategy: min_var , portfolio variance: 2.10817722354883e-05
Norma del vettore g non è uguale a sqrt(N): 42.464583129764314
Norma del vettore g: 19.999999999999996
Strategy: omn     , portfolio variance: 4.518023271123772e-07
Norma del vettore g non è uguale a sqrt(N): 42.464583129764314
Norma del vettore g: 19.999999999999996
Strategy: omn     , portfolio variance: 1.828037444990331e-12
Norma del vettore g non è uguale a sqrt(N): 42.464583129764314
Norma del vettore g: 19.999999999999996
Strategy: omn     , portfolio variance: 1.8352339623506e-12
Norma del vettore g non è uguale a sqrt(N): 42.464583129764314
Norma del vettore g: 19.999999999999996
Strategy: omn     , portfolio variance: 5.61094043315155e-07
Norma del vettore g non è uguale a sqrt(N): 42.464583129764314
Norma del vettore g: 19.999999999999996
Strategy: omn     , portfolio variance: 6.513411030189341e-07
Norma del vettore g non è uguale a sqrt(N): 42.464583129764314
Norma del vettore g: 19.999999999999996
Strategy: omn     , portfolio variance: 0.0027684566621667206
Norma del vettore g non è uguale a sqrt(N): 42.464583129764314
Norma del vettore g: 19.999999999999996
Strategy: omn     , portfolio variance: 1.050174317110344e-06
Norma del vettore g non è uguale a sqrt(N): 42.464583129764314
Norma del vettore g: 19.999999999999996
Strategy: omn     , portfolio variance: 1.1097409139222205e-06
Norma del vettore g non è uguale a sqrt(N): 42.464583129764314
Norma del vettore g: 19.999999999999996
Strategy: mean_rev, portfolio variance: 4.518023271123772e-07
Norma del vettore g non è uguale a sqrt(N): 42.464583129764314
Norma del vettore g: 19.999999999999996
Strategy: mean_rev, portfolio variance: 1.828037444990331e-12
Norma del vettore g non è uguale a sqrt(N): 42.464583129764314
Norma del vettore g: 19.999999999999996
Strategy: mean_rev, portfolio variance: 1.8352339623506e-12
Norma del vettore g non è uguale a sqrt(N): 42.464583129764314
Norma del vettore g: 19.999999999999996
Strategy: mean_rev, portfolio variance: 5.61094043315155e-07
Norma del vettore g non è uguale a sqrt(N): 42.464583129764314
Norma del vettore g: 19.999999999999996
Strategy: mean_rev, portfolio variance: 6.513411030189341e-07
Norma del vettore g non è uguale a sqrt(N): 42.464583129764314
Norma del vettore g: 19.999999999999996
Strategy: mean_rev, portfolio variance: 0.0027684566621667206
Norma del vettore g non è uguale a sqrt(N): 42.464583129764314
Norma del vettore g: 19.999999999999996
Strategy: mean_rev, portfolio variance: 1.050174317110344e-06
Norma del vettore g non è uguale a sqrt(N): 42.464583129764314
Norma del vettore g: 19.999999999999996
Strategy: mean_rev, portfolio variance: 1.1097409139222205e-06
Norma del vettore g: 20.0
Strategy: rnd     , portfolio variance: 7.328444451234289e-08
Norma del vettore g: 20.0
Strategy: rnd     , portfolio variance: 2.473636291871025e-11
Norma del vettore g: 19.999999999999996
Strategy: rnd     , portfolio variance: 4.6077341372468793e-11
Norma del vettore g: 20.000000000000007
Strategy: rnd     , portfolio variance: 3.9000702826719967e-07
Norma del vettore g: 20.0
Strategy: rnd     , portfolio variance: 1.9077172546468309e-07
Norma del vettore g: 20.000000000000004
Strategy: rnd     , portfolio variance: 0.0012324847370446751
Norma del vettore g: 20.000000000000004
Strategy: rnd     , portfolio variance: 1.444613773130178e-07
Norma del vettore g: 20.000000000000007
Strategy: rnd     , portfolio variance: 1.284835024860609e-07
[===========================                                           ] 39.22%
Norma del vettore g: 20.0
Strategy: min_var , portfolio variance: 7.106509557363368e-06
Norma del vettore g: 20.0
Strategy: min_var , portfolio variance: 3.566934680403452e-13
Norma del vettore g: 20.0
Strategy: min_var , portfolio variance: 3.592839835608923e-13
Norma del vettore g: 20.0
Strategy: min_var , portfolio variance: 3.9403729706598327e-07
Norma del vettore g: 20.0
Strategy: min_var , portfolio variance: 9.866783045618583e-06
Norma del vettore g: 20.0
Strategy: min_var , portfolio variance: 0.08805403396568118
Norma del vettore g: 20.0
Strategy: min_var , portfolio variance: 2.2986793012363895e-05
Norma del vettore g: 20.0
Strategy: min_var , portfolio variance: 2.3633556175283212e-05
Norma del vettore g non è uguale a sqrt(N): 41.59012210684371
Norma del vettore g: 20.0
Strategy: omn     , portfolio variance: 4.056094668516441e-07
Norma del vettore g non è uguale a sqrt(N): 41.59012210684371
Norma del vettore g: 20.0
Strategy: omn     , portfolio variance: 2.069306633104342e-12
Norma del vettore g non è uguale a sqrt(N): 41.59012210684371
Norma del vettore g: 20.0
Strategy: omn     , portfolio variance: 2.0866523981138424e-12
Norma del vettore g non è uguale a sqrt(N): 41.59012210684371
Norma del vettore g: 20.0
Strategy: omn     , portfolio variance: 5.502068783526804e-07
Norma del vettore g non è uguale a sqrt(N): 41.59012210684371
Norma del vettore g: 20.0
Strategy: omn     , portfolio variance: 5.769991266813763e-07
Norma del vettore g non è uguale a sqrt(N): 41.59012210684371
Norma del vettore g: 20.0
Strategy: omn     , portfolio variance: 0.0022577711334600707
Norma del vettore g non è uguale a sqrt(N): 41.59012210684371
Norma del vettore g: 20.0
Strategy: omn     , portfolio variance: 7.887265164466045e-07
Norma del vettore g non è uguale a sqrt(N): 41.59012210684371
Norma del vettore g: 20.0
Strategy: omn     , portfolio variance: 8.18514055067597e-07
Norma del vettore g non è uguale a sqrt(N): 41.59012210684371
Norma del vettore g: 20.0
Strategy: mean_rev, portfolio variance: 4.056094668516441e-07
Norma del vettore g non è uguale a sqrt(N): 41.59012210684371
Norma del vettore g: 20.0
Strategy: mean_rev, portfolio variance: 2.069306633104342e-12
Norma del vettore g non è uguale a sqrt(N): 41.59012210684371
Norma del vettore g: 20.0
Strategy: mean_rev, portfolio variance: 2.0866523981138424e-12
Norma del vettore g non è uguale a sqrt(N): 41.59012210684371
Norma del vettore g: 20.0
Strategy: mean_rev, portfolio variance: 5.502068783526804e-07
Norma del vettore g non è uguale a sqrt(N): 41.59012210684371
Norma del vettore g: 20.0
Strategy: mean_rev, portfolio variance: 5.769991266813763e-07
Norma del vettore g non è uguale a sqrt(N): 41.59012210684371
Norma del vettore g: 20.0
Strategy: mean_rev, portfolio variance: 0.0022577711334600707
Norma del vettore g non è uguale a sqrt(N): 41.59012210684371
Norma del vettore g: 20.0
Strategy: mean_rev, portfolio variance: 7.887265164466045e-07
Norma del vettore g non è uguale a sqrt(N): 41.59012210684371
Norma del vettore g: 20.0
Strategy: mean_rev, portfolio variance: 8.18514055067597e-07
Norma del vettore g: 20.000000000000007
Strategy: rnd     , portfolio variance: 6.181258524687687e-08
Norma del vettore g: 19.999999999999996
Strategy: rnd     , portfolio variance: 4.263200126297892e-10
Norma del vettore g: 20.00000000000001
Strategy: rnd     , portfolio variance: 6.447131540795856e-09
Norma del vettore g: 19.999999999999996
Strategy: rnd     , portfolio variance: 3.9270706558356517e-07
Norma del vettore g: 20.000000000000007
Strategy: rnd     , portfolio variance: 1.435548818995275e-07
Norma del vettore g: 20.000000000000004
Strategy: rnd     , portfolio variance: 0.0013474617627950887
Norma del vettore g: 20.000000000000004
Strategy: rnd     , portfolio variance: 1.4106115326438613e-07
Norma del vettore g: 19.999999999999996
Strategy: rnd     , portfolio variance: 1.5469247986318087e-07
[============================                                          ] 41.18%
Norma del vettore g: 20.0
Strategy: min_var , portfolio variance: 7.819845009201138e-06
Norma del vettore g: 20.0
Strategy: min_var , portfolio variance: 3.349431368007522e-13
Norma del vettore g: 20.0
Strategy: min_var , portfolio variance: 3.386698209978383e-13
Norma del vettore g: 20.0
Strategy: min_var , portfolio variance: 4.135553554761888e-07
Norma del vettore g: 20.0
Strategy: min_var , portfolio variance: 1.1652527870721807e-05
Norma del vettore g: 20.0
Strategy: min_var , portfolio variance: 0.09116915236990894
Norma del vettore g: 20.0
Strategy: min_var , portfolio variance: 2.6001084207774885e-05
Norma del vettore g: 20.0
Strategy: min_var , portfolio variance: 2.7334043180605843e-05
Norma del vettore g non è uguale a sqrt(N): 43.11435878647077
Norma del vettore g: 20.000000000000007
Strategy: omn     , portfolio variance: 4.6793357195162354e-07
Norma del vettore g non è uguale a sqrt(N): 43.11435878647077
Norma del vettore g: 20.000000000000007
Strategy: omn     , portfolio variance: 2.940173005446366e-12
Norma del vettore g non è uguale a sqrt(N): 43.11435878647077
Norma del vettore g: 20.000000000000007
Strategy: omn     , portfolio variance: 2.9578071929868747e-12
Norma del vettore g non è uguale a sqrt(N): 43.11435878647077
Norma del vettore g: 20.000000000000007
Strategy: omn     , portfolio variance: 6.457864839814749e-07
Norma del vettore g non è uguale a sqrt(N): 43.11435878647077
Norma del vettore g: 20.000000000000007
Strategy: omn     , portfolio variance: 6.453276745411577e-07
Norma del vettore g non è uguale a sqrt(N): 43.11435878647077
Norma del vettore g: 20.000000000000007
Strategy: omn     , portfolio variance: 0.0024399922220813743
Norma del vettore g non è uguale a sqrt(N): 43.11435878647077
Norma del vettore g: 20.000000000000007
Strategy: omn     , portfolio variance: 8.477071580207742e-07
Norma del vettore g non è uguale a sqrt(N): 43.11435878647077
Norma del vettore g: 20.000000000000007
Strategy: omn     , portfolio variance: 9.081627840390098e-07
Norma del vettore g non è uguale a sqrt(N): 43.11435878647077
Norma del vettore g: 20.000000000000007
Strategy: mean_rev, portfolio variance: 4.6793357195162354e-07
Norma del vettore g non è uguale a sqrt(N): 43.11435878647077
Norma del vettore g: 20.000000000000007
Strategy: mean_rev, portfolio variance: 2.940173005446366e-12
Norma del vettore g non è uguale a sqrt(N): 43.11435878647077
Norma del vettore g: 20.000000000000007
Strategy: mean_rev, portfolio variance: 2.9578071929868747e-12
Norma del vettore g non è uguale a sqrt(N): 43.11435878647077
Norma del vettore g: 20.000000000000007
Strategy: mean_rev, portfolio variance: 6.457864839814749e-07
Norma del vettore g non è uguale a sqrt(N): 43.11435878647077
Norma del vettore g: 20.000000000000007
Strategy: mean_rev, portfolio variance: 6.453276745411577e-07
Norma del vettore g non è uguale a sqrt(N): 43.11435878647077
Norma del vettore g: 20.000000000000007
Strategy: mean_rev, portfolio variance: 0.0024399922220813743
Norma del vettore g non è uguale a sqrt(N): 43.11435878647077
Norma del vettore g: 20.000000000000007
Strategy: mean_rev, portfolio variance: 8.477071580207742e-07
Norma del vettore g non è uguale a sqrt(N): 43.11435878647077
Norma del vettore g: 20.000000000000007
Strategy: mean_rev, portfolio variance: 9.081627840390098e-07
Norma del vettore g: 20.000000000000004
Strategy: rnd     , portfolio variance: 6.425327564444304e-08
Norma del vettore g: 20.0
Strategy: rnd     , portfolio variance: 7.172923641253311e-10
Norma del vettore g: 20.000000000000007
Strategy: rnd     , portfolio variance: 2.1448924938842163e-11
Norma del vettore g: 20.000000000000004
Strategy: rnd     , portfolio variance: 4.057272660098985e-07
Norma del vettore g: 20.0
Strategy: rnd     , portfolio variance: 1.8553587539464427e-07
Norma del vettore g: 20.0
Strategy: rnd     , portfolio variance: 0.001276545590800871
Norma del vettore g: 19.999999999999993
Strategy: rnd     , portfolio variance: 1.53082962533539e-07
Norma del vettore g: 19.999999999999993
Strategy: rnd     , portfolio variance: 1.4521686537436594e-07
[==============================                                        ] 43.14%
Norma del vettore g: 20.0
Strategy: min_var , portfolio variance: 8.604574159920999e-06
Norma del vettore g: 20.0
Strategy: min_var , portfolio variance: 3.2916647365021127e-13
Norma del vettore g: 20.0
Strategy: min_var , portfolio variance: 3.3498909873836807e-13
Norma del vettore g: 20.0
Strategy: min_var , portfolio variance: 4.495954057941192e-07
Norma del vettore g: 20.0
Strategy: min_var , portfolio variance: 1.3116671167247404e-05
Norma del vettore g: 20.0
Strategy: min_var , portfolio variance: 0.09507735234161163
Norma del vettore g: 20.0
Strategy: min_var , portfolio variance: 2.742844843337814e-05
Norma del vettore g: 20.0
Strategy: min_var , portfolio variance: 2.9958605136705624e-05
Norma del vettore g non è uguale a sqrt(N): 61.06210509010623
Norma del vettore g: 20.0
Strategy: omn     , portfolio variance: 8.490720347432655e-07
Norma del vettore g non è uguale a sqrt(N): 61.06210509010623
Norma del vettore g: 20.0
Strategy: omn     , portfolio variance: 6.814971505703487e-13
Norma del vettore g non è uguale a sqrt(N): 61.06210509010623
Norma del vettore g: 20.0
Strategy: omn     , portfolio variance: 6.934934710406999e-13
Norma del vettore g non è uguale a sqrt(N): 61.06210509010623
Norma del vettore g: 20.0
Strategy: omn     , portfolio variance: 6.093908307675125e-07
Norma del vettore g non è uguale a sqrt(N): 61.06210509010623
Norma del vettore g: 20.0
Strategy: omn     , portfolio variance: 1.1671628398423035e-06
Norma del vettore g non è uguale a sqrt(N): 61.06210509010623
Norma del vettore g: 20.0
Strategy: omn     , portfolio variance: 0.0038080421665457826
Norma del vettore g non è uguale a sqrt(N): 61.06210509010623
Norma del vettore g: 20.0
Strategy: omn     , portfolio variance: 1.6799793731502747e-06
Norma del vettore g non è uguale a sqrt(N): 61.06210509010623
Norma del vettore g: 20.0
Strategy: omn     , portfolio variance: 1.8304893755900548e-06
Norma del vettore g non è uguale a sqrt(N): 61.06210509010623
Norma del vettore g: 20.0
Strategy: mean_rev, portfolio variance: 8.490720347432655e-07
Norma del vettore g non è uguale a sqrt(N): 61.06210509010623
Norma del vettore g: 20.0
Strategy: mean_rev, portfolio variance: 6.814971505703487e-13
Norma del vettore g non è uguale a sqrt(N): 61.06210509010623
Norma del vettore g: 20.0
Strategy: mean_rev, portfolio variance: 6.934934710406999e-13
Norma del vettore g non è uguale a sqrt(N): 61.06210509010623
Norma del vettore g: 20.0
Strategy: mean_rev, portfolio variance: 6.093908307675125e-07
Norma del vettore g non è uguale a sqrt(N): 61.06210509010623
Norma del vettore g: 20.0
Strategy: mean_rev, portfolio variance: 1.1671628398423035e-06
Norma del vettore g non è uguale a sqrt(N): 61.06210509010623
Norma del vettore g: 20.0
Strategy: mean_rev, portfolio variance: 0.0038080421665457826
Norma del vettore g non è uguale a sqrt(N): 61.06210509010623
Norma del vettore g: 20.0
Strategy: mean_rev, portfolio variance: 1.6799793731502747e-06
Norma del vettore g non è uguale a sqrt(N): 61.06210509010623
Norma del vettore g: 20.0
Strategy: mean_rev, portfolio variance: 1.8304893755900548e-06
Norma del vettore g: 19.999999999999996
Strategy: rnd     , portfolio variance: 7.142358275983137e-08
Norma del vettore g: 20.0
Strategy: rnd     , portfolio variance: 4.8193775323309066e-11
Norma del vettore g: 19.999999999999996
Strategy: rnd     , portfolio variance: 9.050945326364746e-10
Norma del vettore g: 20.0
Strategy: rnd     , portfolio variance: 4.587949275984725e-07
Norma del vettore g: 20.000000000000007
Strategy: rnd     , portfolio variance: 1.7949566294839756e-07
Norma del vettore g: 20.0
Strategy: rnd     , portfolio variance: 0.0012411142596491346
Norma del vettore g: 19.999999999999993
Strategy: rnd     , portfolio variance: 1.4254687253591105e-07
Norma del vettore g: 19.999999999999996
Strategy: rnd     , portfolio variance: 9.988914685095543e-08
[===============================                                       ] 45.10%
Norma del vettore g: 20.0
Strategy: min_var , portfolio variance: 8.462475102899052e-06
Norma del vettore g: 20.0
Strategy: min_var , portfolio variance: 3.4843748199574436e-13
Norma del vettore g: 20.0
Strategy: min_var , portfolio variance: 3.5578668613370094e-13
Norma del vettore g: 20.0
Strategy: min_var , portfolio variance: 4.5512890370955136e-07
Norma del vettore g: 20.0
Strategy: min_var , portfolio variance: 1.340145150331908e-05
Norma del vettore g: 20.0
Strategy: min_var , portfolio variance: 0.09405453585695174
Norma del vettore g: 20.0
Strategy: min_var , portfolio variance: 2.740073361794763e-05
Norma del vettore g: 20.0
Strategy: min_var , portfolio variance: 2.9937833719737736e-05
Norma del vettore g non è uguale a sqrt(N): 44.667423621616294
Norma del vettore g: 20.0
Strategy: omn     , portfolio variance: 5.817825559957671e-07
Norma del vettore g non è uguale a sqrt(N): 44.667423621616294
Norma del vettore g: 20.0
Strategy: omn     , portfolio variance: 2.9977918270870067e-12
Norma del vettore g non è uguale a sqrt(N): 44.667423621616294
Norma del vettore g: 20.0
Strategy: omn     , portfolio variance: 3.0613093456493313e-12
Norma del vettore g non è uguale a sqrt(N): 44.667423621616294
Norma del vettore g: 20.0
Strategy: omn     , portfolio variance: 6.875964094944169e-07
Norma del vettore g non è uguale a sqrt(N): 44.667423621616294
Norma del vettore g: 20.0
Strategy: omn     , portfolio variance: 8.445222629484328e-07
Norma del vettore g non è uguale a sqrt(N): 44.667423621616294
Norma del vettore g: 20.0
Strategy: omn     , portfolio variance: 0.002868575363623756
Norma del vettore g non è uguale a sqrt(N): 44.667423621616294
Norma del vettore g: 20.0
Strategy: omn     , portfolio variance: 1.1893423032453338e-06
Norma del vettore g non è uguale a sqrt(N): 44.667423621616294
Norma del vettore g: 20.0
Strategy: omn     , portfolio variance: 1.24203446136123e-06
Norma del vettore g non è uguale a sqrt(N): 44.667423621616294
Norma del vettore g: 20.0
Strategy: mean_rev, portfolio variance: 5.817825559957671e-07
Norma del vettore g non è uguale a sqrt(N): 44.667423621616294
Norma del vettore g: 20.0
Strategy: mean_rev, portfolio variance: 2.9977918270870067e-12
Norma del vettore g non è uguale a sqrt(N): 44.667423621616294
Norma del vettore g: 20.0
Strategy: mean_rev, portfolio variance: 3.0613093456493313e-12
Norma del vettore g non è uguale a sqrt(N): 44.667423621616294
Norma del vettore g: 20.0
Strategy: mean_rev, portfolio variance: 6.875964094944169e-07
Norma del vettore g non è uguale a sqrt(N): 44.667423621616294
Norma del vettore g: 20.0
Strategy: mean_rev, portfolio variance: 8.445222629484328e-07
Norma del vettore g non è uguale a sqrt(N): 44.667423621616294
Norma del vettore g: 20.0
Strategy: mean_rev, portfolio variance: 0.002868575363623756
Norma del vettore g non è uguale a sqrt(N): 44.667423621616294
Norma del vettore g: 20.0
Strategy: mean_rev, portfolio variance: 1.1893423032453338e-06
Norma del vettore g non è uguale a sqrt(N): 44.667423621616294
Norma del vettore g: 20.0
Strategy: mean_rev, portfolio variance: 1.24203446136123e-06
Norma del vettore g: 20.000000000000007
Strategy: rnd     , portfolio variance: 6.992680970395631e-08
Norma del vettore g: 20.0
Strategy: rnd     , portfolio variance: 7.489767156231092e-10
Norma del vettore g: 19.999999999999993
Strategy: rnd     , portfolio variance: 2.475246914332922e-09
Norma del vettore g: 20.000000000000007
Strategy: rnd     , portfolio variance: 4.786070932207213e-07
Norma del vettore g: 19.999999999999996
Strategy: rnd     , portfolio variance: 1.6612140385632293e-07
Norma del vettore g: 20.000000000000004
Strategy: rnd     , portfolio variance: 0.0011811865960219196
Norma del vettore g: 19.999999999999993
Strategy: rnd     , portfolio variance: 1.631660586910838e-07
Norma del vettore g: 19.999999999999996
Strategy: rnd     , portfolio variance: 1.894649009450188e-07
[================================                                      ] 47.06%
Norma del vettore g: 20.0
Strategy: min_var , portfolio variance: 8.653313589096015e-06
Norma del vettore g: 20.0
Strategy: min_var , portfolio variance: 3.5229510485346803e-13
Norma del vettore g: 20.0
Strategy: min_var , portfolio variance: 3.609341541806638e-13
Norma del vettore g: 20.0
Strategy: min_var , portfolio variance: 4.526603970575435e-07
Norma del vettore g: 20.0
Strategy: min_var , portfolio variance: 1.3860704116200193e-05
Norma del vettore g: 20.0
Strategy: min_var , portfolio variance: 0.09360730153418181
Norma del vettore g: 20.0
Strategy: min_var , portfolio variance: 2.7998221065173923e-05
Norma del vettore g: 20.0
Strategy: min_var , portfolio variance: 3.0041650518287972e-05
Norma del vettore g non è uguale a sqrt(N): 46.70646104008763
Norma del vettore g: 19.999999999999996
Strategy: omn     , portfolio variance: 5.607164876767984e-07
Norma del vettore g non è uguale a sqrt(N): 46.70646104008763
Norma del vettore g: 19.999999999999996
Strategy: omn     , portfolio variance: 1.914966056772644e-12
Norma del vettore g non è uguale a sqrt(N): 46.70646104008763
Norma del vettore g: 19.999999999999996
Strategy: omn     , portfolio variance: 1.9448824496926663e-12
Norma del vettore g non è uguale a sqrt(N): 46.70646104008763
Norma del vettore g: 19.999999999999996
Strategy: omn     , portfolio variance: 7.555047420473344e-07
Norma del vettore g non è uguale a sqrt(N): 46.70646104008763
Norma del vettore g: 19.999999999999996
Strategy: omn     , portfolio variance: 8.385017398923425e-07
Norma del vettore g non è uguale a sqrt(N): 46.70646104008763
Norma del vettore g: 19.999999999999996
Strategy: omn     , portfolio variance: 0.0030324918745490946
Norma del vettore g non è uguale a sqrt(N): 46.70646104008763
Norma del vettore g: 19.999999999999996
Strategy: omn     , portfolio variance: 1.3029929450549553e-06
Norma del vettore g non è uguale a sqrt(N): 46.70646104008763
Norma del vettore g: 19.999999999999996
Strategy: omn     , portfolio variance: 1.3705776044664502e-06
Norma del vettore g non è uguale a sqrt(N): 46.70646104008763
Norma del vettore g: 19.999999999999996
Strategy: mean_rev, portfolio variance: 5.607164876767984e-07
Norma del vettore g non è uguale a sqrt(N): 46.70646104008763
Norma del vettore g: 19.999999999999996
Strategy: mean_rev, portfolio variance: 1.914966056772644e-12
Norma del vettore g non è uguale a sqrt(N): 46.70646104008763
Norma del vettore g: 19.999999999999996
Strategy: mean_rev, portfolio variance: 1.9448824496926663e-12
Norma del vettore g non è uguale a sqrt(N): 46.70646104008763
Norma del vettore g: 19.999999999999996
Strategy: mean_rev, portfolio variance: 7.555047420473344e-07
Norma del vettore g non è uguale a sqrt(N): 46.70646104008763
Norma del vettore g: 19.999999999999996
Strategy: mean_rev, portfolio variance: 8.385017398923425e-07
Norma del vettore g non è uguale a sqrt(N): 46.70646104008763
Norma del vettore g: 19.999999999999996
Strategy: mean_rev, portfolio variance: 0.0030324918745490946
Norma del vettore g non è uguale a sqrt(N): 46.70646104008763
Norma del vettore g: 19.999999999999996
Strategy: mean_rev, portfolio variance: 1.3029929450549553e-06
Norma del vettore g non è uguale a sqrt(N): 46.70646104008763
Norma del vettore g: 19.999999999999996
Strategy: mean_rev, portfolio variance: 1.3705776044664502e-06
Norma del vettore g: 20.0
Strategy: rnd     , portfolio variance: 6.787588669659995e-08
Norma del vettore g: 20.0
Strategy: rnd     , portfolio variance: 8.044593201838058e-10
Norma del vettore g: 19.999999999999996
Strategy: rnd     , portfolio variance: 2.1872644290770686e-10
Norma del vettore g: 19.999999999999993
Strategy: rnd     , portfolio variance: 4.4415974214010263e-07
Norma del vettore g: 19.999999999999993
Strategy: rnd     , portfolio variance: 1.8444442734502703e-07
Norma del vettore g: 20.000000000000007
Strategy: rnd     , portfolio variance: 0.0011491128553785847
Norma del vettore g: 20.000000000000004
Strategy: rnd     , portfolio variance: 1.5254362625557307e-07
Norma del vettore g: 19.999999999999996
Strategy: rnd     , portfolio variance: 1.7324815357391108e-07
[==================================                                    ] 49.02%
Norma del vettore g: 20.0
Strategy: min_var , portfolio variance: 8.88713580250509e-06
Norma del vettore g: 20.0
Strategy: min_var , portfolio variance: 4.0335805719554933e-13
Norma del vettore g: 20.0
Strategy: min_var , portfolio variance: 4.141552549135713e-13
Norma del vettore g: 20.0
Strategy: min_var , portfolio variance: 4.5982017808113417e-07
Norma del vettore g: 20.0
Strategy: min_var , portfolio variance: 1.4182251388522877e-05
Norma del vettore g: 20.0
Strategy: min_var , portfolio variance: 0.09397285672521648
Norma del vettore g: 20.0
Strategy: min_var , portfolio variance: 2.8650256549532915e-05
Norma del vettore g: 20.0
Strategy: min_var , portfolio variance: 2.990182086948391e-05
Norma del vettore g non è uguale a sqrt(N): 46.99713271577908
Norma del vettore g: 19.999999999999993
Strategy: omn     , portfolio variance: 5.531086659718721e-07
Norma del vettore g non è uguale a sqrt(N): 46.99713271577908
Norma del vettore g: 19.999999999999993
Strategy: omn     , portfolio variance: 6.5809500423641445e-12
Norma del vettore g non è uguale a sqrt(N): 46.99713271577908
Norma del vettore g: 19.999999999999993
Strategy: omn     , portfolio variance: 6.74996209965813e-12
Norma del vettore g non è uguale a sqrt(N): 46.99713271577908
Norma del vettore g: 19.999999999999993
Strategy: omn     , portfolio variance: 7.788467017544391e-07
Norma del vettore g non è uguale a sqrt(N): 46.99713271577908
Norma del vettore g: 19.999999999999993
Strategy: omn     , portfolio variance: 7.937809635106848e-07
Norma del vettore g non è uguale a sqrt(N): 46.99713271577908
Norma del vettore g: 19.999999999999993
Strategy: omn     , portfolio variance: 0.0026707662018461897
Norma del vettore g non è uguale a sqrt(N): 46.99713271577908
Norma del vettore g: 19.999999999999993
Strategy: omn     , portfolio variance: 1.310401304080055e-06
Norma del vettore g non è uguale a sqrt(N): 46.99713271577908
Norma del vettore g: 19.999999999999993
Strategy: omn     , portfolio variance: 1.2649040662349378e-06
Norma del vettore g non è uguale a sqrt(N): 46.99713271577908
Norma del vettore g: 19.999999999999993
Strategy: mean_rev, portfolio variance: 5.531086659718721e-07
Norma del vettore g non è uguale a sqrt(N): 46.99713271577908
Norma del vettore g: 19.999999999999993
Strategy: mean_rev, portfolio variance: 6.5809500423641445e-12
Norma del vettore g non è uguale a sqrt(N): 46.99713271577908
Norma del vettore g: 19.999999999999993
Strategy: mean_rev, portfolio variance: 6.74996209965813e-12
Norma del vettore g non è uguale a sqrt(N): 46.99713271577908
Norma del vettore g: 19.999999999999993
Strategy: mean_rev, portfolio variance: 7.788467017544391e-07
Norma del vettore g non è uguale a sqrt(N): 46.99713271577908
Norma del vettore g: 19.999999999999993
Strategy: mean_rev, portfolio variance: 7.937809635106848e-07
Norma del vettore g non è uguale a sqrt(N): 46.99713271577908
Norma del vettore g: 19.999999999999993
Strategy: mean_rev, portfolio variance: 0.0026707662018461897
Norma del vettore g non è uguale a sqrt(N): 46.99713271577908
Norma del vettore g: 19.999999999999993
Strategy: mean_rev, portfolio variance: 1.310401304080055e-06
Norma del vettore g non è uguale a sqrt(N): 46.99713271577908
Norma del vettore g: 19.999999999999993
Strategy: mean_rev, portfolio variance: 1.2649040662349378e-06
Norma del vettore g: 19.999999999999996
Strategy: rnd     , portfolio variance: 5.480151916127866e-08
Norma del vettore g: 19.999999999999996
Strategy: rnd     , portfolio variance: 5.0914581193205516e-11
Norma del vettore g: 20.000000000000004
Strategy: rnd     , portfolio variance: 8.98344400941401e-11
Norma del vettore g: 20.000000000000004
Strategy: rnd     , portfolio variance: 5.010301173209904e-07
Norma del vettore g: 20.000000000000007
Strategy: rnd     , portfolio variance: 1.665419027789781e-07
Norma del vettore g: 20.0
Strategy: rnd     , portfolio variance: 0.001214824545422292
Norma del vettore g: 20.000000000000004
Strategy: rnd     , portfolio variance: 1.8542249629015694e-07
Norma del vettore g: 19.999999999999993
Strategy: rnd     , portfolio variance: 1.6233772601051313e-07
[===================================                                   ] 50.98%
Norma del vettore g: 20.0
Strategy: min_var , portfolio variance: 8.397057683854822e-06
Norma del vettore g: 20.0
Strategy: min_var , portfolio variance: 4.29108338423871e-13
Norma del vettore g: 20.0
Strategy: min_var , portfolio variance: 4.409912250497809e-13
Norma del vettore g: 20.0
Strategy: min_var , portfolio variance: 4.512587637302424e-07
Norma del vettore g: 20.0
Strategy: min_var , portfolio variance: 1.3767971680094505e-05
Norma del vettore g: 20.0
Strategy: min_var , portfolio variance: 0.09289288980783247
Norma del vettore g: 20.0
Strategy: min_var , portfolio variance: 2.81894169448038e-05
Norma del vettore g: 20.0
Strategy: min_var , portfolio variance: 2.8667041248876963e-05
Norma del vettore g non è uguale a sqrt(N): 34.933035405832825
Norma del vettore g: 19.999999999999993
Strategy: omn     , portfolio variance: 4.0471179197045487e-07
Norma del vettore g non è uguale a sqrt(N): 34.933035405832825
Norma del vettore g: 19.999999999999993
Strategy: omn     , portfolio variance: 3.25187796162986e-12
Norma del vettore g non è uguale a sqrt(N): 34.933035405832825
Norma del vettore g: 19.999999999999993
Strategy: omn     , portfolio variance: 3.351931053280626e-12
Norma del vettore g non è uguale a sqrt(N): 34.933035405832825
Norma del vettore g: 19.999999999999993
Strategy: omn     , portfolio variance: 6.091325995608365e-07
Norma del vettore g non è uguale a sqrt(N): 34.933035405832825
Norma del vettore g: 19.999999999999993
Strategy: omn     , portfolio variance: 6.476076388797504e-07
Norma del vettore g non è uguale a sqrt(N): 34.933035405832825
Norma del vettore g: 19.999999999999993
Strategy: omn     , portfolio variance: 0.002555086673704998
Norma del vettore g non è uguale a sqrt(N): 34.933035405832825
Norma del vettore g: 19.999999999999993
Strategy: omn     , portfolio variance: 8.57972831349718e-07
Norma del vettore g non è uguale a sqrt(N): 34.933035405832825
Norma del vettore g: 19.999999999999993
Strategy: omn     , portfolio variance: 9.085135156794208e-07
Norma del vettore g non è uguale a sqrt(N): 34.933035405832825
Norma del vettore g: 19.999999999999993
Strategy: mean_rev, portfolio variance: 4.0471179197045487e-07
Norma del vettore g non è uguale a sqrt(N): 34.933035405832825
Norma del vettore g: 19.999999999999993
Strategy: mean_rev, portfolio variance: 3.25187796162986e-12
Norma del vettore g non è uguale a sqrt(N): 34.933035405832825
Norma del vettore g: 19.999999999999993
Strategy: mean_rev, portfolio variance: 3.351931053280626e-12
Norma del vettore g non è uguale a sqrt(N): 34.933035405832825
Norma del vettore g: 19.999999999999993
Strategy: mean_rev, portfolio variance: 6.091325995608365e-07
Norma del vettore g non è uguale a sqrt(N): 34.933035405832825
Norma del vettore g: 19.999999999999993
Strategy: mean_rev, portfolio variance: 6.476076388797504e-07
Norma del vettore g non è uguale a sqrt(N): 34.933035405832825
Norma del vettore g: 19.999999999999993
Strategy: mean_rev, portfolio variance: 0.002555086673704998
Norma del vettore g non è uguale a sqrt(N): 34.933035405832825
Norma del vettore g: 19.999999999999993
Strategy: mean_rev, portfolio variance: 8.57972831349718e-07
Norma del vettore g non è uguale a sqrt(N): 34.933035405832825
Norma del vettore g: 19.999999999999993
Strategy: mean_rev, portfolio variance: 9.085135156794208e-07
Norma del vettore g: 20.000000000000007
Strategy: rnd     , portfolio variance: 6.518507001176882e-08
Norma del vettore g: 20.000000000000007
Strategy: rnd     , portfolio variance: 3.04533651606598e-10
Norma del vettore g: 20.000000000000004
Strategy: rnd     , portfolio variance: 3.438834955737965e-10
Norma del vettore g: 20.0
Strategy: rnd     , portfolio variance: 4.2433752771064114e-07
Norma del vettore g: 20.0
Strategy: rnd     , portfolio variance: 1.6637974534665023e-07
Norma del vettore g: 19.999999999999993
Strategy: rnd     , portfolio variance: 0.0012183373737072677
Norma del vettore g: 20.000000000000007
Strategy: rnd     , portfolio variance: 1.6713608004037472e-07
Norma del vettore g: 19.999999999999996
Strategy: rnd     , portfolio variance: 1.6124118465609344e-07
[=====================================                                 ] 52.94%
Norma del vettore g: 20.0
Strategy: min_var , portfolio variance: 8.75918792285539e-06
Norma del vettore g: 20.0
Strategy: min_var , portfolio variance: 4.581597492514215e-13
Norma del vettore g: 20.0
Strategy: min_var , portfolio variance: 4.705685249855512e-13
Norma del vettore g: 20.0
Strategy: min_var , portfolio variance: 4.5053731198789013e-07
Norma del vettore g: 20.0
Strategy: min_var , portfolio variance: 1.3950344946107216e-05
Norma del vettore g: 20.0
Strategy: min_var , portfolio variance: 0.09091229291495756
Norma del vettore g: 20.0
Strategy: min_var , portfolio variance: 2.8164445246905856e-05
Norma del vettore g: 20.0
Strategy: min_var , portfolio variance: 2.931443294015393e-05
Norma del vettore g non è uguale a sqrt(N): 32.87969329266791
Norma del vettore g: 19.999999999999996
Strategy: omn     , portfolio variance: 3.2466905379748466e-07
Norma del vettore g non è uguale a sqrt(N): 32.87969329266791
Norma del vettore g: 19.999999999999996
Strategy: omn     , portfolio variance: 9.490260402223558e-12
Norma del vettore g non è uguale a sqrt(N): 32.87969329266791
Norma del vettore g: 19.999999999999996
Strategy: omn     , portfolio variance: 9.661381939179164e-12
Norma del vettore g non è uguale a sqrt(N): 32.87969329266791
Norma del vettore g: 19.999999999999996
Strategy: omn     , portfolio variance: 6.804431780118777e-07
Norma del vettore g non è uguale a sqrt(N): 32.87969329266791
Norma del vettore g: 19.999999999999996
Strategy: omn     , portfolio variance: 5.11018024612429e-07
Norma del vettore g non è uguale a sqrt(N): 32.87969329266791
Norma del vettore g: 19.999999999999996
Strategy: omn     , portfolio variance: 0.002126300266935026
Norma del vettore g non è uguale a sqrt(N): 32.87969329266791
Norma del vettore g: 19.999999999999996
Strategy: omn     , portfolio variance: 6.632631505867516e-07
Norma del vettore g non è uguale a sqrt(N): 32.87969329266791
Norma del vettore g: 19.999999999999996
Strategy: omn     , portfolio variance: 6.954233805180077e-07
Norma del vettore g non è uguale a sqrt(N): 32.87969329266791
Norma del vettore g: 19.999999999999996
Strategy: mean_rev, portfolio variance: 3.2466905379748466e-07
Norma del vettore g non è uguale a sqrt(N): 32.87969329266791
Norma del vettore g: 19.999999999999996
Strategy: mean_rev, portfolio variance: 9.490260402223558e-12
Norma del vettore g non è uguale a sqrt(N): 32.87969329266791
Norma del vettore g: 19.999999999999996
Strategy: mean_rev, portfolio variance: 9.661381939179164e-12
Norma del vettore g non è uguale a sqrt(N): 32.87969329266791
Norma del vettore g: 19.999999999999996
Strategy: mean_rev, portfolio variance: 6.804431780118777e-07
Norma del vettore g non è uguale a sqrt(N): 32.87969329266791
Norma del vettore g: 19.999999999999996
Strategy: mean_rev, portfolio variance: 5.11018024612429e-07
Norma del vettore g non è uguale a sqrt(N): 32.87969329266791
Norma del vettore g: 19.999999999999996
Strategy: mean_rev, portfolio variance: 0.002126300266935026
Norma del vettore g non è uguale a sqrt(N): 32.87969329266791
Norma del vettore g: 19.999999999999996
Strategy: mean_rev, portfolio variance: 6.632631505867516e-07
Norma del vettore g non è uguale a sqrt(N): 32.87969329266791
Norma del vettore g: 19.999999999999996
Strategy: mean_rev, portfolio variance: 6.954233805180077e-07
Norma del vettore g: 20.0
Strategy: rnd     , portfolio variance: 4.9039127623667875e-08
Norma del vettore g: 19.999999999999996
Strategy: rnd     , portfolio variance: 5.6375288323256403e-11
Norma del vettore g: 20.000000000000004
Strategy: rnd     , portfolio variance: 1.4421374104942933e-09
Norma del vettore g: 20.000000000000007
Strategy: rnd     , portfolio variance: 4.593166697102242e-07
Norma del vettore g: 20.000000000000007
Strategy: rnd     , portfolio variance: 1.648423657882461e-07
Norma del vettore g: 20.0
Strategy: rnd     , portfolio variance: 0.0011482204943447016
Norma del vettore g: 20.000000000000004
Strategy: rnd     , portfolio variance: 1.84115470209967e-07
Norma del vettore g: 20.000000000000004
Strategy: rnd     , portfolio variance: 1.2948199991579605e-07
[======================================                                ] 54.90%
Norma del vettore g: 20.0
Strategy: min_var , portfolio variance: 9.400595677822575e-06
Norma del vettore g: 20.0
Strategy: min_var , portfolio variance: 5.295859383097967e-13
Norma del vettore g: 20.0
Strategy: min_var , portfolio variance: 5.434708273317551e-13
Norma del vettore g: 20.0
Strategy: min_var , portfolio variance: 4.600472627954338e-07
Norma del vettore g: 20.0
Strategy: min_var , portfolio variance: 1.4235286608656679e-05
Norma del vettore g: 20.0
Strategy: min_var , portfolio variance: 0.08827903414693827
Norma del vettore g: 20.0
Strategy: min_var , portfolio variance: 2.8308760276671687e-05
Norma del vettore g: 20.0
Strategy: min_var , portfolio variance: 2.9862372753409553e-05
Norma del vettore g non è uguale a sqrt(N): 59.19634916611832
Norma del vettore g: 20.000000000000007
Strategy: omn     , portfolio variance: 1.0295748312013619e-06
Norma del vettore g non è uguale a sqrt(N): 59.19634916611832
Norma del vettore g: 20.000000000000007
Strategy: omn     , portfolio variance: 1.156374179086873e-12
Norma del vettore g non è uguale a sqrt(N): 59.19634916611832
Norma del vettore g: 20.000000000000007
Strategy: omn     , portfolio variance: 1.1867355977004778e-12
Norma del vettore g non è uguale a sqrt(N): 59.19634916611832
Norma del vettore g: 20.000000000000007
Strategy: omn     , portfolio variance: 5.4445133467863e-07
Norma del vettore g non è uguale a sqrt(N): 59.19634916611832
Norma del vettore g: 20.000000000000007
Strategy: omn     , portfolio variance: 1.436004917573503e-06
Norma del vettore g non è uguale a sqrt(N): 59.19634916611832
Norma del vettore g: 20.000000000000007
Strategy: omn     , portfolio variance: 0.004807636810544127
Norma del vettore g non è uguale a sqrt(N): 59.19634916611832
Norma del vettore g: 20.000000000000007
Strategy: omn     , portfolio variance: 2.585643984135112e-06
Norma del vettore g non è uguale a sqrt(N): 59.19634916611832
Norma del vettore g: 20.000000000000007
Strategy: omn     , portfolio variance: 2.6745948233299513e-06
Norma del vettore g non è uguale a sqrt(N): 59.19634916611832
Norma del vettore g: 20.000000000000007
Strategy: mean_rev, portfolio variance: 1.0295748312013619e-06
Norma del vettore g non è uguale a sqrt(N): 59.19634916611832
Norma del vettore g: 20.000000000000007
Strategy: mean_rev, portfolio variance: 1.156374179086873e-12
Norma del vettore g non è uguale a sqrt(N): 59.19634916611832
Norma del vettore g: 20.000000000000007
Strategy: mean_rev, portfolio variance: 1.1867355977004778e-12
Norma del vettore g non è uguale a sqrt(N): 59.19634916611832
Norma del vettore g: 20.000000000000007
Strategy: mean_rev, portfolio variance: 5.4445133467863e-07
Norma del vettore g non è uguale a sqrt(N): 59.19634916611832
Norma del vettore g: 20.000000000000007
Strategy: mean_rev, portfolio variance: 1.436004917573503e-06
Norma del vettore g non è uguale a sqrt(N): 59.19634916611832
Norma del vettore g: 20.000000000000007
Strategy: mean_rev, portfolio variance: 0.004807636810544127
Norma del vettore g non è uguale a sqrt(N): 59.19634916611832
Norma del vettore g: 20.000000000000007
Strategy: mean_rev, portfolio variance: 2.585643984135112e-06
Norma del vettore g non è uguale a sqrt(N): 59.19634916611832
Norma del vettore g: 20.000000000000007
Strategy: mean_rev, portfolio variance: 2.6745948233299513e-06
Norma del vettore g: 19.999999999999993
Strategy: rnd     , portfolio variance: 7.867565113962903e-08
Norma del vettore g: 19.999999999999996
Strategy: rnd     , portfolio variance: 2.4335333581623062e-09
Norma del vettore g: 19.999999999999993
Strategy: rnd     , portfolio variance: 4.902649760212363e-11
Norma del vettore g: 20.000000000000007
Strategy: rnd     , portfolio variance: 4.495280262461166e-07
Norma del vettore g: 20.000000000000004
Strategy: rnd     , portfolio variance: 1.8169674411426306e-07
Norma del vettore g: 19.999999999999996
Strategy: rnd     , portfolio variance: 0.0013181147427829846
Norma del vettore g: 19.999999999999993
Strategy: rnd     , portfolio variance: 1.357607707431092e-07
Norma del vettore g: 20.000000000000007
Strategy: rnd     , portfolio variance: 1.9352687626631985e-07
[=======================================                               ] 56.86%
Norma del vettore g: 20.0
Strategy: min_var , portfolio variance: 9.970334337551777e-06
Norma del vettore g: 20.0
Strategy: min_var , portfolio variance: 5.313039484292038e-13
Norma del vettore g: 20.0
Strategy: min_var , portfolio variance: 5.447125100228977e-13
Norma del vettore g: 20.0
Strategy: min_var , portfolio variance: 4.7167336700711743e-07
Norma del vettore g: 20.0
Strategy: min_var , portfolio variance: 1.5151248313500642e-05
Norma del vettore g: 20.0
Strategy: min_var , portfolio variance: 0.0884442170009293
Norma del vettore g: 20.0
Strategy: min_var , portfolio variance: 3.154894037982339e-05
Norma del vettore g: 20.0
Strategy: min_var , portfolio variance: 3.298993394517541e-05
Norma del vettore g non è uguale a sqrt(N): 45.491300063445735
Norma del vettore g: 20.000000000000007
Strategy: omn     , portfolio variance: 6.672382848219575e-07
Norma del vettore g non è uguale a sqrt(N): 45.491300063445735
Norma del vettore g: 20.000000000000007
Strategy: omn     , portfolio variance: 6.57536908664904e-12
Norma del vettore g non è uguale a sqrt(N): 45.491300063445735
Norma del vettore g: 20.000000000000007
Strategy: omn     , portfolio variance: 6.6452183168384295e-12
Norma del vettore g non è uguale a sqrt(N): 45.491300063445735
Norma del vettore g: 20.000000000000007
Strategy: omn     , portfolio variance: 8.225935956411715e-07
Norma del vettore g non è uguale a sqrt(N): 45.491300063445735
Norma del vettore g: 20.000000000000007
Strategy: omn     , portfolio variance: 9.448117447173204e-07
Norma del vettore g non è uguale a sqrt(N): 45.491300063445735
Norma del vettore g: 20.000000000000007
Strategy: omn     , portfolio variance: 0.0024882260923911087
Norma del vettore g non è uguale a sqrt(N): 45.491300063445735
Norma del vettore g: 20.000000000000007
Strategy: omn     , portfolio variance: 1.5884756502696056e-06
Norma del vettore g non è uguale a sqrt(N): 45.491300063445735
Norma del vettore g: 20.000000000000007
Strategy: omn     , portfolio variance: 1.668956100180394e-06
Norma del vettore g non è uguale a sqrt(N): 45.491300063445735
Norma del vettore g: 20.000000000000007
Strategy: mean_rev, portfolio variance: 6.672382848219575e-07
Norma del vettore g non è uguale a sqrt(N): 45.491300063445735
Norma del vettore g: 20.000000000000007
Strategy: mean_rev, portfolio variance: 6.57536908664904e-12
Norma del vettore g non è uguale a sqrt(N): 45.491300063445735
Norma del vettore g: 20.000000000000007
Strategy: mean_rev, portfolio variance: 6.6452183168384295e-12
Norma del vettore g non è uguale a sqrt(N): 45.491300063445735
Norma del vettore g: 20.000000000000007
Strategy: mean_rev, portfolio variance: 8.225935956411715e-07
Norma del vettore g non è uguale a sqrt(N): 45.491300063445735
Norma del vettore g: 20.000000000000007
Strategy: mean_rev, portfolio variance: 9.448117447173204e-07
Norma del vettore g non è uguale a sqrt(N): 45.491300063445735
Norma del vettore g: 20.000000000000007
Strategy: mean_rev, portfolio variance: 0.0024882260923911087
Norma del vettore g non è uguale a sqrt(N): 45.491300063445735
Norma del vettore g: 20.000000000000007
Strategy: mean_rev, portfolio variance: 1.5884756502696056e-06
Norma del vettore g non è uguale a sqrt(N): 45.491300063445735
Norma del vettore g: 20.000000000000007
Strategy: mean_rev, portfolio variance: 1.668956100180394e-06
Norma del vettore g: 20.000000000000007
Strategy: rnd     , portfolio variance: 5.638116552524661e-08
Norma del vettore g: 19.999999999999993
Strategy: rnd     , portfolio variance: 1.2828674038341453e-10
Norma del vettore g: 19.999999999999996
Strategy: rnd     , portfolio variance: 4.7440595404496283e-11
Norma del vettore g: 19.999999999999993
Strategy: rnd     , portfolio variance: 5.293197519602013e-07
Norma del vettore g: 20.000000000000004
Strategy: rnd     , portfolio variance: 1.8442906834469124e-07
Norma del vettore g: 20.0
Strategy: rnd     , portfolio variance: 0.001269021592045015
Norma del vettore g: 20.0
Strategy: rnd     , portfolio variance: 2.0159992323116672e-07
Norma del vettore g: 20.0
Strategy: rnd     , portfolio variance: 1.9958199419757086e-07
[=========================================                             ] 58.82%
Norma del vettore g: 20.0
Strategy: min_var , portfolio variance: 9.858213429999873e-06
Norma del vettore g: 20.0
Strategy: min_var , portfolio variance: 5.664832957443613e-13
Norma del vettore g: 20.0
Strategy: min_var , portfolio variance: 5.810227981612477e-13
Norma del vettore g: 20.0
Strategy: min_var , portfolio variance: 4.7371428182834395e-07
Norma del vettore g: 20.0
Strategy: min_var , portfolio variance: 1.4686119869843192e-05
Norma del vettore g: 20.0
Strategy: min_var , portfolio variance: 0.08661461798399057
Norma del vettore g: 20.0
Strategy: min_var , portfolio variance: 3.2976553659981466e-05
Norma del vettore g: 20.0
Strategy: min_var , portfolio variance: 3.329360822410293e-05
Norma del vettore g non è uguale a sqrt(N): 45.99631863048562
Norma del vettore g: 20.0
Strategy: omn     , portfolio variance: 6.906332882577119e-07
Norma del vettore g non è uguale a sqrt(N): 45.99631863048562
Norma del vettore g: 20.0
Strategy: omn     , portfolio variance: 2.3418710574746018e-11
Norma del vettore g non è uguale a sqrt(N): 45.99631863048562
Norma del vettore g: 20.0
Strategy: omn     , portfolio variance: 2.426640933390236e-11
Norma del vettore g non è uguale a sqrt(N): 45.99631863048562
Norma del vettore g: 20.0
Strategy: omn     , portfolio variance: 7.603574223445348e-07
Norma del vettore g non è uguale a sqrt(N): 45.99631863048562
Norma del vettore g: 20.0
Strategy: omn     , portfolio variance: 9.733136026096611e-07
Norma del vettore g non è uguale a sqrt(N): 45.99631863048562
Norma del vettore g: 20.0
Strategy: omn     , portfolio variance: 0.0032135627880162092
Norma del vettore g non è uguale a sqrt(N): 45.99631863048562
Norma del vettore g: 20.0
Strategy: omn     , portfolio variance: 1.768642037398311e-06
Norma del vettore g non è uguale a sqrt(N): 45.99631863048562
Norma del vettore g: 20.0
Strategy: omn     , portfolio variance: 1.7856575576729459e-06
Norma del vettore g non è uguale a sqrt(N): 45.99631863048562
Norma del vettore g: 20.0
Strategy: mean_rev, portfolio variance: 6.906332882577119e-07
Norma del vettore g non è uguale a sqrt(N): 45.99631863048562
Norma del vettore g: 20.0
Strategy: mean_rev, portfolio variance: 2.3418710574746018e-11
Norma del vettore g non è uguale a sqrt(N): 45.99631863048562
Norma del vettore g: 20.0
Strategy: mean_rev, portfolio variance: 2.426640933390236e-11
Norma del vettore g non è uguale a sqrt(N): 45.99631863048562
Norma del vettore g: 20.0
Strategy: mean_rev, portfolio variance: 7.603574223445348e-07
Norma del vettore g non è uguale a sqrt(N): 45.99631863048562
Norma del vettore g: 20.0
Strategy: mean_rev, portfolio variance: 9.733136026096611e-07
Norma del vettore g non è uguale a sqrt(N): 45.99631863048562
Norma del vettore g: 20.0
Strategy: mean_rev, portfolio variance: 0.0032135627880162092
Norma del vettore g non è uguale a sqrt(N): 45.99631863048562
Norma del vettore g: 20.0
Strategy: mean_rev, portfolio variance: 1.768642037398311e-06
Norma del vettore g non è uguale a sqrt(N): 45.99631863048562
Norma del vettore g: 20.0
Strategy: mean_rev, portfolio variance: 1.7856575576729459e-06
Norma del vettore g: 19.999999999999993
Strategy: rnd     , portfolio variance: 5.2861212547862426e-08
Norma del vettore g: 19.999999999999996
Strategy: rnd     , portfolio variance: 1.5531727058834185e-10
Norma del vettore g: 20.000000000000004
Strategy: rnd     , portfolio variance: 2.693973828326359e-10
Norma del vettore g: 20.0
Strategy: rnd     , portfolio variance: 4.974908916060089e-07
Norma del vettore g: 20.0
Strategy: rnd     , portfolio variance: 1.7855899187597521e-07
Norma del vettore g: 19.999999999999996
Strategy: rnd     , portfolio variance: 0.0012558886005434942
Norma del vettore g: 20.000000000000004
Strategy: rnd     , portfolio variance: 1.393348061812643e-07
Norma del vettore g: 20.000000000000004
Strategy: rnd     , portfolio variance: 1.5792983484700147e-07
[==========================================                            ] 60.78%
Norma del vettore g: 20.0
Strategy: min_var , portfolio variance: 9.254957058398086e-06
Norma del vettore g: 20.0
Strategy: min_var , portfolio variance: 7.062768235596088e-13
Norma del vettore g: 20.0
Strategy: min_var , portfolio variance: 7.240609103044619e-13
Norma del vettore g: 20.0
Strategy: min_var , portfolio variance: 4.770117906719496e-07
Norma del vettore g: 20.0
Strategy: min_var , portfolio variance: 1.3670123050505325e-05
Norma del vettore g: 20.0
Strategy: min_var , portfolio variance: 0.07878859631392841
Norma del vettore g: 20.0
Strategy: min_var , portfolio variance: 3.015946226808678e-05
Norma del vettore g: 20.0
Strategy: min_var , portfolio variance: 3.138530578318268e-05
Norma del vettore g non è uguale a sqrt(N): 51.71193502880312
Norma del vettore g: 20.000000000000004
Strategy: omn     , portfolio variance: 5.848445473430763e-07
Norma del vettore g non è uguale a sqrt(N): 51.71193502880312
Norma del vettore g: 20.000000000000004
Strategy: omn     , portfolio variance: 2.0213501695288333e-12
Norma del vettore g non è uguale a sqrt(N): 51.71193502880312
Norma del vettore g: 20.000000000000004
Strategy: omn     , portfolio variance: 2.0748949355418243e-12
Norma del vettore g non è uguale a sqrt(N): 51.71193502880312
Norma del vettore g: 20.000000000000004
Strategy: omn     , portfolio variance: 5.780527505426933e-07
Norma del vettore g non è uguale a sqrt(N): 51.71193502880312
Norma del vettore g: 20.000000000000004
Strategy: omn     , portfolio variance: 8.397838140466448e-07
Norma del vettore g non è uguale a sqrt(N): 51.71193502880312
Norma del vettore g: 20.000000000000004
Strategy: omn     , portfolio variance: 0.0031106937421932425
Norma del vettore g non è uguale a sqrt(N): 51.71193502880312
Norma del vettore g: 20.000000000000004
Strategy: omn     , portfolio variance: 1.2771232796049305e-06
Norma del vettore g non è uguale a sqrt(N): 51.71193502880312
Norma del vettore g: 20.000000000000004
Strategy: omn     , portfolio variance: 1.2696945722745703e-06
Norma del vettore g non è uguale a sqrt(N): 51.71193502880312
Norma del vettore g: 20.000000000000004
Strategy: mean_rev, portfolio variance: 5.848445473430763e-07
Norma del vettore g non è uguale a sqrt(N): 51.71193502880312
Norma del vettore g: 20.000000000000004
Strategy: mean_rev, portfolio variance: 2.0213501695288333e-12
Norma del vettore g non è uguale a sqrt(N): 51.71193502880312
Norma del vettore g: 20.000000000000004
Strategy: mean_rev, portfolio variance: 2.0748949355418243e-12
Norma del vettore g non è uguale a sqrt(N): 51.71193502880312
Norma del vettore g: 20.000000000000004
Strategy: mean_rev, portfolio variance: 5.780527505426933e-07
Norma del vettore g non è uguale a sqrt(N): 51.71193502880312
Norma del vettore g: 20.000000000000004
Strategy: mean_rev, portfolio variance: 8.397838140466448e-07
Norma del vettore g non è uguale a sqrt(N): 51.71193502880312
Norma del vettore g: 20.000000000000004
Strategy: mean_rev, portfolio variance: 0.0031106937421932425
Norma del vettore g non è uguale a sqrt(N): 51.71193502880312
Norma del vettore g: 20.000000000000004
Strategy: mean_rev, portfolio variance: 1.2771232796049305e-06
Norma del vettore g non è uguale a sqrt(N): 51.71193502880312
Norma del vettore g: 20.000000000000004
Strategy: mean_rev, portfolio variance: 1.2696945722745703e-06
Norma del vettore g: 19.999999999999996
Strategy: rnd     , portfolio variance: 7.080947823971016e-08
Norma del vettore g: 20.0
Strategy: rnd     , portfolio variance: 1.248281334980694e-10
Norma del vettore g: 20.0
Strategy: rnd     , portfolio variance: 2.9055804192706513e-10
Norma del vettore g: 20.0
Strategy: rnd     , portfolio variance: 4.939509540462338e-07
Norma del vettore g: 19.999999999999996
Strategy: rnd     , portfolio variance: 1.8699046986473082e-07
Norma del vettore g: 20.000000000000004
Strategy: rnd     , portfolio variance: 0.0012883312281609465
Norma del vettore g: 20.0
Strategy: rnd     , portfolio variance: 1.349431747701453e-07
Norma del vettore g: 19.999999999999996
Strategy: rnd     , portfolio variance: 2.0518304593861674e-07
[===========================================                           ] 62.75%
Norma del vettore g: 20.0
Strategy: min_var , portfolio variance: 9.061511283842236e-06
Norma del vettore g: 20.0
Strategy: min_var , portfolio variance: 7.119530700100747e-13
Norma del vettore g: 20.0
Strategy: min_var , portfolio variance: 7.271676879757264e-13
Norma del vettore g: 20.0
Strategy: min_var , portfolio variance: 4.946472773923437e-07
Norma del vettore g: 20.0
Strategy: min_var , portfolio variance: 1.343190005446287e-05
Norma del vettore g: 20.0
Strategy: min_var , portfolio variance: 0.07556447092398212
Norma del vettore g: 20.0
Strategy: min_var , portfolio variance: 3.1130490141871326e-05
Norma del vettore g: 20.0
Strategy: min_var , portfolio variance: 3.30357123184779e-05
Norma del vettore g non è uguale a sqrt(N): 48.01766087005583
Norma del vettore g: 20.000000000000007
Strategy: omn     , portfolio variance: 6.290276746553104e-07
Norma del vettore g non è uguale a sqrt(N): 48.01766087005583
Norma del vettore g: 20.000000000000007
Strategy: omn     , portfolio variance: 5.0816481268550535e-11
Norma del vettore g non è uguale a sqrt(N): 48.01766087005583
Norma del vettore g: 20.000000000000007
Strategy: omn     , portfolio variance: 5.170714116847249e-11
Norma del vettore g non è uguale a sqrt(N): 48.01766087005583
Norma del vettore g: 20.000000000000007
Strategy: omn     , portfolio variance: 5.839190491637256e-07
Norma del vettore g non è uguale a sqrt(N): 48.01766087005583
Norma del vettore g: 20.000000000000007
Strategy: omn     , portfolio variance: 8.836083892163641e-07
Norma del vettore g non è uguale a sqrt(N): 48.01766087005583
Norma del vettore g: 20.000000000000007
Strategy: omn     , portfolio variance: 0.002930308015583421
Norma del vettore g non è uguale a sqrt(N): 48.01766087005583
Norma del vettore g: 20.000000000000007
Strategy: omn     , portfolio variance: 1.474071873075535e-06
Norma del vettore g non è uguale a sqrt(N): 48.01766087005583
Norma del vettore g: 20.000000000000007
Strategy: omn     , portfolio variance: 1.4135403033982451e-06
Norma del vettore g non è uguale a sqrt(N): 48.01766087005583
Norma del vettore g: 20.000000000000007
Strategy: mean_rev, portfolio variance: 6.290276746553104e-07
Norma del vettore g non è uguale a sqrt(N): 48.01766087005583
Norma del vettore g: 20.000000000000007
Strategy: mean_rev, portfolio variance: 5.0816481268550535e-11
Norma del vettore g non è uguale a sqrt(N): 48.01766087005583
Norma del vettore g: 20.000000000000007
Strategy: mean_rev, portfolio variance: 5.170714116847249e-11
Norma del vettore g non è uguale a sqrt(N): 48.01766087005583
Norma del vettore g: 20.000000000000007
Strategy: mean_rev, portfolio variance: 5.839190491637256e-07
Norma del vettore g non è uguale a sqrt(N): 48.01766087005583
Norma del vettore g: 20.000000000000007
Strategy: mean_rev, portfolio variance: 8.836083892163641e-07
Norma del vettore g non è uguale a sqrt(N): 48.01766087005583
Norma del vettore g: 20.000000000000007
Strategy: mean_rev, portfolio variance: 0.002930308015583421
Norma del vettore g non è uguale a sqrt(N): 48.01766087005583
Norma del vettore g: 20.000000000000007
Strategy: mean_rev, portfolio variance: 1.474071873075535e-06
Norma del vettore g non è uguale a sqrt(N): 48.01766087005583
Norma del vettore g: 20.000000000000007
Strategy: mean_rev, portfolio variance: 1.4135403033982451e-06
Norma del vettore g: 19.999999999999993
Strategy: rnd     , portfolio variance: 7.502545905789663e-08
Norma del vettore g: 19.999999999999993
Strategy: rnd     , portfolio variance: 2.7326628466291933e-08
Norma del vettore g: 20.0
Strategy: rnd     , portfolio variance: 2.7254416913867837e-10
Norma del vettore g: 19.999999999999996
Strategy: rnd     , portfolio variance: 4.968534778217509e-07
Norma del vettore g: 20.0
Strategy: rnd     , portfolio variance: 2.0588356958867717e-07
Norma del vettore g: 19.999999999999996
Strategy: rnd     , portfolio variance: 0.0013357429481777607
Norma del vettore g: 19.999999999999996
Strategy: rnd     , portfolio variance: 1.6360607243108245e-07
Norma del vettore g: 20.0
Strategy: rnd     , portfolio variance: 1.4483480491280698e-07
[=============================================                         ] 64.71%
Norma del vettore g: 20.0
Strategy: min_var , portfolio variance: 8.312260958961421e-06
Norma del vettore g: 20.0
Strategy: min_var , portfolio variance: 8.099203122629023e-13
Norma del vettore g: 20.0
Strategy: min_var , portfolio variance: 8.245106290001112e-13
Norma del vettore g: 20.0
Strategy: min_var , portfolio variance: 4.666887322103002e-07
Norma del vettore g: 20.0
Strategy: min_var , portfolio variance: 1.2120123136687915e-05
Norma del vettore g: 20.0
Strategy: min_var , portfolio variance: 0.07146414351690655
Norma del vettore g: 20.0
Strategy: min_var , portfolio variance: 2.8560374566320344e-05
Norma del vettore g: 20.0
Strategy: min_var , portfolio variance: 3.09136726057256e-05
Norma del vettore g non è uguale a sqrt(N): 41.700233232833355
Norma del vettore g: 19.999999999999993
Strategy: omn     , portfolio variance: 4.993723025859102e-07
Norma del vettore g non è uguale a sqrt(N): 41.700233232833355
Norma del vettore g: 19.999999999999993
Strategy: omn     , portfolio variance: 1.9001029772026747e-11
Norma del vettore g non è uguale a sqrt(N): 41.700233232833355
Norma del vettore g: 19.999999999999993
Strategy: omn     , portfolio variance: 1.9472309821416062e-11
Norma del vettore g non è uguale a sqrt(N): 41.700233232833355
Norma del vettore g: 19.999999999999993
Strategy: omn     , portfolio variance: 6.959008407566364e-07
Norma del vettore g non è uguale a sqrt(N): 41.700233232833355
Norma del vettore g: 19.999999999999993
Strategy: omn     , portfolio variance: 6.760995141424857e-07
Norma del vettore g non è uguale a sqrt(N): 41.700233232833355
Norma del vettore g: 19.999999999999993
Strategy: omn     , portfolio variance: 0.002291957620221316
Norma del vettore g non è uguale a sqrt(N): 41.700233232833355
Norma del vettore g: 19.999999999999993
Strategy: omn     , portfolio variance: 9.551689350930307e-07
Norma del vettore g non è uguale a sqrt(N): 41.700233232833355
Norma del vettore g: 19.999999999999993
Strategy: omn     , portfolio variance: 9.462182921256906e-07
Norma del vettore g non è uguale a sqrt(N): 41.700233232833355
Norma del vettore g: 19.999999999999993
Strategy: mean_rev, portfolio variance: 4.993723025859102e-07
Norma del vettore g non è uguale a sqrt(N): 41.700233232833355
Norma del vettore g: 19.999999999999993
Strategy: mean_rev, portfolio variance: 1.9001029772026747e-11
Norma del vettore g non è uguale a sqrt(N): 41.700233232833355
Norma del vettore g: 19.999999999999993
Strategy: mean_rev, portfolio variance: 1.9472309821416062e-11
Norma del vettore g non è uguale a sqrt(N): 41.700233232833355
Norma del vettore g: 19.999999999999993
Strategy: mean_rev, portfolio variance: 6.959008407566364e-07
Norma del vettore g non è uguale a sqrt(N): 41.700233232833355
Norma del vettore g: 19.999999999999993
Strategy: mean_rev, portfolio variance: 6.760995141424857e-07
Norma del vettore g non è uguale a sqrt(N): 41.700233232833355
Norma del vettore g: 19.999999999999993
Strategy: mean_rev, portfolio variance: 0.002291957620221316
Norma del vettore g non è uguale a sqrt(N): 41.700233232833355
Norma del vettore g: 19.999999999999993
Strategy: mean_rev, portfolio variance: 9.551689350930307e-07
Norma del vettore g non è uguale a sqrt(N): 41.700233232833355
Norma del vettore g: 19.999999999999993
Strategy: mean_rev, portfolio variance: 9.462182921256906e-07
Norma del vettore g: 19.999999999999996
Strategy: rnd     , portfolio variance: 6.413955635944556e-08
Norma del vettore g: 19.999999999999993
Strategy: rnd     , portfolio variance: 2.1167252101182295e-08
Norma del vettore g: 20.000000000000004
Strategy: rnd     , portfolio variance: 3.5987105180667016e-09
Norma del vettore g: 20.0
Strategy: rnd     , portfolio variance: 4.764630753385819e-07
Norma del vettore g: 20.000000000000004
Strategy: rnd     , portfolio variance: 1.9308836983260046e-07
Norma del vettore g: 20.000000000000007
Strategy: rnd     , portfolio variance: 0.0012237265359373683
Norma del vettore g: 19.999999999999996
Strategy: rnd     , portfolio variance: 1.2693030161082107e-07
Norma del vettore g: 20.0
Strategy: rnd     , portfolio variance: 1.344771674097659e-07
[==============================================                        ] 66.67%
Norma del vettore g: 20.0
Strategy: min_var , portfolio variance: 8.76587259207271e-06
Norma del vettore g: 20.0
Strategy: min_var , portfolio variance: 8.59218877748239e-13
Norma del vettore g: 20.0
Strategy: min_var , portfolio variance: 8.71351759025382e-13
Norma del vettore g: 20.0
Strategy: min_var , portfolio variance: 4.697441456536433e-07
Norma del vettore g: 20.0
Strategy: min_var , portfolio variance: 1.2776028677021455e-05
Norma del vettore g: 20.0
Strategy: min_var , portfolio variance: 0.07388870311487092
Norma del vettore g: 20.0
Strategy: min_var , portfolio variance: 2.9900624994551953e-05
Norma del vettore g: 20.0
Strategy: min_var , portfolio variance: 3.1051616500128005e-05
Norma del vettore g non è uguale a sqrt(N): 40.63297895954782
Norma del vettore g: 20.0
Strategy: omn     , portfolio variance: 5.024591412068205e-07
Norma del vettore g non è uguale a sqrt(N): 40.63297895954782
Norma del vettore g: 20.0
Strategy: omn     , portfolio variance: 1.7478430138727985e-10
Norma del vettore g non è uguale a sqrt(N): 40.63297895954782
Norma del vettore g: 20.0
Strategy: omn     , portfolio variance: 1.8322173930034103e-10
Norma del vettore g non è uguale a sqrt(N): 40.63297895954782
Norma del vettore g: 20.0
Strategy: omn     , portfolio variance: 6.512239285920724e-07
Norma del vettore g non è uguale a sqrt(N): 40.63297895954782
Norma del vettore g: 20.0
Strategy: omn     , portfolio variance: 6.922522889708906e-07
Norma del vettore g non è uguale a sqrt(N): 40.63297895954782
Norma del vettore g: 20.0
Strategy: omn     , portfolio variance: 0.0026438008251375308
Norma del vettore g non è uguale a sqrt(N): 40.63297895954782
Norma del vettore g: 20.0
Strategy: omn     , portfolio variance: 1.0561037005826717e-06
Norma del vettore g non è uguale a sqrt(N): 40.63297895954782
Norma del vettore g: 20.0
Strategy: omn     , portfolio variance: 1.1006489458235808e-06
Norma del vettore g non è uguale a sqrt(N): 40.63297895954782
Norma del vettore g: 20.0
Strategy: mean_rev, portfolio variance: 5.024591412068205e-07
Norma del vettore g non è uguale a sqrt(N): 40.63297895954782
Norma del vettore g: 20.0
Strategy: mean_rev, portfolio variance: 1.7478430138727985e-10
Norma del vettore g non è uguale a sqrt(N): 40.63297895954782
Norma del vettore g: 20.0
Strategy: mean_rev, portfolio variance: 1.8322173930034103e-10
Norma del vettore g non è uguale a sqrt(N): 40.63297895954782
Norma del vettore g: 20.0
Strategy: mean_rev, portfolio variance: 6.512239285920724e-07
Norma del vettore g non è uguale a sqrt(N): 40.63297895954782
Norma del vettore g: 20.0
Strategy: mean_rev, portfolio variance: 6.922522889708906e-07
Norma del vettore g non è uguale a sqrt(N): 40.63297895954782
Norma del vettore g: 20.0
Strategy: mean_rev, portfolio variance: 0.0026438008251375308
Norma del vettore g non è uguale a sqrt(N): 40.63297895954782
Norma del vettore g: 20.0
Strategy: mean_rev, portfolio variance: 1.0561037005826717e-06
Norma del vettore g non è uguale a sqrt(N): 40.63297895954782
Norma del vettore g: 20.0
Strategy: mean_rev, portfolio variance: 1.1006489458235808e-06
Norma del vettore g: 20.0
Strategy: rnd     , portfolio variance: 8.433642124897541e-08
Norma del vettore g: 19.999999999999996
Strategy: rnd     , portfolio variance: 5.093318755141102e-10
Norma del vettore g: 20.0
Strategy: rnd     , portfolio variance: 3.0568060325191622e-09
Norma del vettore g: 20.0
Strategy: rnd     , portfolio variance: 4.515443523926261e-07
Norma del vettore g: 19.999999999999993
Strategy: rnd     , portfolio variance: 1.6221589434331168e-07
Norma del vettore g: 20.0
Strategy: rnd     , portfolio variance: 0.0012604183354182558
Norma del vettore g: 19.999999999999996
Strategy: rnd     , portfolio variance: 1.9638170824041e-07
Norma del vettore g: 19.999999999999996
Strategy: rnd     , portfolio variance: 1.6807240831182353e-07
[================================================                      ] 68.63%
Norma del vettore g: 20.0
Strategy: min_var , portfolio variance: 7.998638547339445e-06
Norma del vettore g: 20.0
Strategy: min_var , portfolio variance: 9.032432996885861e-13
Norma del vettore g: 20.0
Strategy: min_var , portfolio variance: 9.147893099821266e-13
Norma del vettore g: 20.0
Strategy: min_var , portfolio variance: 4.671023612333466e-07
Norma del vettore g: 20.0
Strategy: min_var , portfolio variance: 1.2367094383746805e-05
Norma del vettore g: 20.0
Strategy: min_var , portfolio variance: 0.07082194746701949
Norma del vettore g: 20.0
Strategy: min_var , portfolio variance: 2.916288731508447e-05
Norma del vettore g: 20.0
Strategy: min_var , portfolio variance: 3.0022631944427114e-05
Norma del vettore g non è uguale a sqrt(N): 65.11243166821914
Norma del vettore g: 20.0
Strategy: omn     , portfolio variance: 1.0260251066739945e-06
Norma del vettore g non è uguale a sqrt(N): 65.11243166821914
Norma del vettore g: 20.0
Strategy: omn     , portfolio variance: 1.8049132951677552e-12
Norma del vettore g non è uguale a sqrt(N): 65.11243166821914
Norma del vettore g: 20.0
Strategy: omn     , portfolio variance: 1.83200012970586e-12
Norma del vettore g non è uguale a sqrt(N): 65.11243166821914
Norma del vettore g: 20.0
Strategy: omn     , portfolio variance: 6.564548786657403e-07
Norma del vettore g non è uguale a sqrt(N): 65.11243166821914
Norma del vettore g: 20.0
Strategy: omn     , portfolio variance: 1.4962744272173398e-06
Norma del vettore g non è uguale a sqrt(N): 65.11243166821914
Norma del vettore g: 20.0
Strategy: omn     , portfolio variance: 0.0048234122816294585
Norma del vettore g non è uguale a sqrt(N): 65.11243166821914
Norma del vettore g: 20.0
Strategy: omn     , portfolio variance: 2.8554464654928454e-06
Norma del vettore g non è uguale a sqrt(N): 65.11243166821914
Norma del vettore g: 20.0
Strategy: omn     , portfolio variance: 3.07039319904324e-06
Norma del vettore g non è uguale a sqrt(N): 65.11243166821914
Norma del vettore g: 20.0
Strategy: mean_rev, portfolio variance: 1.0260251066739945e-06
Norma del vettore g non è uguale a sqrt(N): 65.11243166821914
Norma del vettore g: 20.0
Strategy: mean_rev, portfolio variance: 1.8049132951677552e-12
Norma del vettore g non è uguale a sqrt(N): 65.11243166821914
Norma del vettore g: 20.0
Strategy: mean_rev, portfolio variance: 1.83200012970586e-12
Norma del vettore g non è uguale a sqrt(N): 65.11243166821914
Norma del vettore g: 20.0
Strategy: mean_rev, portfolio variance: 6.564548786657403e-07
Norma del vettore g non è uguale a sqrt(N): 65.11243166821914
Norma del vettore g: 20.0
Strategy: mean_rev, portfolio variance: 1.4962744272173398e-06
Norma del vettore g non è uguale a sqrt(N): 65.11243166821914
Norma del vettore g: 20.0
Strategy: mean_rev, portfolio variance: 0.0048234122816294585
Norma del vettore g non è uguale a sqrt(N): 65.11243166821914
Norma del vettore g: 20.0
Strategy: mean_rev, portfolio variance: 2.8554464654928454e-06
Norma del vettore g non è uguale a sqrt(N): 65.11243166821914
Norma del vettore g: 20.0
Strategy: mean_rev, portfolio variance: 3.07039319904324e-06
Norma del vettore g: 20.0
Strategy: rnd     , portfolio variance: 6.89720671642398e-08
Norma del vettore g: 20.0
Strategy: rnd     , portfolio variance: 6.261154810079095e-10
Norma del vettore g: 20.0
Strategy: rnd     , portfolio variance: 2.0697992578888566e-08
Norma del vettore g: 20.000000000000004
Strategy: rnd     , portfolio variance: 4.6625861438963187e-07
Norma del vettore g: 19.999999999999996
Strategy: rnd     , portfolio variance: 1.9206086045606685e-07
Norma del vettore g: 19.999999999999996
Strategy: rnd     , portfolio variance: 0.0012417572863178778
Norma del vettore g: 19.999999999999996
Strategy: rnd     , portfolio variance: 1.3332210325768006e-07
Norma del vettore g: 20.000000000000004
Strategy: rnd     , portfolio variance: 1.5793787385355593e-07
[=================================================                     ] 70.59%
Norma del vettore g: 20.0
Strategy: min_var , portfolio variance: 1.3841980007195029e-05
Norma del vettore g: 20.0
Strategy: min_var , portfolio variance: 4.3441393153739933e-13
Norma del vettore g: 20.0
Strategy: min_var , portfolio variance: 4.5447094743609086e-13
Norma del vettore g: 20.0
Strategy: min_var , portfolio variance: 9.271123572238007e-07
Norma del vettore g: 20.0
Strategy: min_var , portfolio variance: 2.493144788571392e-05
Norma del vettore g: 20.0
Strategy: min_var , portfolio variance: 0.08544960608871181
Norma del vettore g: 20.0
Strategy: min_var , portfolio variance: 5.8170713066473795e-05
Norma del vettore g: 20.0
Strategy: min_var , portfolio variance: 5.827574526856059e-05
Norma del vettore g non è uguale a sqrt(N): 38.92769937056006
Norma del vettore g: 20.000000000000004
Strategy: omn     , portfolio variance: 5.72111812576593e-07
Norma del vettore g non è uguale a sqrt(N): 38.92769937056006
Norma del vettore g: 20.000000000000004
Strategy: omn     , portfolio variance: 2.0552962616124798e-11
Norma del vettore g non è uguale a sqrt(N): 38.92769937056006
Norma del vettore g: 20.000000000000004
Strategy: omn     , portfolio variance: 2.1249254186963343e-11
Norma del vettore g non è uguale a sqrt(N): 38.92769937056006
Norma del vettore g: 20.000000000000004
Strategy: omn     , portfolio variance: 1.158856587009374e-06
Norma del vettore g non è uguale a sqrt(N): 38.92769937056006
Norma del vettore g: 20.000000000000004
Strategy: omn     , portfolio variance: 9.601936508342785e-07
Norma del vettore g non è uguale a sqrt(N): 38.92769937056006
Norma del vettore g: 20.000000000000004
Strategy: omn     , portfolio variance: 0.0027218964603873395
Norma del vettore g non è uguale a sqrt(N): 38.92769937056006
Norma del vettore g: 20.000000000000004
Strategy: omn     , portfolio variance: 1.5778755615765367e-06
Norma del vettore g non è uguale a sqrt(N): 38.92769937056006
Norma del vettore g: 20.000000000000004
Strategy: omn     , portfolio variance: 1.4520383514355805e-06
Norma del vettore g non è uguale a sqrt(N): 38.92769937056006
Norma del vettore g: 20.000000000000004
Strategy: mean_rev, portfolio variance: 5.72111812576593e-07
Norma del vettore g non è uguale a sqrt(N): 38.92769937056006
Norma del vettore g: 20.000000000000004
Strategy: mean_rev, portfolio variance: 2.0552962616124798e-11
Norma del vettore g non è uguale a sqrt(N): 38.92769937056006
Norma del vettore g: 20.000000000000004
Strategy: mean_rev, portfolio variance: 2.1249254186963343e-11
Norma del vettore g non è uguale a sqrt(N): 38.92769937056006
Norma del vettore g: 20.000000000000004
Strategy: mean_rev, portfolio variance: 1.158856587009374e-06
Norma del vettore g non è uguale a sqrt(N): 38.92769937056006
Norma del vettore g: 20.000000000000004
Strategy: mean_rev, portfolio variance: 9.601936508342785e-07
Norma del vettore g non è uguale a sqrt(N): 38.92769937056006
Norma del vettore g: 20.000000000000004
Strategy: mean_rev, portfolio variance: 0.0027218964603873395
Norma del vettore g non è uguale a sqrt(N): 38.92769937056006
Norma del vettore g: 20.000000000000004
Strategy: mean_rev, portfolio variance: 1.5778755615765367e-06
Norma del vettore g non è uguale a sqrt(N): 38.92769937056006
Norma del vettore g: 20.000000000000004
Strategy: mean_rev, portfolio variance: 1.4520383514355805e-06
Norma del vettore g: 19.999999999999993
Strategy: rnd     , portfolio variance: 5.8108593429195936e-08
Norma del vettore g: 19.999999999999993
Strategy: rnd     , portfolio variance: 1.5420057277895155e-09
Norma del vettore g: 20.000000000000004
Strategy: rnd     , portfolio variance: 3.0261671644032804e-09
Norma del vettore g: 20.0
Strategy: rnd     , portfolio variance: 9.448886801086431e-07
Norma del vettore g: 20.0
Strategy: rnd     , portfolio variance: 2.408402819385615e-07
Norma del vettore g: 20.0
Strategy: rnd     , portfolio variance: 0.0012319722217388935
Norma del vettore g: 20.0
Strategy: rnd     , portfolio variance: 1.6199910340198055e-07
Norma del vettore g: 20.0
Strategy: rnd     , portfolio variance: 2.6082488945202197e-07
[==================================================                    ] 72.55%
Norma del vettore g: 20.0
Strategy: min_var , portfolio variance: 1.6062006110319034e-05
Norma del vettore g: 20.0
Strategy: min_var , portfolio variance: 4.767584653099153e-13
Norma del vettore g: 20.0
Strategy: min_var , portfolio variance: 4.972744594966755e-13
Norma del vettore g: 20.0
Strategy: min_var , portfolio variance: 1.0286969255680137e-06
Norma del vettore g: 20.0
Strategy: min_var , portfolio variance: 2.830970110706873e-05
Norma del vettore g: 20.0
Strategy: min_var , portfolio variance: 0.0893246357779433
Norma del vettore g: 20.0
Strategy: min_var , portfolio variance: 6.792312661773322e-05
Norma del vettore g: 20.0
Strategy: min_var , portfolio variance: 6.644793123190137e-05
Norma del vettore g non è uguale a sqrt(N): 35.749385007915194
Norma del vettore g: 20.0
Strategy: omn     , portfolio variance: 4.70275453030682e-07
Norma del vettore g non è uguale a sqrt(N): 35.749385007915194
Norma del vettore g: 20.0
Strategy: omn     , portfolio variance: 2.2967672686057454e-11
Norma del vettore g non è uguale a sqrt(N): 35.749385007915194
Norma del vettore g: 20.0
Strategy: omn     , portfolio variance: 2.378922540006993e-11
Norma del vettore g non è uguale a sqrt(N): 35.749385007915194
Norma del vettore g: 20.0
Strategy: omn     , portfolio variance: 1.2593171728384978e-06
Norma del vettore g non è uguale a sqrt(N): 35.749385007915194
Norma del vettore g: 20.0
Strategy: omn     , portfolio variance: 7.937304976410918e-07
Norma del vettore g non è uguale a sqrt(N): 35.749385007915194
Norma del vettore g: 20.0
Strategy: omn     , portfolio variance: 0.0022481758784858395
Norma del vettore g non è uguale a sqrt(N): 35.749385007915194
Norma del vettore g: 20.0
Strategy: omn     , portfolio variance: 1.0556360301591737e-06
Norma del vettore g non è uguale a sqrt(N): 35.749385007915194
Norma del vettore g: 20.0
Strategy: omn     , portfolio variance: 1.0638547502612758e-06
Norma del vettore g non è uguale a sqrt(N): 35.749385007915194
Norma del vettore g: 20.0
Strategy: mean_rev, portfolio variance: 4.70275453030682e-07
Norma del vettore g non è uguale a sqrt(N): 35.749385007915194
Norma del vettore g: 20.0
Strategy: mean_rev, portfolio variance: 2.2967672686057454e-11
Norma del vettore g non è uguale a sqrt(N): 35.749385007915194
Norma del vettore g: 20.0
Strategy: mean_rev, portfolio variance: 2.378922540006993e-11
Norma del vettore g non è uguale a sqrt(N): 35.749385007915194
Norma del vettore g: 20.0
Strategy: mean_rev, portfolio variance: 1.2593171728384978e-06
Norma del vettore g non è uguale a sqrt(N): 35.749385007915194
Norma del vettore g: 20.0
Strategy: mean_rev, portfolio variance: 7.937304976410918e-07
Norma del vettore g non è uguale a sqrt(N): 35.749385007915194
Norma del vettore g: 20.0
Strategy: mean_rev, portfolio variance: 0.0022481758784858395
Norma del vettore g non è uguale a sqrt(N): 35.749385007915194
Norma del vettore g: 20.0
Strategy: mean_rev, portfolio variance: 1.0556360301591737e-06
Norma del vettore g non è uguale a sqrt(N): 35.749385007915194
Norma del vettore g: 20.0
Strategy: mean_rev, portfolio variance: 1.0638547502612758e-06
Norma del vettore g: 20.0
Strategy: rnd     , portfolio variance: 7.45729099968531e-08
Norma del vettore g: 20.000000000000007
Strategy: rnd     , portfolio variance: 6.424331690998307e-10
Norma del vettore g: 20.0
Strategy: rnd     , portfolio variance: 2.4789258199301556e-10
Norma del vettore g: 19.999999999999993
Strategy: rnd     , portfolio variance: 1.0276317441828537e-06
Norma del vettore g: 19.999999999999996
Strategy: rnd     , portfolio variance: 3.049409343454035e-07
Norma del vettore g: 19.999999999999996
Strategy: rnd     , portfolio variance: 0.001246010698281752
Norma del vettore g: 20.000000000000007
Strategy: rnd     , portfolio variance: 2.982400362987645e-07
Norma del vettore g: 20.000000000000004
Strategy: rnd     , portfolio variance: 2.9947991264665473e-07
[====================================================                  ] 74.51%
Norma del vettore g: 20.0
Strategy: min_var , portfolio variance: 1.7764087189287245e-05
Norma del vettore g: 20.0
Strategy: min_var , portfolio variance: 5.226923635736399e-13
Norma del vettore g: 20.0
Strategy: min_var , portfolio variance: 5.434542420871696e-13
Norma del vettore g: 20.0
Strategy: min_var , portfolio variance: 1.0909837645298079e-06
Norma del vettore g: 20.0
Strategy: min_var , portfolio variance: 3.1436754256770074e-05
Norma del vettore g: 20.0
Strategy: min_var , portfolio variance: 0.09312124644051492
Norma del vettore g: 20.0
Strategy: min_var , portfolio variance: 7.193968498948068e-05
Norma del vettore g: 20.0
Strategy: min_var , portfolio variance: 7.47235354017552e-05
Norma del vettore g non è uguale a sqrt(N): 51.58581747540187
Norma del vettore g: 20.0
Strategy: omn     , portfolio variance: 7.8978409571433e-07
Norma del vettore g non è uguale a sqrt(N): 51.58581747540187
Norma del vettore g: 20.0
Strategy: omn     , portfolio variance: 1.4059776897110022e-12
Norma del vettore g non è uguale a sqrt(N): 51.58581747540187
Norma del vettore g: 20.0
Strategy: omn     , portfolio variance: 1.4567218374364851e-12
Norma del vettore g non è uguale a sqrt(N): 51.58581747540187
Norma del vettore g: 20.0
Strategy: omn     , portfolio variance: 1.2829182781496816e-06
Norma del vettore g non è uguale a sqrt(N): 51.58581747540187
Norma del vettore g: 20.0
Strategy: omn     , portfolio variance: 1.3192679872478722e-06
Norma del vettore g non è uguale a sqrt(N): 51.58581747540187
Norma del vettore g: 20.0
Strategy: omn     , portfolio variance: 0.003395076689336772
Norma del vettore g non è uguale a sqrt(N): 51.58581747540187
Norma del vettore g: 20.0
Strategy: omn     , portfolio variance: 1.951499412635603e-06
Norma del vettore g non è uguale a sqrt(N): 51.58581747540187
Norma del vettore g: 20.0
Strategy: omn     , portfolio variance: 2.0414879449976762e-06
Norma del vettore g non è uguale a sqrt(N): 51.58581747540187
Norma del vettore g: 20.0
Strategy: mean_rev, portfolio variance: 7.8978409571433e-07
Norma del vettore g non è uguale a sqrt(N): 51.58581747540187
Norma del vettore g: 20.0
Strategy: mean_rev, portfolio variance: 1.4059776897110022e-12
Norma del vettore g non è uguale a sqrt(N): 51.58581747540187
Norma del vettore g: 20.0
Strategy: mean_rev, portfolio variance: 1.4567218374364851e-12
Norma del vettore g non è uguale a sqrt(N): 51.58581747540187
Norma del vettore g: 20.0
Strategy: mean_rev, portfolio variance: 1.2829182781496816e-06
Norma del vettore g non è uguale a sqrt(N): 51.58581747540187
Norma del vettore g: 20.0
Strategy: mean_rev, portfolio variance: 1.3192679872478722e-06
Norma del vettore g non è uguale a sqrt(N): 51.58581747540187
Norma del vettore g: 20.0
Strategy: mean_rev, portfolio variance: 0.003395076689336772
Norma del vettore g non è uguale a sqrt(N): 51.58581747540187
Norma del vettore g: 20.0
Strategy: mean_rev, portfolio variance: 1.951499412635603e-06
Norma del vettore g non è uguale a sqrt(N): 51.58581747540187
Norma del vettore g: 20.0
Strategy: mean_rev, portfolio variance: 2.0414879449976762e-06
Norma del vettore g: 19.999999999999993
Strategy: rnd     , portfolio variance: 4.889607031991097e-08
Norma del vettore g: 20.000000000000004
Strategy: rnd     , portfolio variance: 4.248977812200135e-11
Norma del vettore g: 20.000000000000007
Strategy: rnd     , portfolio variance: 4.457713781266215e-10
Norma del vettore g: 20.0
Strategy: rnd     , portfolio variance: 1.0627540285580491e-06
Norma del vettore g: 20.000000000000004
Strategy: rnd     , portfolio variance: 2.9430736437883905e-07
Norma del vettore g: 19.999999999999996
Strategy: rnd     , portfolio variance: 0.0011222508294848894
Norma del vettore g: 20.0
Strategy: rnd     , portfolio variance: 2.0261944266742944e-07
Norma del vettore g: 20.0
Strategy: rnd     , portfolio variance: 2.6194608398638995e-07
[=====================================================                 ] 76.47%
Norma del vettore g: 20.0
Strategy: min_var , portfolio variance: 1.9224957884431934e-05
Norma del vettore g: 20.0
Strategy: min_var , portfolio variance: 5.576135340281617e-13
Norma del vettore g: 20.0
Strategy: min_var , portfolio variance: 5.767563509947568e-13
Norma del vettore g: 20.0
Strategy: min_var , portfolio variance: 1.1282568470024722e-06
Norma del vettore g: 20.0
Strategy: min_var , portfolio variance: 3.2871382488207506e-05
Norma del vettore g: 20.0
Strategy: min_var , portfolio variance: 0.09435961857520858
Norma del vettore g: 20.0
Strategy: min_var , portfolio variance: 7.484864526836505e-05
Norma del vettore g: 20.0
Strategy: min_var , portfolio variance: 7.544663162915754e-05
Norma del vettore g non è uguale a sqrt(N): 42.54934800963627
Norma del vettore g: 20.000000000000004
Strategy: omn     , portfolio variance: 5.776904885561731e-07
Norma del vettore g non è uguale a sqrt(N): 42.54934800963627
Norma del vettore g: 20.000000000000004
Strategy: omn     , portfolio variance: 5.322045774229265e-12
Norma del vettore g non è uguale a sqrt(N): 42.54934800963627
Norma del vettore g: 20.000000000000004
Strategy: omn     , portfolio variance: 5.526936554238123e-12
Norma del vettore g non è uguale a sqrt(N): 42.54934800963627
Norma del vettore g: 20.000000000000004
Strategy: omn     , portfolio variance: 1.4132625512518962e-06
Norma del vettore g non è uguale a sqrt(N): 42.54934800963627
Norma del vettore g: 20.000000000000004
Strategy: omn     , portfolio variance: 1.022043972213071e-06
Norma del vettore g non è uguale a sqrt(N): 42.54934800963627
Norma del vettore g: 20.000000000000004
Strategy: omn     , portfolio variance: 0.00246644424220611
Norma del vettore g non è uguale a sqrt(N): 42.54934800963627
Norma del vettore g: 20.000000000000004
Strategy: omn     , portfolio variance: 1.3401185942483056e-06
Norma del vettore g non è uguale a sqrt(N): 42.54934800963627
Norma del vettore g: 20.000000000000004
Strategy: omn     , portfolio variance: 1.347905788814119e-06
Norma del vettore g non è uguale a sqrt(N): 42.54934800963627
Norma del vettore g: 20.000000000000004
Strategy: mean_rev, portfolio variance: 5.776904885561731e-07
Norma del vettore g non è uguale a sqrt(N): 42.54934800963627
Norma del vettore g: 20.000000000000004
Strategy: mean_rev, portfolio variance: 5.322045774229265e-12
Norma del vettore g non è uguale a sqrt(N): 42.54934800963627
Norma del vettore g: 20.000000000000004
Strategy: mean_rev, portfolio variance: 5.526936554238123e-12
Norma del vettore g non è uguale a sqrt(N): 42.54934800963627
Norma del vettore g: 20.000000000000004
Strategy: mean_rev, portfolio variance: 1.4132625512518962e-06
Norma del vettore g non è uguale a sqrt(N): 42.54934800963627
Norma del vettore g: 20.000000000000004
Strategy: mean_rev, portfolio variance: 1.022043972213071e-06
Norma del vettore g non è uguale a sqrt(N): 42.54934800963627
Norma del vettore g: 20.000000000000004
Strategy: mean_rev, portfolio variance: 0.00246644424220611
Norma del vettore g non è uguale a sqrt(N): 42.54934800963627
Norma del vettore g: 20.000000000000004
Strategy: mean_rev, portfolio variance: 1.3401185942483056e-06
Norma del vettore g non è uguale a sqrt(N): 42.54934800963627
Norma del vettore g: 20.000000000000004
Strategy: mean_rev, portfolio variance: 1.347905788814119e-06
Norma del vettore g: 20.000000000000004
Strategy: rnd     , portfolio variance: 9.943472126961518e-08
Norma del vettore g: 20.000000000000007
Strategy: rnd     , portfolio variance: 9.383087268142567e-10
Norma del vettore g: 19.999999999999996
Strategy: rnd     , portfolio variance: 2.7924626602176234e-10
Norma del vettore g: 19.999999999999996
Strategy: rnd     , portfolio variance: 1.1593589986647332e-06
Norma del vettore g: 20.000000000000007
Strategy: rnd     , portfolio variance: 3.461382136552477e-07
Norma del vettore g: 20.0
Strategy: rnd     , portfolio variance: 0.0011030605370626469
Norma del vettore g: 20.0
Strategy: rnd     , portfolio variance: 2.652374746510682e-07
Norma del vettore g: 19.999999999999996
Strategy: rnd     , portfolio variance: 3.3492491529627855e-07
[======================================================                ] 78.43%
Norma del vettore g: 20.0
Strategy: min_var , portfolio variance: 1.718981538379986e-05
Norma del vettore g: 20.0
Strategy: min_var , portfolio variance: 5.679545263696186e-13
Norma del vettore g: 20.0
Strategy: min_var , portfolio variance: 5.952770506921034e-13
Norma del vettore g: 20.0
Strategy: min_var , portfolio variance: 1.103524067270831e-06
Norma del vettore g: 20.0
Strategy: min_var , portfolio variance: 2.9876144416175778e-05
Norma del vettore g: 20.0
Strategy: min_var , portfolio variance: 0.08943753395277379
Norma del vettore g: 20.0
Strategy: min_var , portfolio variance: 6.979796182376313e-05
Norma del vettore g: 20.0
Strategy: min_var , portfolio variance: 7.757673183195711e-05
Norma del vettore g non è uguale a sqrt(N): 52.96605655205466
Norma del vettore g: 19.999999999999996
Strategy: omn     , portfolio variance: 8.933409796369324e-07
Norma del vettore g non è uguale a sqrt(N): 52.96605655205466
Norma del vettore g: 19.999999999999996
Strategy: omn     , portfolio variance: 1.6750393108487216e-12
Norma del vettore g non è uguale a sqrt(N): 52.96605655205466
Norma del vettore g: 19.999999999999996
Strategy: omn     , portfolio variance: 1.7364057837943935e-12
Norma del vettore g non è uguale a sqrt(N): 52.96605655205466
Norma del vettore g: 19.999999999999996
Strategy: omn     , portfolio variance: 1.383703815932047e-06
Norma del vettore g non è uguale a sqrt(N): 52.96605655205466
Norma del vettore g: 19.999999999999996
Strategy: omn     , portfolio variance: 1.4736859079050661e-06
Norma del vettore g non è uguale a sqrt(N): 52.96605655205466
Norma del vettore g: 19.999999999999996
Strategy: omn     , portfolio variance: 0.0031456596221214285
Norma del vettore g non è uguale a sqrt(N): 52.96605655205466
Norma del vettore g: 19.999999999999996
Strategy: omn     , portfolio variance: 2.6078134765448506e-06
Norma del vettore g non è uguale a sqrt(N): 52.96605655205466
Norma del vettore g: 19.999999999999996
Strategy: omn     , portfolio variance: 2.7214156208609643e-06
Norma del vettore g non è uguale a sqrt(N): 52.96605655205466
Norma del vettore g: 19.999999999999996
Strategy: mean_rev, portfolio variance: 8.933409796369324e-07
Norma del vettore g non è uguale a sqrt(N): 52.96605655205466
Norma del vettore g: 19.999999999999996
Strategy: mean_rev, portfolio variance: 1.6750393108487216e-12
Norma del vettore g non è uguale a sqrt(N): 52.96605655205466
Norma del vettore g: 19.999999999999996
Strategy: mean_rev, portfolio variance: 1.7364057837943935e-12
Norma del vettore g non è uguale a sqrt(N): 52.96605655205466
Norma del vettore g: 19.999999999999996
Strategy: mean_rev, portfolio variance: 1.383703815932047e-06
Norma del vettore g non è uguale a sqrt(N): 52.96605655205466
Norma del vettore g: 19.999999999999996
Strategy: mean_rev, portfolio variance: 1.4736859079050661e-06
Norma del vettore g non è uguale a sqrt(N): 52.96605655205466
Norma del vettore g: 19.999999999999996
Strategy: mean_rev, portfolio variance: 0.0031456596221214285
Norma del vettore g non è uguale a sqrt(N): 52.96605655205466
Norma del vettore g: 19.999999999999996
Strategy: mean_rev, portfolio variance: 2.6078134765448506e-06
Norma del vettore g non è uguale a sqrt(N): 52.96605655205466
Norma del vettore g: 19.999999999999996
Strategy: mean_rev, portfolio variance: 2.7214156208609643e-06
Norma del vettore g: 20.000000000000004
Strategy: rnd     , portfolio variance: 1.0603237591726843e-07
Norma del vettore g: 20.000000000000004
Strategy: rnd     , portfolio variance: 1.4327005470314246e-10
Norma del vettore g: 19.999999999999996
Strategy: rnd     , portfolio variance: 2.7678906330229335e-11
Norma del vettore g: 20.0
Strategy: rnd     , portfolio variance: 1.0744636882712528e-06
Norma del vettore g: 19.999999999999996
Strategy: rnd     , portfolio variance: 3.3901357324306744e-07
Norma del vettore g: 20.0
Strategy: rnd     , portfolio variance: 0.0011250618343391396
Norma del vettore g: 19.999999999999996
Strategy: rnd     , portfolio variance: 2.7826181193419466e-07
Norma del vettore g: 19.999999999999996
Strategy: rnd     , portfolio variance: 2.9058615154522534e-07
[========================================================              ] 80.39%
Norma del vettore g: 20.0
Strategy: min_var , portfolio variance: 1.6487397106160543e-05
Norma del vettore g: 20.0
Strategy: min_var , portfolio variance: 5.593782335874632e-13
Norma del vettore g: 20.0
Strategy: min_var , portfolio variance: 5.904341158243824e-13
Norma del vettore g: 20.0
Strategy: min_var , portfolio variance: 1.103859940083654e-06
Norma del vettore g: 20.0
Strategy: min_var , portfolio variance: 2.9842856476289996e-05
Norma del vettore g: 20.0
Strategy: min_var , portfolio variance: 0.08941944842699673
Norma del vettore g: 20.0
Strategy: min_var , portfolio variance: 6.643564202147895e-05
Norma del vettore g: 20.0
Strategy: min_var , portfolio variance: 7.419661006677988e-05
Norma del vettore g non è uguale a sqrt(N): 43.676570951709806
Norma del vettore g: 20.0
Strategy: omn     , portfolio variance: 6.664248764891104e-07
Norma del vettore g non è uguale a sqrt(N): 43.676570951709806
Norma del vettore g: 20.0
Strategy: omn     , portfolio variance: 6.693635535517687e-12
Norma del vettore g non è uguale a sqrt(N): 43.676570951709806
Norma del vettore g: 20.0
Strategy: omn     , portfolio variance: 7.094054298721579e-12
Norma del vettore g non è uguale a sqrt(N): 43.676570951709806
Norma del vettore g: 20.0
Strategy: omn     , portfolio variance: 1.422060558312781e-06
Norma del vettore g non è uguale a sqrt(N): 43.676570951709806
Norma del vettore g: 20.0
Strategy: omn     , portfolio variance: 1.131384498724188e-06
Norma del vettore g non è uguale a sqrt(N): 43.676570951709806
Norma del vettore g: 20.0
Strategy: omn     , portfolio variance: 0.002727068306702607
Norma del vettore g non è uguale a sqrt(N): 43.676570951709806
Norma del vettore g: 20.0
Strategy: omn     , portfolio variance: 1.6902560316285095e-06
Norma del vettore g non è uguale a sqrt(N): 43.676570951709806
Norma del vettore g: 20.0
Strategy: omn     , portfolio variance: 1.6809941648858568e-06
Norma del vettore g non è uguale a sqrt(N): 43.676570951709806
Norma del vettore g: 20.0
Strategy: mean_rev, portfolio variance: 6.664248764891104e-07
Norma del vettore g non è uguale a sqrt(N): 43.676570951709806
Norma del vettore g: 20.0
Strategy: mean_rev, portfolio variance: 6.693635535517687e-12
Norma del vettore g non è uguale a sqrt(N): 43.676570951709806
Norma del vettore g: 20.0
Strategy: mean_rev, portfolio variance: 7.094054298721579e-12
Norma del vettore g non è uguale a sqrt(N): 43.676570951709806
Norma del vettore g: 20.0
Strategy: mean_rev, portfolio variance: 1.422060558312781e-06
Norma del vettore g non è uguale a sqrt(N): 43.676570951709806
Norma del vettore g: 20.0
Strategy: mean_rev, portfolio variance: 1.131384498724188e-06
Norma del vettore g non è uguale a sqrt(N): 43.676570951709806
Norma del vettore g: 20.0
Strategy: mean_rev, portfolio variance: 0.002727068306702607
Norma del vettore g non è uguale a sqrt(N): 43.676570951709806
Norma del vettore g: 20.0
Strategy: mean_rev, portfolio variance: 1.6902560316285095e-06
Norma del vettore g non è uguale a sqrt(N): 43.676570951709806
Norma del vettore g: 20.0
Strategy: mean_rev, portfolio variance: 1.6809941648858568e-06
Norma del vettore g: 19.999999999999996
Strategy: rnd     , portfolio variance: 8.176423857214525e-08
Norma del vettore g: 20.000000000000004
Strategy: rnd     , portfolio variance: 2.4334102518504407e-08
Norma del vettore g: 19.999999999999996
Strategy: rnd     , portfolio variance: 2.116468722077753e-09
Norma del vettore g: 20.0
Strategy: rnd     , portfolio variance: 1.0503310266925134e-06
Norma del vettore g: 19.999999999999996
Strategy: rnd     , portfolio variance: 3.3485413339623997e-07
Norma del vettore g: 20.0
Strategy: rnd     , portfolio variance: 0.0011330881971880358
Norma del vettore g: 20.000000000000007
Strategy: rnd     , portfolio variance: 3.008493828356638e-07
Norma del vettore g: 20.000000000000007
Strategy: rnd     , portfolio variance: 2.7940772000340346e-07
[=========================================================             ] 82.35%
Norma del vettore g: 20.0
Strategy: min_var , portfolio variance: 1.7336919108767984e-05
Norma del vettore g: 20.0
Strategy: min_var , portfolio variance: 5.670937324268968e-13
Norma del vettore g: 20.0
Strategy: min_var , portfolio variance: 5.991363450383788e-13
Norma del vettore g: 20.0
Strategy: min_var , portfolio variance: 1.1047322508988426e-06
Norma del vettore g: 20.0
Strategy: min_var , portfolio variance: 3.071766116566144e-05
Norma del vettore g: 20.0
Strategy: min_var , portfolio variance: 0.09093982255880981
Norma del vettore g: 20.0
Strategy: min_var , portfolio variance: 6.75122325121152e-05
Norma del vettore g: 20.0
Strategy: min_var , portfolio variance: 6.962014985025151e-05
Norma del vettore g non è uguale a sqrt(N): 44.89284963237021
Norma del vettore g: 20.0
Strategy: omn     , portfolio variance: 6.198370154159894e-07
Norma del vettore g non è uguale a sqrt(N): 44.89284963237021
Norma del vettore g: 20.0
Strategy: omn     , portfolio variance: 2.2146260397052505e-12
Norma del vettore g non è uguale a sqrt(N): 44.89284963237021
Norma del vettore g: 20.0
Strategy: omn     , portfolio variance: 2.3399069558240015e-12
Norma del vettore g non è uguale a sqrt(N): 44.89284963237021
Norma del vettore g: 20.0
Strategy: omn     , portfolio variance: 1.2840579222986259e-06
Norma del vettore g non è uguale a sqrt(N): 44.89284963237021
Norma del vettore g: 20.0
Strategy: omn     , portfolio variance: 1.0933478951925826e-06
Norma del vettore g non è uguale a sqrt(N): 44.89284963237021
Norma del vettore g: 20.0
Strategy: omn     , portfolio variance: 0.002700097499595578
Norma del vettore g non è uguale a sqrt(N): 44.89284963237021
Norma del vettore g: 20.0
Strategy: omn     , portfolio variance: 1.510623456032507e-06
Norma del vettore g non è uguale a sqrt(N): 44.89284963237021
Norma del vettore g: 20.0
Strategy: omn     , portfolio variance: 1.4944417287579297e-06
Norma del vettore g non è uguale a sqrt(N): 44.89284963237021
Norma del vettore g: 20.0
Strategy: mean_rev, portfolio variance: 6.198370154159894e-07
Norma del vettore g non è uguale a sqrt(N): 44.89284963237021
Norma del vettore g: 20.0
Strategy: mean_rev, portfolio variance: 2.2146260397052505e-12
Norma del vettore g non è uguale a sqrt(N): 44.89284963237021
Norma del vettore g: 20.0
Strategy: mean_rev, portfolio variance: 2.3399069558240015e-12
Norma del vettore g non è uguale a sqrt(N): 44.89284963237021
Norma del vettore g: 20.0
Strategy: mean_rev, portfolio variance: 1.2840579222986259e-06
Norma del vettore g non è uguale a sqrt(N): 44.89284963237021
Norma del vettore g: 20.0
Strategy: mean_rev, portfolio variance: 1.0933478951925826e-06
Norma del vettore g non è uguale a sqrt(N): 44.89284963237021
Norma del vettore g: 20.0
Strategy: mean_rev, portfolio variance: 0.002700097499595578
Norma del vettore g non è uguale a sqrt(N): 44.89284963237021
Norma del vettore g: 20.0
Strategy: mean_rev, portfolio variance: 1.510623456032507e-06
Norma del vettore g non è uguale a sqrt(N): 44.89284963237021
Norma del vettore g: 20.0
Strategy: mean_rev, portfolio variance: 1.4944417287579297e-06
Norma del vettore g: 20.000000000000007
Strategy: rnd     , portfolio variance: 9.701361957122816e-08
Norma del vettore g: 20.000000000000004
Strategy: rnd     , portfolio variance: 4.776517910876869e-10
Norma del vettore g: 19.999999999999996
Strategy: rnd     , portfolio variance: 3.4656645300684222e-09
Norma del vettore g: 20.000000000000004
Strategy: rnd     , portfolio variance: 1.0965445352021885e-06
Norma del vettore g: 20.000000000000004
Strategy: rnd     , portfolio variance: 3.315507663526724e-07
Norma del vettore g: 20.000000000000004
Strategy: rnd     , portfolio variance: 0.0011521935700645307
Norma del vettore g: 20.0
Strategy: rnd     , portfolio variance: 3.348960940332059e-07
Norma del vettore g: 19.999999999999996
Strategy: rnd     , portfolio variance: 2.780012053854571e-07
[===========================================================           ] 84.31%
Norma del vettore g: 20.0
Strategy: min_var , portfolio variance: 1.827729112153195e-05
Norma del vettore g: 20.0
Strategy: min_var , portfolio variance: 6.006264515784275e-13
Norma del vettore g: 20.0
Strategy: min_var , portfolio variance: 6.345736710000115e-13
Norma del vettore g: 20.0
Strategy: min_var , portfolio variance: 1.1466711140988682e-06
Norma del vettore g: 20.0
Strategy: min_var , portfolio variance: 3.1748268600309476e-05
Norma del vettore g: 20.0
Strategy: min_var , portfolio variance: 0.0945979097608578
Norma del vettore g: 20.0
Strategy: min_var , portfolio variance: 7.002708184529725e-05
Norma del vettore g: 20.0
Strategy: min_var , portfolio variance: 7.664578763751892e-05
Norma del vettore g non è uguale a sqrt(N): 47.40833295936884
Norma del vettore g: 20.0
Strategy: omn     , portfolio variance: 7.43863887949801e-07
Norma del vettore g non è uguale a sqrt(N): 47.40833295936884
Norma del vettore g: 20.0
Strategy: omn     , portfolio variance: 2.0802906691046044e-12
Norma del vettore g non è uguale a sqrt(N): 47.40833295936884
Norma del vettore g: 20.0
Strategy: omn     , portfolio variance: 2.2081996027956225e-12
Norma del vettore g non è uguale a sqrt(N): 47.40833295936884
Norma del vettore g: 20.0
Strategy: omn     , portfolio variance: 1.2594564979626204e-06
Norma del vettore g non è uguale a sqrt(N): 47.40833295936884
Norma del vettore g: 20.0
Strategy: omn     , portfolio variance: 1.2759574104461094e-06
Norma del vettore g non è uguale a sqrt(N): 47.40833295936884
Norma del vettore g: 20.0
Strategy: omn     , portfolio variance: 0.0030352958058247363
Norma del vettore g non è uguale a sqrt(N): 47.40833295936884
Norma del vettore g: 20.0
Strategy: omn     , portfolio variance: 2.2993974156475143e-06
Norma del vettore g non è uguale a sqrt(N): 47.40833295936884
Norma del vettore g: 20.0
Strategy: omn     , portfolio variance: 2.146022107916151e-06
Norma del vettore g non è uguale a sqrt(N): 47.40833295936884
Norma del vettore g: 20.0
Strategy: mean_rev, portfolio variance: 7.43863887949801e-07
Norma del vettore g non è uguale a sqrt(N): 47.40833295936884
Norma del vettore g: 20.0
Strategy: mean_rev, portfolio variance: 2.0802906691046044e-12
Norma del vettore g non è uguale a sqrt(N): 47.40833295936884
Norma del vettore g: 20.0
Strategy: mean_rev, portfolio variance: 2.2081996027956225e-12
Norma del vettore g non è uguale a sqrt(N): 47.40833295936884
Norma del vettore g: 20.0
Strategy: mean_rev, portfolio variance: 1.2594564979626204e-06
Norma del vettore g non è uguale a sqrt(N): 47.40833295936884
Norma del vettore g: 20.0
Strategy: mean_rev, portfolio variance: 1.2759574104461094e-06
Norma del vettore g non è uguale a sqrt(N): 47.40833295936884
Norma del vettore g: 20.0
Strategy: mean_rev, portfolio variance: 0.0030352958058247363
Norma del vettore g non è uguale a sqrt(N): 47.40833295936884
Norma del vettore g: 20.0
Strategy: mean_rev, portfolio variance: 2.2993974156475143e-06
Norma del vettore g non è uguale a sqrt(N): 47.40833295936884
Norma del vettore g: 20.0
Strategy: mean_rev, portfolio variance: 2.146022107916151e-06
Norma del vettore g: 20.0
Strategy: rnd     , portfolio variance: 1.0031943167769821e-07
Norma del vettore g: 19.999999999999996
Strategy: rnd     , portfolio variance: 4.625063738695023e-09
Norma del vettore g: 19.999999999999996
Strategy: rnd     , portfolio variance: 1.0652485496475542e-09
Norma del vettore g: 19.999999999999996
Strategy: rnd     , portfolio variance: 1.1249435574286029e-06
Norma del vettore g: 20.0
Strategy: rnd     , portfolio variance: 3.4842393618105687e-07
Norma del vettore g: 20.000000000000004
Strategy: rnd     , portfolio variance: 0.0011152391973372677
Norma del vettore g: 19.999999999999993
Strategy: rnd     , portfolio variance: 3.229473225720193e-07
Norma del vettore g: 20.0
Strategy: rnd     , portfolio variance: 3.5658262462587833e-07
[============================================================          ] 86.27%
Norma del vettore g: 20.0
Strategy: min_var , portfolio variance: 1.956637635914344e-05
Norma del vettore g: 20.0
Strategy: min_var , portfolio variance: 5.925607223474895e-13
Norma del vettore g: 20.0
Strategy: min_var , portfolio variance: 6.264371897297177e-13
Norma del vettore g: 20.0
Strategy: min_var , portfolio variance: 1.1897283782837834e-06
Norma del vettore g: 20.0
Strategy: min_var , portfolio variance: 3.3196803259794846e-05
Norma del vettore g: 20.0
Strategy: min_var , portfolio variance: 0.10163168983321581
Norma del vettore g: 20.0
Strategy: min_var , portfolio variance: 7.365020583321587e-05
Norma del vettore g: 20.0
Strategy: min_var , portfolio variance: 8.119918441165997e-05
Norma del vettore g non è uguale a sqrt(N): 42.61545479280419
Norma del vettore g: 20.000000000000004
Strategy: omn     , portfolio variance: 6.027421379713956e-07
Norma del vettore g non è uguale a sqrt(N): 42.61545479280419
Norma del vettore g: 20.000000000000004
Strategy: omn     , portfolio variance: 5.0284397643934585e-11
Norma del vettore g non è uguale a sqrt(N): 42.61545479280419
Norma del vettore g: 20.000000000000004
Strategy: omn     , portfolio variance: 5.0083252243912776e-11
Norma del vettore g non è uguale a sqrt(N): 42.61545479280419
Norma del vettore g: 20.000000000000004
Strategy: omn     , portfolio variance: 1.5434876752745924e-06
Norma del vettore g non è uguale a sqrt(N): 42.61545479280419
Norma del vettore g: 20.000000000000004
Strategy: omn     , portfolio variance: 1.0380747107255005e-06
Norma del vettore g non è uguale a sqrt(N): 42.61545479280419
Norma del vettore g: 20.000000000000004
Strategy: omn     , portfolio variance: 0.0021951748631098686
Norma del vettore g non è uguale a sqrt(N): 42.61545479280419
Norma del vettore g: 20.000000000000004
Strategy: omn     , portfolio variance: 1.4160490422403074e-06
Norma del vettore g non è uguale a sqrt(N): 42.61545479280419
Norma del vettore g: 20.000000000000004
Strategy: omn     , portfolio variance: 1.3811365579717098e-06
Norma del vettore g non è uguale a sqrt(N): 42.61545479280419
Norma del vettore g: 20.000000000000004
Strategy: mean_rev, portfolio variance: 6.027421379713956e-07
Norma del vettore g non è uguale a sqrt(N): 42.61545479280419
Norma del vettore g: 20.000000000000004
Strategy: mean_rev, portfolio variance: 5.0284397643934585e-11
Norma del vettore g non è uguale a sqrt(N): 42.61545479280419
Norma del vettore g: 20.000000000000004
Strategy: mean_rev, portfolio variance: 5.0083252243912776e-11
Norma del vettore g non è uguale a sqrt(N): 42.61545479280419
Norma del vettore g: 20.000000000000004
Strategy: mean_rev, portfolio variance: 1.5434876752745924e-06
Norma del vettore g non è uguale a sqrt(N): 42.61545479280419
Norma del vettore g: 20.000000000000004
Strategy: mean_rev, portfolio variance: 1.0380747107255005e-06
Norma del vettore g non è uguale a sqrt(N): 42.61545479280419
Norma del vettore g: 20.000000000000004
Strategy: mean_rev, portfolio variance: 0.0021951748631098686
Norma del vettore g non è uguale a sqrt(N): 42.61545479280419
Norma del vettore g: 20.000000000000004
Strategy: mean_rev, portfolio variance: 1.4160490422403074e-06
Norma del vettore g non è uguale a sqrt(N): 42.61545479280419
Norma del vettore g: 20.000000000000004
Strategy: mean_rev, portfolio variance: 1.3811365579717098e-06
Norma del vettore g: 20.0
Strategy: rnd     , portfolio variance: 9.335016638727198e-08
Norma del vettore g: 20.0
Strategy: rnd     , portfolio variance: 1.060774981363836e-09
Norma del vettore g: 20.0
Strategy: rnd     , portfolio variance: 9.942887591622539e-11
Norma del vettore g: 20.0
Strategy: rnd     , portfolio variance: 1.2676147684176384e-06
Norma del vettore g: 20.0
Strategy: rnd     , portfolio variance: 3.257094815530369e-07
Norma del vettore g: 19.999999999999996
Strategy: rnd     , portfolio variance: 0.0010563356687216963
Norma del vettore g: 19.999999999999996
Strategy: rnd     , portfolio variance: 2.1155937917654776e-07
Norma del vettore g: 20.0
Strategy: rnd     , portfolio variance: 3.416383664772965e-07
[=============================================================         ] 88.24%
Norma del vettore g: 20.0
Strategy: min_var , portfolio variance: 1.942447217160864e-05
Norma del vettore g: 20.0
Strategy: min_var , portfolio variance: 5.880845341766762e-13
Norma del vettore g: 20.0
Strategy: min_var , portfolio variance: 6.229126807385144e-13
Norma del vettore g: 20.0
Strategy: min_var , portfolio variance: 1.229228187703624e-06
Norma del vettore g: 20.0
Strategy: min_var , portfolio variance: 3.41722304339148e-05
Norma del vettore g: 20.0
Strategy: min_var , portfolio variance: 0.10715724985892824
Norma del vettore g: 20.0
Strategy: min_var , portfolio variance: 7.606337914752858e-05
Norma del vettore g: 20.0
Strategy: min_var , portfolio variance: 8.139009768558749e-05
Norma del vettore g non è uguale a sqrt(N): 74.6349361956695
Norma del vettore g: 20.000000000000004
Strategy: omn     , portfolio variance: 1.227131935462883e-06
Norma del vettore g non è uguale a sqrt(N): 74.6349361956695
Norma del vettore g: 20.000000000000004
Strategy: omn     , portfolio variance: 3.1062065268723067e-12
Norma del vettore g non è uguale a sqrt(N): 74.6349361956695
Norma del vettore g: 20.000000000000004
Strategy: omn     , portfolio variance: 3.2556533341805065e-12
Norma del vettore g non è uguale a sqrt(N): 74.6349361956695
Norma del vettore g: 20.000000000000004
Strategy: omn     , portfolio variance: 2.1770312675069286e-06
Norma del vettore g non è uguale a sqrt(N): 74.6349361956695
Norma del vettore g: 20.000000000000004
Strategy: omn     , portfolio variance: 1.917361112812168e-06
Norma del vettore g non è uguale a sqrt(N): 74.6349361956695
Norma del vettore g: 20.000000000000004
Strategy: omn     , portfolio variance: 0.0024576265505852164
Norma del vettore g non è uguale a sqrt(N): 74.6349361956695
Norma del vettore g: 20.000000000000004
Strategy: omn     , portfolio variance: 3.1386690247948646e-06
Norma del vettore g non è uguale a sqrt(N): 74.6349361956695
Norma del vettore g: 20.000000000000004
Strategy: omn     , portfolio variance: 3.3077080602279397e-06
Norma del vettore g non è uguale a sqrt(N): 74.6349361956695
Norma del vettore g: 20.000000000000004
Strategy: mean_rev, portfolio variance: 1.227131935462883e-06
Norma del vettore g non è uguale a sqrt(N): 74.6349361956695
Norma del vettore g: 20.000000000000004
Strategy: mean_rev, portfolio variance: 3.1062065268723067e-12
Norma del vettore g non è uguale a sqrt(N): 74.6349361956695
Norma del vettore g: 20.000000000000004
Strategy: mean_rev, portfolio variance: 3.2556533341805065e-12
Norma del vettore g non è uguale a sqrt(N): 74.6349361956695
Norma del vettore g: 20.000000000000004
Strategy: mean_rev, portfolio variance: 2.1770312675069286e-06
Norma del vettore g non è uguale a sqrt(N): 74.6349361956695
Norma del vettore g: 20.000000000000004
Strategy: mean_rev, portfolio variance: 1.917361112812168e-06
Norma del vettore g non è uguale a sqrt(N): 74.6349361956695
Norma del vettore g: 20.000000000000004
Strategy: mean_rev, portfolio variance: 0.0024576265505852164
Norma del vettore g non è uguale a sqrt(N): 74.6349361956695
Norma del vettore g: 20.000000000000004
Strategy: mean_rev, portfolio variance: 3.1386690247948646e-06
Norma del vettore g non è uguale a sqrt(N): 74.6349361956695
Norma del vettore g: 20.000000000000004
Strategy: mean_rev, portfolio variance: 3.3077080602279397e-06
Norma del vettore g: 20.000000000000007
Strategy: rnd     , portfolio variance: 8.122266662279993e-08
Norma del vettore g: 19.999999999999993
Strategy: rnd     , portfolio variance: 3.307605245830018e-10
Norma del vettore g: 20.000000000000004
Strategy: rnd     , portfolio variance: 1.0277381955704076e-09
Norma del vettore g: 20.000000000000004
Strategy: rnd     , portfolio variance: 1.1958674344548729e-06
Norma del vettore g: 20.000000000000007
Strategy: rnd     , portfolio variance: 3.377373189456813e-07
Norma del vettore g: 20.000000000000007
Strategy: rnd     , portfolio variance: 0.0011331879138305047
Norma del vettore g: 20.0
Strategy: rnd     , portfolio variance: 3.422097335318515e-07
Norma del vettore g: 19.999999999999996
Strategy: rnd     , portfolio variance: 3.743814830537955e-07
[===============================================================       ] 90.20%
Norma del vettore g: 20.0
Strategy: min_var , portfolio variance: 1.9465530972262148e-05
Norma del vettore g: 20.0
Strategy: min_var , portfolio variance: 5.980013387745193e-13
Norma del vettore g: 20.0
Strategy: min_var , portfolio variance: 6.325659316675379e-13
Norma del vettore g: 20.0
Strategy: min_var , portfolio variance: 1.255317811651504e-06
Norma del vettore g: 20.0
Strategy: min_var , portfolio variance: 3.550863484166928e-05
Norma del vettore g: 20.0
Strategy: min_var , portfolio variance: 0.11055409484793158
Norma del vettore g: 20.0
Strategy: min_var , portfolio variance: 8.083482517159759e-05
Norma del vettore g: 20.0
Strategy: min_var , portfolio variance: 8.459739143678578e-05
Norma del vettore g non è uguale a sqrt(N): 109.84824280635496
Norma del vettore g: 20.0
Strategy: omn     , portfolio variance: 4.207607912068221e-06
Norma del vettore g non è uguale a sqrt(N): 109.84824280635496
Norma del vettore g: 20.0
Strategy: omn     , portfolio variance: 1.484241359366018e-12
Norma del vettore g non è uguale a sqrt(N): 109.84824280635496
Norma del vettore g: 20.0
Strategy: omn     , portfolio variance: 1.6057413518016979e-12
Norma del vettore g non è uguale a sqrt(N): 109.84824280635496
Norma del vettore g: 20.0
Strategy: omn     , portfolio variance: 1.8211377934009752e-06
Norma del vettore g non è uguale a sqrt(N): 109.84824280635496
Norma del vettore g: 20.0
Strategy: omn     , portfolio variance: 6.595049989634816e-06
Norma del vettore g non è uguale a sqrt(N): 109.84824280635496
Norma del vettore g: 20.0
Strategy: omn     , portfolio variance: 0.008343098711795545
Norma del vettore g non è uguale a sqrt(N): 109.84824280635496
Norma del vettore g: 20.0
Strategy: omn     , portfolio variance: 1.6526354764273382e-05
Norma del vettore g non è uguale a sqrt(N): 109.84824280635496
Norma del vettore g: 20.0
Strategy: omn     , portfolio variance: 1.6440559987420372e-05
Norma del vettore g non è uguale a sqrt(N): 109.84824280635496
Norma del vettore g: 20.0
Strategy: mean_rev, portfolio variance: 4.207607912068221e-06
Norma del vettore g non è uguale a sqrt(N): 109.84824280635496
Norma del vettore g: 20.0
Strategy: mean_rev, portfolio variance: 1.484241359366018e-12
Norma del vettore g non è uguale a sqrt(N): 109.84824280635496
Norma del vettore g: 20.0
Strategy: mean_rev, portfolio variance: 1.6057413518016979e-12
Norma del vettore g non è uguale a sqrt(N): 109.84824280635496
Norma del vettore g: 20.0
Strategy: mean_rev, portfolio variance: 1.8211377934009752e-06
Norma del vettore g non è uguale a sqrt(N): 109.84824280635496
Norma del vettore g: 20.0
Strategy: mean_rev, portfolio variance: 6.595049989634816e-06
Norma del vettore g non è uguale a sqrt(N): 109.84824280635496
Norma del vettore g: 20.0
Strategy: mean_rev, portfolio variance: 0.008343098711795545
Norma del vettore g non è uguale a sqrt(N): 109.84824280635496
Norma del vettore g: 20.0
Strategy: mean_rev, portfolio variance: 1.6526354764273382e-05
Norma del vettore g non è uguale a sqrt(N): 109.84824280635496
Norma del vettore g: 20.0
Strategy: mean_rev, portfolio variance: 1.6440559987420372e-05
Norma del vettore g: 19.999999999999996
Strategy: rnd     , portfolio variance: 1.0942167478816682e-07
Norma del vettore g: 20.0
Strategy: rnd     , portfolio variance: 1.4307606495268037e-08
Norma del vettore g: 19.999999999999993
Strategy: rnd     , portfolio variance: 1.3039622665750743e-10
Norma del vettore g: 20.0
Strategy: rnd     , portfolio variance: 1.2332301161170145e-06
Norma del vettore g: 19.999999999999993
Strategy: rnd     , portfolio variance: 3.584538275160133e-07
Norma del vettore g: 20.000000000000007
Strategy: rnd     , portfolio variance: 0.001050991051062097
Norma del vettore g: 20.00000000000001
Strategy: rnd     , portfolio variance: 3.100254032059978e-07
Norma del vettore g: 20.000000000000004
Strategy: rnd     , portfolio variance: 2.937149724287745e-07
[================================================================      ] 92.16%
Norma del vettore g: 20.0
Strategy: min_var , portfolio variance: 1.3879682267253052e-05
Norma del vettore g: 20.0
Strategy: min_var , portfolio variance: 7.587659497980143e-13
Norma del vettore g: 20.0
Strategy: min_var , portfolio variance: 7.830164337390521e-13
Norma del vettore g: 20.0
Strategy: min_var , portfolio variance: 7.93923146603812e-07
Norma del vettore g: 20.0
Strategy: min_var , portfolio variance: 2.2963730609816458e-05
Norma del vettore g: 20.0
Strategy: min_var , portfolio variance: 0.09878499312695674
Norma del vettore g: 20.0
Strategy: min_var , portfolio variance: 5.009793453389471e-05
Norma del vettore g: 20.0
Strategy: min_var , portfolio variance: 5.211880480310647e-05
Norma del vettore g non è uguale a sqrt(N): 58.839489736553325
Norma del vettore g: 19.999999999999993
Strategy: omn     , portfolio variance: 8.79382833660438e-07
Norma del vettore g non è uguale a sqrt(N): 58.839489736553325
Norma del vettore g: 19.999999999999993
Strategy: omn     , portfolio variance: 4.353141035360193e-12
Norma del vettore g non è uguale a sqrt(N): 58.839489736553325
Norma del vettore g: 19.999999999999993
Strategy: omn     , portfolio variance: 4.439559345256709e-12
Norma del vettore g non è uguale a sqrt(N): 58.839489736553325
Norma del vettore g: 19.999999999999993
Strategy: omn     , portfolio variance: 1.0140692507080135e-06
Norma del vettore g non è uguale a sqrt(N): 58.839489736553325
Norma del vettore g: 19.999999999999993
Strategy: omn     , portfolio variance: 1.2501949216438586e-06
Norma del vettore g non è uguale a sqrt(N): 58.839489736553325
Norma del vettore g: 19.999999999999993
Strategy: omn     , portfolio variance: 0.0030999049777567494
Norma del vettore g non è uguale a sqrt(N): 58.839489736553325
Norma del vettore g: 19.999999999999993
Strategy: omn     , portfolio variance: 1.9305316707430523e-06
Norma del vettore g non è uguale a sqrt(N): 58.839489736553325
Norma del vettore g: 19.999999999999993
Strategy: omn     , portfolio variance: 2.1685483712903365e-06
Norma del vettore g non è uguale a sqrt(N): 58.839489736553325
Norma del vettore g: 19.999999999999993
Strategy: mean_rev, portfolio variance: 8.79382833660438e-07
Norma del vettore g non è uguale a sqrt(N): 58.839489736553325
Norma del vettore g: 19.999999999999993
Strategy: mean_rev, portfolio variance: 4.353141035360193e-12
Norma del vettore g non è uguale a sqrt(N): 58.839489736553325
Norma del vettore g: 19.999999999999993
Strategy: mean_rev, portfolio variance: 4.439559345256709e-12
Norma del vettore g non è uguale a sqrt(N): 58.839489736553325
Norma del vettore g: 19.999999999999993
Strategy: mean_rev, portfolio variance: 1.0140692507080135e-06
Norma del vettore g non è uguale a sqrt(N): 58.839489736553325
Norma del vettore g: 19.999999999999993
Strategy: mean_rev, portfolio variance: 1.2501949216438586e-06
Norma del vettore g non è uguale a sqrt(N): 58.839489736553325
Norma del vettore g: 19.999999999999993
Strategy: mean_rev, portfolio variance: 0.0030999049777567494
Norma del vettore g non è uguale a sqrt(N): 58.839489736553325
Norma del vettore g: 19.999999999999993
Strategy: mean_rev, portfolio variance: 1.9305316707430523e-06
Norma del vettore g non è uguale a sqrt(N): 58.839489736553325
Norma del vettore g: 19.999999999999993
Strategy: mean_rev, portfolio variance: 2.1685483712903365e-06
Norma del vettore g: 20.000000000000007
Strategy: rnd     , portfolio variance: 1.0163540455215791e-07
Norma del vettore g: 19.999999999999993
Strategy: rnd     , portfolio variance: 1.5287533980981298e-09
Norma del vettore g: 20.0
Strategy: rnd     , portfolio variance: 5.588749914489647e-11
Norma del vettore g: 19.999999999999993
Strategy: rnd     , portfolio variance: 7.982787037616325e-07
Norma del vettore g: 20.000000000000007
Strategy: rnd     , portfolio variance: 2.8361884614805643e-07
Norma del vettore g: 20.0
Strategy: rnd     , portfolio variance: 0.0010670532724232455
Norma del vettore g: 19.999999999999993
Strategy: rnd     , portfolio variance: 2.552940000881008e-07
Norma del vettore g: 20.000000000000007
Strategy: rnd     , portfolio variance: 2.4225215664220934e-07
[=================================================================     ] 94.12%
Norma del vettore g: 20.0
Strategy: min_var , portfolio variance: 1.3089181253212308e-05
Norma del vettore g: 20.0
Strategy: min_var , portfolio variance: 7.823814995522759e-13
Norma del vettore g: 20.0
Strategy: min_var , portfolio variance: 8.062243954880406e-13
Norma del vettore g: 20.0
Strategy: min_var , portfolio variance: 7.523987604395953e-07
Norma del vettore g: 20.0
Strategy: min_var , portfolio variance: 2.1158389726398932e-05
Norma del vettore g: 20.0
Strategy: min_var , portfolio variance: 0.09579351987814652
Norma del vettore g: 20.0
Strategy: min_var , portfolio variance: 4.6957327303890606e-05
Norma del vettore g: 20.0
Strategy: min_var , portfolio variance: 4.906866802041307e-05
Norma del vettore g non è uguale a sqrt(N): 79.30833320318938
Norma del vettore g: 20.0
Strategy: omn     , portfolio variance: 1.3192517538146174e-06
Norma del vettore g non è uguale a sqrt(N): 79.30833320318938
Norma del vettore g: 20.0
Strategy: omn     , portfolio variance: 2.021950683093539e-12
Norma del vettore g non è uguale a sqrt(N): 79.30833320318938
Norma del vettore g: 20.0
Strategy: omn     , portfolio variance: 2.091350082407963e-12
Norma del vettore g non è uguale a sqrt(N): 79.30833320318938
Norma del vettore g: 20.0
Strategy: omn     , portfolio variance: 1.1711468946701671e-06
Norma del vettore g non è uguale a sqrt(N): 79.30833320318938
Norma del vettore g: 20.0
Strategy: omn     , portfolio variance: 2.0138107551229484e-06
Norma del vettore g non è uguale a sqrt(N): 79.30833320318938
Norma del vettore g: 20.0
Strategy: omn     , portfolio variance: 0.004824268134065411
Norma del vettore g non è uguale a sqrt(N): 79.30833320318938
Norma del vettore g: 20.0
Strategy: omn     , portfolio variance: 3.5642240878065337e-06
Norma del vettore g non è uguale a sqrt(N): 79.30833320318938
Norma del vettore g: 20.0
Strategy: omn     , portfolio variance: 3.5853495350234374e-06
Norma del vettore g non è uguale a sqrt(N): 79.30833320318938
Norma del vettore g: 20.0
Strategy: mean_rev, portfolio variance: 1.3192517538146174e-06
Norma del vettore g non è uguale a sqrt(N): 79.30833320318938
Norma del vettore g: 20.0
Strategy: mean_rev, portfolio variance: 2.021950683093539e-12
Norma del vettore g non è uguale a sqrt(N): 79.30833320318938
Norma del vettore g: 20.0
Strategy: mean_rev, portfolio variance: 2.091350082407963e-12
Norma del vettore g non è uguale a sqrt(N): 79.30833320318938
Norma del vettore g: 20.0
Strategy: mean_rev, portfolio variance: 1.1711468946701671e-06
Norma del vettore g non è uguale a sqrt(N): 79.30833320318938
Norma del vettore g: 20.0
Strategy: mean_rev, portfolio variance: 2.0138107551229484e-06
Norma del vettore g non è uguale a sqrt(N): 79.30833320318938
Norma del vettore g: 20.0
Strategy: mean_rev, portfolio variance: 0.004824268134065411
Norma del vettore g non è uguale a sqrt(N): 79.30833320318938
Norma del vettore g: 20.0
Strategy: mean_rev, portfolio variance: 3.5642240878065337e-06
Norma del vettore g non è uguale a sqrt(N): 79.30833320318938
Norma del vettore g: 20.0
Strategy: mean_rev, portfolio variance: 3.5853495350234374e-06
Norma del vettore g: 20.000000000000007
Strategy: rnd     , portfolio variance: 8.716906189892609e-08
Norma del vettore g: 20.000000000000007
Strategy: rnd     , portfolio variance: 5.507147205903333e-11
Norma del vettore g: 20.0
Strategy: rnd     , portfolio variance: 5.630806236063644e-11
Norma del vettore g: 20.000000000000004
Strategy: rnd     , portfolio variance: 7.282423416773278e-07
Norma del vettore g: 19.999999999999996
Strategy: rnd     , portfolio variance: 2.7471297177404595e-07
Norma del vettore g: 19.99999999999999
Strategy: rnd     , portfolio variance: 0.0011503540734465953
Norma del vettore g: 20.000000000000007
Strategy: rnd     , portfolio variance: 2.7419413417214903e-07
Norma del vettore g: 19.999999999999996
Strategy: rnd     , portfolio variance: 2.2211089178465572e-07
[===================================================================   ] 96.08%
Norma del vettore g: 20.0
Strategy: min_var , portfolio variance: 1.289637339531263e-05
Norma del vettore g: 20.0
Strategy: min_var , portfolio variance: 7.556502919412216e-13
Norma del vettore g: 20.0
Strategy: min_var , portfolio variance: 7.75703821055639e-13
Norma del vettore g: 20.0
Strategy: min_var , portfolio variance: 7.092048531037764e-07
Norma del vettore g: 20.0
Strategy: min_var , portfolio variance: 2.0146565946879184e-05
Norma del vettore g: 20.0
Strategy: min_var , portfolio variance: 0.09488698353228561
Norma del vettore g: 20.0
Strategy: min_var , portfolio variance: 4.382459853940182e-05
Norma del vettore g: 20.0
Strategy: min_var , portfolio variance: 4.536034242771293e-05
Norma del vettore g non è uguale a sqrt(N): 68.23452119023908
Norma del vettore g: 20.0
Strategy: omn     , portfolio variance: 9.870953840324926e-07
Norma del vettore g non è uguale a sqrt(N): 68.23452119023908
Norma del vettore g: 20.0
Strategy: omn     , portfolio variance: 1.8403638686229446e-12
Norma del vettore g non è uguale a sqrt(N): 68.23452119023908
Norma del vettore g: 20.0
Strategy: omn     , portfolio variance: 1.90819367266642e-12
Norma del vettore g non è uguale a sqrt(N): 68.23452119023908
Norma del vettore g: 20.0
Strategy: omn     , portfolio variance: 1.0201734685201082e-06
Norma del vettore g non è uguale a sqrt(N): 68.23452119023908
Norma del vettore g: 20.0
Strategy: omn     , portfolio variance: 1.5431251819192923e-06
Norma del vettore g non è uguale a sqrt(N): 68.23452119023908
Norma del vettore g: 20.0
Strategy: omn     , portfolio variance: 0.00419977591807694
Norma del vettore g non è uguale a sqrt(N): 68.23452119023908
Norma del vettore g: 20.0
Strategy: omn     , portfolio variance: 2.4445084001257844e-06
Norma del vettore g non è uguale a sqrt(N): 68.23452119023908
Norma del vettore g: 20.0
Strategy: omn     , portfolio variance: 2.2948964781284834e-06
Norma del vettore g non è uguale a sqrt(N): 68.23452119023908
Norma del vettore g: 20.0
Strategy: mean_rev, portfolio variance: 9.870953840324926e-07
Norma del vettore g non è uguale a sqrt(N): 68.23452119023908
Norma del vettore g: 20.0
Strategy: mean_rev, portfolio variance: 1.8403638686229446e-12
Norma del vettore g non è uguale a sqrt(N): 68.23452119023908
Norma del vettore g: 20.0
Strategy: mean_rev, portfolio variance: 1.90819367266642e-12
Norma del vettore g non è uguale a sqrt(N): 68.23452119023908
Norma del vettore g: 20.0
Strategy: mean_rev, portfolio variance: 1.0201734685201082e-06
Norma del vettore g non è uguale a sqrt(N): 68.23452119023908
Norma del vettore g: 20.0
Strategy: mean_rev, portfolio variance: 1.5431251819192923e-06
Norma del vettore g non è uguale a sqrt(N): 68.23452119023908
Norma del vettore g: 20.0
Strategy: mean_rev, portfolio variance: 0.00419977591807694
Norma del vettore g non è uguale a sqrt(N): 68.23452119023908
Norma del vettore g: 20.0
Strategy: mean_rev, portfolio variance: 2.4445084001257844e-06
Norma del vettore g non è uguale a sqrt(N): 68.23452119023908
Norma del vettore g: 20.0
Strategy: mean_rev, portfolio variance: 2.2948964781284834e-06
Norma del vettore g: 19.999999999999996
Strategy: rnd     , portfolio variance: 6.305378949232405e-08
Norma del vettore g: 19.999999999999996
Strategy: rnd     , portfolio variance: 8.357059710097638e-10
Norma del vettore g: 19.999999999999996
Strategy: rnd     , portfolio variance: 7.942315319532227e-10
Norma del vettore g: 20.000000000000004
Strategy: rnd     , portfolio variance: 7.350414329268202e-07
Norma del vettore g: 19.999999999999996
Strategy: rnd     , portfolio variance: 2.444501604963523e-07
Norma del vettore g: 19.999999999999996
Strategy: rnd     , portfolio variance: 0.0011847327001707664
Norma del vettore g: 20.000000000000004
Strategy: rnd     , portfolio variance: 2.294549297144197e-07
Norma del vettore g: 20.000000000000004
Strategy: rnd     , portfolio variance: 2.2753053298307477e-07
[====================================================================  ] 98.04%
Norma del vettore g: 20.0
Strategy: min_var , portfolio variance: 1.3676120683106238e-05
Norma del vettore g: 20.0
Strategy: min_var , portfolio variance: 7.224668864674719e-13
Norma del vettore g: 20.0
Strategy: min_var , portfolio variance: 7.420994278667988e-13
Norma del vettore g: 20.0
Strategy: min_var , portfolio variance: 6.895258272899877e-07
Norma del vettore g: 20.0
Strategy: min_var , portfolio variance: 2.0282045648912445e-05
Norma del vettore g: 20.0
Strategy: min_var , portfolio variance: 0.09549672210102697
Norma del vettore g: 20.0
Strategy: min_var , portfolio variance: 4.29103814366003e-05
Norma del vettore g: 20.0
Strategy: min_var , portfolio variance: 4.319055934788604e-05
Norma del vettore g non è uguale a sqrt(N): 36.913312648967114
Norma del vettore g: 20.000000000000004
Strategy: omn     , portfolio variance: 4.4636545717232745e-07
Norma del vettore g non è uguale a sqrt(N): 36.913312648967114
Norma del vettore g: 20.000000000000004
Strategy: omn     , portfolio variance: 8.954092631558129e-12
Norma del vettore g non è uguale a sqrt(N): 36.913312648967114
Norma del vettore g: 20.000000000000004
Strategy: omn     , portfolio variance: 9.285068924342686e-12
Norma del vettore g non è uguale a sqrt(N): 36.913312648967114
Norma del vettore g: 20.000000000000004
Strategy: omn     , portfolio variance: 8.336254557046145e-07
Norma del vettore g non è uguale a sqrt(N): 36.913312648967114
Norma del vettore g: 20.000000000000004
Strategy: omn     , portfolio variance: 7.070688117905014e-07
Norma del vettore g non è uguale a sqrt(N): 36.913312648967114
Norma del vettore g: 20.000000000000004
Strategy: omn     , portfolio variance: 0.0024149564259538228
Norma del vettore g non è uguale a sqrt(N): 36.913312648967114
Norma del vettore g: 20.000000000000004
Strategy: omn     , portfolio variance: 1.1046704554229118e-06
Norma del vettore g non è uguale a sqrt(N): 36.913312648967114
Norma del vettore g: 20.000000000000004
Strategy: omn     , portfolio variance: 1.0366098440845585e-06
Norma del vettore g non è uguale a sqrt(N): 36.913312648967114
Norma del vettore g: 20.000000000000004
Strategy: mean_rev, portfolio variance: 4.4636545717232745e-07
Norma del vettore g non è uguale a sqrt(N): 36.913312648967114
Norma del vettore g: 20.000000000000004
Strategy: mean_rev, portfolio variance: 8.954092631558129e-12
Norma del vettore g non è uguale a sqrt(N): 36.913312648967114
Norma del vettore g: 20.000000000000004
Strategy: mean_rev, portfolio variance: 9.285068924342686e-12
Norma del vettore g non è uguale a sqrt(N): 36.913312648967114
Norma del vettore g: 20.000000000000004
Strategy: mean_rev, portfolio variance: 8.336254557046145e-07
Norma del vettore g non è uguale a sqrt(N): 36.913312648967114
Norma del vettore g: 20.000000000000004
Strategy: mean_rev, portfolio variance: 7.070688117905014e-07
Norma del vettore g non è uguale a sqrt(N): 36.913312648967114
Norma del vettore g: 20.000000000000004
Strategy: mean_rev, portfolio variance: 0.0024149564259538228
Norma del vettore g non è uguale a sqrt(N): 36.913312648967114
Norma del vettore g: 20.000000000000004
Strategy: mean_rev, portfolio variance: 1.1046704554229118e-06
Norma del vettore g non è uguale a sqrt(N): 36.913312648967114
Norma del vettore g: 20.000000000000004
Strategy: mean_rev, portfolio variance: 1.0366098440845585e-06
Norma del vettore g: 19.999999999999993
Strategy: rnd     , portfolio variance: 6.898484298814948e-08
Norma del vettore g: 19.999999999999993
Strategy: rnd     , portfolio variance: 1.375374276717529e-08
Norma del vettore g: 19.999999999999996
Strategy: rnd     , portfolio variance: 8.252437155451227e-11
Norma del vettore g: 20.0
Strategy: rnd     , portfolio variance: 7.304578910197685e-07
Norma del vettore g: 20.0
Strategy: rnd     , portfolio variance: 2.3557839752442357e-07
Norma del vettore g: 19.999999999999993
Strategy: rnd     , portfolio variance: 0.0011657242853110737
Norma del vettore g: 20.000000000000007
Strategy: rnd     , portfolio variance: 2.5999527157895575e-07
Norma del vettore g: 20.0
Strategy: rnd     , portfolio variance: 2.4159435895749135e-07

SUMMARY STATISTICS OVER ROLLING WINDOWS

STRATEGY |  METHOD |  MEAN VARIANCE       |  CV%
---------------------------------------------------
min_var  | Sample  | 2.43e+02 +/- 1.7e+03 | 713.0
min_var  | Rie     | 5.31e-01 +/- 3.2e-01 | 59.7
min_var  | IW      | 3.47e-01 +/- 1.2e-01 | 35.0
min_var  | Clipped | 3.40e-01 +/- 1.2e-01 | 36.2
min_var  | Shrunk  | 2.94e-01 +/- 9.7e-02 | 33.1
min_var  | Kendall | 1.67e+26 +/- 6.0e+26 | 356.5
min_var  | TMFG    | 9.07e-01 +/- 4.4e+00 | 490.3
min_var  | TMFG_MI | 4.23e-01 +/- 1.0e+00 | 239.2
---------------------------------------------------
omn      | Sample  | 3.58e+01 +/- 2.6e+02 | 713.9
omn      | Rie     | 4.64e+00 +/- 7.5e+00 | 160.8
omn      | IW      | 8.99e+00 +/- 2.5e+01 | 273.6
omn      | Clipped | 1.25e-01 +/- 9.9e-02 | 78.8
omn      | Shrunk  | 4.99e-03 +/- 2.6e-03 | 52.6
omn      | Kendall | 1.80e+10 +/- 1.3e+11 | 714.1
omn      | TMFG    | 3.02e-02 +/- 1.8e-01 | 579.5
omn      | TMFG_MI | 8.45e-02 +/- 5.6e-01 | 665.2
---------------------------------------------------
mean_rev | Sample  | 3.58e+01 +/- 2.6e+02 | 713.9
mean_rev | Rie     | 4.64e+00 +/- 7.5e+00 | 160.8
mean_rev | IW      | 8.99e+00 +/- 2.5e+01 | 273.6
mean_rev | Clipped | 1.25e-01 +/- 9.9e-02 | 78.8
mean_rev | Shrunk  | 4.99e-03 +/- 2.6e-03 | 52.6
mean_rev | Kendall | 1.80e+10 +/- 1.3e+11 | 714.1
mean_rev | TMFG    | 3.02e-02 +/- 1.8e-01 | 579.5
mean_rev | TMFG_MI | 8.45e-02 +/- 5.6e-01 | 665.2
---------------------------------------------------
rnd      | Sample  | 1.50e-03 +/- 1.2e-03 | 81.3
rnd      | Rie     | 1.08e+03 +/- 2.2e+03 | 207.2
rnd      | IW      | 1.21e+03 +/- 2.4e+03 | 197.9
rnd      | Clipped | 3.53e-03 +/- 1.8e-03 | 50.0
rnd      | Shrunk  | 1.45e-03 +/- 4.2e-04 | 29.2
rnd      | Kendall | 7.95e-02 +/- 5.6e-01 | 707.0
rnd      | TMFG    | 1.11e-03 +/- 1.3e-03 | 116.2
rnd      | TMFG_MI | 6.10e-03 +/- 3.7e-02 | 607.2
---------------------------------------------------
---------------------------------------------------
