Train shape: (78, 400, 800)
Test shape: (78, 400, 60)
[                                                                      ] 0.00%
Norma del vettore g: 20.0
⚠️ Errore numerico: Autovalori troppo piccoli in Sigma. Uso la pseudo-inversa.
Strategy: min_var , portfolio variance: 1.3005326209754308e-05
Norma del vettore g: 20.0
⚠️ Errore numerico: Autovalori troppo piccoli in Sigma. Uso la pseudo-inversa.
Strategy: min_var , portfolio variance: 5.964247172027599e-16
Norma del vettore g: 20.0
Strategy: min_var , portfolio variance: 7.002812176799564e-13
Norma del vettore g: 20.0
Strategy: min_var , portfolio variance: 1.5615099329101947e-06
Norma del vettore g: 20.0
Strategy: min_var , portfolio variance: 2.422303588849494e-05
Norma del vettore g: 20.0
Strategy: min_var , portfolio variance: 0.1113331361742818
Norma del vettore g: 20.0
Strategy: min_var , portfolio variance: 6.418579267058558e-05
Norma del vettore g: 20.0
Strategy: min_var , portfolio variance: 7.083877013701887e-05
Norma del vettore g non è uguale a sqrt(N): 45.58665157226964
Norma del vettore g: 19.999999999999993
⚠️ Errore numerico: Autovalori troppo piccoli in Sigma. Uso la pseudo-inversa.
Strategy: omn     , portfolio variance: 9.280760800166052e-07
Norma del vettore g non è uguale a sqrt(N): 45.58665157226964
Norma del vettore g: 19.999999999999993
⚠️ Errore numerico: Autovalori troppo piccoli in Sigma. Uso la pseudo-inversa.
Strategy: omn     , portfolio variance: 1.3548211687114454e-14
Norma del vettore g non è uguale a sqrt(N): 45.58665157226964
Norma del vettore g: 19.999999999999993
Strategy: omn     , portfolio variance: 2.891976692493567e-10
Norma del vettore g non è uguale a sqrt(N): 45.58665157226964
Norma del vettore g: 19.999999999999993
Strategy: omn     , portfolio variance: 1.951934243130302e-06
Norma del vettore g non è uguale a sqrt(N): 45.58665157226964
Norma del vettore g: 19.999999999999993
Strategy: omn     , portfolio variance: 1.6342157185999077e-06
Norma del vettore g non è uguale a sqrt(N): 45.58665157226964
Norma del vettore g: 19.999999999999993
Strategy: omn     , portfolio variance: 0.002335093267263268
Norma del vettore g non è uguale a sqrt(N): 45.58665157226964
Norma del vettore g: 19.999999999999993
Strategy: omn     , portfolio variance: 2.3350369274663445e-06
Norma del vettore g non è uguale a sqrt(N): 45.58665157226964
Norma del vettore g: 19.999999999999993
Strategy: omn     , portfolio variance: 2.453850207285843e-06
Norma del vettore g non è uguale a sqrt(N): 45.58665157226964
Norma del vettore g: 19.999999999999993
⚠️ Errore numerico: Autovalori troppo piccoli in Sigma. Uso la pseudo-inversa.
Strategy: mean_rev, portfolio variance: 9.280760800166052e-07
Norma del vettore g non è uguale a sqrt(N): 45.58665157226964
Norma del vettore g: 19.999999999999993
⚠️ Errore numerico: Autovalori troppo piccoli in Sigma. Uso la pseudo-inversa.
Strategy: mean_rev, portfolio variance: 1.3548211687114454e-14
Norma del vettore g non è uguale a sqrt(N): 45.58665157226964
Norma del vettore g: 19.999999999999993
Strategy: mean_rev, portfolio variance: 2.891976692493567e-10
Norma del vettore g non è uguale a sqrt(N): 45.58665157226964
Norma del vettore g: 19.999999999999993
Strategy: mean_rev, portfolio variance: 1.951934243130302e-06
Norma del vettore g non è uguale a sqrt(N): 45.58665157226964
Norma del vettore g: 19.999999999999993
Strategy: mean_rev, portfolio variance: 1.6342157185999077e-06
Norma del vettore g non è uguale a sqrt(N): 45.58665157226964
Norma del vettore g: 19.999999999999993
Strategy: mean_rev, portfolio variance: 0.002335093267263268
Norma del vettore g non è uguale a sqrt(N): 45.58665157226964
Norma del vettore g: 19.999999999999993
Strategy: mean_rev, portfolio variance: 2.3350369274663445e-06
Norma del vettore g non è uguale a sqrt(N): 45.58665157226964
Norma del vettore g: 19.999999999999993
Strategy: mean_rev, portfolio variance: 2.453850207285843e-06
Norma del vettore g: 20.0
⚠️ Errore numerico: Autovalori troppo piccoli in Sigma. Uso la pseudo-inversa.
Strategy: rnd     , portfolio variance: 2.762685730602067e-15
Norma del vettore g: 20.000000000000007
⚠️ Errore numerico: Autovalori troppo piccoli in Sigma. Uso la pseudo-inversa.
Strategy: rnd     , portfolio variance: 4.0786007224829305e-15
Norma del vettore g: 19.999999999999993
Strategy: rnd     , portfolio variance: 1.795609130491219e-10
Norma del vettore g: 20.000000000000004
Strategy: rnd     , portfolio variance: 1.5862298632736352e-06
Norma del vettore g: 20.0
Strategy: rnd     , portfolio variance: 5.992537878920609e-07
Norma del vettore g: 19.999999999999996
Strategy: rnd     , portfolio variance: 7.785704074148088e-05
Norma del vettore g: 20.000000000000004
Strategy: rnd     , portfolio variance: 5.763900782287636e-15
Norma del vettore g: 20.000000000000004
Strategy: rnd     , portfolio variance: 1.3478848984132469e-14
[                                                                      ] 1.30%
Norma del vettore g: 20.0
⚠️ Errore numerico: Autovalori troppo piccoli in Sigma. Uso la pseudo-inversa.
Strategy: min_var , portfolio variance: 1.31599042779634e-05
Norma del vettore g: 20.0
⚠️ Errore numerico: Autovalori troppo piccoli in Sigma. Uso la pseudo-inversa.
Strategy: min_var , portfolio variance: 5.269375738998814e-16
Norma del vettore g: 20.0
Strategy: min_var , portfolio variance: 6.900171486388837e-13
Norma del vettore g: 20.0
Strategy: min_var , portfolio variance: 1.5557859862697357e-06
Norma del vettore g: 20.0
Strategy: min_var , portfolio variance: 2.422008235135511e-05
Norma del vettore g: 20.0
Strategy: min_var , portfolio variance: 0.11157172276391225
Norma del vettore g: 20.0
Strategy: min_var , portfolio variance: 6.564814713753526e-05
Norma del vettore g: 20.0
Strategy: min_var , portfolio variance: 7.20868315538686e-05
Norma del vettore g non è uguale a sqrt(N): 74.41893879267562
Norma del vettore g: 20.0
⚠️ Errore numerico: Autovalori troppo piccoli in Sigma. Uso la pseudo-inversa.
Strategy: omn     , portfolio variance: 1.930231869354248e-06
Norma del vettore g non è uguale a sqrt(N): 74.41893879267562
Norma del vettore g: 20.0
⚠️ Errore numerico: Autovalori troppo piccoli in Sigma. Uso la pseudo-inversa.
Strategy: omn     , portfolio variance: 2.1758602022932936e-16
Norma del vettore g non è uguale a sqrt(N): 74.41893879267562
Norma del vettore g: 20.0
Strategy: omn     , portfolio variance: 1.64760296166093e-12
Norma del vettore g non è uguale a sqrt(N): 74.41893879267562
Norma del vettore g: 20.0
Strategy: omn     , portfolio variance: 2.255214223142455e-06
Norma del vettore g non è uguale a sqrt(N): 74.41893879267562
Norma del vettore g: 20.0
Strategy: omn     , portfolio variance: 3.2379364721212855e-06
Norma del vettore g non è uguale a sqrt(N): 74.41893879267562
Norma del vettore g: 20.0
Strategy: omn     , portfolio variance: 0.00377819917477382
Norma del vettore g non è uguale a sqrt(N): 74.41893879267562
Norma del vettore g: 20.0
Strategy: omn     , portfolio variance: 6.727007382115151e-06
Norma del vettore g non è uguale a sqrt(N): 74.41893879267562
Norma del vettore g: 20.0
Strategy: omn     , portfolio variance: 7.907459092515706e-06
Norma del vettore g non è uguale a sqrt(N): 74.41893879267562
Norma del vettore g: 20.0
⚠️ Errore numerico: Autovalori troppo piccoli in Sigma. Uso la pseudo-inversa.
Strategy: mean_rev, portfolio variance: 1.930231869354248e-06
Norma del vettore g non è uguale a sqrt(N): 74.41893879267562
Norma del vettore g: 20.0
⚠️ Errore numerico: Autovalori troppo piccoli in Sigma. Uso la pseudo-inversa.
Strategy: mean_rev, portfolio variance: 2.1758602022932936e-16
Norma del vettore g non è uguale a sqrt(N): 74.41893879267562
Norma del vettore g: 20.0
Strategy: mean_rev, portfolio variance: 1.64760296166093e-12
Norma del vettore g non è uguale a sqrt(N): 74.41893879267562
Norma del vettore g: 20.0
Strategy: mean_rev, portfolio variance: 2.255214223142455e-06
Norma del vettore g non è uguale a sqrt(N): 74.41893879267562
Norma del vettore g: 20.0
Strategy: mean_rev, portfolio variance: 3.2379364721212855e-06
Norma del vettore g non è uguale a sqrt(N): 74.41893879267562
Norma del vettore g: 20.0
Strategy: mean_rev, portfolio variance: 0.00377819917477382
Norma del vettore g non è uguale a sqrt(N): 74.41893879267562
Norma del vettore g: 20.0
Strategy: mean_rev, portfolio variance: 6.727007382115151e-06
Norma del vettore g non è uguale a sqrt(N): 74.41893879267562
Norma del vettore g: 20.0
Strategy: mean_rev, portfolio variance: 7.907459092515706e-06
Norma del vettore g: 20.000000000000007
⚠️ Errore numerico: Autovalori troppo piccoli in Sigma. Uso la pseudo-inversa.
Strategy: rnd     , portfolio variance: 7.709991011959039e-13
Norma del vettore g: 19.999999999999993
⚠️ Errore numerico: Autovalori troppo piccoli in Sigma. Uso la pseudo-inversa.
Strategy: rnd     , portfolio variance: 5.817818910348101e-15
Norma del vettore g: 20.000000000000004
Strategy: rnd     , portfolio variance: 4.115501701784936e-10
Norma del vettore g: 20.0
Strategy: rnd     , portfolio variance: 1.6166562094884365e-06
Norma del vettore g: 19.999999999999993
Strategy: rnd     , portfolio variance: 6.308359414647833e-07
Norma del vettore g: 20.000000000000004
Strategy: rnd     , portfolio variance: 0.0005243555089086929
Norma del vettore g: 20.000000000000007
Strategy: rnd     , portfolio variance: 2.250257837848626e-15
Norma del vettore g: 19.999999999999996
Strategy: rnd     , portfolio variance: 1.1812295789711847e-13
[=                                                                     ] 2.60%
Norma del vettore g: 20.0
⚠️ Errore numerico: Autovalori troppo piccoli in Sigma. Uso la pseudo-inversa.
Strategy: min_var , portfolio variance: 1.2794624921120893e-05
Norma del vettore g: 20.0
⚠️ Errore numerico: Autovalori troppo piccoli in Sigma. Uso la pseudo-inversa.
Strategy: min_var , portfolio variance: 4.609663295365028e-16
Norma del vettore g: 20.0
Strategy: min_var , portfolio variance: 6.804611411618938e-13
Norma del vettore g: 20.0
Strategy: min_var , portfolio variance: 1.5649867884020001e-06
Norma del vettore g: 20.0
Strategy: min_var , portfolio variance: 2.437343044267434e-05
Norma del vettore g: 20.0
Strategy: min_var , portfolio variance: 0.11623424400547652
Norma del vettore g: 20.0
Strategy: min_var , portfolio variance: 6.393010541303199e-05
Norma del vettore g: 20.0
Strategy: min_var , portfolio variance: 7.042486257391478e-05
Norma del vettore g non è uguale a sqrt(N): 50.18832316323429
Norma del vettore g: 19.999999999999996
⚠️ Errore numerico: Autovalori troppo piccoli in Sigma. Uso la pseudo-inversa.
Strategy: omn     , portfolio variance: 9.216419351556654e-07
Norma del vettore g non è uguale a sqrt(N): 50.18832316323429
Norma del vettore g: 19.999999999999996
⚠️ Errore numerico: Autovalori troppo piccoli in Sigma. Uso la pseudo-inversa.
Strategy: omn     , portfolio variance: 4.125669510358566e-12
Norma del vettore g non è uguale a sqrt(N): 50.18832316323429
Norma del vettore g: 19.999999999999996
Strategy: omn     , portfolio variance: 5.000019485091666e-12
Norma del vettore g non è uguale a sqrt(N): 50.18832316323429
Norma del vettore g: 19.999999999999996
Strategy: omn     , portfolio variance: 2.6238874963874815e-06
Norma del vettore g non è uguale a sqrt(N): 50.18832316323429
Norma del vettore g: 19.999999999999996
Strategy: omn     , portfolio variance: 1.6459784446031952e-06
Norma del vettore g non è uguale a sqrt(N): 50.18832316323429
Norma del vettore g: 19.999999999999996
Strategy: omn     , portfolio variance: 0.0022642212981308996
Norma del vettore g non è uguale a sqrt(N): 50.18832316323429
Norma del vettore g: 19.999999999999996
Strategy: omn     , portfolio variance: 2.5397407307801124e-06
Norma del vettore g non è uguale a sqrt(N): 50.18832316323429
Norma del vettore g: 19.999999999999996
Strategy: omn     , portfolio variance: 2.9151479878298754e-06
Norma del vettore g non è uguale a sqrt(N): 50.18832316323429
Norma del vettore g: 19.999999999999996
⚠️ Errore numerico: Autovalori troppo piccoli in Sigma. Uso la pseudo-inversa.
Strategy: mean_rev, portfolio variance: 9.216419351556654e-07
Norma del vettore g non è uguale a sqrt(N): 50.18832316323429
Norma del vettore g: 19.999999999999996
⚠️ Errore numerico: Autovalori troppo piccoli in Sigma. Uso la pseudo-inversa.
Strategy: mean_rev, portfolio variance: 4.125669510358566e-12
Norma del vettore g non è uguale a sqrt(N): 50.18832316323429
Norma del vettore g: 19.999999999999996
Strategy: mean_rev, portfolio variance: 5.000019485091666e-12
Norma del vettore g non è uguale a sqrt(N): 50.18832316323429
Norma del vettore g: 19.999999999999996
Strategy: mean_rev, portfolio variance: 2.6238874963874815e-06
Norma del vettore g non è uguale a sqrt(N): 50.18832316323429
Norma del vettore g: 19.999999999999996
Strategy: mean_rev, portfolio variance: 1.6459784446031952e-06
Norma del vettore g non è uguale a sqrt(N): 50.18832316323429
Norma del vettore g: 19.999999999999996
Strategy: mean_rev, portfolio variance: 0.0022642212981308996
Norma del vettore g non è uguale a sqrt(N): 50.18832316323429
Norma del vettore g: 19.999999999999996
Strategy: mean_rev, portfolio variance: 2.5397407307801124e-06
Norma del vettore g non è uguale a sqrt(N): 50.18832316323429
Norma del vettore g: 19.999999999999996
Strategy: mean_rev, portfolio variance: 2.9151479878298754e-06
Norma del vettore g: 20.000000000000004
⚠️ Errore numerico: Autovalori troppo piccoli in Sigma. Uso la pseudo-inversa.
Strategy: rnd     , portfolio variance: 5.856311893572168e-16
Norma del vettore g: 19.999999999999996
⚠️ Errore numerico: Autovalori troppo piccoli in Sigma. Uso la pseudo-inversa.
Strategy: rnd     , portfolio variance: 1.2694314756415827e-15
Norma del vettore g: 19.999999999999993
Strategy: rnd     , portfolio variance: 1.409619306359497e-09
Norma del vettore g: 20.000000000000004
Strategy: rnd     , portfolio variance: 1.6233349759470876e-06
Norma del vettore g: 19.999999999999996
Strategy: rnd     , portfolio variance: 6.168425547793533e-07
Norma del vettore g: 20.000000000000004
Strategy: rnd     , portfolio variance: 1.2185843380017019e-05
Norma del vettore g: 20.0
Strategy: rnd     , portfolio variance: 8.952515191595683e-15
Norma del vettore g: 20.000000000000004
Strategy: rnd     , portfolio variance: 3.11141938535213e-15
[==                                                                    ] 3.90%
Norma del vettore g: 20.0
⚠️ Errore numerico: Autovalori troppo piccoli in Sigma. Uso la pseudo-inversa.
Strategy: min_var , portfolio variance: 1.2925258055503157e-05
Norma del vettore g: 20.0
⚠️ Errore numerico: Autovalori troppo piccoli in Sigma. Uso la pseudo-inversa.
Strategy: min_var , portfolio variance: 4.820249449987653e-16
Norma del vettore g: 20.0
Strategy: min_var , portfolio variance: 6.739209823175355e-13
Norma del vettore g: 20.0
Strategy: min_var , portfolio variance: 1.5732126380730684e-06
Norma del vettore g: 20.0
Strategy: min_var , portfolio variance: 2.4737861043931888e-05
Norma del vettore g: 20.0
Strategy: min_var , portfolio variance: 0.11818975812611107
Norma del vettore g: 20.0
Strategy: min_var , portfolio variance: 6.3897123588933e-05
Norma del vettore g: 20.0
Strategy: min_var , portfolio variance: 7.356378475046962e-05
Norma del vettore g non è uguale a sqrt(N): 50.34992562804906
Norma del vettore g: 19.999999999999993
⚠️ Errore numerico: Autovalori troppo piccoli in Sigma. Uso la pseudo-inversa.
Strategy: omn     , portfolio variance: 9.63992314165058e-07
Norma del vettore g non è uguale a sqrt(N): 50.34992562804906
Norma del vettore g: 19.999999999999993
⚠️ Errore numerico: Autovalori troppo piccoli in Sigma. Uso la pseudo-inversa.
Strategy: omn     , portfolio variance: 9.990068221006499e-15
Norma del vettore g non è uguale a sqrt(N): 50.34992562804906
Norma del vettore g: 19.999999999999993
Strategy: omn     , portfolio variance: 3.3929428718873815e-12
Norma del vettore g non è uguale a sqrt(N): 50.34992562804906
Norma del vettore g: 19.999999999999993
Strategy: omn     , portfolio variance: 1.9453239103716268e-06
Norma del vettore g non è uguale a sqrt(N): 50.34992562804906
Norma del vettore g: 19.999999999999993
Strategy: omn     , portfolio variance: 1.8481278413884284e-06
Norma del vettore g non è uguale a sqrt(N): 50.34992562804906
Norma del vettore g: 19.999999999999993
Strategy: omn     , portfolio variance: 0.00285397883547376
Norma del vettore g non è uguale a sqrt(N): 50.34992562804906
Norma del vettore g: 19.999999999999993
Strategy: omn     , portfolio variance: 2.732764257020748e-06
Norma del vettore g non è uguale a sqrt(N): 50.34992562804906
Norma del vettore g: 19.999999999999993
Strategy: omn     , portfolio variance: 2.7226864825879473e-06
Norma del vettore g non è uguale a sqrt(N): 50.34992562804906
Norma del vettore g: 19.999999999999993
⚠️ Errore numerico: Autovalori troppo piccoli in Sigma. Uso la pseudo-inversa.
Strategy: mean_rev, portfolio variance: 9.63992314165058e-07
Norma del vettore g non è uguale a sqrt(N): 50.34992562804906
Norma del vettore g: 19.999999999999993
⚠️ Errore numerico: Autovalori troppo piccoli in Sigma. Uso la pseudo-inversa.
Strategy: mean_rev, portfolio variance: 9.990068221006499e-15
Norma del vettore g non è uguale a sqrt(N): 50.34992562804906
Norma del vettore g: 19.999999999999993
Strategy: mean_rev, portfolio variance: 3.3929428718873815e-12
Norma del vettore g non è uguale a sqrt(N): 50.34992562804906
Norma del vettore g: 19.999999999999993
Strategy: mean_rev, portfolio variance: 1.9453239103716268e-06
Norma del vettore g non è uguale a sqrt(N): 50.34992562804906
Norma del vettore g: 19.999999999999993
Strategy: mean_rev, portfolio variance: 1.8481278413884284e-06
Norma del vettore g non è uguale a sqrt(N): 50.34992562804906
Norma del vettore g: 19.999999999999993
Strategy: mean_rev, portfolio variance: 0.00285397883547376
Norma del vettore g non è uguale a sqrt(N): 50.34992562804906
Norma del vettore g: 19.999999999999993
Strategy: mean_rev, portfolio variance: 2.732764257020748e-06
Norma del vettore g non è uguale a sqrt(N): 50.34992562804906
Norma del vettore g: 19.999999999999993
Strategy: mean_rev, portfolio variance: 2.7226864825879473e-06
Norma del vettore g: 20.00000000000001
⚠️ Errore numerico: Autovalori troppo piccoli in Sigma. Uso la pseudo-inversa.
Strategy: rnd     , portfolio variance: 4.9466080370393235e-15
Norma del vettore g: 19.999999999999996
⚠️ Errore numerico: Autovalori troppo piccoli in Sigma. Uso la pseudo-inversa.
Strategy: rnd     , portfolio variance: 1.9567459951119477e-15
Norma del vettore g: 20.0
Strategy: rnd     , portfolio variance: 3.296929172598573e-09
Norma del vettore g: 20.0
Strategy: rnd     , portfolio variance: 1.504219004606701e-06
Norma del vettore g: 20.0
Strategy: rnd     , portfolio variance: 6.104073090590078e-07
Norma del vettore g: 20.0
Strategy: rnd     , portfolio variance: 0.00018414576068709972
Norma del vettore g: 20.0
Strategy: rnd     , portfolio variance: 2.896145404070874e-14
Norma del vettore g: 19.999999999999993
Strategy: rnd     , portfolio variance: 9.177773501304133e-13
[===                                                                   ] 5.19%
Norma del vettore g: 20.0
⚠️ Errore numerico: Autovalori troppo piccoli in Sigma. Uso la pseudo-inversa.
Strategy: min_var , portfolio variance: 1.3261986461275242e-05
Norma del vettore g: 20.0
⚠️ Errore numerico: Autovalori troppo piccoli in Sigma. Uso la pseudo-inversa.
Strategy: min_var , portfolio variance: 4.950984839070413e-16
Norma del vettore g: 20.0
Strategy: min_var , portfolio variance: 6.64472671604999e-13
Norma del vettore g: 20.0
Strategy: min_var , portfolio variance: 1.589220019028594e-06
Norma del vettore g: 20.0
Strategy: min_var , portfolio variance: 2.5585793455864217e-05
Norma del vettore g: 20.0
Strategy: min_var , portfolio variance: 0.12157009309027747
Norma del vettore g: 20.0
Strategy: min_var , portfolio variance: 6.676211750449844e-05
Norma del vettore g: 20.0
Strategy: min_var , portfolio variance: 7.321335586962638e-05
Norma del vettore g non è uguale a sqrt(N): 54.970855185248595
Norma del vettore g: 19.999999999999996
⚠️ Errore numerico: Autovalori troppo piccoli in Sigma. Uso la pseudo-inversa.
Strategy: omn     , portfolio variance: 1.0678596418156173e-06
Norma del vettore g non è uguale a sqrt(N): 54.970855185248595
Norma del vettore g: 19.999999999999996
⚠️ Errore numerico: Autovalori troppo piccoli in Sigma. Uso la pseudo-inversa.
Strategy: omn     , portfolio variance: 5.737533528356253e-16
Norma del vettore g non è uguale a sqrt(N): 54.970855185248595
Norma del vettore g: 19.999999999999996
Strategy: omn     , portfolio variance: 2.5188578174091566e-12
Norma del vettore g non è uguale a sqrt(N): 54.970855185248595
Norma del vettore g: 19.999999999999996
Strategy: omn     , portfolio variance: 2.207377575286552e-06
Norma del vettore g non è uguale a sqrt(N): 54.970855185248595
Norma del vettore g: 19.999999999999996
Strategy: omn     , portfolio variance: 1.9517357631397195e-06
Norma del vettore g non è uguale a sqrt(N): 54.970855185248595
Norma del vettore g: 19.999999999999996
Strategy: omn     , portfolio variance: 0.0028446748806886407
Norma del vettore g non è uguale a sqrt(N): 54.970855185248595
Norma del vettore g: 19.999999999999996
Strategy: omn     , portfolio variance: 2.661222751395694e-06
Norma del vettore g non è uguale a sqrt(N): 54.970855185248595
Norma del vettore g: 19.999999999999996
Strategy: omn     , portfolio variance: 2.679660699066875e-06
Norma del vettore g non è uguale a sqrt(N): 54.970855185248595
Norma del vettore g: 19.999999999999996
⚠️ Errore numerico: Autovalori troppo piccoli in Sigma. Uso la pseudo-inversa.
Strategy: mean_rev, portfolio variance: 1.0678596418156173e-06
Norma del vettore g non è uguale a sqrt(N): 54.970855185248595
Norma del vettore g: 19.999999999999996
⚠️ Errore numerico: Autovalori troppo piccoli in Sigma. Uso la pseudo-inversa.
Strategy: mean_rev, portfolio variance: 5.737533528356253e-16
Norma del vettore g non è uguale a sqrt(N): 54.970855185248595
Norma del vettore g: 19.999999999999996
Strategy: mean_rev, portfolio variance: 2.5188578174091566e-12
Norma del vettore g non è uguale a sqrt(N): 54.970855185248595
Norma del vettore g: 19.999999999999996
Strategy: mean_rev, portfolio variance: 2.207377575286552e-06
Norma del vettore g non è uguale a sqrt(N): 54.970855185248595
Norma del vettore g: 19.999999999999996
Strategy: mean_rev, portfolio variance: 1.9517357631397195e-06
Norma del vettore g non è uguale a sqrt(N): 54.970855185248595
Norma del vettore g: 19.999999999999996
Strategy: mean_rev, portfolio variance: 0.0028446748806886407
Norma del vettore g non è uguale a sqrt(N): 54.970855185248595
Norma del vettore g: 19.999999999999996
Strategy: mean_rev, portfolio variance: 2.661222751395694e-06
Norma del vettore g non è uguale a sqrt(N): 54.970855185248595
Norma del vettore g: 19.999999999999996
Strategy: mean_rev, portfolio variance: 2.679660699066875e-06
Norma del vettore g: 20.000000000000004
⚠️ Errore numerico: Autovalori troppo piccoli in Sigma. Uso la pseudo-inversa.
Strategy: rnd     , portfolio variance: 4.033521721203525e-12
Norma del vettore g: 20.0
⚠️ Errore numerico: Autovalori troppo piccoli in Sigma. Uso la pseudo-inversa.
Strategy: rnd     , portfolio variance: 4.6165442173371156e-12
Norma del vettore g: 20.0
Strategy: rnd     , portfolio variance: 2.6493026214056507e-10
Norma del vettore g: 20.000000000000004
Strategy: rnd     , portfolio variance: 1.5743993423076238e-06
Norma del vettore g: 20.0
Strategy: rnd     , portfolio variance: 5.86317223060055e-07
Norma del vettore g: 20.000000000000007
Strategy: rnd     , portfolio variance: 2.2418648057845865e-06
Norma del vettore g: 20.000000000000004
Strategy: rnd     , portfolio variance: 9.475557193993425e-15
Norma del vettore g: 20.000000000000004
Strategy: rnd     , portfolio variance: 9.268013560576742e-15
[====                                                                  ] 6.49%
Norma del vettore g: 20.0
⚠️ Errore numerico: Autovalori troppo piccoli in Sigma. Uso la pseudo-inversa.
Strategy: min_var , portfolio variance: 1.3684059616762588e-05
Norma del vettore g: 20.0
⚠️ Errore numerico: Autovalori troppo piccoli in Sigma. Uso la pseudo-inversa.
Strategy: min_var , portfolio variance: 4.503103105607208e-16
Norma del vettore g: 20.0
Strategy: min_var , portfolio variance: 6.494466402217347e-13
Norma del vettore g: 20.0
Strategy: min_var , portfolio variance: 1.6188333875908099e-06
Norma del vettore g: 20.0
Strategy: min_var , portfolio variance: 2.6730375280305465e-05
Norma del vettore g: 20.0
Strategy: min_var , portfolio variance: 0.12751185039616375
Norma del vettore g: 20.0
Strategy: min_var , portfolio variance: 6.887036208928162e-05
Norma del vettore g: 20.0
Strategy: min_var , portfolio variance: 7.674810202272842e-05
Norma del vettore g non è uguale a sqrt(N): 49.56644951492508
Norma del vettore g: 20.0
⚠️ Errore numerico: Autovalori troppo piccoli in Sigma. Uso la pseudo-inversa.
Strategy: omn     , portfolio variance: 1.0041545590882516e-06
Norma del vettore g non è uguale a sqrt(N): 49.56644951492508
Norma del vettore g: 20.0
⚠️ Errore numerico: Autovalori troppo piccoli in Sigma. Uso la pseudo-inversa.
Strategy: omn     , portfolio variance: 6.394626845413116e-15
Norma del vettore g non è uguale a sqrt(N): 49.56644951492508
Norma del vettore g: 20.0
Strategy: omn     , portfolio variance: 2.417141117741619e-11
Norma del vettore g non è uguale a sqrt(N): 49.56644951492508
Norma del vettore g: 20.0
Strategy: omn     , portfolio variance: 2.5735218036393197e-06
Norma del vettore g non è uguale a sqrt(N): 49.56644951492508
Norma del vettore g: 20.0
Strategy: omn     , portfolio variance: 1.6910159686235504e-06
Norma del vettore g non è uguale a sqrt(N): 49.56644951492508
Norma del vettore g: 20.0
Strategy: omn     , portfolio variance: 0.0020138438155512177
Norma del vettore g non è uguale a sqrt(N): 49.56644951492508
Norma del vettore g: 20.0
Strategy: omn     , portfolio variance: 2.4668839229875226e-06
Norma del vettore g non è uguale a sqrt(N): 49.56644951492508
Norma del vettore g: 20.0
Strategy: omn     , portfolio variance: 2.3360161743211637e-06
Norma del vettore g non è uguale a sqrt(N): 49.56644951492508
Norma del vettore g: 20.0
⚠️ Errore numerico: Autovalori troppo piccoli in Sigma. Uso la pseudo-inversa.
Strategy: mean_rev, portfolio variance: 1.0041545590882516e-06
Norma del vettore g non è uguale a sqrt(N): 49.56644951492508
Norma del vettore g: 20.0
⚠️ Errore numerico: Autovalori troppo piccoli in Sigma. Uso la pseudo-inversa.
Strategy: mean_rev, portfolio variance: 6.394626845413116e-15
Norma del vettore g non è uguale a sqrt(N): 49.56644951492508
Norma del vettore g: 20.0
Strategy: mean_rev, portfolio variance: 2.417141117741619e-11
Norma del vettore g non è uguale a sqrt(N): 49.56644951492508
Norma del vettore g: 20.0
Strategy: mean_rev, portfolio variance: 2.5735218036393197e-06
Norma del vettore g non è uguale a sqrt(N): 49.56644951492508
Norma del vettore g: 20.0
Strategy: mean_rev, portfolio variance: 1.6910159686235504e-06
Norma del vettore g non è uguale a sqrt(N): 49.56644951492508
Norma del vettore g: 20.0
Strategy: mean_rev, portfolio variance: 0.0020138438155512177
Norma del vettore g non è uguale a sqrt(N): 49.56644951492508
Norma del vettore g: 20.0
Strategy: mean_rev, portfolio variance: 2.4668839229875226e-06
Norma del vettore g non è uguale a sqrt(N): 49.56644951492508
Norma del vettore g: 20.0
Strategy: mean_rev, portfolio variance: 2.3360161743211637e-06
Norma del vettore g: 20.0
⚠️ Errore numerico: Autovalori troppo piccoli in Sigma. Uso la pseudo-inversa.
Strategy: rnd     , portfolio variance: 9.764853320676612e-15
Norma del vettore g: 20.000000000000007
⚠️ Errore numerico: Autovalori troppo piccoli in Sigma. Uso la pseudo-inversa.
Strategy: rnd     , portfolio variance: 3.1545687119726936e-14
Norma del vettore g: 20.000000000000004
Strategy: rnd     , portfolio variance: 1.0390828388571366e-09
Norma del vettore g: 19.999999999999996
Strategy: rnd     , portfolio variance: 1.6809061586470738e-06
Norma del vettore g: 20.000000000000004
Strategy: rnd     , portfolio variance: 6.437311595831247e-07
Norma del vettore g: 20.000000000000004
Strategy: rnd     , portfolio variance: 1.4565021450606865e-05
Norma del vettore g: 20.000000000000007
Strategy: rnd     , portfolio variance: 1.8403040326106488e-14
Norma del vettore g: 20.000000000000014
Strategy: rnd     , portfolio variance: 3.315989012546224e-13
[=====                                                                 ] 7.79%
Norma del vettore g: 20.0
⚠️ Errore numerico: Autovalori troppo piccoli in Sigma. Uso la pseudo-inversa.
Strategy: min_var , portfolio variance: 1.3269071861424439e-05
Norma del vettore g: 20.0
⚠️ Errore numerico: Autovalori troppo piccoli in Sigma. Uso la pseudo-inversa.
Strategy: min_var , portfolio variance: 4.141377539832824e-16
Norma del vettore g: 20.0
Strategy: min_var , portfolio variance: 6.28519339878074e-13
Norma del vettore g: 20.0
Strategy: min_var , portfolio variance: 1.5935955161277808e-06
Norma del vettore g: 20.0
Strategy: min_var , portfolio variance: 2.5949861648338507e-05
Norma del vettore g: 20.0
Strategy: min_var , portfolio variance: 0.12839464900118747
Norma del vettore g: 20.0
Strategy: min_var , portfolio variance: 6.896613013639797e-05
Norma del vettore g: 20.0
Strategy: min_var , portfolio variance: 7.423106130163197e-05
Norma del vettore g non è uguale a sqrt(N): 65.66227662758503
Norma del vettore g: 20.000000000000007
⚠️ Errore numerico: Autovalori troppo piccoli in Sigma. Uso la pseudo-inversa.
Strategy: omn     , portfolio variance: 1.2920999688771396e-06
Norma del vettore g non è uguale a sqrt(N): 65.66227662758503
Norma del vettore g: 20.000000000000007
⚠️ Errore numerico: Autovalori troppo piccoli in Sigma. Uso la pseudo-inversa.
Strategy: omn     , portfolio variance: 7.052021202871868e-17
Norma del vettore g non è uguale a sqrt(N): 65.66227662758503
Norma del vettore g: 20.000000000000007
Strategy: omn     , portfolio variance: 7.244845441751072e-12
Norma del vettore g non è uguale a sqrt(N): 65.66227662758503
Norma del vettore g: 20.000000000000007
Strategy: omn     , portfolio variance: 2.3398191290928393e-06
Norma del vettore g non è uguale a sqrt(N): 65.66227662758503
Norma del vettore g: 20.000000000000007
Strategy: omn     , portfolio variance: 2.190607987967283e-06
Norma del vettore g non è uguale a sqrt(N): 65.66227662758503
Norma del vettore g: 20.000000000000007
Strategy: omn     , portfolio variance: 0.002754076997385608
Norma del vettore g non è uguale a sqrt(N): 65.66227662758503
Norma del vettore g: 20.000000000000007
Strategy: omn     , portfolio variance: 3.387811010691815e-06
Norma del vettore g non è uguale a sqrt(N): 65.66227662758503
Norma del vettore g: 20.000000000000007
Strategy: omn     , portfolio variance: 3.7651636187475226e-06
Norma del vettore g non è uguale a sqrt(N): 65.66227662758503
Norma del vettore g: 20.000000000000007
⚠️ Errore numerico: Autovalori troppo piccoli in Sigma. Uso la pseudo-inversa.
Strategy: mean_rev, portfolio variance: 1.2920999688771396e-06
Norma del vettore g non è uguale a sqrt(N): 65.66227662758503
Norma del vettore g: 20.000000000000007
⚠️ Errore numerico: Autovalori troppo piccoli in Sigma. Uso la pseudo-inversa.
Strategy: mean_rev, portfolio variance: 7.052021202871868e-17
Norma del vettore g non è uguale a sqrt(N): 65.66227662758503
Norma del vettore g: 20.000000000000007
Strategy: mean_rev, portfolio variance: 7.244845441751072e-12
Norma del vettore g non è uguale a sqrt(N): 65.66227662758503
Norma del vettore g: 20.000000000000007
Strategy: mean_rev, portfolio variance: 2.3398191290928393e-06
Norma del vettore g non è uguale a sqrt(N): 65.66227662758503
Norma del vettore g: 20.000000000000007
Strategy: mean_rev, portfolio variance: 2.190607987967283e-06
Norma del vettore g non è uguale a sqrt(N): 65.66227662758503
Norma del vettore g: 20.000000000000007
Strategy: mean_rev, portfolio variance: 0.002754076997385608
Norma del vettore g non è uguale a sqrt(N): 65.66227662758503
Norma del vettore g: 20.000000000000007
Strategy: mean_rev, portfolio variance: 3.387811010691815e-06
Norma del vettore g non è uguale a sqrt(N): 65.66227662758503
Norma del vettore g: 20.000000000000007
Strategy: mean_rev, portfolio variance: 3.7651636187475226e-06
Norma del vettore g: 19.999999999999996
⚠️ Errore numerico: Autovalori troppo piccoli in Sigma. Uso la pseudo-inversa.
Strategy: rnd     , portfolio variance: 5.483493560751935e-15
Norma del vettore g: 19.999999999999996
⚠️ Errore numerico: Autovalori troppo piccoli in Sigma. Uso la pseudo-inversa.
Strategy: rnd     , portfolio variance: 8.323810437657378e-13
Norma del vettore g: 20.0
Strategy: rnd     , portfolio variance: 1.3405942562658528e-10
Norma del vettore g: 20.000000000000004
Strategy: rnd     , portfolio variance: 1.6055779123353317e-06
Norma del vettore g: 20.000000000000004
Strategy: rnd     , portfolio variance: 6.038749697541311e-07
Norma del vettore g: 20.000000000000007
Strategy: rnd     , portfolio variance: 1.756001273074385e-06
Norma del vettore g: 20.0
Strategy: rnd     , portfolio variance: 3.569250379189149e-14
Norma del vettore g: 20.000000000000004
Strategy: rnd     , portfolio variance: 4.560099854240606e-15
[======                                                                ] 9.09%
Norma del vettore g: 20.0
⚠️ Errore numerico: Autovalori troppo piccoli in Sigma. Uso la pseudo-inversa.
Strategy: min_var , portfolio variance: 1.2762159829802782e-05
Norma del vettore g: 20.0
⚠️ Errore numerico: Autovalori troppo piccoli in Sigma. Uso la pseudo-inversa.
Strategy: min_var , portfolio variance: 4.224202065993008e-16
Norma del vettore g: 20.0
Strategy: min_var , portfolio variance: 6.248170764166226e-13
Norma del vettore g: 20.0
Strategy: min_var , portfolio variance: 1.5717292272252082e-06
Norma del vettore g: 20.0
Strategy: min_var , portfolio variance: 2.56270344013369e-05
Norma del vettore g: 20.0
Strategy: min_var , portfolio variance: 0.1269256326411839
Norma del vettore g: 20.0
Strategy: min_var , portfolio variance: 6.791812138844716e-05
Norma del vettore g: 20.0
Strategy: min_var , portfolio variance: 7.010566353708801e-05
Norma del vettore g non è uguale a sqrt(N): 73.27102913873466
Norma del vettore g: 20.0
⚠️ Errore numerico: Autovalori troppo piccoli in Sigma. Uso la pseudo-inversa.
Strategy: omn     , portfolio variance: 1.9630139367632722e-06
Norma del vettore g non è uguale a sqrt(N): 73.27102913873466
Norma del vettore g: 20.0
⚠️ Errore numerico: Autovalori troppo piccoli in Sigma. Uso la pseudo-inversa.
Strategy: omn     , portfolio variance: 2.3700441787098754e-15
Norma del vettore g non è uguale a sqrt(N): 73.27102913873466
Norma del vettore g: 20.0
Strategy: omn     , portfolio variance: 2.1769742725301173e-12
Norma del vettore g non è uguale a sqrt(N): 73.27102913873466
Norma del vettore g: 20.0
Strategy: omn     , portfolio variance: 2.561291199191386e-06
Norma del vettore g non è uguale a sqrt(N): 73.27102913873466
Norma del vettore g: 20.0
Strategy: omn     , portfolio variance: 3.3495925832484534e-06
Norma del vettore g non è uguale a sqrt(N): 73.27102913873466
Norma del vettore g: 20.0
Strategy: omn     , portfolio variance: 0.003890816045438379
Norma del vettore g non è uguale a sqrt(N): 73.27102913873466
Norma del vettore g: 20.0
Strategy: omn     , portfolio variance: 4.5734401842290786e-06
Norma del vettore g non è uguale a sqrt(N): 73.27102913873466
Norma del vettore g: 20.0
Strategy: omn     , portfolio variance: 4.451257272620073e-06
Norma del vettore g non è uguale a sqrt(N): 73.27102913873466
Norma del vettore g: 20.0
⚠️ Errore numerico: Autovalori troppo piccoli in Sigma. Uso la pseudo-inversa.
Strategy: mean_rev, portfolio variance: 1.9630139367632722e-06
Norma del vettore g non è uguale a sqrt(N): 73.27102913873466
Norma del vettore g: 20.0
⚠️ Errore numerico: Autovalori troppo piccoli in Sigma. Uso la pseudo-inversa.
Strategy: mean_rev, portfolio variance: 2.3700441787098754e-15
Norma del vettore g non è uguale a sqrt(N): 73.27102913873466
Norma del vettore g: 20.0
Strategy: mean_rev, portfolio variance: 2.1769742725301173e-12
Norma del vettore g non è uguale a sqrt(N): 73.27102913873466
Norma del vettore g: 20.0
Strategy: mean_rev, portfolio variance: 2.561291199191386e-06
Norma del vettore g non è uguale a sqrt(N): 73.27102913873466
Norma del vettore g: 20.0
Strategy: mean_rev, portfolio variance: 3.3495925832484534e-06
Norma del vettore g non è uguale a sqrt(N): 73.27102913873466
Norma del vettore g: 20.0
Strategy: mean_rev, portfolio variance: 0.003890816045438379
Norma del vettore g non è uguale a sqrt(N): 73.27102913873466
Norma del vettore g: 20.0
Strategy: mean_rev, portfolio variance: 4.5734401842290786e-06
Norma del vettore g non è uguale a sqrt(N): 73.27102913873466
Norma del vettore g: 20.0
Strategy: mean_rev, portfolio variance: 4.451257272620073e-06
Norma del vettore g: 19.999999999999993
⚠️ Errore numerico: Autovalori troppo piccoli in Sigma. Uso la pseudo-inversa.
Strategy: rnd     , portfolio variance: 8.545340216449217e-16
Norma del vettore g: 20.000000000000007
⚠️ Errore numerico: Autovalori troppo piccoli in Sigma. Uso la pseudo-inversa.
Strategy: rnd     , portfolio variance: 2.7356330340485632e-15
Norma del vettore g: 20.0
Strategy: rnd     , portfolio variance: 7.318151656563737e-09
Norma del vettore g: 19.999999999999993
Strategy: rnd     , portfolio variance: 1.5568726425331509e-06
Norma del vettore g: 20.0
Strategy: rnd     , portfolio variance: 6.041193074598242e-07
Norma del vettore g: 20.000000000000004
Strategy: rnd     , portfolio variance: 0.0002597321788299635
Norma del vettore g: 20.0
Strategy: rnd     , portfolio variance: 1.361782641188109e-13
Norma del vettore g: 19.999999999999993
Strategy: rnd     , portfolio variance: 1.3617850501783735e-14
[=======                                                               ] 10.39%
Norma del vettore g: 20.0
⚠️ Errore numerico: Autovalori troppo piccoli in Sigma. Uso la pseudo-inversa.
Strategy: min_var , portfolio variance: 1.2017218998077241e-05
Norma del vettore g: 20.0
⚠️ Errore numerico: Autovalori troppo piccoli in Sigma. Uso la pseudo-inversa.
Strategy: min_var , portfolio variance: 3.746582315626319e-16
Norma del vettore g: 20.0
Strategy: min_var , portfolio variance: 6.133131743330929e-13
Norma del vettore g: 20.0
Strategy: min_var , portfolio variance: 1.5401230955017903e-06
Norma del vettore g: 20.0
Strategy: min_var , portfolio variance: 2.4421177734030607e-05
Norma del vettore g: 20.0
Strategy: min_var , portfolio variance: 0.12544715864091127
Norma del vettore g: 20.0
Strategy: min_var , portfolio variance: 6.264986828410997e-05
Norma del vettore g: 20.0
Strategy: min_var , portfolio variance: 6.978078544040461e-05
Norma del vettore g non è uguale a sqrt(N): 61.74357143714344
Norma del vettore g: 19.999999999999996
⚠️ Errore numerico: Autovalori troppo piccoli in Sigma. Uso la pseudo-inversa.
Strategy: omn     , portfolio variance: 1.0320506366175191e-06
Norma del vettore g non è uguale a sqrt(N): 61.74357143714344
Norma del vettore g: 19.999999999999996
⚠️ Errore numerico: Autovalori troppo piccoli in Sigma. Uso la pseudo-inversa.
Strategy: omn     , portfolio variance: 9.108044270775504e-17
Norma del vettore g non è uguale a sqrt(N): 61.74357143714344
Norma del vettore g: 19.999999999999996
Strategy: omn     , portfolio variance: 3.18557035918354e-11
Norma del vettore g non è uguale a sqrt(N): 61.74357143714344
Norma del vettore g: 19.999999999999996
Strategy: omn     , portfolio variance: 2.3035693253462703e-06
Norma del vettore g non è uguale a sqrt(N): 61.74357143714344
Norma del vettore g: 19.999999999999996
Strategy: omn     , portfolio variance: 1.7537919957252878e-06
Norma del vettore g non è uguale a sqrt(N): 61.74357143714344
Norma del vettore g: 19.999999999999996
Strategy: omn     , portfolio variance: 0.002093249567802536
Norma del vettore g non è uguale a sqrt(N): 61.74357143714344
Norma del vettore g: 19.999999999999996
Strategy: omn     , portfolio variance: 2.3942147094840926e-06
Norma del vettore g non è uguale a sqrt(N): 61.74357143714344
Norma del vettore g: 19.999999999999996
Strategy: omn     , portfolio variance: 2.3714010480275843e-06
Norma del vettore g non è uguale a sqrt(N): 61.74357143714344
Norma del vettore g: 19.999999999999996
⚠️ Errore numerico: Autovalori troppo piccoli in Sigma. Uso la pseudo-inversa.
Strategy: mean_rev, portfolio variance: 1.0320506366175191e-06
Norma del vettore g non è uguale a sqrt(N): 61.74357143714344
Norma del vettore g: 19.999999999999996
⚠️ Errore numerico: Autovalori troppo piccoli in Sigma. Uso la pseudo-inversa.
Strategy: mean_rev, portfolio variance: 9.108044270775504e-17
Norma del vettore g non è uguale a sqrt(N): 61.74357143714344
Norma del vettore g: 19.999999999999996
Strategy: mean_rev, portfolio variance: 3.18557035918354e-11
Norma del vettore g non è uguale a sqrt(N): 61.74357143714344
Norma del vettore g: 19.999999999999996
Strategy: mean_rev, portfolio variance: 2.3035693253462703e-06
Norma del vettore g non è uguale a sqrt(N): 61.74357143714344
Norma del vettore g: 19.999999999999996
Strategy: mean_rev, portfolio variance: 1.7537919957252878e-06
Norma del vettore g non è uguale a sqrt(N): 61.74357143714344
Norma del vettore g: 19.999999999999996
Strategy: mean_rev, portfolio variance: 0.002093249567802536
Norma del vettore g non è uguale a sqrt(N): 61.74357143714344
Norma del vettore g: 19.999999999999996
Strategy: mean_rev, portfolio variance: 2.3942147094840926e-06
Norma del vettore g non è uguale a sqrt(N): 61.74357143714344
Norma del vettore g: 19.999999999999996
Strategy: mean_rev, portfolio variance: 2.3714010480275843e-06
Norma del vettore g: 19.999999999999993
⚠️ Errore numerico: Autovalori troppo piccoli in Sigma. Uso la pseudo-inversa.
Strategy: rnd     , portfolio variance: 1.8664952704840284e-14
Norma del vettore g: 20.000000000000004
⚠️ Errore numerico: Autovalori troppo piccoli in Sigma. Uso la pseudo-inversa.
Strategy: rnd     , portfolio variance: 5.831499959938619e-15
Norma del vettore g: 20.000000000000004
Strategy: rnd     , portfolio variance: 5.267297836886421e-11
Norma del vettore g: 20.000000000000004
Strategy: rnd     , portfolio variance: 1.6538638965530404e-06
Norma del vettore g: 20.000000000000004
Strategy: rnd     , portfolio variance: 6.245889022508843e-07
Norma del vettore g: 20.000000000000004
Strategy: rnd     , portfolio variance: 2.3644023657497247e-06
Norma del vettore g: 20.000000000000004
Strategy: rnd     , portfolio variance: 5.969238470386736e-15
Norma del vettore g: 19.999999999999996
Strategy: rnd     , portfolio variance: 1.1222850231116828e-14
[========                                                              ] 11.69%
Norma del vettore g: 20.0
⚠️ Errore numerico: Autovalori troppo piccoli in Sigma. Uso la pseudo-inversa.
Strategy: min_var , portfolio variance: 1.1722015355337015e-05
Norma del vettore g: 20.0
⚠️ Errore numerico: Autovalori troppo piccoli in Sigma. Uso la pseudo-inversa.
Strategy: min_var , portfolio variance: 3.285452796518403e-16
Norma del vettore g: 20.0
Strategy: min_var , portfolio variance: 5.789507700445204e-13
Norma del vettore g: 20.0
Strategy: min_var , portfolio variance: 1.4821309054077616e-06
Norma del vettore g: 20.0
Strategy: min_var , portfolio variance: 2.3521162707526598e-05
Norma del vettore g: 20.0
Strategy: min_var , portfolio variance: 0.12527150827008113
Norma del vettore g: 20.0
Strategy: min_var , portfolio variance: 6.126023864518051e-05
Norma del vettore g: 20.0
Strategy: min_var , portfolio variance: 6.617738644261982e-05
Norma del vettore g non è uguale a sqrt(N): 72.4215284192218
Norma del vettore g: 20.000000000000004
⚠️ Errore numerico: Autovalori troppo piccoli in Sigma. Uso la pseudo-inversa.
Strategy: omn     , portfolio variance: 1.2613009043386478e-06
Norma del vettore g non è uguale a sqrt(N): 72.4215284192218
Norma del vettore g: 20.000000000000004
⚠️ Errore numerico: Autovalori troppo piccoli in Sigma. Uso la pseudo-inversa.
Strategy: omn     , portfolio variance: 1.250857598530264e-16
Norma del vettore g non è uguale a sqrt(N): 72.4215284192218
Norma del vettore g: 20.000000000000004
Strategy: omn     , portfolio variance: 2.6656590148480035e-12
Norma del vettore g non è uguale a sqrt(N): 72.4215284192218
Norma del vettore g: 20.000000000000004
Strategy: omn     , portfolio variance: 2.219840202140966e-06
Norma del vettore g non è uguale a sqrt(N): 72.4215284192218
Norma del vettore g: 20.000000000000004
Strategy: omn     , portfolio variance: 2.1534434607703706e-06
Norma del vettore g non è uguale a sqrt(N): 72.4215284192218
Norma del vettore g: 20.000000000000004
Strategy: omn     , portfolio variance: 0.0024923634872714806
Norma del vettore g non è uguale a sqrt(N): 72.4215284192218
Norma del vettore g: 20.000000000000004
Strategy: omn     , portfolio variance: 3.2086320319581564e-06
Norma del vettore g non è uguale a sqrt(N): 72.4215284192218
Norma del vettore g: 20.000000000000004
Strategy: omn     , portfolio variance: 3.4260205302114377e-06
Norma del vettore g non è uguale a sqrt(N): 72.4215284192218
Norma del vettore g: 20.000000000000004
⚠️ Errore numerico: Autovalori troppo piccoli in Sigma. Uso la pseudo-inversa.
Strategy: mean_rev, portfolio variance: 1.2613009043386478e-06
Norma del vettore g non è uguale a sqrt(N): 72.4215284192218
Norma del vettore g: 20.000000000000004
⚠️ Errore numerico: Autovalori troppo piccoli in Sigma. Uso la pseudo-inversa.
Strategy: mean_rev, portfolio variance: 1.250857598530264e-16
Norma del vettore g non è uguale a sqrt(N): 72.4215284192218
Norma del vettore g: 20.000000000000004
Strategy: mean_rev, portfolio variance: 2.6656590148480035e-12
Norma del vettore g non è uguale a sqrt(N): 72.4215284192218
Norma del vettore g: 20.000000000000004
Strategy: mean_rev, portfolio variance: 2.219840202140966e-06
Norma del vettore g non è uguale a sqrt(N): 72.4215284192218
Norma del vettore g: 20.000000000000004
Strategy: mean_rev, portfolio variance: 2.1534434607703706e-06
Norma del vettore g non è uguale a sqrt(N): 72.4215284192218
Norma del vettore g: 20.000000000000004
Strategy: mean_rev, portfolio variance: 0.0024923634872714806
Norma del vettore g non è uguale a sqrt(N): 72.4215284192218
Norma del vettore g: 20.000000000000004
Strategy: mean_rev, portfolio variance: 3.2086320319581564e-06
Norma del vettore g non è uguale a sqrt(N): 72.4215284192218
Norma del vettore g: 20.000000000000004
Strategy: mean_rev, portfolio variance: 3.4260205302114377e-06
Norma del vettore g: 20.0
⚠️ Errore numerico: Autovalori troppo piccoli in Sigma. Uso la pseudo-inversa.
Strategy: rnd     , portfolio variance: 1.0724817709138674e-14
Norma del vettore g: 19.999999999999996
⚠️ Errore numerico: Autovalori troppo piccoli in Sigma. Uso la pseudo-inversa.
Strategy: rnd     , portfolio variance: 1.2665605683645492e-16
Norma del vettore g: 20.0
Strategy: rnd     , portfolio variance: 2.622091705891479e-08
Norma del vettore g: 20.000000000000004
Strategy: rnd     , portfolio variance: 1.3952213568828586e-06
Norma del vettore g: 19.999999999999993
Strategy: rnd     , portfolio variance: 5.663379308645539e-07
Norma del vettore g: 20.000000000000004
Strategy: rnd     , portfolio variance: 1.7065260132577872e-06
Norma del vettore g: 20.000000000000007
Strategy: rnd     , portfolio variance: 5.195756639262895e-13
Norma del vettore g: 20.000000000000004
Strategy: rnd     , portfolio variance: 2.2924169179039526e-14
[=========                                                             ] 12.99%
Norma del vettore g: 20.0
⚠️ Errore numerico: Autovalori troppo piccoli in Sigma. Uso la pseudo-inversa.
Strategy: min_var , portfolio variance: 1.1999083964607939e-05
Norma del vettore g: 20.0
⚠️ Errore numerico: Autovalori troppo piccoli in Sigma. Uso la pseudo-inversa.
Strategy: min_var , portfolio variance: 3.293979878085211e-16
Norma del vettore g: 20.0
Strategy: min_var , portfolio variance: 5.605984257932595e-13
Norma del vettore g: 20.0
Strategy: min_var , portfolio variance: 1.4516166010309607e-06
Norma del vettore g: 20.0
Strategy: min_var , portfolio variance: 2.347646765316532e-05
Norma del vettore g: 20.0
Strategy: min_var , portfolio variance: 0.1281317083364924
Norma del vettore g: 20.0
Strategy: min_var , portfolio variance: 5.7063373781143724e-05
Norma del vettore g: 20.0
Strategy: min_var , portfolio variance: 6.794279479229283e-05
Norma del vettore g non è uguale a sqrt(N): 57.93825747878388
Norma del vettore g: 19.999999999999993
⚠️ Errore numerico: Autovalori troppo piccoli in Sigma. Uso la pseudo-inversa.
Strategy: omn     , portfolio variance: 1.097320852748089e-06
Norma del vettore g non è uguale a sqrt(N): 57.93825747878388
Norma del vettore g: 19.999999999999993
⚠️ Errore numerico: Autovalori troppo piccoli in Sigma. Uso la pseudo-inversa.
Strategy: omn     , portfolio variance: 3.4593382799479376e-16
Norma del vettore g non è uguale a sqrt(N): 57.93825747878388
Norma del vettore g: 19.999999999999993
Strategy: omn     , portfolio variance: 6.780518648243613e-12
Norma del vettore g non è uguale a sqrt(N): 57.93825747878388
Norma del vettore g: 19.999999999999993
Strategy: omn     , portfolio variance: 2.443188475438889e-06
Norma del vettore g non è uguale a sqrt(N): 57.93825747878388
Norma del vettore g: 19.999999999999993
Strategy: omn     , portfolio variance: 1.9995012016681054e-06
Norma del vettore g non è uguale a sqrt(N): 57.93825747878388
Norma del vettore g: 19.999999999999993
Strategy: omn     , portfolio variance: 0.0023709678357483844
Norma del vettore g non è uguale a sqrt(N): 57.93825747878388
Norma del vettore g: 19.999999999999993
Strategy: omn     , portfolio variance: 3.1281947901201062e-06
Norma del vettore g non è uguale a sqrt(N): 57.93825747878388
Norma del vettore g: 19.999999999999993
Strategy: omn     , portfolio variance: 3.166562708291842e-06
Norma del vettore g non è uguale a sqrt(N): 57.93825747878388
Norma del vettore g: 19.999999999999993
⚠️ Errore numerico: Autovalori troppo piccoli in Sigma. Uso la pseudo-inversa.
Strategy: mean_rev, portfolio variance: 1.097320852748089e-06
Norma del vettore g non è uguale a sqrt(N): 57.93825747878388
Norma del vettore g: 19.999999999999993
⚠️ Errore numerico: Autovalori troppo piccoli in Sigma. Uso la pseudo-inversa.
Strategy: mean_rev, portfolio variance: 3.4593382799479376e-16
Norma del vettore g non è uguale a sqrt(N): 57.93825747878388
Norma del vettore g: 19.999999999999993
Strategy: mean_rev, portfolio variance: 6.780518648243613e-12
Norma del vettore g non è uguale a sqrt(N): 57.93825747878388
Norma del vettore g: 19.999999999999993
Strategy: mean_rev, portfolio variance: 2.443188475438889e-06
Norma del vettore g non è uguale a sqrt(N): 57.93825747878388
Norma del vettore g: 19.999999999999993
Strategy: mean_rev, portfolio variance: 1.9995012016681054e-06
Norma del vettore g non è uguale a sqrt(N): 57.93825747878388
Norma del vettore g: 19.999999999999993
Strategy: mean_rev, portfolio variance: 0.0023709678357483844
Norma del vettore g non è uguale a sqrt(N): 57.93825747878388
Norma del vettore g: 19.999999999999993
Strategy: mean_rev, portfolio variance: 3.1281947901201062e-06
Norma del vettore g non è uguale a sqrt(N): 57.93825747878388
Norma del vettore g: 19.999999999999993
Strategy: mean_rev, portfolio variance: 3.166562708291842e-06
Norma del vettore g: 20.0
⚠️ Errore numerico: Autovalori troppo piccoli in Sigma. Uso la pseudo-inversa.
Strategy: rnd     , portfolio variance: 1.704788545903115e-15
Norma del vettore g: 19.999999999999993
⚠️ Errore numerico: Autovalori troppo piccoli in Sigma. Uso la pseudo-inversa.
Strategy: rnd     , portfolio variance: 9.667536689076968e-16
Norma del vettore g: 20.0
Strategy: rnd     , portfolio variance: 3.094543465240381e-08
Norma del vettore g: 19.999999999999993
Strategy: rnd     , portfolio variance: 1.3572489814042581e-06
Norma del vettore g: 20.0
Strategy: rnd     , portfolio variance: 5.761218980578738e-07
Norma del vettore g: 20.000000000000004
Strategy: rnd     , portfolio variance: 2.338146361447136e-05
Norma del vettore g: 20.000000000000004
Strategy: rnd     , portfolio variance: 1.4089913750195501e-14
Norma del vettore g: 19.999999999999996
Strategy: rnd     , portfolio variance: 1.165870775999574e-14
[==========                                                            ] 14.29%
Norma del vettore g: 20.0
⚠️ Errore numerico: Autovalori troppo piccoli in Sigma. Uso la pseudo-inversa.
Strategy: min_var , portfolio variance: 1.3038324165277045e-05
Norma del vettore g: 20.0
⚠️ Errore numerico: Autovalori troppo piccoli in Sigma. Uso la pseudo-inversa.
Strategy: min_var , portfolio variance: 2.9763154146492657e-16
Norma del vettore g: 20.0
Strategy: min_var , portfolio variance: 5.044853376564834e-13
Norma del vettore g: 20.0
Strategy: min_var , portfolio variance: 1.4956866248424426e-06
Norma del vettore g: 20.0
Strategy: min_var , portfolio variance: 2.5740137054844017e-05
Norma del vettore g: 20.0
⚠️ Errore numerico: Autovalori troppo piccoli in Sigma. Uso la pseudo-inversa.
Strategy: min_var , portfolio variance: 0.2849490905181986
Norma del vettore g: 20.0
Strategy: min_var , portfolio variance: 6.0637152774513264e-05
Norma del vettore g: 20.0
Strategy: min_var , portfolio variance: 6.901297049210536e-05
Norma del vettore g non è uguale a sqrt(N): 119.7584754756136
Norma del vettore g: 20.000000000000007
⚠️ Errore numerico: Autovalori troppo piccoli in Sigma. Uso la pseudo-inversa.
Strategy: omn     , portfolio variance: 5.294183730372712e-06
Norma del vettore g non è uguale a sqrt(N): 119.7584754756136
Norma del vettore g: 20.000000000000007
⚠️ Errore numerico: Autovalori troppo piccoli in Sigma. Uso la pseudo-inversa.
Strategy: omn     , portfolio variance: 4.299088442593522e-16
Norma del vettore g non è uguale a sqrt(N): 119.7584754756136
Norma del vettore g: 20.000000000000007
Strategy: omn     , portfolio variance: 9.628255671382712e-13
Norma del vettore g non è uguale a sqrt(N): 119.7584754756136
Norma del vettore g: 20.000000000000007
Strategy: omn     , portfolio variance: 2.331903657149037e-06
Norma del vettore g non è uguale a sqrt(N): 119.7584754756136
Norma del vettore g: 20.000000000000007
Strategy: omn     , portfolio variance: 8.876448908474925e-06
Norma del vettore g non è uguale a sqrt(N): 119.7584754756136
Norma del vettore g: 20.000000000000007
⚠️ Errore numerico: Autovalori troppo piccoli in Sigma. Uso la pseudo-inversa.
Strategy: omn     , portfolio variance: -3.340903011060042e-17
Norma del vettore g non è uguale a sqrt(N): 119.7584754756136
Norma del vettore g: 20.000000000000007
Strategy: omn     , portfolio variance: 1.5195282795333592e-05
Norma del vettore g non è uguale a sqrt(N): 119.7584754756136
Norma del vettore g: 20.000000000000007
Strategy: omn     , portfolio variance: 1.4474490823405637e-05
Norma del vettore g non è uguale a sqrt(N): 119.7584754756136
Norma del vettore g: 20.000000000000007
⚠️ Errore numerico: Autovalori troppo piccoli in Sigma. Uso la pseudo-inversa.
Strategy: mean_rev, portfolio variance: 5.294183730372712e-06
Norma del vettore g non è uguale a sqrt(N): 119.7584754756136
Norma del vettore g: 20.000000000000007
⚠️ Errore numerico: Autovalori troppo piccoli in Sigma. Uso la pseudo-inversa.
Strategy: mean_rev, portfolio variance: 4.299088442593522e-16
Norma del vettore g non è uguale a sqrt(N): 119.7584754756136
Norma del vettore g: 20.000000000000007
Strategy: mean_rev, portfolio variance: 9.628255671382712e-13
Norma del vettore g non è uguale a sqrt(N): 119.7584754756136
Norma del vettore g: 20.000000000000007
Strategy: mean_rev, portfolio variance: 2.331903657149037e-06
Norma del vettore g non è uguale a sqrt(N): 119.7584754756136
Norma del vettore g: 20.000000000000007
Strategy: mean_rev, portfolio variance: 8.876448908474925e-06
Norma del vettore g non è uguale a sqrt(N): 119.7584754756136
Norma del vettore g: 20.000000000000007
⚠️ Errore numerico: Autovalori troppo piccoli in Sigma. Uso la pseudo-inversa.
Strategy: mean_rev, portfolio variance: -3.340903011060042e-17
Norma del vettore g non è uguale a sqrt(N): 119.7584754756136
Norma del vettore g: 20.000000000000007
Strategy: mean_rev, portfolio variance: 1.5195282795333592e-05
Norma del vettore g non è uguale a sqrt(N): 119.7584754756136
Norma del vettore g: 20.000000000000007
Strategy: mean_rev, portfolio variance: 1.4474490823405637e-05
Norma del vettore g: 19.999999999999996
⚠️ Errore numerico: Autovalori troppo piccoli in Sigma. Uso la pseudo-inversa.
Strategy: rnd     , portfolio variance: 1.894808732503496e-12
Norma del vettore g: 20.0
⚠️ Errore numerico: Autovalori troppo piccoli in Sigma. Uso la pseudo-inversa.
Strategy: rnd     , portfolio variance: 5.556459026687419e-16
Norma del vettore g: 20.0
Strategy: rnd     , portfolio variance: 5.054074700461123e-10
Norma del vettore g: 20.0
Strategy: rnd     , portfolio variance: 1.5236078622324134e-06
Norma del vettore g: 20.000000000000007
Strategy: rnd     , portfolio variance: 5.496397297742061e-07
Norma del vettore g: 20.0
⚠️ Errore numerico: Autovalori troppo piccoli in Sigma. Uso la pseudo-inversa.
Strategy: rnd     , portfolio variance: -2.81364159035681e-30
Norma del vettore g: 19.999999999999996
Strategy: rnd     , portfolio variance: 4.803984008459795e-15
Norma del vettore g: 19.999999999999993
Strategy: rnd     , portfolio variance: 1.6170995651342733e-11
[==========                                                            ] 15.58%
Kendall covariance matrix not positive definite!
 It may happen!
Norma del vettore g: 20.0
⚠️ Errore numerico: Autovalori troppo piccoli in Sigma. Uso la pseudo-inversa.
Strategy: min_var , portfolio variance: 1.1501319930554704e-05
Norma del vettore g: 20.0
⚠️ Errore numerico: Autovalori troppo piccoli in Sigma. Uso la pseudo-inversa.
Strategy: min_var , portfolio variance: 3.198491055827865e-16
Norma del vettore g: 20.0
Strategy: min_var , portfolio variance: 4.52628292365543e-13
Norma del vettore g: 20.0
Strategy: min_var , portfolio variance: 1.3066724532910118e-06
Norma del vettore g: 20.0
Strategy: min_var , portfolio variance: 2.2936206562211423e-05
Norma del vettore g: 20.0
⚠️ Errore numerico: Autovalori troppo piccoli in Sigma. Uso la pseudo-inversa.
Strategy: min_var , portfolio variance: 9.273771354312744e+26
Norma del vettore g: 20.0
Strategy: min_var , portfolio variance: 5.465222011596234e-05
Norma del vettore g: 20.0
Strategy: min_var , portfolio variance: 5.6996340141265286e-05
Norma del vettore g non è uguale a sqrt(N): 82.15379303494099
Norma del vettore g: 19.999999999999993
⚠️ Errore numerico: Autovalori troppo piccoli in Sigma. Uso la pseudo-inversa.
Strategy: omn     , portfolio variance: 1.5314533571442251e-06
Norma del vettore g non è uguale a sqrt(N): 82.15379303494099
Norma del vettore g: 19.999999999999993
⚠️ Errore numerico: Autovalori troppo piccoli in Sigma. Uso la pseudo-inversa.
Strategy: omn     , portfolio variance: 3.782047218137899e-16
Norma del vettore g non è uguale a sqrt(N): 82.15379303494099
Norma del vettore g: 19.999999999999993
Strategy: omn     , portfolio variance: 3.91614202532783e-12
Norma del vettore g non è uguale a sqrt(N): 82.15379303494099
Norma del vettore g: 19.999999999999993
Strategy: omn     , portfolio variance: 2.2440379945166084e-06
Norma del vettore g non è uguale a sqrt(N): 82.15379303494099
Norma del vettore g: 19.999999999999993
Strategy: omn     , portfolio variance: 2.501527380414413e-06
Norma del vettore g non è uguale a sqrt(N): 82.15379303494099
Norma del vettore g: 19.999999999999993
⚠️ Errore numerico: Autovalori troppo piccoli in Sigma. Uso la pseudo-inversa.
Strategy: omn     , portfolio variance: 0.0005170674963287749
Norma del vettore g non è uguale a sqrt(N): 82.15379303494099
Norma del vettore g: 19.999999999999993
Strategy: omn     , portfolio variance: 3.674295977467353e-06
Norma del vettore g non è uguale a sqrt(N): 82.15379303494099
Norma del vettore g: 19.999999999999993
Strategy: omn     , portfolio variance: 3.508224118231568e-06
Norma del vettore g non è uguale a sqrt(N): 82.15379303494099
Norma del vettore g: 19.999999999999993
⚠️ Errore numerico: Autovalori troppo piccoli in Sigma. Uso la pseudo-inversa.
Strategy: mean_rev, portfolio variance: 1.5314533571442251e-06
Norma del vettore g non è uguale a sqrt(N): 82.15379303494099
Norma del vettore g: 19.999999999999993
⚠️ Errore numerico: Autovalori troppo piccoli in Sigma. Uso la pseudo-inversa.
Strategy: mean_rev, portfolio variance: 3.782047218137899e-16
Norma del vettore g non è uguale a sqrt(N): 82.15379303494099
Norma del vettore g: 19.999999999999993
Strategy: mean_rev, portfolio variance: 3.91614202532783e-12
Norma del vettore g non è uguale a sqrt(N): 82.15379303494099
Norma del vettore g: 19.999999999999993
Strategy: mean_rev, portfolio variance: 2.2440379945166084e-06
Norma del vettore g non è uguale a sqrt(N): 82.15379303494099
Norma del vettore g: 19.999999999999993
Strategy: mean_rev, portfolio variance: 2.501527380414413e-06
Norma del vettore g non è uguale a sqrt(N): 82.15379303494099
Norma del vettore g: 19.999999999999993
⚠️ Errore numerico: Autovalori troppo piccoli in Sigma. Uso la pseudo-inversa.
Strategy: mean_rev, portfolio variance: 0.0005170674963287749
Norma del vettore g non è uguale a sqrt(N): 82.15379303494099
Norma del vettore g: 19.999999999999993
Strategy: mean_rev, portfolio variance: 3.674295977467353e-06
Norma del vettore g non è uguale a sqrt(N): 82.15379303494099
Norma del vettore g: 19.999999999999993
Strategy: mean_rev, portfolio variance: 3.508224118231568e-06
Norma del vettore g: 20.000000000000007
⚠️ Errore numerico: Autovalori troppo piccoli in Sigma. Uso la pseudo-inversa.
Strategy: rnd     , portfolio variance: 1.7972595314633035e-15
Norma del vettore g: 20.0
⚠️ Errore numerico: Autovalori troppo piccoli in Sigma. Uso la pseudo-inversa.
Strategy: rnd     , portfolio variance: 2.3568708123355302e-15
Norma del vettore g: 19.999999999999996
Strategy: rnd     , portfolio variance: 1.7464005227482244e-09
Norma del vettore g: 20.000000000000007
Strategy: rnd     , portfolio variance: 1.3960891421314988e-06
Norma del vettore g: 19.999999999999996
Strategy: rnd     , portfolio variance: 5.202301176987536e-07
Norma del vettore g: 20.000000000000004
⚠️ Errore numerico: Autovalori troppo piccoli in Sigma. Uso la pseudo-inversa.
Strategy: rnd     , portfolio variance: -1.5512753923544105e-31
Norma del vettore g: 20.000000000000007
Strategy: rnd     , portfolio variance: 1.3034880346493229e-14
Norma del vettore g: 19.999999999999996
Strategy: rnd     , portfolio variance: 5.9145999260474096e-15
[===========                                                           ] 16.88%
Norma del vettore g: 20.0
⚠️ Errore numerico: Autovalori troppo piccoli in Sigma. Uso la pseudo-inversa.
Strategy: min_var , portfolio variance: 9.887189629581181e-06
Norma del vettore g: 20.0
⚠️ Errore numerico: Autovalori troppo piccoli in Sigma. Uso la pseudo-inversa.
Strategy: min_var , portfolio variance: 4.138621659142323e-16
Norma del vettore g: 20.0
Strategy: min_var , portfolio variance: 3.867940101530872e-13
Norma del vettore g: 20.0
Strategy: min_var , portfolio variance: 9.574068676346049e-07
Norma del vettore g: 20.0
Strategy: min_var , portfolio variance: 1.7918672140651873e-05
Norma del vettore g: 20.0
Strategy: min_var , portfolio variance: 0.13515330658252978
Norma del vettore g: 20.0
Strategy: min_var , portfolio variance: 4.231942355349392e-05
Norma del vettore g: 20.0
Strategy: min_var , portfolio variance: 4.355566176881883e-05
Norma del vettore g non è uguale a sqrt(N): 93.2325562430086
Norma del vettore g: 20.0
⚠️ Errore numerico: Autovalori troppo piccoli in Sigma. Uso la pseudo-inversa.
Strategy: omn     , portfolio variance: 1.5344598173523574e-06
Norma del vettore g non è uguale a sqrt(N): 93.2325562430086
Norma del vettore g: 20.0
⚠️ Errore numerico: Autovalori troppo piccoli in Sigma. Uso la pseudo-inversa.
Strategy: omn     , portfolio variance: 1.1290544907919423e-15
Norma del vettore g non è uguale a sqrt(N): 93.2325562430086
Norma del vettore g: 20.0
Strategy: omn     , portfolio variance: 1.6015551460982715e-11
Norma del vettore g non è uguale a sqrt(N): 93.2325562430086
Norma del vettore g: 20.0
Strategy: omn     , portfolio variance: 1.840034292394579e-06
Norma del vettore g non è uguale a sqrt(N): 93.2325562430086
Norma del vettore g: 20.0
Strategy: omn     , portfolio variance: 2.1829777263148557e-06
Norma del vettore g non è uguale a sqrt(N): 93.2325562430086
Norma del vettore g: 20.0
Strategy: omn     , portfolio variance: 0.002548622396704013
Norma del vettore g non è uguale a sqrt(N): 93.2325562430086
Norma del vettore g: 20.0
Strategy: omn     , portfolio variance: 4.201851949002054e-06
Norma del vettore g non è uguale a sqrt(N): 93.2325562430086
Norma del vettore g: 20.0
Strategy: omn     , portfolio variance: 4.429885698322424e-06
Norma del vettore g non è uguale a sqrt(N): 93.2325562430086
Norma del vettore g: 20.0
⚠️ Errore numerico: Autovalori troppo piccoli in Sigma. Uso la pseudo-inversa.
Strategy: mean_rev, portfolio variance: 1.5344598173523574e-06
Norma del vettore g non è uguale a sqrt(N): 93.2325562430086
Norma del vettore g: 20.0
⚠️ Errore numerico: Autovalori troppo piccoli in Sigma. Uso la pseudo-inversa.
Strategy: mean_rev, portfolio variance: 1.1290544907919423e-15
Norma del vettore g non è uguale a sqrt(N): 93.2325562430086
Norma del vettore g: 20.0
Strategy: mean_rev, portfolio variance: 1.6015551460982715e-11
Norma del vettore g non è uguale a sqrt(N): 93.2325562430086
Norma del vettore g: 20.0
Strategy: mean_rev, portfolio variance: 1.840034292394579e-06
Norma del vettore g non è uguale a sqrt(N): 93.2325562430086
Norma del vettore g: 20.0
Strategy: mean_rev, portfolio variance: 2.1829777263148557e-06
Norma del vettore g non è uguale a sqrt(N): 93.2325562430086
Norma del vettore g: 20.0
Strategy: mean_rev, portfolio variance: 0.002548622396704013
Norma del vettore g non è uguale a sqrt(N): 93.2325562430086
Norma del vettore g: 20.0
Strategy: mean_rev, portfolio variance: 4.201851949002054e-06
Norma del vettore g non è uguale a sqrt(N): 93.2325562430086
Norma del vettore g: 20.0
Strategy: mean_rev, portfolio variance: 4.429885698322424e-06
Norma del vettore g: 20.0
⚠️ Errore numerico: Autovalori troppo piccoli in Sigma. Uso la pseudo-inversa.
Strategy: rnd     , portfolio variance: 6.148805719226128e-15
Norma del vettore g: 20.000000000000007
⚠️ Errore numerico: Autovalori troppo piccoli in Sigma. Uso la pseudo-inversa.
Strategy: rnd     , portfolio variance: 2.4493940415580904e-14
Norma del vettore g: 19.999999999999996
Strategy: rnd     , portfolio variance: 6.684350678507879e-11
Norma del vettore g: 20.000000000000004
Strategy: rnd     , portfolio variance: 8.746418059966018e-07
Norma del vettore g: 19.999999999999996
Strategy: rnd     , portfolio variance: 3.9364036955335184e-07
Norma del vettore g: 20.000000000000004
Strategy: rnd     , portfolio variance: 8.725903100355082e-06
Norma del vettore g: 20.00000000000001
Strategy: rnd     , portfolio variance: 1.0149194337631655e-12
Norma del vettore g: 20.0
Strategy: rnd     , portfolio variance: 5.47683226679342e-13
[============                                                          ] 18.18%
Norma del vettore g: 20.0
⚠️ Errore numerico: Autovalori troppo piccoli in Sigma. Uso la pseudo-inversa.
Strategy: min_var , portfolio variance: 8.37971463470346e-06
Norma del vettore g: 20.0
⚠️ Errore numerico: Autovalori troppo piccoli in Sigma. Uso la pseudo-inversa.
Strategy: min_var , portfolio variance: 4.3961589328732695e-16
Norma del vettore g: 20.0
Strategy: min_var , portfolio variance: 3.285247141091669e-13
Norma del vettore g: 20.0
Strategy: min_var , portfolio variance: 8.043117225112514e-07
Norma del vettore g: 20.0
Strategy: min_var , portfolio variance: 1.4808168722935618e-05
Norma del vettore g: 20.0
Strategy: min_var , portfolio variance: 0.13214134921261528
Norma del vettore g: 20.0
Strategy: min_var , portfolio variance: 3.3387151081078736e-05
Norma del vettore g: 20.0
Strategy: min_var , portfolio variance: 3.657008115476463e-05
Norma del vettore g non è uguale a sqrt(N): 212.30323650394152
Norma del vettore g: 20.000000000000004
⚠️ Errore numerico: Autovalori troppo piccoli in Sigma. Uso la pseudo-inversa.
Strategy: omn     , portfolio variance: 2.923549278448667e-06
Norma del vettore g non è uguale a sqrt(N): 212.30323650394152
Norma del vettore g: 20.000000000000004
⚠️ Errore numerico: Autovalori troppo piccoli in Sigma. Uso la pseudo-inversa.
Strategy: omn     , portfolio variance: 1.0648172650777696e-15
Norma del vettore g non è uguale a sqrt(N): 212.30323650394152
Norma del vettore g: 20.000000000000004
Strategy: omn     , portfolio variance: 1.0616666579601864e-12
Norma del vettore g non è uguale a sqrt(N): 212.30323650394152
Norma del vettore g: 20.000000000000004
Strategy: omn     , portfolio variance: 1.978003308413286e-06
Norma del vettore g non è uguale a sqrt(N): 212.30323650394152
Norma del vettore g: 20.000000000000004
Strategy: omn     , portfolio variance: 3.88322258125222e-06
Norma del vettore g non è uguale a sqrt(N): 212.30323650394152
Norma del vettore g: 20.000000000000004
Strategy: omn     , portfolio variance: 0.003615967708530718
Norma del vettore g non è uguale a sqrt(N): 212.30323650394152
Norma del vettore g: 20.000000000000004
Strategy: omn     , portfolio variance: 7.273006960339623e-06
Norma del vettore g non è uguale a sqrt(N): 212.30323650394152
Norma del vettore g: 20.000000000000004
Strategy: omn     , portfolio variance: 7.569454803214165e-06
Norma del vettore g non è uguale a sqrt(N): 212.30323650394152
Norma del vettore g: 20.000000000000004
⚠️ Errore numerico: Autovalori troppo piccoli in Sigma. Uso la pseudo-inversa.
Strategy: mean_rev, portfolio variance: 2.923549278448667e-06
Norma del vettore g non è uguale a sqrt(N): 212.30323650394152
Norma del vettore g: 20.000000000000004
⚠️ Errore numerico: Autovalori troppo piccoli in Sigma. Uso la pseudo-inversa.
Strategy: mean_rev, portfolio variance: 1.0648172650777696e-15
Norma del vettore g non è uguale a sqrt(N): 212.30323650394152
Norma del vettore g: 20.000000000000004
Strategy: mean_rev, portfolio variance: 1.0616666579601864e-12
Norma del vettore g non è uguale a sqrt(N): 212.30323650394152
Norma del vettore g: 20.000000000000004
Strategy: mean_rev, portfolio variance: 1.978003308413286e-06
Norma del vettore g non è uguale a sqrt(N): 212.30323650394152
Norma del vettore g: 20.000000000000004
Strategy: mean_rev, portfolio variance: 3.88322258125222e-06
Norma del vettore g non è uguale a sqrt(N): 212.30323650394152
Norma del vettore g: 20.000000000000004
Strategy: mean_rev, portfolio variance: 0.003615967708530718
Norma del vettore g non è uguale a sqrt(N): 212.30323650394152
Norma del vettore g: 20.000000000000004
Strategy: mean_rev, portfolio variance: 7.273006960339623e-06
Norma del vettore g non è uguale a sqrt(N): 212.30323650394152
Norma del vettore g: 20.000000000000004
Strategy: mean_rev, portfolio variance: 7.569454803214165e-06
Norma del vettore g: 19.999999999999996
⚠️ Errore numerico: Autovalori troppo piccoli in Sigma. Uso la pseudo-inversa.
Strategy: rnd     , portfolio variance: 6.300507503713389e-15
Norma del vettore g: 20.000000000000007
⚠️ Errore numerico: Autovalori troppo piccoli in Sigma. Uso la pseudo-inversa.
Strategy: rnd     , portfolio variance: 4.0850526191628303e-16
Norma del vettore g: 20.0
Strategy: rnd     , portfolio variance: 2.1496029072033729e-10
Norma del vettore g: 20.000000000000007
Strategy: rnd     , portfolio variance: 8.235195067714883e-07
Norma del vettore g: 20.000000000000004
Strategy: rnd     , portfolio variance: 3.194430494146048e-07
Norma del vettore g: 20.000000000000004
Strategy: rnd     , portfolio variance: 1.0171977845056691e-05
Norma del vettore g: 20.0
Strategy: rnd     , portfolio variance: 1.0234478276815759e-14
Norma del vettore g: 20.0
Strategy: rnd     , portfolio variance: 4.635158583828028e-12
[=============                                                         ] 19.48%
Norma del vettore g: 20.0
⚠️ Errore numerico: Autovalori troppo piccoli in Sigma. Uso la pseudo-inversa.
Strategy: min_var , portfolio variance: 7.931325266625255e-06
Norma del vettore g: 20.0
⚠️ Errore numerico: Autovalori troppo piccoli in Sigma. Uso la pseudo-inversa.
Strategy: min_var , portfolio variance: 4.420444512137171e-16
Norma del vettore g: 20.0
⚠️ Errore numerico: Autovalori troppo piccoli in Sigma. Uso la pseudo-inversa.
Strategy: min_var , portfolio variance: 2.5451227876905855e-13
Norma del vettore g: 20.0
Strategy: min_var , portfolio variance: 6.967135955522148e-07
Norma del vettore g: 20.0
Strategy: min_var , portfolio variance: 1.323379832076243e-05
Norma del vettore g: 20.0
Strategy: min_var , portfolio variance: 0.13367028614953289
Norma del vettore g: 20.0
Strategy: min_var , portfolio variance: 2.7797366796103254e-05
Norma del vettore g: 20.0
Strategy: min_var , portfolio variance: 3.0135545318588576e-05
Norma del vettore g non è uguale a sqrt(N): 82.85148787058208
Norma del vettore g: 20.000000000000004
⚠️ Errore numerico: Autovalori troppo piccoli in Sigma. Uso la pseudo-inversa.
Strategy: omn     , portfolio variance: 1.1991025070696845e-06
Norma del vettore g non è uguale a sqrt(N): 82.85148787058208
Norma del vettore g: 20.000000000000004
⚠️ Errore numerico: Autovalori troppo piccoli in Sigma. Uso la pseudo-inversa.
Strategy: omn     , portfolio variance: 1.9327471172696517e-15
Norma del vettore g non è uguale a sqrt(N): 82.85148787058208
Norma del vettore g: 20.000000000000004
⚠️ Errore numerico: Autovalori troppo piccoli in Sigma. Uso la pseudo-inversa.
Strategy: omn     , portfolio variance: 7.068827558658486e-13
Norma del vettore g non è uguale a sqrt(N): 82.85148787058208
Norma del vettore g: 20.000000000000004
Strategy: omn     , portfolio variance: 1.1446660562683681e-06
Norma del vettore g non è uguale a sqrt(N): 82.85148787058208
Norma del vettore g: 20.000000000000004
Strategy: omn     , portfolio variance: 1.6974252010011959e-06
Norma del vettore g non è uguale a sqrt(N): 82.85148787058208
Norma del vettore g: 20.000000000000004
Strategy: omn     , portfolio variance: 0.0030915499142112777
Norma del vettore g non è uguale a sqrt(N): 82.85148787058208
Norma del vettore g: 20.000000000000004
Strategy: omn     , portfolio variance: 2.598288483709788e-06
Norma del vettore g non è uguale a sqrt(N): 82.85148787058208
Norma del vettore g: 20.000000000000004
Strategy: omn     , portfolio variance: 2.6498729220160467e-06
Norma del vettore g non è uguale a sqrt(N): 82.85148787058208
Norma del vettore g: 20.000000000000004
⚠️ Errore numerico: Autovalori troppo piccoli in Sigma. Uso la pseudo-inversa.
Strategy: mean_rev, portfolio variance: 1.1991025070696845e-06
Norma del vettore g non è uguale a sqrt(N): 82.85148787058208
Norma del vettore g: 20.000000000000004
⚠️ Errore numerico: Autovalori troppo piccoli in Sigma. Uso la pseudo-inversa.
Strategy: mean_rev, portfolio variance: 1.9327471172696517e-15
Norma del vettore g non è uguale a sqrt(N): 82.85148787058208
Norma del vettore g: 20.000000000000004
⚠️ Errore numerico: Autovalori troppo piccoli in Sigma. Uso la pseudo-inversa.
Strategy: mean_rev, portfolio variance: 7.068827558658486e-13
Norma del vettore g non è uguale a sqrt(N): 82.85148787058208
Norma del vettore g: 20.000000000000004
Strategy: mean_rev, portfolio variance: 1.1446660562683681e-06
Norma del vettore g non è uguale a sqrt(N): 82.85148787058208
Norma del vettore g: 20.000000000000004
Strategy: mean_rev, portfolio variance: 1.6974252010011959e-06
Norma del vettore g non è uguale a sqrt(N): 82.85148787058208
Norma del vettore g: 20.000000000000004
Strategy: mean_rev, portfolio variance: 0.0030915499142112777
Norma del vettore g non è uguale a sqrt(N): 82.85148787058208
Norma del vettore g: 20.000000000000004
Strategy: mean_rev, portfolio variance: 2.598288483709788e-06
Norma del vettore g non è uguale a sqrt(N): 82.85148787058208
Norma del vettore g: 20.000000000000004
Strategy: mean_rev, portfolio variance: 2.6498729220160467e-06
Norma del vettore g: 19.999999999999996
⚠️ Errore numerico: Autovalori troppo piccoli in Sigma. Uso la pseudo-inversa.
Strategy: rnd     , portfolio variance: 1.6237704119125419e-15
Norma del vettore g: 20.0
⚠️ Errore numerico: Autovalori troppo piccoli in Sigma. Uso la pseudo-inversa.
Strategy: rnd     , portfolio variance: 9.385891631372327e-16
Norma del vettore g: 19.999999999999993
⚠️ Errore numerico: Autovalori troppo piccoli in Sigma. Uso la pseudo-inversa.
Strategy: rnd     , portfolio variance: 5.572642192642199e-10
Norma del vettore g: 19.99999999999999
Strategy: rnd     , portfolio variance: 6.572125917696123e-07
Norma del vettore g: 20.0
Strategy: rnd     , portfolio variance: 2.943196092337148e-07
Norma del vettore g: 19.999999999999996
Strategy: rnd     , portfolio variance: 0.0007945871608680791
Norma del vettore g: 19.999999999999996
Strategy: rnd     , portfolio variance: 4.073932172763051e-15
Norma del vettore g: 20.0
Strategy: rnd     , portfolio variance: 1.3283686444263488e-13
[==============                                                        ] 20.78%
Kendall covariance matrix not positive definite!
 It may happen!
Norma del vettore g: 20.0
⚠️ Errore numerico: Autovalori troppo piccoli in Sigma. Uso la pseudo-inversa.
Strategy: min_var , portfolio variance: 6.830975992215512e-06
Norma del vettore g: 20.0
⚠️ Errore numerico: Autovalori troppo piccoli in Sigma. Uso la pseudo-inversa.
Strategy: min_var , portfolio variance: 4.46940189842273e-16
Norma del vettore g: 20.0
⚠️ Errore numerico: Autovalori troppo piccoli in Sigma. Uso la pseudo-inversa.
Strategy: min_var , portfolio variance: 2.2715801653288906e-13
Norma del vettore g: 20.0
Strategy: min_var , portfolio variance: 6.485969783029893e-07
Norma del vettore g: 20.0
Strategy: min_var , portfolio variance: 1.1739582038328945e-05
Norma del vettore g: 20.0
⚠️ Errore numerico: Autovalori troppo piccoli in Sigma. Uso la pseudo-inversa.
Strategy: min_var , portfolio variance: 3.302860824953295
Norma del vettore g: 20.0
Strategy: min_var , portfolio variance: 2.415972263240765e-05
Norma del vettore g: 20.0
Strategy: min_var , portfolio variance: 2.695480311612652e-05
Norma del vettore g non è uguale a sqrt(N): 56.55082077697146
Norma del vettore g: 19.999999999999996
⚠️ Errore numerico: Autovalori troppo piccoli in Sigma. Uso la pseudo-inversa.
Strategy: omn     , portfolio variance: 7.287988944602651e-07
Norma del vettore g non è uguale a sqrt(N): 56.55082077697146
Norma del vettore g: 19.999999999999996
⚠️ Errore numerico: Autovalori troppo piccoli in Sigma. Uso la pseudo-inversa.
Strategy: omn     , portfolio variance: 1.9396131416202645e-16
Norma del vettore g non è uguale a sqrt(N): 56.55082077697146
Norma del vettore g: 19.999999999999996
⚠️ Errore numerico: Autovalori troppo piccoli in Sigma. Uso la pseudo-inversa.
Strategy: omn     , portfolio variance: 1.0105443219189729e-12
Norma del vettore g non è uguale a sqrt(N): 56.55082077697146
Norma del vettore g: 19.999999999999996
Strategy: omn     , portfolio variance: 1.0530188974326926e-06
Norma del vettore g non è uguale a sqrt(N): 56.55082077697146
Norma del vettore g: 19.999999999999996
Strategy: omn     , portfolio variance: 1.0439344019560673e-06
Norma del vettore g non è uguale a sqrt(N): 56.55082077697146
Norma del vettore g: 19.999999999999996
⚠️ Errore numerico: Autovalori troppo piccoli in Sigma. Uso la pseudo-inversa.
Strategy: omn     , portfolio variance: -6.54469993653621e-19
Norma del vettore g non è uguale a sqrt(N): 56.55082077697146
Norma del vettore g: 19.999999999999996
Strategy: omn     , portfolio variance: 1.3257391090581625e-06
Norma del vettore g non è uguale a sqrt(N): 56.55082077697146
Norma del vettore g: 19.999999999999996
Strategy: omn     , portfolio variance: 1.254439332829267e-06
Norma del vettore g non è uguale a sqrt(N): 56.55082077697146
Norma del vettore g: 19.999999999999996
⚠️ Errore numerico: Autovalori troppo piccoli in Sigma. Uso la pseudo-inversa.
Strategy: mean_rev, portfolio variance: 7.287988944602651e-07
Norma del vettore g non è uguale a sqrt(N): 56.55082077697146
Norma del vettore g: 19.999999999999996
⚠️ Errore numerico: Autovalori troppo piccoli in Sigma. Uso la pseudo-inversa.
Strategy: mean_rev, portfolio variance: 1.9396131416202645e-16
Norma del vettore g non è uguale a sqrt(N): 56.55082077697146
Norma del vettore g: 19.999999999999996
⚠️ Errore numerico: Autovalori troppo piccoli in Sigma. Uso la pseudo-inversa.
Strategy: mean_rev, portfolio variance: 1.0105443219189729e-12
Norma del vettore g non è uguale a sqrt(N): 56.55082077697146
Norma del vettore g: 19.999999999999996
Strategy: mean_rev, portfolio variance: 1.0530188974326926e-06
Norma del vettore g non è uguale a sqrt(N): 56.55082077697146
Norma del vettore g: 19.999999999999996
Strategy: mean_rev, portfolio variance: 1.0439344019560673e-06
Norma del vettore g non è uguale a sqrt(N): 56.55082077697146
Norma del vettore g: 19.999999999999996
⚠️ Errore numerico: Autovalori troppo piccoli in Sigma. Uso la pseudo-inversa.
Strategy: mean_rev, portfolio variance: -6.54469993653621e-19
Norma del vettore g non è uguale a sqrt(N): 56.55082077697146
Norma del vettore g: 19.999999999999996
Strategy: mean_rev, portfolio variance: 1.3257391090581625e-06
Norma del vettore g non è uguale a sqrt(N): 56.55082077697146
Norma del vettore g: 19.999999999999996
Strategy: mean_rev, portfolio variance: 1.254439332829267e-06
Norma del vettore g: 20.0
⚠️ Errore numerico: Autovalori troppo piccoli in Sigma. Uso la pseudo-inversa.
Strategy: rnd     , portfolio variance: 1.227968990239728e-14
Norma del vettore g: 20.0
⚠️ Errore numerico: Autovalori troppo piccoli in Sigma. Uso la pseudo-inversa.
Strategy: rnd     , portfolio variance: 3.360776039935414e-15
Norma del vettore g: 20.0
⚠️ Errore numerico: Autovalori troppo piccoli in Sigma. Uso la pseudo-inversa.
Strategy: rnd     , portfolio variance: 1.8596433071566713e-08
Norma del vettore g: 20.000000000000004
Strategy: rnd     , portfolio variance: 6.225362366525552e-07
Norma del vettore g: 20.0
Strategy: rnd     , portfolio variance: 2.4817887049509454e-07
Norma del vettore g: 20.0
⚠️ Errore numerico: Autovalori troppo piccoli in Sigma. Uso la pseudo-inversa.
Strategy: rnd     , portfolio variance: -3.610014611938697e-32
Norma del vettore g: 20.0
Strategy: rnd     , portfolio variance: 3.653098508003695e-15
Norma del vettore g: 19.999999999999996
Strategy: rnd     , portfolio variance: 2.4256708391931254e-12
[===============                                                       ] 22.08%
Kendall covariance matrix not positive definite!
 It may happen!
Norma del vettore g: 20.0
⚠️ Errore numerico: Autovalori troppo piccoli in Sigma. Uso la pseudo-inversa.
Strategy: min_var , portfolio variance: 6.835220549619176e-06
Norma del vettore g: 20.0
⚠️ Errore numerico: Autovalori troppo piccoli in Sigma. Uso la pseudo-inversa.
Strategy: min_var , portfolio variance: 4.540735640056808e-16
Norma del vettore g: 20.0
⚠️ Errore numerico: Autovalori troppo piccoli in Sigma. Uso la pseudo-inversa.
Strategy: min_var , portfolio variance: 2.1979842510354564e-13
Norma del vettore g: 20.0
Strategy: min_var , portfolio variance: 6.34387975302883e-07
Norma del vettore g: 20.0
Strategy: min_var , portfolio variance: 1.166804141509595e-05
Norma del vettore g: 20.0
⚠️ Errore numerico: Autovalori troppo piccoli in Sigma. Uso la pseudo-inversa.
Strategy: min_var , portfolio variance: 5.013551325820729e+26
Norma del vettore g: 20.0
Strategy: min_var , portfolio variance: 2.4632026770767827e-05
Norma del vettore g: 20.0
Strategy: min_var , portfolio variance: 2.616118000954939e-05
Norma del vettore g non è uguale a sqrt(N): 50.03463497053629
Norma del vettore g: 20.000000000000004
⚠️ Errore numerico: Autovalori troppo piccoli in Sigma. Uso la pseudo-inversa.
Strategy: omn     , portfolio variance: 6.032316266485161e-07
Norma del vettore g non è uguale a sqrt(N): 50.03463497053629
Norma del vettore g: 20.000000000000004
⚠️ Errore numerico: Autovalori troppo piccoli in Sigma. Uso la pseudo-inversa.
Strategy: omn     , portfolio variance: 5.701073031897152e-16
Norma del vettore g non è uguale a sqrt(N): 50.03463497053629
Norma del vettore g: 20.000000000000004
⚠️ Errore numerico: Autovalori troppo piccoli in Sigma. Uso la pseudo-inversa.
Strategy: omn     , portfolio variance: 1.1160812220260986e-12
Norma del vettore g non è uguale a sqrt(N): 50.03463497053629
Norma del vettore g: 20.000000000000004
Strategy: omn     , portfolio variance: 8.79671384038843e-07
Norma del vettore g non è uguale a sqrt(N): 50.03463497053629
Norma del vettore g: 20.000000000000004
Strategy: omn     , portfolio variance: 8.702652279053608e-07
Norma del vettore g non è uguale a sqrt(N): 50.03463497053629
Norma del vettore g: 20.000000000000004
⚠️ Errore numerico: Autovalori troppo piccoli in Sigma. Uso la pseudo-inversa.
Strategy: omn     , portfolio variance: 1.8917070107126645e-09
Norma del vettore g non è uguale a sqrt(N): 50.03463497053629
Norma del vettore g: 20.000000000000004
Strategy: omn     , portfolio variance: 1.1375887355088659e-06
Norma del vettore g non è uguale a sqrt(N): 50.03463497053629
Norma del vettore g: 20.000000000000004
Strategy: omn     , portfolio variance: 1.168822897975744e-06
Norma del vettore g non è uguale a sqrt(N): 50.03463497053629
Norma del vettore g: 20.000000000000004
⚠️ Errore numerico: Autovalori troppo piccoli in Sigma. Uso la pseudo-inversa.
Strategy: mean_rev, portfolio variance: 6.032316266485161e-07
Norma del vettore g non è uguale a sqrt(N): 50.03463497053629
Norma del vettore g: 20.000000000000004
⚠️ Errore numerico: Autovalori troppo piccoli in Sigma. Uso la pseudo-inversa.
Strategy: mean_rev, portfolio variance: 5.701073031897152e-16
Norma del vettore g non è uguale a sqrt(N): 50.03463497053629
Norma del vettore g: 20.000000000000004
⚠️ Errore numerico: Autovalori troppo piccoli in Sigma. Uso la pseudo-inversa.
Strategy: mean_rev, portfolio variance: 1.1160812220260986e-12
Norma del vettore g non è uguale a sqrt(N): 50.03463497053629
Norma del vettore g: 20.000000000000004
Strategy: mean_rev, portfolio variance: 8.79671384038843e-07
Norma del vettore g non è uguale a sqrt(N): 50.03463497053629
Norma del vettore g: 20.000000000000004
Strategy: mean_rev, portfolio variance: 8.702652279053608e-07
Norma del vettore g non è uguale a sqrt(N): 50.03463497053629
Norma del vettore g: 20.000000000000004
⚠️ Errore numerico: Autovalori troppo piccoli in Sigma. Uso la pseudo-inversa.
Strategy: mean_rev, portfolio variance: 1.8917070107126645e-09
Norma del vettore g non è uguale a sqrt(N): 50.03463497053629
Norma del vettore g: 20.000000000000004
Strategy: mean_rev, portfolio variance: 1.1375887355088659e-06
Norma del vettore g non è uguale a sqrt(N): 50.03463497053629
Norma del vettore g: 20.000000000000004
Strategy: mean_rev, portfolio variance: 1.168822897975744e-06
Norma del vettore g: 20.000000000000004
⚠️ Errore numerico: Autovalori troppo piccoli in Sigma. Uso la pseudo-inversa.
Strategy: rnd     , portfolio variance: 1.2932160567476141e-14
Norma del vettore g: 20.0
⚠️ Errore numerico: Autovalori troppo piccoli in Sigma. Uso la pseudo-inversa.
Strategy: rnd     , portfolio variance: 6.25917347787001e-16
Norma del vettore g: 20.000000000000007
⚠️ Errore numerico: Autovalori troppo piccoli in Sigma. Uso la pseudo-inversa.
Strategy: rnd     , portfolio variance: 9.334576066452242e-11
Norma del vettore g: 20.0
Strategy: rnd     , portfolio variance: 6.030451144930557e-07
Norma del vettore g: 20.000000000000007
Strategy: rnd     , portfolio variance: 2.5930877997079725e-07
Norma del vettore g: 19.999999999999996
⚠️ Errore numerico: Autovalori troppo piccoli in Sigma. Uso la pseudo-inversa.
Strategy: rnd     , portfolio variance: -2.673013749490399e-31
Norma del vettore g: 20.0
Strategy: rnd     , portfolio variance: 6.502136202088252e-15
Norma del vettore g: 20.000000000000007
Strategy: rnd     , portfolio variance: 2.092908838110722e-15
[================                                                      ] 23.38%
Kendall covariance matrix not positive definite!
 It may happen!
Norma del vettore g: 20.0
⚠️ Errore numerico: Autovalori troppo piccoli in Sigma. Uso la pseudo-inversa.
Strategy: min_var , portfolio variance: 7.02301309680894e-06
Norma del vettore g: 20.0
⚠️ Errore numerico: Autovalori troppo piccoli in Sigma. Uso la pseudo-inversa.
Strategy: min_var , portfolio variance: 4.488713314165607e-16
Norma del vettore g: 20.0
⚠️ Errore numerico: Autovalori troppo piccoli in Sigma. Uso la pseudo-inversa.
Strategy: min_var , portfolio variance: 2.117190199616134e-13
Norma del vettore g: 20.0
Strategy: min_var , portfolio variance: 6.16780284983267e-07
Norma del vettore g: 20.0
Strategy: min_var , portfolio variance: 1.1791050994299066e-05
Norma del vettore g: 20.0
⚠️ Errore numerico: Autovalori troppo piccoli in Sigma. Uso la pseudo-inversa.
Strategy: min_var , portfolio variance: 4.0528579114366685e+26
Norma del vettore g: 20.0
Strategy: min_var , portfolio variance: 2.4034313535899735e-05
Norma del vettore g: 20.0
Strategy: min_var , portfolio variance: 2.5648010988380964e-05
Norma del vettore g non è uguale a sqrt(N): 55.94288627251393
Norma del vettore g: 20.000000000000004
⚠️ Errore numerico: Autovalori troppo piccoli in Sigma. Uso la pseudo-inversa.
Strategy: omn     , portfolio variance: 7.752741166034177e-07
Norma del vettore g non è uguale a sqrt(N): 55.94288627251393
Norma del vettore g: 20.000000000000004
⚠️ Errore numerico: Autovalori troppo piccoli in Sigma. Uso la pseudo-inversa.
Strategy: omn     , portfolio variance: 1.100985146116865e-15
Norma del vettore g non è uguale a sqrt(N): 55.94288627251393
Norma del vettore g: 20.000000000000004
⚠️ Errore numerico: Autovalori troppo piccoli in Sigma. Uso la pseudo-inversa.
Strategy: omn     , portfolio variance: 1.3169751281428262e-12
Norma del vettore g non è uguale a sqrt(N): 55.94288627251393
Norma del vettore g: 20.000000000000004
Strategy: omn     , portfolio variance: 1.0105512206414574e-06
Norma del vettore g non è uguale a sqrt(N): 55.94288627251393
Norma del vettore g: 20.000000000000004
Strategy: omn     , portfolio variance: 1.1123857057673884e-06
Norma del vettore g non è uguale a sqrt(N): 55.94288627251393
Norma del vettore g: 20.000000000000004
⚠️ Errore numerico: Autovalori troppo piccoli in Sigma. Uso la pseudo-inversa.
Strategy: omn     , portfolio variance: 1.6669322557274933e-10
Norma del vettore g non è uguale a sqrt(N): 55.94288627251393
Norma del vettore g: 20.000000000000004
Strategy: omn     , portfolio variance: 1.5386305574939695e-06
Norma del vettore g non è uguale a sqrt(N): 55.94288627251393
Norma del vettore g: 20.000000000000004
Strategy: omn     , portfolio variance: 1.7160427476556256e-06
Norma del vettore g non è uguale a sqrt(N): 55.94288627251393
Norma del vettore g: 20.000000000000004
⚠️ Errore numerico: Autovalori troppo piccoli in Sigma. Uso la pseudo-inversa.
Strategy: mean_rev, portfolio variance: 7.752741166034177e-07
Norma del vettore g non è uguale a sqrt(N): 55.94288627251393
Norma del vettore g: 20.000000000000004
⚠️ Errore numerico: Autovalori troppo piccoli in Sigma. Uso la pseudo-inversa.
Strategy: mean_rev, portfolio variance: 1.100985146116865e-15
Norma del vettore g non è uguale a sqrt(N): 55.94288627251393
Norma del vettore g: 20.000000000000004
⚠️ Errore numerico: Autovalori troppo piccoli in Sigma. Uso la pseudo-inversa.
Strategy: mean_rev, portfolio variance: 1.3169751281428262e-12
Norma del vettore g non è uguale a sqrt(N): 55.94288627251393
Norma del vettore g: 20.000000000000004
Strategy: mean_rev, portfolio variance: 1.0105512206414574e-06
Norma del vettore g non è uguale a sqrt(N): 55.94288627251393
Norma del vettore g: 20.000000000000004
Strategy: mean_rev, portfolio variance: 1.1123857057673884e-06
Norma del vettore g non è uguale a sqrt(N): 55.94288627251393
Norma del vettore g: 20.000000000000004
⚠️ Errore numerico: Autovalori troppo piccoli in Sigma. Uso la pseudo-inversa.
Strategy: mean_rev, portfolio variance: 1.6669322557274933e-10
Norma del vettore g non è uguale a sqrt(N): 55.94288627251393
Norma del vettore g: 20.000000000000004
Strategy: mean_rev, portfolio variance: 1.5386305574939695e-06
Norma del vettore g non è uguale a sqrt(N): 55.94288627251393
Norma del vettore g: 20.000000000000004
Strategy: mean_rev, portfolio variance: 1.7160427476556256e-06
Norma del vettore g: 19.999999999999993
⚠️ Errore numerico: Autovalori troppo piccoli in Sigma. Uso la pseudo-inversa.
Strategy: rnd     , portfolio variance: 1.851208965697246e-14
Norma del vettore g: 20.0
⚠️ Errore numerico: Autovalori troppo piccoli in Sigma. Uso la pseudo-inversa.
Strategy: rnd     , portfolio variance: 2.4580267304102053e-15
Norma del vettore g: 20.0
⚠️ Errore numerico: Autovalori troppo piccoli in Sigma. Uso la pseudo-inversa.
Strategy: rnd     , portfolio variance: 3.390060295552758e-09
Norma del vettore g: 20.000000000000007
Strategy: rnd     , portfolio variance: 5.892442922888379e-07
Norma del vettore g: 20.000000000000004
Strategy: rnd     , portfolio variance: 2.411957411651773e-07
Norma del vettore g: 20.0
⚠️ Errore numerico: Autovalori troppo piccoli in Sigma. Uso la pseudo-inversa.
Strategy: rnd     , portfolio variance: -2.595552300236216e-31
Norma del vettore g: 19.999999999999993
Strategy: rnd     , portfolio variance: 2.2795210009186732e-14
Norma del vettore g: 20.0
Strategy: rnd     , portfolio variance: 3.1160158003661372e-15
[=================                                                     ] 24.68%
Norma del vettore g: 20.0
⚠️ Errore numerico: Autovalori troppo piccoli in Sigma. Uso la pseudo-inversa.
Strategy: min_var , portfolio variance: 6.977279205823164e-06
Norma del vettore g: 20.0
⚠️ Errore numerico: Autovalori troppo piccoli in Sigma. Uso la pseudo-inversa.
Strategy: min_var , portfolio variance: 4.290763484146941e-16
Norma del vettore g: 20.0
⚠️ Errore numerico: Autovalori troppo piccoli in Sigma. Uso la pseudo-inversa.
Strategy: min_var , portfolio variance: 2.0859443127645724e-13
Norma del vettore g: 20.0
Strategy: min_var , portfolio variance: 6.090535810180872e-07
Norma del vettore g: 20.0
Strategy: min_var , portfolio variance: 1.1781106486962173e-05
Norma del vettore g: 20.0
⚠️ Errore numerico: Autovalori troppo piccoli in Sigma. Uso la pseudo-inversa.
Strategy: min_var , portfolio variance: 1.6147005693336074e+29
Norma del vettore g: 20.0
Strategy: min_var , portfolio variance: 2.385775571704059e-05
Norma del vettore g: 20.0
Strategy: min_var , portfolio variance: 2.539961834798843e-05
Norma del vettore g non è uguale a sqrt(N): 47.714584144186865
Norma del vettore g: 19.999999999999993
⚠️ Errore numerico: Autovalori troppo piccoli in Sigma. Uso la pseudo-inversa.
Strategy: omn     , portfolio variance: 7.373840980485654e-07
Norma del vettore g non è uguale a sqrt(N): 47.714584144186865
Norma del vettore g: 19.999999999999993
⚠️ Errore numerico: Autovalori troppo piccoli in Sigma. Uso la pseudo-inversa.
Strategy: omn     , portfolio variance: 2.394136296241679e-16
Norma del vettore g non è uguale a sqrt(N): 47.714584144186865
Norma del vettore g: 19.999999999999993
⚠️ Errore numerico: Autovalori troppo piccoli in Sigma. Uso la pseudo-inversa.
Strategy: omn     , portfolio variance: 9.008867974892604e-13
Norma del vettore g non è uguale a sqrt(N): 47.714584144186865
Norma del vettore g: 19.999999999999993
Strategy: omn     , portfolio variance: 9.253163312072898e-07
Norma del vettore g non è uguale a sqrt(N): 47.714584144186865
Norma del vettore g: 19.999999999999993
Strategy: omn     , portfolio variance: 1.1506267641467058e-06
Norma del vettore g non è uguale a sqrt(N): 47.714584144186865
Norma del vettore g: 19.999999999999993
⚠️ Errore numerico: Autovalori troppo piccoli in Sigma. Uso la pseudo-inversa.
Strategy: omn     , portfolio variance: 0.048573062262048536
Norma del vettore g non è uguale a sqrt(N): 47.714584144186865
Norma del vettore g: 19.999999999999993
Strategy: omn     , portfolio variance: 1.536768564086492e-06
Norma del vettore g non è uguale a sqrt(N): 47.714584144186865
Norma del vettore g: 19.999999999999993
Strategy: omn     , portfolio variance: 1.593451689127277e-06
Norma del vettore g non è uguale a sqrt(N): 47.714584144186865
Norma del vettore g: 19.999999999999993
⚠️ Errore numerico: Autovalori troppo piccoli in Sigma. Uso la pseudo-inversa.
Strategy: mean_rev, portfolio variance: 7.373840980485654e-07
Norma del vettore g non è uguale a sqrt(N): 47.714584144186865
Norma del vettore g: 19.999999999999993
⚠️ Errore numerico: Autovalori troppo piccoli in Sigma. Uso la pseudo-inversa.
Strategy: mean_rev, portfolio variance: 2.394136296241679e-16
Norma del vettore g non è uguale a sqrt(N): 47.714584144186865
Norma del vettore g: 19.999999999999993
⚠️ Errore numerico: Autovalori troppo piccoli in Sigma. Uso la pseudo-inversa.
Strategy: mean_rev, portfolio variance: 9.008867974892604e-13
Norma del vettore g non è uguale a sqrt(N): 47.714584144186865
Norma del vettore g: 19.999999999999993
Strategy: mean_rev, portfolio variance: 9.253163312072898e-07
Norma del vettore g non è uguale a sqrt(N): 47.714584144186865
Norma del vettore g: 19.999999999999993
Strategy: mean_rev, portfolio variance: 1.1506267641467058e-06
Norma del vettore g non è uguale a sqrt(N): 47.714584144186865
Norma del vettore g: 19.999999999999993
⚠️ Errore numerico: Autovalori troppo piccoli in Sigma. Uso la pseudo-inversa.
Strategy: mean_rev, portfolio variance: 0.048573062262048536
Norma del vettore g non è uguale a sqrt(N): 47.714584144186865
Norma del vettore g: 19.999999999999993
Strategy: mean_rev, portfolio variance: 1.536768564086492e-06
Norma del vettore g non è uguale a sqrt(N): 47.714584144186865
Norma del vettore g: 19.999999999999993
Strategy: mean_rev, portfolio variance: 1.593451689127277e-06
Norma del vettore g: 20.0
⚠️ Errore numerico: Autovalori troppo piccoli in Sigma. Uso la pseudo-inversa.
Strategy: rnd     , portfolio variance: 1.751865521133682e-14
Norma del vettore g: 20.0
⚠️ Errore numerico: Autovalori troppo piccoli in Sigma. Uso la pseudo-inversa.
Strategy: rnd     , portfolio variance: 7.645596408344476e-14
Norma del vettore g: 19.999999999999996
⚠️ Errore numerico: Autovalori troppo piccoli in Sigma. Uso la pseudo-inversa.
Strategy: rnd     , portfolio variance: 2.267179451394517e-11
Norma del vettore g: 20.000000000000007
Strategy: rnd     , portfolio variance: 6.075194776062619e-07
Norma del vettore g: 20.0
Strategy: rnd     , portfolio variance: 2.4794186757519353e-07
Norma del vettore g: 20.000000000000004
⚠️ Errore numerico: Autovalori troppo piccoli in Sigma. Uso la pseudo-inversa.
Strategy: rnd     , portfolio variance: -6.034767178726735e-32
Norma del vettore g: 20.000000000000004
Strategy: rnd     , portfolio variance: 7.820606612144288e-15
Norma del vettore g: 20.000000000000007
Strategy: rnd     , portfolio variance: 7.0884894173034425e-15
[==================                                                    ] 25.97%
Kendall covariance matrix not positive definite!
 It may happen!
Norma del vettore g: 20.0
⚠️ Errore numerico: Autovalori troppo piccoli in Sigma. Uso la pseudo-inversa.
Strategy: min_var , portfolio variance: 7.214133783395517e-06
Norma del vettore g: 20.0
⚠️ Errore numerico: Autovalori troppo piccoli in Sigma. Uso la pseudo-inversa.
Strategy: min_var , portfolio variance: 4.387450448259099e-16
Norma del vettore g: 20.0
⚠️ Errore numerico: Autovalori troppo piccoli in Sigma. Uso la pseudo-inversa.
Strategy: min_var , portfolio variance: 2.1247958106830711e-13
Norma del vettore g: 20.0
Strategy: min_var , portfolio variance: 5.948875108578825e-07
Norma del vettore g: 20.0
Strategy: min_var , portfolio variance: 1.2229103445798418e-05
Norma del vettore g: 20.0
⚠️ Errore numerico: Autovalori troppo piccoli in Sigma. Uso la pseudo-inversa.
Strategy: min_var , portfolio variance: 2.0192600565923673e+27
Norma del vettore g: 20.0
Strategy: min_var , portfolio variance: 2.3975429286706734e-05
Norma del vettore g: 20.0
Strategy: min_var , portfolio variance: 2.6156135347521065e-05
Norma del vettore g non è uguale a sqrt(N): 43.7557910399115
Norma del vettore g: 20.000000000000007
⚠️ Errore numerico: Autovalori troppo piccoli in Sigma. Uso la pseudo-inversa.
Strategy: omn     , portfolio variance: 5.14664124464406e-07
Norma del vettore g non è uguale a sqrt(N): 43.7557910399115
Norma del vettore g: 20.000000000000007
⚠️ Errore numerico: Autovalori troppo piccoli in Sigma. Uso la pseudo-inversa.
Strategy: omn     , portfolio variance: 3.5398238021575623e-15
Norma del vettore g non è uguale a sqrt(N): 43.7557910399115
Norma del vettore g: 20.000000000000007
⚠️ Errore numerico: Autovalori troppo piccoli in Sigma. Uso la pseudo-inversa.
Strategy: omn     , portfolio variance: 3.884264046476876e-12
Norma del vettore g non è uguale a sqrt(N): 43.7557910399115
Norma del vettore g: 20.000000000000007
Strategy: omn     , portfolio variance: 7.561607102369778e-07
Norma del vettore g non è uguale a sqrt(N): 43.7557910399115
Norma del vettore g: 20.000000000000007
Strategy: omn     , portfolio variance: 7.894101774446767e-07
Norma del vettore g non è uguale a sqrt(N): 43.7557910399115
Norma del vettore g: 20.000000000000007
⚠️ Errore numerico: Autovalori troppo piccoli in Sigma. Uso la pseudo-inversa.
Strategy: omn     , portfolio variance: 1.865890284803584e-07
Norma del vettore g non è uguale a sqrt(N): 43.7557910399115
Norma del vettore g: 20.000000000000007
Strategy: omn     , portfolio variance: 1.0241406992375335e-06
Norma del vettore g non è uguale a sqrt(N): 43.7557910399115
Norma del vettore g: 20.000000000000007
Strategy: omn     , portfolio variance: 1.0712033903285791e-06
Norma del vettore g non è uguale a sqrt(N): 43.7557910399115
Norma del vettore g: 20.000000000000007
⚠️ Errore numerico: Autovalori troppo piccoli in Sigma. Uso la pseudo-inversa.
Strategy: mean_rev, portfolio variance: 5.14664124464406e-07
Norma del vettore g non è uguale a sqrt(N): 43.7557910399115
Norma del vettore g: 20.000000000000007
⚠️ Errore numerico: Autovalori troppo piccoli in Sigma. Uso la pseudo-inversa.
Strategy: mean_rev, portfolio variance: 3.5398238021575623e-15
Norma del vettore g non è uguale a sqrt(N): 43.7557910399115
Norma del vettore g: 20.000000000000007
⚠️ Errore numerico: Autovalori troppo piccoli in Sigma. Uso la pseudo-inversa.
Strategy: mean_rev, portfolio variance: 3.884264046476876e-12
Norma del vettore g non è uguale a sqrt(N): 43.7557910399115
Norma del vettore g: 20.000000000000007
Strategy: mean_rev, portfolio variance: 7.561607102369778e-07
Norma del vettore g non è uguale a sqrt(N): 43.7557910399115
Norma del vettore g: 20.000000000000007
Strategy: mean_rev, portfolio variance: 7.894101774446767e-07
Norma del vettore g non è uguale a sqrt(N): 43.7557910399115
Norma del vettore g: 20.000000000000007
⚠️ Errore numerico: Autovalori troppo piccoli in Sigma. Uso la pseudo-inversa.
Strategy: mean_rev, portfolio variance: 1.865890284803584e-07
Norma del vettore g non è uguale a sqrt(N): 43.7557910399115
Norma del vettore g: 20.000000000000007
Strategy: mean_rev, portfolio variance: 1.0241406992375335e-06
Norma del vettore g non è uguale a sqrt(N): 43.7557910399115
Norma del vettore g: 20.000000000000007
Strategy: mean_rev, portfolio variance: 1.0712033903285791e-06
Norma del vettore g: 20.000000000000007
⚠️ Errore numerico: Autovalori troppo piccoli in Sigma. Uso la pseudo-inversa.
Strategy: rnd     , portfolio variance: 2.5694579941679095e-13
Norma del vettore g: 19.999999999999996
⚠️ Errore numerico: Autovalori troppo piccoli in Sigma. Uso la pseudo-inversa.
Strategy: rnd     , portfolio variance: 7.830976187513189e-14
Norma del vettore g: 20.00000000000001
⚠️ Errore numerico: Autovalori troppo piccoli in Sigma. Uso la pseudo-inversa.
Strategy: rnd     , portfolio variance: 9.296599544350743e-10
Norma del vettore g: 19.999999999999996
Strategy: rnd     , portfolio variance: 6.251466117082834e-07
Norma del vettore g: 20.000000000000007
Strategy: rnd     , portfolio variance: 2.1470289488367445e-07
Norma del vettore g: 20.000000000000004
⚠️ Errore numerico: Autovalori troppo piccoli in Sigma. Uso la pseudo-inversa.
Strategy: rnd     , portfolio variance: -2.2874106066142586e-31
Norma del vettore g: 20.000000000000004
Strategy: rnd     , portfolio variance: 2.6758833566364305e-14
Norma del vettore g: 19.999999999999996
Strategy: rnd     , portfolio variance: 6.898411174199883e-15
[===================                                                   ] 27.27%
Norma del vettore g: 20.0
⚠️ Errore numerico: Autovalori troppo piccoli in Sigma. Uso la pseudo-inversa.
Strategy: min_var , portfolio variance: 6.4155042536009045e-06
Norma del vettore g: 20.0
⚠️ Errore numerico: Autovalori troppo piccoli in Sigma. Uso la pseudo-inversa.
Strategy: min_var , portfolio variance: 5.136409398801523e-16
Norma del vettore g: 20.0
⚠️ Errore numerico: Autovalori troppo piccoli in Sigma. Uso la pseudo-inversa.
Strategy: min_var , portfolio variance: 2.1790452284062825e-13
Norma del vettore g: 20.0
Strategy: min_var , portfolio variance: 5.59602496428297e-07
Norma del vettore g: 20.0
Strategy: min_var , portfolio variance: 1.1237286168964005e-05
Norma del vettore g: 20.0
⚠️ Errore numerico: Autovalori troppo piccoli in Sigma. Uso la pseudo-inversa.
Strategy: min_var , portfolio variance: 1.2078047180409997e+26
Norma del vettore g: 20.0
Strategy: min_var , portfolio variance: 2.286809987926111e-05
Norma del vettore g: 20.0
Strategy: min_var , portfolio variance: 2.5156819810662208e-05
Norma del vettore g non è uguale a sqrt(N): 56.11827722554802
Norma del vettore g: 19.999999999999996
⚠️ Errore numerico: Autovalori troppo piccoli in Sigma. Uso la pseudo-inversa.
Strategy: omn     , portfolio variance: 8.526332849670149e-07
Norma del vettore g non è uguale a sqrt(N): 56.11827722554802
Norma del vettore g: 19.999999999999996
⚠️ Errore numerico: Autovalori troppo piccoli in Sigma. Uso la pseudo-inversa.
Strategy: omn     , portfolio variance: 1.6219897119781894e-16
Norma del vettore g non è uguale a sqrt(N): 56.11827722554802
Norma del vettore g: 19.999999999999996
⚠️ Errore numerico: Autovalori troppo piccoli in Sigma. Uso la pseudo-inversa.
Strategy: omn     , portfolio variance: 7.501617935851464e-13
Norma del vettore g non è uguale a sqrt(N): 56.11827722554802
Norma del vettore g: 19.999999999999996
Strategy: omn     , portfolio variance: 8.849270964428326e-07
Norma del vettore g non è uguale a sqrt(N): 56.11827722554802
Norma del vettore g: 19.999999999999996
Strategy: omn     , portfolio variance: 1.2242706788522486e-06
Norma del vettore g non è uguale a sqrt(N): 56.11827722554802
Norma del vettore g: 19.999999999999996
⚠️ Errore numerico: Autovalori troppo piccoli in Sigma. Uso la pseudo-inversa.
Strategy: omn     , portfolio variance: 6.239865728823594e-09
Norma del vettore g non è uguale a sqrt(N): 56.11827722554802
Norma del vettore g: 19.999999999999996
Strategy: omn     , portfolio variance: 1.8120460755178128e-06
Norma del vettore g non è uguale a sqrt(N): 56.11827722554802
Norma del vettore g: 19.999999999999996
Strategy: omn     , portfolio variance: 1.944540341548035e-06
Norma del vettore g non è uguale a sqrt(N): 56.11827722554802
Norma del vettore g: 19.999999999999996
⚠️ Errore numerico: Autovalori troppo piccoli in Sigma. Uso la pseudo-inversa.
Strategy: mean_rev, portfolio variance: 8.526332849670149e-07
Norma del vettore g non è uguale a sqrt(N): 56.11827722554802
Norma del vettore g: 19.999999999999996
⚠️ Errore numerico: Autovalori troppo piccoli in Sigma. Uso la pseudo-inversa.
Strategy: mean_rev, portfolio variance: 1.6219897119781894e-16
Norma del vettore g non è uguale a sqrt(N): 56.11827722554802
Norma del vettore g: 19.999999999999996
⚠️ Errore numerico: Autovalori troppo piccoli in Sigma. Uso la pseudo-inversa.
Strategy: mean_rev, portfolio variance: 7.501617935851464e-13
Norma del vettore g non è uguale a sqrt(N): 56.11827722554802
Norma del vettore g: 19.999999999999996
Strategy: mean_rev, portfolio variance: 8.849270964428326e-07
Norma del vettore g non è uguale a sqrt(N): 56.11827722554802
Norma del vettore g: 19.999999999999996
Strategy: mean_rev, portfolio variance: 1.2242706788522486e-06
Norma del vettore g non è uguale a sqrt(N): 56.11827722554802
Norma del vettore g: 19.999999999999996
⚠️ Errore numerico: Autovalori troppo piccoli in Sigma. Uso la pseudo-inversa.
Strategy: mean_rev, portfolio variance: 6.239865728823594e-09
Norma del vettore g non è uguale a sqrt(N): 56.11827722554802
Norma del vettore g: 19.999999999999996
Strategy: mean_rev, portfolio variance: 1.8120460755178128e-06
Norma del vettore g non è uguale a sqrt(N): 56.11827722554802
Norma del vettore g: 19.999999999999996
Strategy: mean_rev, portfolio variance: 1.944540341548035e-06
Norma del vettore g: 20.000000000000004
⚠️ Errore numerico: Autovalori troppo piccoli in Sigma. Uso la pseudo-inversa.
Strategy: rnd     , portfolio variance: 1.0432815637054424e-14
Norma del vettore g: 20.0
⚠️ Errore numerico: Autovalori troppo piccoli in Sigma. Uso la pseudo-inversa.
Strategy: rnd     , portfolio variance: 4.418977419658904e-15
Norma del vettore g: 20.000000000000007
⚠️ Errore numerico: Autovalori troppo piccoli in Sigma. Uso la pseudo-inversa.
Strategy: rnd     , portfolio variance: 1.4924649604576197e-11
Norma del vettore g: 20.000000000000004
Strategy: rnd     , portfolio variance: 5.616127221878915e-07
Norma del vettore g: 20.0
Strategy: rnd     , portfolio variance: 2.48527833812227e-07
Norma del vettore g: 20.0
⚠️ Errore numerico: Autovalori troppo piccoli in Sigma. Uso la pseudo-inversa.
Strategy: rnd     , portfolio variance: 2.2144997923190472e-32
Norma del vettore g: 19.999999999999993
Strategy: rnd     , portfolio variance: 4.0108611835046903e-13
Norma del vettore g: 19.999999999999993
Strategy: rnd     , portfolio variance: 2.5118134202118382e-15
[====================                                                  ] 28.57%
Kendall covariance matrix not positive definite!
 It may happen!
Norma del vettore g: 20.0
⚠️ Errore numerico: Autovalori troppo piccoli in Sigma. Uso la pseudo-inversa.
Strategy: min_var , portfolio variance: 6.766884313917404e-06
Norma del vettore g: 20.0
⚠️ Errore numerico: Autovalori troppo piccoli in Sigma. Uso la pseudo-inversa.
Strategy: min_var , portfolio variance: 6.078343344860202e-16
Norma del vettore g: 20.0
⚠️ Errore numerico: Autovalori troppo piccoli in Sigma. Uso la pseudo-inversa.
Strategy: min_var , portfolio variance: 2.23857643920498e-13
Norma del vettore g: 20.0
Strategy: min_var , portfolio variance: 5.522343903218746e-07
Norma del vettore g: 20.0
Strategy: min_var , portfolio variance: 1.1457297178704942e-05
Norma del vettore g: 20.0
⚠️ Errore numerico: Autovalori troppo piccoli in Sigma. Uso la pseudo-inversa.
Strategy: min_var , portfolio variance: 4.581733117840756e+27
Norma del vettore g: 20.0
Strategy: min_var , portfolio variance: 2.3443921614399047e-05
Norma del vettore g: 20.0
Strategy: min_var , portfolio variance: 2.5552381752221508e-05
Norma del vettore g non è uguale a sqrt(N): 57.65484577878979
Norma del vettore g: 20.000000000000007
⚠️ Errore numerico: Autovalori troppo piccoli in Sigma. Uso la pseudo-inversa.
Strategy: omn     , portfolio variance: 9.072007660933847e-07
Norma del vettore g non è uguale a sqrt(N): 57.65484577878979
Norma del vettore g: 20.000000000000007
⚠️ Errore numerico: Autovalori troppo piccoli in Sigma. Uso la pseudo-inversa.
Strategy: omn     , portfolio variance: 7.238007310890479e-16
Norma del vettore g non è uguale a sqrt(N): 57.65484577878979
Norma del vettore g: 20.000000000000007
⚠️ Errore numerico: Autovalori troppo piccoli in Sigma. Uso la pseudo-inversa.
Strategy: omn     , portfolio variance: 6.289501371837585e-13
Norma del vettore g non è uguale a sqrt(N): 57.65484577878979
Norma del vettore g: 20.000000000000007
Strategy: omn     , portfolio variance: 9.083344254350815e-07
Norma del vettore g non è uguale a sqrt(N): 57.65484577878979
Norma del vettore g: 20.000000000000007
Strategy: omn     , portfolio variance: 1.3342551472467052e-06
Norma del vettore g non è uguale a sqrt(N): 57.65484577878979
Norma del vettore g: 20.000000000000007
⚠️ Errore numerico: Autovalori troppo piccoli in Sigma. Uso la pseudo-inversa.
Strategy: omn     , portfolio variance: 2.3774980185156504e-05
Norma del vettore g non è uguale a sqrt(N): 57.65484577878979
Norma del vettore g: 20.000000000000007
Strategy: omn     , portfolio variance: 1.8841068024121074e-06
Norma del vettore g non è uguale a sqrt(N): 57.65484577878979
Norma del vettore g: 20.000000000000007
Strategy: omn     , portfolio variance: 2.0356314034208425e-06
Norma del vettore g non è uguale a sqrt(N): 57.65484577878979
Norma del vettore g: 20.000000000000007
⚠️ Errore numerico: Autovalori troppo piccoli in Sigma. Uso la pseudo-inversa.
Strategy: mean_rev, portfolio variance: 9.072007660933847e-07
Norma del vettore g non è uguale a sqrt(N): 57.65484577878979
Norma del vettore g: 20.000000000000007
⚠️ Errore numerico: Autovalori troppo piccoli in Sigma. Uso la pseudo-inversa.
Strategy: mean_rev, portfolio variance: 7.238007310890479e-16
Norma del vettore g non è uguale a sqrt(N): 57.65484577878979
Norma del vettore g: 20.000000000000007
⚠️ Errore numerico: Autovalori troppo piccoli in Sigma. Uso la pseudo-inversa.
Strategy: mean_rev, portfolio variance: 6.289501371837585e-13
Norma del vettore g non è uguale a sqrt(N): 57.65484577878979
Norma del vettore g: 20.000000000000007
Strategy: mean_rev, portfolio variance: 9.083344254350815e-07
Norma del vettore g non è uguale a sqrt(N): 57.65484577878979
Norma del vettore g: 20.000000000000007
Strategy: mean_rev, portfolio variance: 1.3342551472467052e-06
Norma del vettore g non è uguale a sqrt(N): 57.65484577878979
Norma del vettore g: 20.000000000000007
⚠️ Errore numerico: Autovalori troppo piccoli in Sigma. Uso la pseudo-inversa.
Strategy: mean_rev, portfolio variance: 2.3774980185156504e-05
Norma del vettore g non è uguale a sqrt(N): 57.65484577878979
Norma del vettore g: 20.000000000000007
Strategy: mean_rev, portfolio variance: 1.8841068024121074e-06
Norma del vettore g non è uguale a sqrt(N): 57.65484577878979
Norma del vettore g: 20.000000000000007
Strategy: mean_rev, portfolio variance: 2.0356314034208425e-06
Norma del vettore g: 19.999999999999996
⚠️ Errore numerico: Autovalori troppo piccoli in Sigma. Uso la pseudo-inversa.
Strategy: rnd     , portfolio variance: 1.5869082844886845e-13
Norma del vettore g: 20.0
⚠️ Errore numerico: Autovalori troppo piccoli in Sigma. Uso la pseudo-inversa.
Strategy: rnd     , portfolio variance: 1.5276633989370553e-15
Norma del vettore g: 19.999999999999996
⚠️ Errore numerico: Autovalori troppo piccoli in Sigma. Uso la pseudo-inversa.
Strategy: rnd     , portfolio variance: 4.47078945298712e-10
Norma del vettore g: 20.0
Strategy: rnd     , portfolio variance: 5.44367076955672e-07
Norma del vettore g: 20.000000000000007
Strategy: rnd     , portfolio variance: 2.3063408398796757e-07
Norma del vettore g: 20.0
⚠️ Errore numerico: Autovalori troppo piccoli in Sigma. Uso la pseudo-inversa.
Strategy: rnd     , portfolio variance: -2.0407391075496853e-31
Norma del vettore g: 19.999999999999993
Strategy: rnd     , portfolio variance: 1.8645736658048e-14
Norma del vettore g: 19.999999999999996
Strategy: rnd     , portfolio variance: 6.629788613094598e-16
[====================                                                  ] 29.87%
Kendall covariance matrix not positive definite!
 It may happen!
Norma del vettore g: 20.0
⚠️ Errore numerico: Autovalori troppo piccoli in Sigma. Uso la pseudo-inversa.
Strategy: min_var , portfolio variance: 6.969811254043638e-06
Norma del vettore g: 20.0
⚠️ Errore numerico: Autovalori troppo piccoli in Sigma. Uso la pseudo-inversa.
Strategy: min_var , portfolio variance: 5.526786547666663e-16
Norma del vettore g: 20.0
⚠️ Errore numerico: Autovalori troppo piccoli in Sigma. Uso la pseudo-inversa.
Strategy: min_var , portfolio variance: 2.2191949431847593e-13
Norma del vettore g: 20.0
Strategy: min_var , portfolio variance: 5.538945913409278e-07
Norma del vettore g: 20.0
Strategy: min_var , portfolio variance: 1.178039353050061e-05
Norma del vettore g: 20.0
⚠️ Errore numerico: Autovalori troppo piccoli in Sigma. Uso la pseudo-inversa.
Strategy: min_var , portfolio variance: 3.181878047903371e+26
Norma del vettore g: 20.0
Strategy: min_var , portfolio variance: 2.3455160647938113e-05
Norma del vettore g: 20.0
Strategy: min_var , portfolio variance: 2.5815154313352823e-05
Norma del vettore g non è uguale a sqrt(N): 43.337560442809206
Norma del vettore g: 20.000000000000004
⚠️ Errore numerico: Autovalori troppo piccoli in Sigma. Uso la pseudo-inversa.
Strategy: omn     , portfolio variance: 4.915322028685534e-07
Norma del vettore g non è uguale a sqrt(N): 43.337560442809206
Norma del vettore g: 20.000000000000004
⚠️ Errore numerico: Autovalori troppo piccoli in Sigma. Uso la pseudo-inversa.
Strategy: omn     , portfolio variance: 4.009720069240525e-15
Norma del vettore g non è uguale a sqrt(N): 43.337560442809206
Norma del vettore g: 20.000000000000004
⚠️ Errore numerico: Autovalori troppo piccoli in Sigma. Uso la pseudo-inversa.
Strategy: omn     , portfolio variance: 1.484963521667111e-12
Norma del vettore g non è uguale a sqrt(N): 43.337560442809206
Norma del vettore g: 20.000000000000004
Strategy: omn     , portfolio variance: 8.312741502266603e-07
Norma del vettore g non è uguale a sqrt(N): 43.337560442809206
Norma del vettore g: 20.000000000000004
Strategy: omn     , portfolio variance: 7.207877928000961e-07
Norma del vettore g non è uguale a sqrt(N): 43.337560442809206
Norma del vettore g: 20.000000000000004
⚠️ Errore numerico: Autovalori troppo piccoli in Sigma. Uso la pseudo-inversa.
Strategy: omn     , portfolio variance: 6.834156673797546e-11
Norma del vettore g non è uguale a sqrt(N): 43.337560442809206
Norma del vettore g: 20.000000000000004
Strategy: omn     , portfolio variance: 9.459912210199025e-07
Norma del vettore g non è uguale a sqrt(N): 43.337560442809206
Norma del vettore g: 20.000000000000004
Strategy: omn     , portfolio variance: 1.0587234651860665e-06
Norma del vettore g non è uguale a sqrt(N): 43.337560442809206
Norma del vettore g: 20.000000000000004
⚠️ Errore numerico: Autovalori troppo piccoli in Sigma. Uso la pseudo-inversa.
Strategy: mean_rev, portfolio variance: 4.915322028685534e-07
Norma del vettore g non è uguale a sqrt(N): 43.337560442809206
Norma del vettore g: 20.000000000000004
⚠️ Errore numerico: Autovalori troppo piccoli in Sigma. Uso la pseudo-inversa.
Strategy: mean_rev, portfolio variance: 4.009720069240525e-15
Norma del vettore g non è uguale a sqrt(N): 43.337560442809206
Norma del vettore g: 20.000000000000004
⚠️ Errore numerico: Autovalori troppo piccoli in Sigma. Uso la pseudo-inversa.
Strategy: mean_rev, portfolio variance: 1.484963521667111e-12
Norma del vettore g non è uguale a sqrt(N): 43.337560442809206
Norma del vettore g: 20.000000000000004
Strategy: mean_rev, portfolio variance: 8.312741502266603e-07
Norma del vettore g non è uguale a sqrt(N): 43.337560442809206
Norma del vettore g: 20.000000000000004
Strategy: mean_rev, portfolio variance: 7.207877928000961e-07
Norma del vettore g non è uguale a sqrt(N): 43.337560442809206
Norma del vettore g: 20.000000000000004
⚠️ Errore numerico: Autovalori troppo piccoli in Sigma. Uso la pseudo-inversa.
Strategy: mean_rev, portfolio variance: 6.834156673797546e-11
Norma del vettore g non è uguale a sqrt(N): 43.337560442809206
Norma del vettore g: 20.000000000000004
Strategy: mean_rev, portfolio variance: 9.459912210199025e-07
Norma del vettore g non è uguale a sqrt(N): 43.337560442809206
Norma del vettore g: 20.000000000000004
Strategy: mean_rev, portfolio variance: 1.0587234651860665e-06
Norma del vettore g: 20.000000000000007
⚠️ Errore numerico: Autovalori troppo piccoli in Sigma. Uso la pseudo-inversa.
Strategy: rnd     , portfolio variance: 3.172680001066283e-14
Norma del vettore g: 20.0
⚠️ Errore numerico: Autovalori troppo piccoli in Sigma. Uso la pseudo-inversa.
Strategy: rnd     , portfolio variance: 3.338784974589842e-16
Norma del vettore g: 19.999999999999993
⚠️ Errore numerico: Autovalori troppo piccoli in Sigma. Uso la pseudo-inversa.
Strategy: rnd     , portfolio variance: 1.6734896540615523e-10
Norma del vettore g: 20.000000000000007
Strategy: rnd     , portfolio variance: 5.914154819017964e-07
Norma del vettore g: 19.999999999999996
Strategy: rnd     , portfolio variance: 2.086837272315991e-07
Norma del vettore g: 20.000000000000004
⚠️ Errore numerico: Autovalori troppo piccoli in Sigma. Uso la pseudo-inversa.
Strategy: rnd     , portfolio variance: -4.5219287057261655e-32
Norma del vettore g: 19.999999999999993
Strategy: rnd     , portfolio variance: 4.102362156409126e-15
Norma del vettore g: 19.999999999999996
Strategy: rnd     , portfolio variance: 2.7899927923539486e-13
[=====================                                                 ] 31.17%
Norma del vettore g: 20.0
Strategy: min_var , portfolio variance: 7.076177387012511e-06
Norma del vettore g: 20.0
⚠️ Errore numerico: Autovalori troppo piccoli in Sigma. Uso la pseudo-inversa.
Strategy: min_var , portfolio variance: 2.2070213731516618e-13
Norma del vettore g: 20.0
⚠️ Errore numerico: Autovalori troppo piccoli in Sigma. Uso la pseudo-inversa.
Strategy: min_var , portfolio variance: 2.2120236093054026e-13
Norma del vettore g: 20.0
Strategy: min_var , portfolio variance: 5.513671970498264e-07
Norma del vettore g: 20.0
Strategy: min_var , portfolio variance: 1.175337475815578e-05
Norma del vettore g: 20.0
Strategy: min_var , portfolio variance: 0.11670835230798968
Norma del vettore g: 20.0
Strategy: min_var , portfolio variance: 2.3448044400628783e-05
Norma del vettore g: 20.0
Strategy: min_var , portfolio variance: 2.528373776413762e-05
Norma del vettore g non è uguale a sqrt(N): 41.618829991959366
Norma del vettore g: 19.999999999999996
Strategy: omn     , portfolio variance: 5.088006068829639e-07
Norma del vettore g non è uguale a sqrt(N): 41.618829991959366
Norma del vettore g: 19.999999999999996
⚠️ Errore numerico: Autovalori troppo piccoli in Sigma. Uso la pseudo-inversa.
Strategy: omn     , portfolio variance: 6.264545880467812e-12
Norma del vettore g non è uguale a sqrt(N): 41.618829991959366
Norma del vettore g: 19.999999999999996
⚠️ Errore numerico: Autovalori troppo piccoli in Sigma. Uso la pseudo-inversa.
Strategy: omn     , portfolio variance: 6.186957632373078e-12
Norma del vettore g non è uguale a sqrt(N): 41.618829991959366
Norma del vettore g: 19.999999999999996
Strategy: omn     , portfolio variance: 8.003785144301946e-07
Norma del vettore g non è uguale a sqrt(N): 41.618829991959366
Norma del vettore g: 19.999999999999996
Strategy: omn     , portfolio variance: 7.24236965100306e-07
Norma del vettore g non è uguale a sqrt(N): 41.618829991959366
Norma del vettore g: 19.999999999999996
Strategy: omn     , portfolio variance: 0.0024116895264488453
Norma del vettore g non è uguale a sqrt(N): 41.618829991959366
Norma del vettore g: 19.999999999999996
Strategy: omn     , portfolio variance: 1.1911057238200795e-06
Norma del vettore g non è uguale a sqrt(N): 41.618829991959366
Norma del vettore g: 19.999999999999996
Strategy: omn     , portfolio variance: 1.2201783540932878e-06
Norma del vettore g non è uguale a sqrt(N): 41.618829991959366
Norma del vettore g: 19.999999999999996
Strategy: mean_rev, portfolio variance: 5.088006068829639e-07
Norma del vettore g non è uguale a sqrt(N): 41.618829991959366
Norma del vettore g: 19.999999999999996
⚠️ Errore numerico: Autovalori troppo piccoli in Sigma. Uso la pseudo-inversa.
Strategy: mean_rev, portfolio variance: 6.264545880467812e-12
Norma del vettore g non è uguale a sqrt(N): 41.618829991959366
Norma del vettore g: 19.999999999999996
⚠️ Errore numerico: Autovalori troppo piccoli in Sigma. Uso la pseudo-inversa.
Strategy: mean_rev, portfolio variance: 6.186957632373078e-12
Norma del vettore g non è uguale a sqrt(N): 41.618829991959366
Norma del vettore g: 19.999999999999996
Strategy: mean_rev, portfolio variance: 8.003785144301946e-07
Norma del vettore g non è uguale a sqrt(N): 41.618829991959366
Norma del vettore g: 19.999999999999996
Strategy: mean_rev, portfolio variance: 7.24236965100306e-07
Norma del vettore g non è uguale a sqrt(N): 41.618829991959366
Norma del vettore g: 19.999999999999996
Strategy: mean_rev, portfolio variance: 0.0024116895264488453
Norma del vettore g non è uguale a sqrt(N): 41.618829991959366
Norma del vettore g: 19.999999999999996
Strategy: mean_rev, portfolio variance: 1.1911057238200795e-06
Norma del vettore g non è uguale a sqrt(N): 41.618829991959366
Norma del vettore g: 19.999999999999996
Strategy: mean_rev, portfolio variance: 1.2201783540932878e-06
Norma del vettore g: 20.0
Strategy: rnd     , portfolio variance: 8.410534054378153e-08
Norma del vettore g: 20.0
⚠️ Errore numerico: Autovalori troppo piccoli in Sigma. Uso la pseudo-inversa.
Strategy: rnd     , portfolio variance: 1.9416663910011096e-09
Norma del vettore g: 19.999999999999996
⚠️ Errore numerico: Autovalori troppo piccoli in Sigma. Uso la pseudo-inversa.
Strategy: rnd     , portfolio variance: 7.553482318805241e-11
Norma del vettore g: 19.999999999999993
Strategy: rnd     , portfolio variance: 5.367615797378148e-07
Norma del vettore g: 19.999999999999993
Strategy: rnd     , portfolio variance: 2.140962862909958e-07
Norma del vettore g: 20.000000000000007
Strategy: rnd     , portfolio variance: 0.0007936540581907612
Norma del vettore g: 20.000000000000004
Strategy: rnd     , portfolio variance: 5.2809583177190826e-08
Norma del vettore g: 19.999999999999996
Strategy: rnd     , portfolio variance: 1.957203766830197e-07
[======================                                                ] 32.47%
Norma del vettore g: 20.0
Strategy: min_var , portfolio variance: 6.7527391533383225e-06
Norma del vettore g: 20.0
⚠️ Errore numerico: Autovalori troppo piccoli in Sigma. Uso la pseudo-inversa.
Strategy: min_var , portfolio variance: 2.172286913887286e-13
Norma del vettore g: 20.0
⚠️ Errore numerico: Autovalori troppo piccoli in Sigma. Uso la pseudo-inversa.
Strategy: min_var , portfolio variance: 2.1755437020199434e-13
Norma del vettore g: 20.0
Strategy: min_var , portfolio variance: 5.412369838838046e-07
Norma del vettore g: 20.0
Strategy: min_var , portfolio variance: 1.127176266961603e-05
Norma del vettore g: 20.0
Strategy: min_var , portfolio variance: 0.11553489773944435
Norma del vettore g: 20.0
Strategy: min_var , portfolio variance: 2.334802577277946e-05
Norma del vettore g: 20.0
Strategy: min_var , portfolio variance: 2.5211971168033152e-05
Norma del vettore g non è uguale a sqrt(N): 68.37176599172552
Norma del vettore g: 20.000000000000007
Strategy: omn     , portfolio variance: 1.981488847919863e-06
Norma del vettore g non è uguale a sqrt(N): 68.37176599172552
Norma del vettore g: 20.000000000000007
⚠️ Errore numerico: Autovalori troppo piccoli in Sigma. Uso la pseudo-inversa.
Strategy: omn     , portfolio variance: 4.0106271023569244e-13
Norma del vettore g non è uguale a sqrt(N): 68.37176599172552
Norma del vettore g: 20.000000000000007
⚠️ Errore numerico: Autovalori troppo piccoli in Sigma. Uso la pseudo-inversa.
Strategy: omn     , portfolio variance: 4.007626344192019e-13
Norma del vettore g non è uguale a sqrt(N): 68.37176599172552
Norma del vettore g: 20.000000000000007
Strategy: omn     , portfolio variance: 7.796128466171391e-07
Norma del vettore g non è uguale a sqrt(N): 68.37176599172552
Norma del vettore g: 20.000000000000007
Strategy: omn     , portfolio variance: 2.757775117612867e-06
Norma del vettore g non è uguale a sqrt(N): 68.37176599172552
Norma del vettore g: 20.000000000000007
Strategy: omn     , portfolio variance: 0.007500159372485617
Norma del vettore g non è uguale a sqrt(N): 68.37176599172552
Norma del vettore g: 20.000000000000007
Strategy: omn     , portfolio variance: 3.9920461467733135e-06
Norma del vettore g non è uguale a sqrt(N): 68.37176599172552
Norma del vettore g: 20.000000000000007
Strategy: omn     , portfolio variance: 4.161060962419566e-06
Norma del vettore g non è uguale a sqrt(N): 68.37176599172552
Norma del vettore g: 20.000000000000007
Strategy: mean_rev, portfolio variance: 1.981488847919863e-06
Norma del vettore g non è uguale a sqrt(N): 68.37176599172552
Norma del vettore g: 20.000000000000007
⚠️ Errore numerico: Autovalori troppo piccoli in Sigma. Uso la pseudo-inversa.
Strategy: mean_rev, portfolio variance: 4.0106271023569244e-13
Norma del vettore g non è uguale a sqrt(N): 68.37176599172552
Norma del vettore g: 20.000000000000007
⚠️ Errore numerico: Autovalori troppo piccoli in Sigma. Uso la pseudo-inversa.
Strategy: mean_rev, portfolio variance: 4.007626344192019e-13
Norma del vettore g non è uguale a sqrt(N): 68.37176599172552
Norma del vettore g: 20.000000000000007
Strategy: mean_rev, portfolio variance: 7.796128466171391e-07
Norma del vettore g non è uguale a sqrt(N): 68.37176599172552
Norma del vettore g: 20.000000000000007
Strategy: mean_rev, portfolio variance: 2.757775117612867e-06
Norma del vettore g non è uguale a sqrt(N): 68.37176599172552
Norma del vettore g: 20.000000000000007
Strategy: mean_rev, portfolio variance: 0.007500159372485617
Norma del vettore g non è uguale a sqrt(N): 68.37176599172552
Norma del vettore g: 20.000000000000007
Strategy: mean_rev, portfolio variance: 3.9920461467733135e-06
Norma del vettore g non è uguale a sqrt(N): 68.37176599172552
Norma del vettore g: 20.000000000000007
Strategy: mean_rev, portfolio variance: 4.161060962419566e-06
Norma del vettore g: 19.999999999999996
Strategy: rnd     , portfolio variance: 5.512863920873013e-08
Norma del vettore g: 19.999999999999996
⚠️ Errore numerico: Autovalori troppo piccoli in Sigma. Uso la pseudo-inversa.
Strategy: rnd     , portfolio variance: 6.782462194325331e-11
Norma del vettore g: 20.000000000000004
⚠️ Errore numerico: Autovalori troppo piccoli in Sigma. Uso la pseudo-inversa.
Strategy: rnd     , portfolio variance: 5.90149530115568e-11
Norma del vettore g: 20.000000000000004
Strategy: rnd     , portfolio variance: 6.003603976254202e-07
Norma del vettore g: 20.000000000000007
Strategy: rnd     , portfolio variance: 1.905502833138909e-07
Norma del vettore g: 20.0
Strategy: rnd     , portfolio variance: 0.0012102606466827524
Norma del vettore g: 20.000000000000004
Strategy: rnd     , portfolio variance: 1.9659385107816434e-07
Norma del vettore g: 19.999999999999993
Strategy: rnd     , portfolio variance: 1.7581742749590455e-07
[=======================                                               ] 33.77%
Norma del vettore g: 20.0
Strategy: min_var , portfolio variance: 6.932400216647397e-06
Norma del vettore g: 20.0
⚠️ Errore numerico: Autovalori troppo piccoli in Sigma. Uso la pseudo-inversa.
Strategy: min_var , portfolio variance: 2.1769782474466772e-13
Norma del vettore g: 20.0
⚠️ Errore numerico: Autovalori troppo piccoli in Sigma. Uso la pseudo-inversa.
Strategy: min_var , portfolio variance: 2.1799219336493755e-13
Norma del vettore g: 20.0
Strategy: min_var , portfolio variance: 5.327373474665687e-07
Norma del vettore g: 20.0
Strategy: min_var , portfolio variance: 1.1301089880284519e-05
Norma del vettore g: 20.0
Strategy: min_var , portfolio variance: 0.11353201298476581
Norma del vettore g: 20.0
Strategy: min_var , portfolio variance: 2.336885799276753e-05
Norma del vettore g: 20.0
Strategy: min_var , portfolio variance: 2.480200539733119e-05
Norma del vettore g non è uguale a sqrt(N): 43.6729545782674
Norma del vettore g: 20.0
Strategy: omn     , portfolio variance: 6.351018706239137e-07
Norma del vettore g non è uguale a sqrt(N): 43.6729545782674
Norma del vettore g: 20.0
⚠️ Errore numerico: Autovalori troppo piccoli in Sigma. Uso la pseudo-inversa.
Strategy: omn     , portfolio variance: 2.2867137645095618e-11
Norma del vettore g non è uguale a sqrt(N): 43.6729545782674
Norma del vettore g: 20.0
⚠️ Errore numerico: Autovalori troppo piccoli in Sigma. Uso la pseudo-inversa.
Strategy: omn     , portfolio variance: 2.290210334031236e-11
Norma del vettore g non è uguale a sqrt(N): 43.6729545782674
Norma del vettore g: 20.0
Strategy: omn     , portfolio variance: 8.040460387104222e-07
Norma del vettore g non è uguale a sqrt(N): 43.6729545782674
Norma del vettore g: 20.0
Strategy: omn     , portfolio variance: 9.536555665217963e-07
Norma del vettore g non è uguale a sqrt(N): 43.6729545782674
Norma del vettore g: 20.0
Strategy: omn     , portfolio variance: 0.002692631849218359
Norma del vettore g non è uguale a sqrt(N): 43.6729545782674
Norma del vettore g: 20.0
Strategy: omn     , portfolio variance: 1.64449000771655e-06
Norma del vettore g non è uguale a sqrt(N): 43.6729545782674
Norma del vettore g: 20.0
Strategy: omn     , portfolio variance: 1.766458813102297e-06
Norma del vettore g non è uguale a sqrt(N): 43.6729545782674
Norma del vettore g: 20.0
Strategy: mean_rev, portfolio variance: 6.351018706239137e-07
Norma del vettore g non è uguale a sqrt(N): 43.6729545782674
Norma del vettore g: 20.0
⚠️ Errore numerico: Autovalori troppo piccoli in Sigma. Uso la pseudo-inversa.
Strategy: mean_rev, portfolio variance: 2.2867137645095618e-11
Norma del vettore g non è uguale a sqrt(N): 43.6729545782674
Norma del vettore g: 20.0
⚠️ Errore numerico: Autovalori troppo piccoli in Sigma. Uso la pseudo-inversa.
Strategy: mean_rev, portfolio variance: 2.290210334031236e-11
Norma del vettore g non è uguale a sqrt(N): 43.6729545782674
Norma del vettore g: 20.0
Strategy: mean_rev, portfolio variance: 8.040460387104222e-07
Norma del vettore g non è uguale a sqrt(N): 43.6729545782674
Norma del vettore g: 20.0
Strategy: mean_rev, portfolio variance: 9.536555665217963e-07
Norma del vettore g non è uguale a sqrt(N): 43.6729545782674
Norma del vettore g: 20.0
Strategy: mean_rev, portfolio variance: 0.002692631849218359
Norma del vettore g non è uguale a sqrt(N): 43.6729545782674
Norma del vettore g: 20.0
Strategy: mean_rev, portfolio variance: 1.64449000771655e-06
Norma del vettore g non è uguale a sqrt(N): 43.6729545782674
Norma del vettore g: 20.0
Strategy: mean_rev, portfolio variance: 1.766458813102297e-06
Norma del vettore g: 20.000000000000007
Strategy: rnd     , portfolio variance: 4.704766111345883e-08
Norma del vettore g: 20.000000000000007
⚠️ Errore numerico: Autovalori troppo piccoli in Sigma. Uso la pseudo-inversa.
Strategy: rnd     , portfolio variance: 6.349144706453346e-11
Norma del vettore g: 20.000000000000004
⚠️ Errore numerico: Autovalori troppo piccoli in Sigma. Uso la pseudo-inversa.
Strategy: rnd     , portfolio variance: 1.0925764765281883e-09
Norma del vettore g: 20.0
Strategy: rnd     , portfolio variance: 4.906582607679409e-07
Norma del vettore g: 20.0
Strategy: rnd     , portfolio variance: 2.030486198632264e-07
Norma del vettore g: 19.999999999999993
Strategy: rnd     , portfolio variance: 0.0009757202280009098
Norma del vettore g: 20.000000000000007
Strategy: rnd     , portfolio variance: 1.5497306565953137e-07
Norma del vettore g: 19.999999999999996
Strategy: rnd     , portfolio variance: 1.7439696767041814e-07
[========================                                              ] 35.06%
Norma del vettore g: 20.0
Strategy: min_var , portfolio variance: 6.357528176555632e-06
Norma del vettore g: 20.0
Strategy: min_var , portfolio variance: 3.05672597671652e-13
Norma del vettore g: 20.0
Strategy: min_var , portfolio variance: 3.0599368652364657e-13
Norma del vettore g: 20.0
Strategy: min_var , portfolio variance: 4.365537863400103e-07
Norma del vettore g: 20.0
Strategy: min_var , portfolio variance: 9.374571598868556e-06
Norma del vettore g: 20.0
Strategy: min_var , portfolio variance: 0.09723936809290043
Norma del vettore g: 20.0
Strategy: min_var , portfolio variance: 1.9870333538424647e-05
Norma del vettore g: 20.0
Strategy: min_var , portfolio variance: 2.1265711027449125e-05
Norma del vettore g non è uguale a sqrt(N): 61.72173234288986
Norma del vettore g: 20.0
Strategy: omn     , portfolio variance: 7.639026746945218e-07
Norma del vettore g non è uguale a sqrt(N): 61.72173234288986
Norma del vettore g: 20.0
Strategy: omn     , portfolio variance: 8.316670796630947e-13
Norma del vettore g non è uguale a sqrt(N): 61.72173234288986
Norma del vettore g: 20.0
Strategy: omn     , portfolio variance: 8.337784054980037e-13
Norma del vettore g non è uguale a sqrt(N): 61.72173234288986
Norma del vettore g: 20.0
Strategy: omn     , portfolio variance: 6.392412763371142e-07
Norma del vettore g non è uguale a sqrt(N): 61.72173234288986
Norma del vettore g: 20.0
Strategy: omn     , portfolio variance: 1.0443998687266336e-06
Norma del vettore g non è uguale a sqrt(N): 61.72173234288986
Norma del vettore g: 20.0
Strategy: omn     , portfolio variance: 0.003103684526768783
Norma del vettore g non è uguale a sqrt(N): 61.72173234288986
Norma del vettore g: 20.0
Strategy: omn     , portfolio variance: 1.4460839621929125e-06
Norma del vettore g non è uguale a sqrt(N): 61.72173234288986
Norma del vettore g: 20.0
Strategy: omn     , portfolio variance: 1.4635854073645121e-06
Norma del vettore g non è uguale a sqrt(N): 61.72173234288986
Norma del vettore g: 20.0
Strategy: mean_rev, portfolio variance: 7.639026746945218e-07
Norma del vettore g non è uguale a sqrt(N): 61.72173234288986
Norma del vettore g: 20.0
Strategy: mean_rev, portfolio variance: 8.316670796630947e-13
Norma del vettore g non è uguale a sqrt(N): 61.72173234288986
Norma del vettore g: 20.0
Strategy: mean_rev, portfolio variance: 8.337784054980037e-13
Norma del vettore g non è uguale a sqrt(N): 61.72173234288986
Norma del vettore g: 20.0
Strategy: mean_rev, portfolio variance: 6.392412763371142e-07
Norma del vettore g non è uguale a sqrt(N): 61.72173234288986
Norma del vettore g: 20.0
Strategy: mean_rev, portfolio variance: 1.0443998687266336e-06
Norma del vettore g non è uguale a sqrt(N): 61.72173234288986
Norma del vettore g: 20.0
Strategy: mean_rev, portfolio variance: 0.003103684526768783
Norma del vettore g non è uguale a sqrt(N): 61.72173234288986
Norma del vettore g: 20.0
Strategy: mean_rev, portfolio variance: 1.4460839621929125e-06
Norma del vettore g non è uguale a sqrt(N): 61.72173234288986
Norma del vettore g: 20.0
Strategy: mean_rev, portfolio variance: 1.4635854073645121e-06
Norma del vettore g: 20.0
Strategy: rnd     , portfolio variance: 3.4246101870730736e-08
Norma del vettore g: 19.999999999999996
Strategy: rnd     , portfolio variance: 6.271028716385433e-11
Norma del vettore g: 20.000000000000004
Strategy: rnd     , portfolio variance: 8.721710382150928e-10
Norma del vettore g: 20.000000000000007
Strategy: rnd     , portfolio variance: 4.376038637129204e-07
Norma del vettore g: 20.000000000000007
Strategy: rnd     , portfolio variance: 1.8355261614674958e-07
Norma del vettore g: 20.0
Strategy: rnd     , portfolio variance: 0.0009893326454236495
Norma del vettore g: 20.000000000000004
Strategy: rnd     , portfolio variance: 1.8071302196952723e-07
Norma del vettore g: 20.000000000000004
Strategy: rnd     , portfolio variance: 6.97476122340261e-08
[=========================                                             ] 36.36%
Norma del vettore g: 20.0
Strategy: min_var , portfolio variance: 6.754570523505368e-06
Norma del vettore g: 20.0
Strategy: min_var , portfolio variance: 3.867691459332292e-13
Norma del vettore g: 20.0
Strategy: min_var , portfolio variance: 3.8743779463700313e-13
Norma del vettore g: 20.0
Strategy: min_var , portfolio variance: 3.9968664753864224e-07
Norma del vettore g: 20.0
Strategy: min_var , portfolio variance: 9.52302565812125e-06
Norma del vettore g: 20.0
Strategy: min_var , portfolio variance: 0.08858914285393174
Norma del vettore g: 20.0
Strategy: min_var , portfolio variance: 2.0309809926716438e-05
Norma del vettore g: 20.0
Strategy: min_var , portfolio variance: 2.171321555731088e-05
Norma del vettore g non è uguale a sqrt(N): 89.38125375879697
Norma del vettore g: 20.000000000000007
Strategy: omn     , portfolio variance: 1.446307444630893e-06
Norma del vettore g non è uguale a sqrt(N): 89.38125375879697
Norma del vettore g: 20.000000000000007
Strategy: omn     , portfolio variance: 8.830074856971905e-13
Norma del vettore g non è uguale a sqrt(N): 89.38125375879697
Norma del vettore g: 20.000000000000007
Strategy: omn     , portfolio variance: 8.837652929626449e-13
Norma del vettore g non è uguale a sqrt(N): 89.38125375879697
Norma del vettore g: 20.000000000000007
Strategy: omn     , portfolio variance: 6.845583936608324e-07
Norma del vettore g non è uguale a sqrt(N): 89.38125375879697
Norma del vettore g: 20.000000000000007
Strategy: omn     , portfolio variance: 1.8995900769724925e-06
Norma del vettore g non è uguale a sqrt(N): 89.38125375879697
Norma del vettore g: 20.000000000000007
Strategy: omn     , portfolio variance: 0.004995970394571994
Norma del vettore g non è uguale a sqrt(N): 89.38125375879697
Norma del vettore g: 20.000000000000007
Strategy: omn     , portfolio variance: 3.4394861440296533e-06
Norma del vettore g non è uguale a sqrt(N): 89.38125375879697
Norma del vettore g: 20.000000000000007
Strategy: omn     , portfolio variance: 3.7662312684066105e-06
Norma del vettore g non è uguale a sqrt(N): 89.38125375879697
Norma del vettore g: 20.000000000000007
Strategy: mean_rev, portfolio variance: 1.446307444630893e-06
Norma del vettore g non è uguale a sqrt(N): 89.38125375879697
Norma del vettore g: 20.000000000000007
Strategy: mean_rev, portfolio variance: 8.830074856971905e-13
Norma del vettore g non è uguale a sqrt(N): 89.38125375879697
Norma del vettore g: 20.000000000000007
Strategy: mean_rev, portfolio variance: 8.837652929626449e-13
Norma del vettore g non è uguale a sqrt(N): 89.38125375879697
Norma del vettore g: 20.000000000000007
Strategy: mean_rev, portfolio variance: 6.845583936608324e-07
Norma del vettore g non è uguale a sqrt(N): 89.38125375879697
Norma del vettore g: 20.000000000000007
Strategy: mean_rev, portfolio variance: 1.8995900769724925e-06
Norma del vettore g non è uguale a sqrt(N): 89.38125375879697
Norma del vettore g: 20.000000000000007
Strategy: mean_rev, portfolio variance: 0.004995970394571994
Norma del vettore g non è uguale a sqrt(N): 89.38125375879697
Norma del vettore g: 20.000000000000007
Strategy: mean_rev, portfolio variance: 3.4394861440296533e-06
Norma del vettore g non è uguale a sqrt(N): 89.38125375879697
Norma del vettore g: 20.000000000000007
Strategy: mean_rev, portfolio variance: 3.7662312684066105e-06
Norma del vettore g: 19.999999999999993
Strategy: rnd     , portfolio variance: 7.847454450175919e-08
Norma del vettore g: 19.999999999999996
Strategy: rnd     , portfolio variance: 1.3132211226231746e-09
Norma del vettore g: 19.999999999999993
Strategy: rnd     , portfolio variance: 3.186196117370776e-11
Norma del vettore g: 20.000000000000007
Strategy: rnd     , portfolio variance: 3.8688962268375326e-07
Norma del vettore g: 20.000000000000004
Strategy: rnd     , portfolio variance: 1.6680306877119766e-07
Norma del vettore g: 19.999999999999996
Strategy: rnd     , portfolio variance: 0.0012427625043301416
Norma del vettore g: 19.999999999999993
Strategy: rnd     , portfolio variance: 8.351352027996839e-08
Norma del vettore g: 20.000000000000007
Strategy: rnd     , portfolio variance: 2.1814961499502512e-07
[==========================                                            ] 37.66%
Norma del vettore g: 20.0
Strategy: min_var , portfolio variance: 7.027628377863959e-06
Norma del vettore g: 20.0
Strategy: min_var , portfolio variance: 3.58730094459292e-13
Norma del vettore g: 20.0
Strategy: min_var , portfolio variance: 3.6017886377342394e-13
Norma del vettore g: 20.0
Strategy: min_var , portfolio variance: 4.005293084147943e-07
Norma del vettore g: 20.0
Strategy: min_var , portfolio variance: 9.757389660871683e-06
Norma del vettore g: 20.0
Strategy: min_var , portfolio variance: 0.08968740147086342
Norma del vettore g: 20.0
Strategy: min_var , portfolio variance: 2.2289550878957704e-05
Norma del vettore g: 20.0
Strategy: min_var , portfolio variance: 2.2288687466141157e-05
Norma del vettore g non è uguale a sqrt(N): 44.881794198160776
Norma del vettore g: 20.000000000000007
Strategy: omn     , portfolio variance: 5.650196107005058e-07
Norma del vettore g non è uguale a sqrt(N): 44.881794198160776
Norma del vettore g: 20.000000000000007
Strategy: omn     , portfolio variance: 1.507417434619112e-11
Norma del vettore g non è uguale a sqrt(N): 44.881794198160776
Norma del vettore g: 20.000000000000007
Strategy: omn     , portfolio variance: 1.5108868244136748e-11
Norma del vettore g non è uguale a sqrt(N): 44.881794198160776
Norma del vettore g: 20.000000000000007
Strategy: omn     , portfolio variance: 6.635762023142657e-07
Norma del vettore g non è uguale a sqrt(N): 44.881794198160776
Norma del vettore g: 20.000000000000007
Strategy: omn     , portfolio variance: 8.167508840429523e-07
Norma del vettore g non è uguale a sqrt(N): 44.881794198160776
Norma del vettore g: 20.000000000000007
Strategy: omn     , portfolio variance: 0.0031106746231275677
Norma del vettore g non è uguale a sqrt(N): 44.881794198160776
Norma del vettore g: 20.000000000000007
Strategy: omn     , portfolio variance: 1.391563350330055e-06
Norma del vettore g non è uguale a sqrt(N): 44.881794198160776
Norma del vettore g: 20.000000000000007
Strategy: omn     , portfolio variance: 1.4549855827699297e-06
Norma del vettore g non è uguale a sqrt(N): 44.881794198160776
Norma del vettore g: 20.000000000000007
Strategy: mean_rev, portfolio variance: 5.650196107005058e-07
Norma del vettore g non è uguale a sqrt(N): 44.881794198160776
Norma del vettore g: 20.000000000000007
Strategy: mean_rev, portfolio variance: 1.507417434619112e-11
Norma del vettore g non è uguale a sqrt(N): 44.881794198160776
Norma del vettore g: 20.000000000000007
Strategy: mean_rev, portfolio variance: 1.5108868244136748e-11
Norma del vettore g non è uguale a sqrt(N): 44.881794198160776
Norma del vettore g: 20.000000000000007
Strategy: mean_rev, portfolio variance: 6.635762023142657e-07
Norma del vettore g non è uguale a sqrt(N): 44.881794198160776
Norma del vettore g: 20.000000000000007
Strategy: mean_rev, portfolio variance: 8.167508840429523e-07
Norma del vettore g non è uguale a sqrt(N): 44.881794198160776
Norma del vettore g: 20.000000000000007
Strategy: mean_rev, portfolio variance: 0.0031106746231275677
Norma del vettore g non è uguale a sqrt(N): 44.881794198160776
Norma del vettore g: 20.000000000000007
Strategy: mean_rev, portfolio variance: 1.391563350330055e-06
Norma del vettore g non è uguale a sqrt(N): 44.881794198160776
Norma del vettore g: 20.000000000000007
Strategy: mean_rev, portfolio variance: 1.4549855827699297e-06
Norma del vettore g: 20.000000000000007
Strategy: rnd     , portfolio variance: 5.2418458817165236e-08
Norma del vettore g: 19.999999999999993
Strategy: rnd     , portfolio variance: 6.595465816798807e-11
Norma del vettore g: 19.999999999999996
Strategy: rnd     , portfolio variance: 3.1404261851355974e-11
Norma del vettore g: 19.999999999999993
Strategy: rnd     , portfolio variance: 4.6289073646259996e-07
Norma del vettore g: 20.000000000000004
Strategy: rnd     , portfolio variance: 1.6966638723871086e-07
Norma del vettore g: 20.0
Strategy: rnd     , portfolio variance: 0.0012775113943984176
Norma del vettore g: 20.0
Strategy: rnd     , portfolio variance: 1.5871887226932706e-07
Norma del vettore g: 20.0
Strategy: rnd     , portfolio variance: 1.8194420463118296e-07
[===========================                                           ] 38.96%
Norma del vettore g: 20.0
Strategy: min_var , portfolio variance: 7.106509557363368e-06
Norma del vettore g: 20.0
Strategy: min_var , portfolio variance: 3.566934680403452e-13
Norma del vettore g: 20.0
Strategy: min_var , portfolio variance: 3.592839835608923e-13
Norma del vettore g: 20.0
Strategy: min_var , portfolio variance: 3.9403729706598327e-07
Norma del vettore g: 20.0
Strategy: min_var , portfolio variance: 9.866783045618583e-06
Norma del vettore g: 20.0
Strategy: min_var , portfolio variance: 0.08805403396568118
Norma del vettore g: 20.0
Strategy: min_var , portfolio variance: 2.2986793012363895e-05
Norma del vettore g: 20.0
Strategy: min_var , portfolio variance: 2.359478788055317e-05
Norma del vettore g non è uguale a sqrt(N): 41.59012210684371
Norma del vettore g: 20.0
Strategy: omn     , portfolio variance: 4.056094668516441e-07
Norma del vettore g non è uguale a sqrt(N): 41.59012210684371
Norma del vettore g: 20.0
Strategy: omn     , portfolio variance: 2.069306633104342e-12
Norma del vettore g non è uguale a sqrt(N): 41.59012210684371
Norma del vettore g: 20.0
Strategy: omn     , portfolio variance: 2.0866523981138424e-12
Norma del vettore g non è uguale a sqrt(N): 41.59012210684371
Norma del vettore g: 20.0
Strategy: omn     , portfolio variance: 5.502068783526804e-07
Norma del vettore g non è uguale a sqrt(N): 41.59012210684371
Norma del vettore g: 20.0
Strategy: omn     , portfolio variance: 5.769991266813763e-07
Norma del vettore g non è uguale a sqrt(N): 41.59012210684371
Norma del vettore g: 20.0
Strategy: omn     , portfolio variance: 0.0022577711334600707
Norma del vettore g non è uguale a sqrt(N): 41.59012210684371
Norma del vettore g: 20.0
Strategy: omn     , portfolio variance: 7.887265164466045e-07
Norma del vettore g non è uguale a sqrt(N): 41.59012210684371
Norma del vettore g: 20.0
Strategy: omn     , portfolio variance: 8.207311528432802e-07
Norma del vettore g non è uguale a sqrt(N): 41.59012210684371
Norma del vettore g: 20.0
Strategy: mean_rev, portfolio variance: 4.056094668516441e-07
Norma del vettore g non è uguale a sqrt(N): 41.59012210684371
Norma del vettore g: 20.0
Strategy: mean_rev, portfolio variance: 2.069306633104342e-12
Norma del vettore g non è uguale a sqrt(N): 41.59012210684371
Norma del vettore g: 20.0
Strategy: mean_rev, portfolio variance: 2.0866523981138424e-12
Norma del vettore g non è uguale a sqrt(N): 41.59012210684371
Norma del vettore g: 20.0
Strategy: mean_rev, portfolio variance: 5.502068783526804e-07
Norma del vettore g non è uguale a sqrt(N): 41.59012210684371
Norma del vettore g: 20.0
Strategy: mean_rev, portfolio variance: 5.769991266813763e-07
Norma del vettore g non è uguale a sqrt(N): 41.59012210684371
Norma del vettore g: 20.0
Strategy: mean_rev, portfolio variance: 0.0022577711334600707
Norma del vettore g non è uguale a sqrt(N): 41.59012210684371
Norma del vettore g: 20.0
Strategy: mean_rev, portfolio variance: 7.887265164466045e-07
Norma del vettore g non è uguale a sqrt(N): 41.59012210684371
Norma del vettore g: 20.0
Strategy: mean_rev, portfolio variance: 8.207311528432802e-07
Norma del vettore g: 19.999999999999993
Strategy: rnd     , portfolio variance: 4.285446123697577e-08
Norma del vettore g: 19.999999999999996
Strategy: rnd     , portfolio variance: 5.300924281863866e-11
Norma del vettore g: 20.000000000000004
Strategy: rnd     , portfolio variance: 1.2292388815878618e-10
Norma del vettore g: 20.0
Strategy: rnd     , portfolio variance: 4.130802297103954e-07
Norma del vettore g: 20.0
Strategy: rnd     , portfolio variance: 1.532197620840693e-07
Norma del vettore g: 19.999999999999996
Strategy: rnd     , portfolio variance: 0.0013288103922726988
Norma del vettore g: 20.000000000000004
Strategy: rnd     , portfolio variance: 1.0508445624458486e-07
Norma del vettore g: 20.000000000000004
Strategy: rnd     , portfolio variance: 1.4655768177349489e-07
[============================                                          ] 40.26%
Norma del vettore g: 20.0
Strategy: min_var , portfolio variance: 7.797695265120797e-06
Norma del vettore g: 20.0
Strategy: min_var , portfolio variance: 3.210406279076741e-13
Norma del vettore g: 20.0
Strategy: min_var , portfolio variance: 3.241585779026681e-13
Norma del vettore g: 20.0
Strategy: min_var , portfolio variance: 4.0595179646721057e-07
Norma del vettore g: 20.0
Strategy: min_var , portfolio variance: 1.1413642043273382e-05
Norma del vettore g: 20.0
Strategy: min_var , portfolio variance: 0.09174518536839033
Norma del vettore g: 20.0
Strategy: min_var , portfolio variance: 2.5315887130573175e-05
Norma del vettore g: 20.0
Strategy: min_var , portfolio variance: 2.6810505973737764e-05
Norma del vettore g non è uguale a sqrt(N): 51.163329726991485
Norma del vettore g: 20.000000000000007
Strategy: omn     , portfolio variance: 5.99872659766962e-07
Norma del vettore g non è uguale a sqrt(N): 51.163329726991485
Norma del vettore g: 20.000000000000007
Strategy: omn     , portfolio variance: 1.191267406674342e-12
Norma del vettore g non è uguale a sqrt(N): 51.163329726991485
Norma del vettore g: 20.000000000000007
Strategy: omn     , portfolio variance: 1.2020309901619929e-12
Norma del vettore g non è uguale a sqrt(N): 51.163329726991485
Norma del vettore g: 20.000000000000007
Strategy: omn     , portfolio variance: 5.657293152589387e-07
Norma del vettore g non è uguale a sqrt(N): 51.163329726991485
Norma del vettore g: 20.000000000000007
Strategy: omn     , portfolio variance: 7.811569190769622e-07
Norma del vettore g non è uguale a sqrt(N): 51.163329726991485
Norma del vettore g: 20.000000000000007
Strategy: omn     , portfolio variance: 0.002919039489307977
Norma del vettore g non è uguale a sqrt(N): 51.163329726991485
Norma del vettore g: 20.000000000000007
Strategy: omn     , portfolio variance: 1.0254516396467757e-06
Norma del vettore g non è uguale a sqrt(N): 51.163329726991485
Norma del vettore g: 20.000000000000007
Strategy: omn     , portfolio variance: 1.0449786566973695e-06
Norma del vettore g non è uguale a sqrt(N): 51.163329726991485
Norma del vettore g: 20.000000000000007
Strategy: mean_rev, portfolio variance: 5.99872659766962e-07
Norma del vettore g non è uguale a sqrt(N): 51.163329726991485
Norma del vettore g: 20.000000000000007
Strategy: mean_rev, portfolio variance: 1.191267406674342e-12
Norma del vettore g non è uguale a sqrt(N): 51.163329726991485
Norma del vettore g: 20.000000000000007
Strategy: mean_rev, portfolio variance: 1.2020309901619929e-12
Norma del vettore g non è uguale a sqrt(N): 51.163329726991485
Norma del vettore g: 20.000000000000007
Strategy: mean_rev, portfolio variance: 5.657293152589387e-07
Norma del vettore g non è uguale a sqrt(N): 51.163329726991485
Norma del vettore g: 20.000000000000007
Strategy: mean_rev, portfolio variance: 7.811569190769622e-07
Norma del vettore g non è uguale a sqrt(N): 51.163329726991485
Norma del vettore g: 20.000000000000007
Strategy: mean_rev, portfolio variance: 0.002919039489307977
Norma del vettore g non è uguale a sqrt(N): 51.163329726991485
Norma del vettore g: 20.000000000000007
Strategy: mean_rev, portfolio variance: 1.0254516396467757e-06
Norma del vettore g non è uguale a sqrt(N): 51.163329726991485
Norma del vettore g: 20.000000000000007
Strategy: mean_rev, portfolio variance: 1.0449786566973695e-06
Norma del vettore g: 19.999999999999996
Strategy: rnd     , portfolio variance: 6.605878847158827e-08
Norma del vettore g: 20.0
Strategy: rnd     , portfolio variance: 8.18042325517495e-11
Norma del vettore g: 20.0
Strategy: rnd     , portfolio variance: 8.615171560589414e-11
Norma del vettore g: 20.0
Strategy: rnd     , portfolio variance: 4.169996303811726e-07
Norma del vettore g: 19.999999999999996
Strategy: rnd     , portfolio variance: 1.8083640005495448e-07
Norma del vettore g: 20.000000000000004
Strategy: rnd     , portfolio variance: 0.001301593082686126
Norma del vettore g: 20.0
Strategy: rnd     , portfolio variance: 1.0588418485815703e-07
Norma del vettore g: 19.999999999999996
Strategy: rnd     , portfolio variance: 1.5138029685094583e-07
[=============================                                         ] 41.56%
Norma del vettore g: 20.0
Strategy: min_var , portfolio variance: 8.001652628239326e-06
Norma del vettore g: 20.0
Strategy: min_var , portfolio variance: 3.351157857348971e-13
Norma del vettore g: 20.0
Strategy: min_var , portfolio variance: 3.393001212401867e-13
Norma del vettore g: 20.0
Strategy: min_var , portfolio variance: 4.21379549247517e-07
Norma del vettore g: 20.0
Strategy: min_var , portfolio variance: 1.2019364182083083e-05
Norma del vettore g: 20.0
Strategy: min_var , portfolio variance: 0.09196654165598905
Norma del vettore g: 20.0
Strategy: min_var , portfolio variance: 2.6113745689702598e-05
Norma del vettore g: 20.0
Strategy: min_var , portfolio variance: 2.8211860817000737e-05
Norma del vettore g non è uguale a sqrt(N): 43.97337916080963
Norma del vettore g: 20.000000000000004
Strategy: omn     , portfolio variance: 4.964507189356118e-07
Norma del vettore g non è uguale a sqrt(N): 43.97337916080963
Norma del vettore g: 20.000000000000004
Strategy: omn     , portfolio variance: 1.5824826400307397e-12
Norma del vettore g non è uguale a sqrt(N): 43.97337916080963
Norma del vettore g: 20.000000000000004
Strategy: omn     , portfolio variance: 1.5981348895038484e-12
Norma del vettore g non è uguale a sqrt(N): 43.97337916080963
Norma del vettore g: 20.000000000000004
Strategy: omn     , portfolio variance: 6.319405206238715e-07
Norma del vettore g non è uguale a sqrt(N): 43.97337916080963
Norma del vettore g: 20.000000000000004
Strategy: omn     , portfolio variance: 7.096394679544275e-07
Norma del vettore g non è uguale a sqrt(N): 43.97337916080963
Norma del vettore g: 20.000000000000004
Strategy: omn     , portfolio variance: 0.002810492959155016
Norma del vettore g non è uguale a sqrt(N): 43.97337916080963
Norma del vettore g: 20.000000000000004
Strategy: omn     , portfolio variance: 9.839150478223573e-07
Norma del vettore g non è uguale a sqrt(N): 43.97337916080963
Norma del vettore g: 20.000000000000004
Strategy: omn     , portfolio variance: 1.0211795206246407e-06
Norma del vettore g non è uguale a sqrt(N): 43.97337916080963
Norma del vettore g: 20.000000000000004
Strategy: mean_rev, portfolio variance: 4.964507189356118e-07
Norma del vettore g non è uguale a sqrt(N): 43.97337916080963
Norma del vettore g: 20.000000000000004
Strategy: mean_rev, portfolio variance: 1.5824826400307397e-12
Norma del vettore g non è uguale a sqrt(N): 43.97337916080963
Norma del vettore g: 20.000000000000004
Strategy: mean_rev, portfolio variance: 1.5981348895038484e-12
Norma del vettore g non è uguale a sqrt(N): 43.97337916080963
Norma del vettore g: 20.000000000000004
Strategy: mean_rev, portfolio variance: 6.319405206238715e-07
Norma del vettore g non è uguale a sqrt(N): 43.97337916080963
Norma del vettore g: 20.000000000000004
Strategy: mean_rev, portfolio variance: 7.096394679544275e-07
Norma del vettore g non è uguale a sqrt(N): 43.97337916080963
Norma del vettore g: 20.000000000000004
Strategy: mean_rev, portfolio variance: 0.002810492959155016
Norma del vettore g non è uguale a sqrt(N): 43.97337916080963
Norma del vettore g: 20.000000000000004
Strategy: mean_rev, portfolio variance: 9.839150478223573e-07
Norma del vettore g non è uguale a sqrt(N): 43.97337916080963
Norma del vettore g: 20.000000000000004
Strategy: mean_rev, portfolio variance: 1.0211795206246407e-06
Norma del vettore g: 19.999999999999993
Strategy: rnd     , portfolio variance: 6.801133727655204e-08
Norma del vettore g: 19.999999999999993
Strategy: rnd     , portfolio variance: 8.559987691593605e-09
Norma del vettore g: 20.0
Strategy: rnd     , portfolio variance: 1.0139377003574407e-10
Norma del vettore g: 19.999999999999996
Strategy: rnd     , portfolio variance: 4.292430706524425e-07
Norma del vettore g: 20.0
Strategy: rnd     , portfolio variance: 1.6664281934566168e-07
Norma del vettore g: 19.999999999999996
Strategy: rnd     , portfolio variance: 0.0012487765406074185
Norma del vettore g: 19.999999999999996
Strategy: rnd     , portfolio variance: 1.370352058065428e-07
Norma del vettore g: 20.0
Strategy: rnd     , portfolio variance: 1.3692399360150056e-07
[==============================                                        ] 42.86%
Norma del vettore g: 20.0
Strategy: min_var , portfolio variance: 8.604574159920999e-06
Norma del vettore g: 20.0
Strategy: min_var , portfolio variance: 3.2916647365021127e-13
Norma del vettore g: 20.0
Strategy: min_var , portfolio variance: 3.3498909873836807e-13
Norma del vettore g: 20.0
Strategy: min_var , portfolio variance: 4.495954057941192e-07
Norma del vettore g: 20.0
Strategy: min_var , portfolio variance: 1.3116671167247404e-05
Norma del vettore g: 20.0
Strategy: min_var , portfolio variance: 0.09507735234161163
Norma del vettore g: 20.0
Strategy: min_var , portfolio variance: 2.742844843337814e-05
Norma del vettore g: 20.0
Strategy: min_var , portfolio variance: 2.99323574019925e-05
Norma del vettore g non è uguale a sqrt(N): 61.06210509010623
Norma del vettore g: 20.0
Strategy: omn     , portfolio variance: 8.490720347432655e-07
Norma del vettore g non è uguale a sqrt(N): 61.06210509010623
Norma del vettore g: 20.0
Strategy: omn     , portfolio variance: 6.814971505703487e-13
Norma del vettore g non è uguale a sqrt(N): 61.06210509010623
Norma del vettore g: 20.0
Strategy: omn     , portfolio variance: 6.934934710406999e-13
Norma del vettore g non è uguale a sqrt(N): 61.06210509010623
Norma del vettore g: 20.0
Strategy: omn     , portfolio variance: 6.093908307675125e-07
Norma del vettore g non è uguale a sqrt(N): 61.06210509010623
Norma del vettore g: 20.0
Strategy: omn     , portfolio variance: 1.1671628398423035e-06
Norma del vettore g non è uguale a sqrt(N): 61.06210509010623
Norma del vettore g: 20.0
Strategy: omn     , portfolio variance: 0.0038080421665457826
Norma del vettore g non è uguale a sqrt(N): 61.06210509010623
Norma del vettore g: 20.0
Strategy: omn     , portfolio variance: 1.6799793731502747e-06
Norma del vettore g non è uguale a sqrt(N): 61.06210509010623
Norma del vettore g: 20.0
Strategy: omn     , portfolio variance: 1.8332456558320104e-06
Norma del vettore g non è uguale a sqrt(N): 61.06210509010623
Norma del vettore g: 20.0
Strategy: mean_rev, portfolio variance: 8.490720347432655e-07
Norma del vettore g non è uguale a sqrt(N): 61.06210509010623
Norma del vettore g: 20.0
Strategy: mean_rev, portfolio variance: 6.814971505703487e-13
Norma del vettore g non è uguale a sqrt(N): 61.06210509010623
Norma del vettore g: 20.0
Strategy: mean_rev, portfolio variance: 6.934934710406999e-13
Norma del vettore g non è uguale a sqrt(N): 61.06210509010623
Norma del vettore g: 20.0
Strategy: mean_rev, portfolio variance: 6.093908307675125e-07
Norma del vettore g non è uguale a sqrt(N): 61.06210509010623
Norma del vettore g: 20.0
Strategy: mean_rev, portfolio variance: 1.1671628398423035e-06
Norma del vettore g non è uguale a sqrt(N): 61.06210509010623
Norma del vettore g: 20.0
Strategy: mean_rev, portfolio variance: 0.0038080421665457826
Norma del vettore g non è uguale a sqrt(N): 61.06210509010623
Norma del vettore g: 20.0
Strategy: mean_rev, portfolio variance: 1.6799793731502747e-06
Norma del vettore g non è uguale a sqrt(N): 61.06210509010623
Norma del vettore g: 20.0
Strategy: mean_rev, portfolio variance: 1.8332456558320104e-06
Norma del vettore g: 19.999999999999996
Strategy: rnd     , portfolio variance: 6.837610910781824e-08
Norma del vettore g: 19.999999999999993
Strategy: rnd     , portfolio variance: 1.0472177359775198e-09
Norma del vettore g: 20.000000000000004
Strategy: rnd     , portfolio variance: 6.085880907982929e-10
Norma del vettore g: 20.0
Strategy: rnd     , portfolio variance: 4.569375610562713e-07
Norma del vettore g: 20.000000000000004
Strategy: rnd     , portfolio variance: 1.8483802814607057e-07
Norma del vettore g: 20.000000000000007
Strategy: rnd     , portfolio variance: 0.0011825993221983907
Norma del vettore g: 19.999999999999996
Strategy: rnd     , portfolio variance: 1.4155736081983637e-07
Norma del vettore g: 20.0
Strategy: rnd     , portfolio variance: 1.3275533683559218e-07
[==============================                                        ] 44.16%
Norma del vettore g: 20.0
Strategy: min_var , portfolio variance: 8.697045115231732e-06
Norma del vettore g: 20.0
Strategy: min_var , portfolio variance: 3.445133294329964e-13
Norma del vettore g: 20.0
Strategy: min_var , portfolio variance: 3.5135853738565116e-13
Norma del vettore g: 20.0
Strategy: min_var , portfolio variance: 4.531052209063973e-07
Norma del vettore g: 20.0
Strategy: min_var , portfolio variance: 1.3326901508516324e-05
Norma del vettore g: 20.0
Strategy: min_var , portfolio variance: 0.09387980245134184
Norma del vettore g: 20.0
Strategy: min_var , portfolio variance: 2.732838313717303e-05
Norma del vettore g: 20.0
Strategy: min_var , portfolio variance: 2.9175852285257374e-05
Norma del vettore g non è uguale a sqrt(N): 53.46099226889841
Norma del vettore g: 20.000000000000004
Strategy: omn     , portfolio variance: 6.829999064079649e-07
Norma del vettore g non è uguale a sqrt(N): 53.46099226889841
Norma del vettore g: 20.000000000000004
Strategy: omn     , portfolio variance: 1.0315042205895384e-12
Norma del vettore g non è uguale a sqrt(N): 53.46099226889841
Norma del vettore g: 20.000000000000004
Strategy: omn     , portfolio variance: 1.0516805754859671e-12
Norma del vettore g non è uguale a sqrt(N): 53.46099226889841
Norma del vettore g: 20.000000000000004
Strategy: omn     , portfolio variance: 6.912944056145408e-07
Norma del vettore g non è uguale a sqrt(N): 53.46099226889841
Norma del vettore g: 20.000000000000004
Strategy: omn     , portfolio variance: 1.000474996309889e-06
Norma del vettore g non è uguale a sqrt(N): 53.46099226889841
Norma del vettore g: 20.000000000000004
Strategy: omn     , portfolio variance: 0.003361575441904396
Norma del vettore g non è uguale a sqrt(N): 53.46099226889841
Norma del vettore g: 20.000000000000004
Strategy: omn     , portfolio variance: 1.3780192470787603e-06
Norma del vettore g non è uguale a sqrt(N): 53.46099226889841
Norma del vettore g: 20.000000000000004
Strategy: omn     , portfolio variance: 1.495037290369977e-06
Norma del vettore g non è uguale a sqrt(N): 53.46099226889841
Norma del vettore g: 20.000000000000004
Strategy: mean_rev, portfolio variance: 6.829999064079649e-07
Norma del vettore g non è uguale a sqrt(N): 53.46099226889841
Norma del vettore g: 20.000000000000004
Strategy: mean_rev, portfolio variance: 1.0315042205895384e-12
Norma del vettore g non è uguale a sqrt(N): 53.46099226889841
Norma del vettore g: 20.000000000000004
Strategy: mean_rev, portfolio variance: 1.0516805754859671e-12
Norma del vettore g non è uguale a sqrt(N): 53.46099226889841
Norma del vettore g: 20.000000000000004
Strategy: mean_rev, portfolio variance: 6.912944056145408e-07
Norma del vettore g non è uguale a sqrt(N): 53.46099226889841
Norma del vettore g: 20.000000000000004
Strategy: mean_rev, portfolio variance: 1.000474996309889e-06
Norma del vettore g non è uguale a sqrt(N): 53.46099226889841
Norma del vettore g: 20.000000000000004
Strategy: mean_rev, portfolio variance: 0.003361575441904396
Norma del vettore g non è uguale a sqrt(N): 53.46099226889841
Norma del vettore g: 20.000000000000004
Strategy: mean_rev, portfolio variance: 1.3780192470787603e-06
Norma del vettore g non è uguale a sqrt(N): 53.46099226889841
Norma del vettore g: 20.000000000000004
Strategy: mean_rev, portfolio variance: 1.495037290369977e-06
Norma del vettore g: 20.0
Strategy: rnd     , portfolio variance: 8.123291067209108e-08
Norma del vettore g: 19.999999999999996
Strategy: rnd     , portfolio variance: 5.823593336485375e-10
Norma del vettore g: 20.0
Strategy: rnd     , portfolio variance: 1.3439293678939e-10
Norma del vettore g: 20.0
Strategy: rnd     , portfolio variance: 4.234951833302113e-07
Norma del vettore g: 19.999999999999993
Strategy: rnd     , portfolio variance: 1.597253098447095e-07
Norma del vettore g: 20.0
Strategy: rnd     , portfolio variance: 0.0012379506739498354
Norma del vettore g: 19.999999999999996
Strategy: rnd     , portfolio variance: 1.6023723934815002e-07
Norma del vettore g: 19.999999999999996
Strategy: rnd     , portfolio variance: 1.675837717089137e-07
[===============================                                       ] 45.45%
Norma del vettore g: 20.0
Strategy: min_var , portfolio variance: 8.74819152102856e-06
Norma del vettore g: 20.0
Strategy: min_var , portfolio variance: 3.4532077886379177e-13
Norma del vettore g: 20.0
Strategy: min_var , portfolio variance: 3.5333502364659574e-13
Norma del vettore g: 20.0
Strategy: min_var , portfolio variance: 4.593015640978539e-07
Norma del vettore g: 20.0
Strategy: min_var , portfolio variance: 1.3805430584780914e-05
Norma del vettore g: 20.0
Strategy: min_var , portfolio variance: 0.09384470368147646
Norma del vettore g: 20.0
Strategy: min_var , portfolio variance: 2.80321069559817e-05
Norma del vettore g: 20.0
Strategy: min_var , portfolio variance: 2.926252752732593e-05
Norma del vettore g non è uguale a sqrt(N): 40.77957664671342
Norma del vettore g: 20.000000000000004
Strategy: omn     , portfolio variance: 5.1043759658852e-07
Norma del vettore g non è uguale a sqrt(N): 40.77957664671342
Norma del vettore g: 20.000000000000004
Strategy: omn     , portfolio variance: 4.308960072099978e-12
Norma del vettore g non è uguale a sqrt(N): 40.77957664671342
Norma del vettore g: 20.000000000000004
Strategy: omn     , portfolio variance: 4.384616847311108e-12
Norma del vettore g non è uguale a sqrt(N): 40.77957664671342
Norma del vettore g: 20.000000000000004
Strategy: omn     , portfolio variance: 6.208645012196949e-07
Norma del vettore g non è uguale a sqrt(N): 40.77957664671342
Norma del vettore g: 20.000000000000004
Strategy: omn     , portfolio variance: 7.316128888224802e-07
Norma del vettore g non è uguale a sqrt(N): 40.77957664671342
Norma del vettore g: 20.000000000000004
Strategy: omn     , portfolio variance: 0.0027267702445259467
Norma del vettore g non è uguale a sqrt(N): 40.77957664671342
Norma del vettore g: 20.000000000000004
Strategy: omn     , portfolio variance: 1.0368834087958028e-06
Norma del vettore g non è uguale a sqrt(N): 40.77957664671342
Norma del vettore g: 20.000000000000004
Strategy: omn     , portfolio variance: 1.0222496278425812e-06
Norma del vettore g non è uguale a sqrt(N): 40.77957664671342
Norma del vettore g: 20.000000000000004
Strategy: mean_rev, portfolio variance: 5.1043759658852e-07
Norma del vettore g non è uguale a sqrt(N): 40.77957664671342
Norma del vettore g: 20.000000000000004
Strategy: mean_rev, portfolio variance: 4.308960072099978e-12
Norma del vettore g non è uguale a sqrt(N): 40.77957664671342
Norma del vettore g: 20.000000000000004
Strategy: mean_rev, portfolio variance: 4.384616847311108e-12
Norma del vettore g non è uguale a sqrt(N): 40.77957664671342
Norma del vettore g: 20.000000000000004
Strategy: mean_rev, portfolio variance: 6.208645012196949e-07
Norma del vettore g non è uguale a sqrt(N): 40.77957664671342
Norma del vettore g: 20.000000000000004
Strategy: mean_rev, portfolio variance: 7.316128888224802e-07
Norma del vettore g non è uguale a sqrt(N): 40.77957664671342
Norma del vettore g: 20.000000000000004
Strategy: mean_rev, portfolio variance: 0.0027267702445259467
Norma del vettore g non è uguale a sqrt(N): 40.77957664671342
Norma del vettore g: 20.000000000000004
Strategy: mean_rev, portfolio variance: 1.0368834087958028e-06
Norma del vettore g non è uguale a sqrt(N): 40.77957664671342
Norma del vettore g: 20.000000000000004
Strategy: mean_rev, portfolio variance: 1.0222496278425812e-06
Norma del vettore g: 20.0
Strategy: rnd     , portfolio variance: 5.547922831328004e-08
Norma del vettore g: 20.0
Strategy: rnd     , portfolio variance: 3.4805748307440424e-10
Norma del vettore g: 20.0
Strategy: rnd     , portfolio variance: 5.327870638085406e-09
Norma del vettore g: 20.000000000000004
Strategy: rnd     , portfolio variance: 4.6790563016734247e-07
Norma del vettore g: 19.999999999999996
Strategy: rnd     , portfolio variance: 1.7088069017021373e-07
Norma del vettore g: 19.999999999999996
Strategy: rnd     , portfolio variance: 0.0011415158773147405
Norma del vettore g: 19.999999999999996
Strategy: rnd     , portfolio variance: 1.6089250510836515e-07
Norma del vettore g: 20.000000000000004
Strategy: rnd     , portfolio variance: 1.69734834902828e-07
[================================                                      ] 46.75%
Norma del vettore g: 20.0
Strategy: min_var , portfolio variance: 8.653313589096015e-06
Norma del vettore g: 20.0
Strategy: min_var , portfolio variance: 3.5229510485346803e-13
Norma del vettore g: 20.0
Strategy: min_var , portfolio variance: 3.609341541806638e-13
Norma del vettore g: 20.0
Strategy: min_var , portfolio variance: 4.526603970575435e-07
Norma del vettore g: 20.0
Strategy: min_var , portfolio variance: 1.3860704116200193e-05
Norma del vettore g: 20.0
Strategy: min_var , portfolio variance: 0.09360730153418181
Norma del vettore g: 20.0
Strategy: min_var , portfolio variance: 2.7998221065173923e-05
Norma del vettore g: 20.0
Strategy: min_var , portfolio variance: 2.9994437268792302e-05
Norma del vettore g non è uguale a sqrt(N): 46.70646104008763
Norma del vettore g: 19.999999999999996
Strategy: omn     , portfolio variance: 5.607164876767984e-07
Norma del vettore g non è uguale a sqrt(N): 46.70646104008763
Norma del vettore g: 19.999999999999996
Strategy: omn     , portfolio variance: 1.914966056772644e-12
Norma del vettore g non è uguale a sqrt(N): 46.70646104008763
Norma del vettore g: 19.999999999999996
Strategy: omn     , portfolio variance: 1.9448824496926663e-12
Norma del vettore g non è uguale a sqrt(N): 46.70646104008763
Norma del vettore g: 19.999999999999996
Strategy: omn     , portfolio variance: 7.555047420473344e-07
Norma del vettore g non è uguale a sqrt(N): 46.70646104008763
Norma del vettore g: 19.999999999999996
Strategy: omn     , portfolio variance: 8.385017398923425e-07
Norma del vettore g non è uguale a sqrt(N): 46.70646104008763
Norma del vettore g: 19.999999999999996
Strategy: omn     , portfolio variance: 0.0030324918745490946
Norma del vettore g non è uguale a sqrt(N): 46.70646104008763
Norma del vettore g: 19.999999999999996
Strategy: omn     , portfolio variance: 1.3029929450549553e-06
Norma del vettore g non è uguale a sqrt(N): 46.70646104008763
Norma del vettore g: 19.999999999999996
Strategy: omn     , portfolio variance: 1.3635241356085213e-06
Norma del vettore g non è uguale a sqrt(N): 46.70646104008763
Norma del vettore g: 19.999999999999996
Strategy: mean_rev, portfolio variance: 5.607164876767984e-07
Norma del vettore g non è uguale a sqrt(N): 46.70646104008763
Norma del vettore g: 19.999999999999996
Strategy: mean_rev, portfolio variance: 1.914966056772644e-12
Norma del vettore g non è uguale a sqrt(N): 46.70646104008763
Norma del vettore g: 19.999999999999996
Strategy: mean_rev, portfolio variance: 1.9448824496926663e-12
Norma del vettore g non è uguale a sqrt(N): 46.70646104008763
Norma del vettore g: 19.999999999999996
Strategy: mean_rev, portfolio variance: 7.555047420473344e-07
Norma del vettore g non è uguale a sqrt(N): 46.70646104008763
Norma del vettore g: 19.999999999999996
Strategy: mean_rev, portfolio variance: 8.385017398923425e-07
Norma del vettore g non è uguale a sqrt(N): 46.70646104008763
Norma del vettore g: 19.999999999999996
Strategy: mean_rev, portfolio variance: 0.0030324918745490946
Norma del vettore g non è uguale a sqrt(N): 46.70646104008763
Norma del vettore g: 19.999999999999996
Strategy: mean_rev, portfolio variance: 1.3029929450549553e-06
Norma del vettore g non è uguale a sqrt(N): 46.70646104008763
Norma del vettore g: 19.999999999999996
Strategy: mean_rev, portfolio variance: 1.3635241356085213e-06
Norma del vettore g: 19.999999999999993
Strategy: rnd     , portfolio variance: 6.68402156083412e-08
Norma del vettore g: 19.999999999999993
Strategy: rnd     , portfolio variance: 1.843122944664112e-09
Norma del vettore g: 20.000000000000004
Strategy: rnd     , portfolio variance: 1.6298881886961085e-08
Norma del vettore g: 20.0
Strategy: rnd     , portfolio variance: 4.6544471864317417e-07
Norma del vettore g: 20.0
Strategy: rnd     , portfolio variance: 1.7130213634473447e-07
Norma del vettore g: 20.0
Strategy: rnd     , portfolio variance: 0.0011345114844607599
Norma del vettore g: 20.0
Strategy: rnd     , portfolio variance: 1.1809911342643893e-07
Norma del vettore g: 20.0
Strategy: rnd     , portfolio variance: 1.465593726566759e-07
[=================================                                     ] 48.05%
Norma del vettore g: 20.0
Strategy: min_var , portfolio variance: 8.668957833634253e-06
Norma del vettore g: 20.0
Strategy: min_var , portfolio variance: 4.033829647705367e-13
Norma del vettore g: 20.0
Strategy: min_var , portfolio variance: 4.138669027844663e-13
Norma del vettore g: 20.0
Strategy: min_var , portfolio variance: 4.6661185564471513e-07
Norma del vettore g: 20.0
Strategy: min_var , portfolio variance: 1.4176349105234854e-05
Norma del vettore g: 20.0
Strategy: min_var , portfolio variance: 0.09401790076912425
Norma del vettore g: 20.0
Strategy: min_var , portfolio variance: 2.9305343620143276e-05
Norma del vettore g: 20.0
Strategy: min_var , portfolio variance: 3.0146268470477548e-05
Norma del vettore g non è uguale a sqrt(N): 53.124911469766865
Norma del vettore g: 19.999999999999993
Strategy: omn     , portfolio variance: 7.789179647882104e-07
Norma del vettore g non è uguale a sqrt(N): 53.124911469766865
Norma del vettore g: 19.999999999999993
Strategy: omn     , portfolio variance: 8.276350916383544e-13
Norma del vettore g non è uguale a sqrt(N): 53.124911469766865
Norma del vettore g: 19.999999999999993
Strategy: omn     , portfolio variance: 8.48733226491669e-13
Norma del vettore g non è uguale a sqrt(N): 53.124911469766865
Norma del vettore g: 19.999999999999993
Strategy: omn     , portfolio variance: 5.988157909094006e-07
Norma del vettore g non è uguale a sqrt(N): 53.124911469766865
Norma del vettore g: 19.999999999999993
Strategy: omn     , portfolio variance: 1.150259771333852e-06
Norma del vettore g non è uguale a sqrt(N): 53.124911469766865
Norma del vettore g: 19.999999999999993
Strategy: omn     , portfolio variance: 0.004347740037059896
Norma del vettore g non è uguale a sqrt(N): 53.124911469766865
Norma del vettore g: 19.999999999999993
Strategy: omn     , portfolio variance: 1.4661118325657032e-06
Norma del vettore g non è uguale a sqrt(N): 53.124911469766865
Norma del vettore g: 19.999999999999993
Strategy: omn     , portfolio variance: 1.6240941810600277e-06
Norma del vettore g non è uguale a sqrt(N): 53.124911469766865
Norma del vettore g: 19.999999999999993
Strategy: mean_rev, portfolio variance: 7.789179647882104e-07
Norma del vettore g non è uguale a sqrt(N): 53.124911469766865
Norma del vettore g: 19.999999999999993
Strategy: mean_rev, portfolio variance: 8.276350916383544e-13
Norma del vettore g non è uguale a sqrt(N): 53.124911469766865
Norma del vettore g: 19.999999999999993
Strategy: mean_rev, portfolio variance: 8.48733226491669e-13
Norma del vettore g non è uguale a sqrt(N): 53.124911469766865
Norma del vettore g: 19.999999999999993
Strategy: mean_rev, portfolio variance: 5.988157909094006e-07
Norma del vettore g non è uguale a sqrt(N): 53.124911469766865
Norma del vettore g: 19.999999999999993
Strategy: mean_rev, portfolio variance: 1.150259771333852e-06
Norma del vettore g non è uguale a sqrt(N): 53.124911469766865
Norma del vettore g: 19.999999999999993
Strategy: mean_rev, portfolio variance: 0.004347740037059896
Norma del vettore g non è uguale a sqrt(N): 53.124911469766865
Norma del vettore g: 19.999999999999993
Strategy: mean_rev, portfolio variance: 1.4661118325657032e-06
Norma del vettore g non è uguale a sqrt(N): 53.124911469766865
Norma del vettore g: 19.999999999999993
Strategy: mean_rev, portfolio variance: 1.6240941810600277e-06
Norma del vettore g: 20.0
Strategy: rnd     , portfolio variance: 7.143747562296613e-08
Norma del vettore g: 20.000000000000007
Strategy: rnd     , portfolio variance: 2.358185076208898e-10
Norma del vettore g: 20.0
Strategy: rnd     , portfolio variance: 4.429145519969999e-10
Norma del vettore g: 19.999999999999993
Strategy: rnd     , portfolio variance: 4.6363537856365744e-07
Norma del vettore g: 19.999999999999996
Strategy: rnd     , portfolio variance: 1.9855385511958776e-07
Norma del vettore g: 19.999999999999996
Strategy: rnd     , portfolio variance: 0.0011614902210751016
Norma del vettore g: 20.000000000000007
Strategy: rnd     , portfolio variance: 1.597360805097451e-07
Norma del vettore g: 20.000000000000004
Strategy: rnd     , portfolio variance: 1.9588509667819396e-07
[==================================                                    ] 49.35%
Norma del vettore g: 20.0
Strategy: min_var , portfolio variance: 8.877423240684919e-06
Norma del vettore g: 20.0
Strategy: min_var , portfolio variance: 4.1517480133507343e-13
Norma del vettore g: 20.0
Strategy: min_var , portfolio variance: 4.2614314654425714e-13
Norma del vettore g: 20.0
Strategy: min_var , portfolio variance: 4.616405299894947e-07
Norma del vettore g: 20.0
Strategy: min_var , portfolio variance: 1.425983329400832e-05
Norma del vettore g: 20.0
Strategy: min_var , portfolio variance: 0.09426570262646666
Norma del vettore g: 20.0
Strategy: min_var , portfolio variance: 2.9078951302326072e-05
Norma del vettore g: 20.0
Strategy: min_var , portfolio variance: 3.024674920270581e-05
Norma del vettore g non è uguale a sqrt(N): 51.748244532942685
Norma del vettore g: 19.999999999999996
Strategy: omn     , portfolio variance: 6.830361429184718e-07
Norma del vettore g non è uguale a sqrt(N): 51.748244532942685
Norma del vettore g: 19.999999999999996
Strategy: omn     , portfolio variance: 1.7492243033562786e-12
Norma del vettore g non è uguale a sqrt(N): 51.748244532942685
Norma del vettore g: 19.999999999999996
Strategy: omn     , portfolio variance: 1.7993498077691387e-12
Norma del vettore g non è uguale a sqrt(N): 51.748244532942685
Norma del vettore g: 19.999999999999996
Strategy: omn     , portfolio variance: 7.178458258051838e-07
Norma del vettore g non è uguale a sqrt(N): 51.748244532942685
Norma del vettore g: 19.999999999999996
Strategy: omn     , portfolio variance: 9.452278562194071e-07
Norma del vettore g non è uguale a sqrt(N): 51.748244532942685
Norma del vettore g: 19.999999999999996
Strategy: omn     , portfolio variance: 0.0031879977158261142
Norma del vettore g non è uguale a sqrt(N): 51.748244532942685
Norma del vettore g: 19.999999999999996
Strategy: omn     , portfolio variance: 1.5305491856694131e-06
Norma del vettore g non è uguale a sqrt(N): 51.748244532942685
Norma del vettore g: 19.999999999999996
Strategy: omn     , portfolio variance: 1.6219138511934787e-06
Norma del vettore g non è uguale a sqrt(N): 51.748244532942685
Norma del vettore g: 19.999999999999996
Strategy: mean_rev, portfolio variance: 6.830361429184718e-07
Norma del vettore g non è uguale a sqrt(N): 51.748244532942685
Norma del vettore g: 19.999999999999996
Strategy: mean_rev, portfolio variance: 1.7492243033562786e-12
Norma del vettore g non è uguale a sqrt(N): 51.748244532942685
Norma del vettore g: 19.999999999999996
Strategy: mean_rev, portfolio variance: 1.7993498077691387e-12
Norma del vettore g non è uguale a sqrt(N): 51.748244532942685
Norma del vettore g: 19.999999999999996
Strategy: mean_rev, portfolio variance: 7.178458258051838e-07
Norma del vettore g non è uguale a sqrt(N): 51.748244532942685
Norma del vettore g: 19.999999999999996
Strategy: mean_rev, portfolio variance: 9.452278562194071e-07
Norma del vettore g non è uguale a sqrt(N): 51.748244532942685
Norma del vettore g: 19.999999999999996
Strategy: mean_rev, portfolio variance: 0.0031879977158261142
Norma del vettore g non è uguale a sqrt(N): 51.748244532942685
Norma del vettore g: 19.999999999999996
Strategy: mean_rev, portfolio variance: 1.5305491856694131e-06
Norma del vettore g non è uguale a sqrt(N): 51.748244532942685
Norma del vettore g: 19.999999999999996
Strategy: mean_rev, portfolio variance: 1.6219138511934787e-06
Norma del vettore g: 19.999999999999993
Strategy: rnd     , portfolio variance: 5.4492096670293415e-08
Norma del vettore g: 20.000000000000004
Strategy: rnd     , portfolio variance: 3.67751546496165e-11
Norma del vettore g: 20.000000000000007
Strategy: rnd     , portfolio variance: 1.1088565677505427e-10
Norma del vettore g: 20.0
Strategy: rnd     , portfolio variance: 4.616513423562739e-07
Norma del vettore g: 20.000000000000004
Strategy: rnd     , portfolio variance: 1.736979186733725e-07
Norma del vettore g: 19.999999999999996
Strategy: rnd     , portfolio variance: 0.0011941852775511838
Norma del vettore g: 20.0
Strategy: rnd     , portfolio variance: 1.4800514730930502e-07
Norma del vettore g: 20.0
Strategy: rnd     , portfolio variance: 1.617961992633894e-07
[===================================                                   ] 50.65%
Norma del vettore g: 20.0
Strategy: min_var , portfolio variance: 8.397057683854822e-06
Norma del vettore g: 20.0
Strategy: min_var , portfolio variance: 4.29108338423871e-13
Norma del vettore g: 20.0
Strategy: min_var , portfolio variance: 4.409912250497809e-13
Norma del vettore g: 20.0
Strategy: min_var , portfolio variance: 4.512587637302424e-07
Norma del vettore g: 20.0
Strategy: min_var , portfolio variance: 1.3767971680094505e-05
Norma del vettore g: 20.0
Strategy: min_var , portfolio variance: 0.09289288980783247
Norma del vettore g: 20.0
Strategy: min_var , portfolio variance: 2.81894169448038e-05
Norma del vettore g: 20.0
Strategy: min_var , portfolio variance: 2.866608578135284e-05
Norma del vettore g non è uguale a sqrt(N): 34.933035405832825
Norma del vettore g: 19.999999999999993
Strategy: omn     , portfolio variance: 4.0471179197045487e-07
Norma del vettore g non è uguale a sqrt(N): 34.933035405832825
Norma del vettore g: 19.999999999999993
Strategy: omn     , portfolio variance: 3.25187796162986e-12
Norma del vettore g non è uguale a sqrt(N): 34.933035405832825
Norma del vettore g: 19.999999999999993
Strategy: omn     , portfolio variance: 3.351931053280626e-12
Norma del vettore g non è uguale a sqrt(N): 34.933035405832825
Norma del vettore g: 19.999999999999993
Strategy: omn     , portfolio variance: 6.091325995608365e-07
Norma del vettore g non è uguale a sqrt(N): 34.933035405832825
Norma del vettore g: 19.999999999999993
Strategy: omn     , portfolio variance: 6.476076388797504e-07
Norma del vettore g non è uguale a sqrt(N): 34.933035405832825
Norma del vettore g: 19.999999999999993
Strategy: omn     , portfolio variance: 0.002555086673704998
Norma del vettore g non è uguale a sqrt(N): 34.933035405832825
Norma del vettore g: 19.999999999999993
Strategy: omn     , portfolio variance: 8.57972831349718e-07
Norma del vettore g non è uguale a sqrt(N): 34.933035405832825
Norma del vettore g: 19.999999999999993
Strategy: omn     , portfolio variance: 9.060532021523795e-07
Norma del vettore g non è uguale a sqrt(N): 34.933035405832825
Norma del vettore g: 19.999999999999993
Strategy: mean_rev, portfolio variance: 4.0471179197045487e-07
Norma del vettore g non è uguale a sqrt(N): 34.933035405832825
Norma del vettore g: 19.999999999999993
Strategy: mean_rev, portfolio variance: 3.25187796162986e-12
Norma del vettore g non è uguale a sqrt(N): 34.933035405832825
Norma del vettore g: 19.999999999999993
Strategy: mean_rev, portfolio variance: 3.351931053280626e-12
Norma del vettore g non è uguale a sqrt(N): 34.933035405832825
Norma del vettore g: 19.999999999999993
Strategy: mean_rev, portfolio variance: 6.091325995608365e-07
Norma del vettore g non è uguale a sqrt(N): 34.933035405832825
Norma del vettore g: 19.999999999999993
Strategy: mean_rev, portfolio variance: 6.476076388797504e-07
Norma del vettore g non è uguale a sqrt(N): 34.933035405832825
Norma del vettore g: 19.999999999999993
Strategy: mean_rev, portfolio variance: 0.002555086673704998
Norma del vettore g non è uguale a sqrt(N): 34.933035405832825
Norma del vettore g: 19.999999999999993
Strategy: mean_rev, portfolio variance: 8.57972831349718e-07
Norma del vettore g non è uguale a sqrt(N): 34.933035405832825
Norma del vettore g: 19.999999999999993
Strategy: mean_rev, portfolio variance: 9.060532021523795e-07
Norma del vettore g: 20.000000000000004
Strategy: rnd     , portfolio variance: 6.808191136945852e-08
Norma del vettore g: 20.000000000000007
Strategy: rnd     , portfolio variance: 5.24013701475115e-10
Norma del vettore g: 19.999999999999996
Strategy: rnd     , portfolio variance: 5.841144723984243e-10
Norma del vettore g: 19.999999999999996
Strategy: rnd     , portfolio variance: 4.773534954955086e-07
Norma del vettore g: 20.000000000000007
Strategy: rnd     , portfolio variance: 1.8057680620496154e-07
Norma del vettore g: 20.0
Strategy: rnd     , portfolio variance: 0.0011978988742525195
Norma del vettore g: 20.0
Strategy: rnd     , portfolio variance: 1.6009577553579004e-07
Norma del vettore g: 19.999999999999996
Strategy: rnd     , portfolio variance: 2.073013176018615e-07
[====================================                                  ] 51.95%
Norma del vettore g: 20.0
Strategy: min_var , portfolio variance: 8.561349726487087e-06
Norma del vettore g: 20.0
Strategy: min_var , portfolio variance: 4.3961960760384503e-13
Norma del vettore g: 20.0
Strategy: min_var , portfolio variance: 4.5182879099428597e-13
Norma del vettore g: 20.0
Strategy: min_var , portfolio variance: 4.457261727316305e-07
Norma del vettore g: 20.0
Strategy: min_var , portfolio variance: 1.3800783460305212e-05
Norma del vettore g: 20.0
Strategy: min_var , portfolio variance: 0.09087427168189155
Norma del vettore g: 20.0
Strategy: min_var , portfolio variance: 2.679455619587289e-05
Norma del vettore g: 20.0
Strategy: min_var , portfolio variance: 2.8827607247539755e-05
Norma del vettore g non è uguale a sqrt(N): 30.735391696928094
Norma del vettore g: 20.000000000000004
Strategy: omn     , portfolio variance: 3.1108334927332655e-07
Norma del vettore g non è uguale a sqrt(N): 30.735391696928094
Norma del vettore g: 20.000000000000004
Strategy: omn     , portfolio variance: 8.444351825114925e-11
Norma del vettore g non è uguale a sqrt(N): 30.735391696928094
Norma del vettore g: 20.000000000000004
Strategy: omn     , portfolio variance: 8.475392229861696e-11
Norma del vettore g non è uguale a sqrt(N): 30.735391696928094
Norma del vettore g: 20.000000000000004
Strategy: omn     , portfolio variance: 6.549721161348334e-07
Norma del vettore g non è uguale a sqrt(N): 30.735391696928094
Norma del vettore g: 20.000000000000004
Strategy: omn     , portfolio variance: 4.863577760004545e-07
Norma del vettore g non è uguale a sqrt(N): 30.735391696928094
Norma del vettore g: 20.000000000000004
Strategy: omn     , portfolio variance: 0.001980851668604353
Norma del vettore g non è uguale a sqrt(N): 30.735391696928094
Norma del vettore g: 20.000000000000004
Strategy: omn     , portfolio variance: 6.661709467343006e-07
Norma del vettore g non è uguale a sqrt(N): 30.735391696928094
Norma del vettore g: 20.000000000000004
Strategy: omn     , portfolio variance: 6.93058961197592e-07
Norma del vettore g non è uguale a sqrt(N): 30.735391696928094
Norma del vettore g: 20.000000000000004
Strategy: mean_rev, portfolio variance: 3.1108334927332655e-07
Norma del vettore g non è uguale a sqrt(N): 30.735391696928094
Norma del vettore g: 20.000000000000004
Strategy: mean_rev, portfolio variance: 8.444351825114925e-11
Norma del vettore g non è uguale a sqrt(N): 30.735391696928094
Norma del vettore g: 20.000000000000004
Strategy: mean_rev, portfolio variance: 8.475392229861696e-11
Norma del vettore g non è uguale a sqrt(N): 30.735391696928094
Norma del vettore g: 20.000000000000004
Strategy: mean_rev, portfolio variance: 6.549721161348334e-07
Norma del vettore g non è uguale a sqrt(N): 30.735391696928094
Norma del vettore g: 20.000000000000004
Strategy: mean_rev, portfolio variance: 4.863577760004545e-07
Norma del vettore g non è uguale a sqrt(N): 30.735391696928094
Norma del vettore g: 20.000000000000004
Strategy: mean_rev, portfolio variance: 0.001980851668604353
Norma del vettore g non è uguale a sqrt(N): 30.735391696928094
Norma del vettore g: 20.000000000000004
Strategy: mean_rev, portfolio variance: 6.661709467343006e-07
Norma del vettore g non è uguale a sqrt(N): 30.735391696928094
Norma del vettore g: 20.000000000000004
Strategy: mean_rev, portfolio variance: 6.93058961197592e-07
Norma del vettore g: 20.000000000000004
Strategy: rnd     , portfolio variance: 6.143007106613604e-08
Norma del vettore g: 20.000000000000004
Strategy: rnd     , portfolio variance: 1.2479938899885704e-10
Norma del vettore g: 19.999999999999996
Strategy: rnd     , portfolio variance: 1.749543382060561e-11
Norma del vettore g: 20.0
Strategy: rnd     , portfolio variance: 4.438004063844476e-07
Norma del vettore g: 19.999999999999996
Strategy: rnd     , portfolio variance: 1.7036436746578428e-07
Norma del vettore g: 20.0
Strategy: rnd     , portfolio variance: 0.0012356278566337184
Norma del vettore g: 19.999999999999996
Strategy: rnd     , portfolio variance: 1.5036509387249076e-07
Norma del vettore g: 19.999999999999996
Strategy: rnd     , portfolio variance: 1.632327244891403e-07
[=====================================                                 ] 53.25%
Norma del vettore g: 20.0
Strategy: min_var , portfolio variance: 8.547014941683199e-06
Norma del vettore g: 20.0
Strategy: min_var , portfolio variance: 4.715836816364754e-13
Norma del vettore g: 20.0
Strategy: min_var , portfolio variance: 4.843344543657094e-13
Norma del vettore g: 20.0
Strategy: min_var , portfolio variance: 4.5360646841869653e-07
Norma del vettore g: 20.0
Strategy: min_var , portfolio variance: 1.37570080528819e-05
Norma del vettore g: 20.0
Strategy: min_var , portfolio variance: 0.0900757617209092
Norma del vettore g: 20.0
Strategy: min_var , portfolio variance: 2.7894317414671273e-05
Norma del vettore g: 20.0
Strategy: min_var , portfolio variance: 2.93179893929988e-05
Norma del vettore g non è uguale a sqrt(N): 36.444733115916854
Norma del vettore g: 20.0
Strategy: omn     , portfolio variance: 4.991283801372535e-07
Norma del vettore g non è uguale a sqrt(N): 36.444733115916854
Norma del vettore g: 20.0
Strategy: omn     , portfolio variance: 3.140142811938989e-12
Norma del vettore g non è uguale a sqrt(N): 36.444733115916854
Norma del vettore g: 20.0
Strategy: omn     , portfolio variance: 3.223251958393466e-12
Norma del vettore g non è uguale a sqrt(N): 36.444733115916854
Norma del vettore g: 20.0
Strategy: omn     , portfolio variance: 6.5948201258282e-07
Norma del vettore g non è uguale a sqrt(N): 36.444733115916854
Norma del vettore g: 20.0
Strategy: omn     , portfolio variance: 7.333319095678362e-07
Norma del vettore g non è uguale a sqrt(N): 36.444733115916854
Norma del vettore g: 20.0
Strategy: omn     , portfolio variance: 0.003145901847387881
Norma del vettore g non è uguale a sqrt(N): 36.444733115916854
Norma del vettore g: 20.0
Strategy: omn     , portfolio variance: 1.1601777866209755e-06
Norma del vettore g non è uguale a sqrt(N): 36.444733115916854
Norma del vettore g: 20.0
Strategy: omn     , portfolio variance: 1.1481085133486169e-06
Norma del vettore g non è uguale a sqrt(N): 36.444733115916854
Norma del vettore g: 20.0
Strategy: mean_rev, portfolio variance: 4.991283801372535e-07
Norma del vettore g non è uguale a sqrt(N): 36.444733115916854
Norma del vettore g: 20.0
Strategy: mean_rev, portfolio variance: 3.140142811938989e-12
Norma del vettore g non è uguale a sqrt(N): 36.444733115916854
Norma del vettore g: 20.0
Strategy: mean_rev, portfolio variance: 3.223251958393466e-12
Norma del vettore g non è uguale a sqrt(N): 36.444733115916854
Norma del vettore g: 20.0
Strategy: mean_rev, portfolio variance: 6.5948201258282e-07
Norma del vettore g non è uguale a sqrt(N): 36.444733115916854
Norma del vettore g: 20.0
Strategy: mean_rev, portfolio variance: 7.333319095678362e-07
Norma del vettore g non è uguale a sqrt(N): 36.444733115916854
Norma del vettore g: 20.0
Strategy: mean_rev, portfolio variance: 0.003145901847387881
Norma del vettore g non è uguale a sqrt(N): 36.444733115916854
Norma del vettore g: 20.0
Strategy: mean_rev, portfolio variance: 1.1601777866209755e-06
Norma del vettore g non è uguale a sqrt(N): 36.444733115916854
Norma del vettore g: 20.0
Strategy: mean_rev, portfolio variance: 1.1481085133486169e-06
Norma del vettore g: 19.999999999999996
Strategy: rnd     , portfolio variance: 4.8056297030841326e-08
Norma del vettore g: 20.000000000000004
Strategy: rnd     , portfolio variance: 2.1679417916501564e-09
Norma del vettore g: 19.999999999999996
Strategy: rnd     , portfolio variance: 5.690187825368702e-09
Norma del vettore g: 20.0
Strategy: rnd     , portfolio variance: 4.550851239363579e-07
Norma del vettore g: 19.999999999999996
Strategy: rnd     , portfolio variance: 1.8876800133157813e-07
Norma del vettore g: 20.0
Strategy: rnd     , portfolio variance: 0.0012881847716921238
Norma del vettore g: 20.000000000000007
Strategy: rnd     , portfolio variance: 1.664025445500863e-07
Norma del vettore g: 20.000000000000007
Strategy: rnd     , portfolio variance: 1.60788473053387e-07
[======================================                                ] 54.55%
Norma del vettore g: 20.0
Strategy: min_var , portfolio variance: 9.400595677822575e-06
Norma del vettore g: 20.0
Strategy: min_var , portfolio variance: 5.295859383097967e-13
Norma del vettore g: 20.0
Strategy: min_var , portfolio variance: 5.434708273317551e-13
Norma del vettore g: 20.0
Strategy: min_var , portfolio variance: 4.600472627954338e-07
Norma del vettore g: 20.0
Strategy: min_var , portfolio variance: 1.4235286608656679e-05
Norma del vettore g: 20.0
Strategy: min_var , portfolio variance: 0.08827903414693827
Norma del vettore g: 20.0
Strategy: min_var , portfolio variance: 2.8308760276671687e-05
Norma del vettore g: 20.0
Strategy: min_var , portfolio variance: 3.0121463040795633e-05
Norma del vettore g non è uguale a sqrt(N): 59.19634916611832
Norma del vettore g: 20.000000000000007
Strategy: omn     , portfolio variance: 1.0295748312013619e-06
Norma del vettore g non è uguale a sqrt(N): 59.19634916611832
Norma del vettore g: 20.000000000000007
Strategy: omn     , portfolio variance: 1.156374179086873e-12
Norma del vettore g non è uguale a sqrt(N): 59.19634916611832
Norma del vettore g: 20.000000000000007
Strategy: omn     , portfolio variance: 1.1867355977004778e-12
Norma del vettore g non è uguale a sqrt(N): 59.19634916611832
Norma del vettore g: 20.000000000000007
Strategy: omn     , portfolio variance: 5.4445133467863e-07
Norma del vettore g non è uguale a sqrt(N): 59.19634916611832
Norma del vettore g: 20.000000000000007
Strategy: omn     , portfolio variance: 1.436004917573503e-06
Norma del vettore g non è uguale a sqrt(N): 59.19634916611832
Norma del vettore g: 20.000000000000007
Strategy: omn     , portfolio variance: 0.004807636810544127
Norma del vettore g non è uguale a sqrt(N): 59.19634916611832
Norma del vettore g: 20.000000000000007
Strategy: omn     , portfolio variance: 2.585643984135112e-06
Norma del vettore g non è uguale a sqrt(N): 59.19634916611832
Norma del vettore g: 20.000000000000007
Strategy: omn     , portfolio variance: 2.6606095756151523e-06
Norma del vettore g non è uguale a sqrt(N): 59.19634916611832
Norma del vettore g: 20.000000000000007
Strategy: mean_rev, portfolio variance: 1.0295748312013619e-06
Norma del vettore g non è uguale a sqrt(N): 59.19634916611832
Norma del vettore g: 20.000000000000007
Strategy: mean_rev, portfolio variance: 1.156374179086873e-12
Norma del vettore g non è uguale a sqrt(N): 59.19634916611832
Norma del vettore g: 20.000000000000007
Strategy: mean_rev, portfolio variance: 1.1867355977004778e-12
Norma del vettore g non è uguale a sqrt(N): 59.19634916611832
Norma del vettore g: 20.000000000000007
Strategy: mean_rev, portfolio variance: 5.4445133467863e-07
Norma del vettore g non è uguale a sqrt(N): 59.19634916611832
Norma del vettore g: 20.000000000000007
Strategy: mean_rev, portfolio variance: 1.436004917573503e-06
Norma del vettore g non è uguale a sqrt(N): 59.19634916611832
Norma del vettore g: 20.000000000000007
Strategy: mean_rev, portfolio variance: 0.004807636810544127
Norma del vettore g non è uguale a sqrt(N): 59.19634916611832
Norma del vettore g: 20.000000000000007
Strategy: mean_rev, portfolio variance: 2.585643984135112e-06
Norma del vettore g non è uguale a sqrt(N): 59.19634916611832
Norma del vettore g: 20.000000000000007
Strategy: mean_rev, portfolio variance: 2.6606095756151523e-06
Norma del vettore g: 20.000000000000007
Strategy: rnd     , portfolio variance: 7.248898745398567e-08
Norma del vettore g: 20.000000000000004
Strategy: rnd     , portfolio variance: 3.204565318674268e-10
Norma del vettore g: 19.999999999999996
Strategy: rnd     , portfolio variance: 1.8534554806851157e-08
Norma del vettore g: 20.000000000000004
Strategy: rnd     , portfolio variance: 4.6344498446080874e-07
Norma del vettore g: 20.000000000000004
Strategy: rnd     , portfolio variance: 1.9331554129574818e-07
Norma del vettore g: 20.000000000000004
Strategy: rnd     , portfolio variance: 0.0012385103503387942
Norma del vettore g: 20.0
Strategy: rnd     , portfolio variance: 1.8611975156829868e-07
Norma del vettore g: 19.999999999999996
Strategy: rnd     , portfolio variance: 1.6174923582405883e-07
[=======================================                               ] 55.84%
Norma del vettore g: 20.0
Strategy: min_var , portfolio variance: 1.0176572910726977e-05
Norma del vettore g: 20.0
Strategy: min_var , portfolio variance: 5.247771897302634e-13
Norma del vettore g: 20.0
Strategy: min_var , portfolio variance: 5.386762111075431e-13
Norma del vettore g: 20.0
Strategy: min_var , portfolio variance: 4.6799722176759654e-07
Norma del vettore g: 20.0
Strategy: min_var , portfolio variance: 1.5162738902212582e-05
Norma del vettore g: 20.0
Strategy: min_var , portfolio variance: 0.08874203182192096
Norma del vettore g: 20.0
Strategy: min_var , portfolio variance: 3.175584860747511e-05
Norma del vettore g: 20.0
Strategy: min_var , portfolio variance: 3.265785545522276e-05
Norma del vettore g non è uguale a sqrt(N): 44.921084089544706
Norma del vettore g: 20.0
Strategy: omn     , portfolio variance: 5.638981306826234e-07
Norma del vettore g non è uguale a sqrt(N): 44.921084089544706
Norma del vettore g: 20.0
Strategy: omn     , portfolio variance: 2.0907957959706755e-12
Norma del vettore g non è uguale a sqrt(N): 44.921084089544706
Norma del vettore g: 20.0
Strategy: omn     , portfolio variance: 2.1291409115592166e-12
Norma del vettore g non è uguale a sqrt(N): 44.921084089544706
Norma del vettore g: 20.0
Strategy: omn     , portfolio variance: 6.231255649875576e-07
Norma del vettore g non è uguale a sqrt(N): 44.921084089544706
Norma del vettore g: 20.0
Strategy: omn     , portfolio variance: 7.948499699192443e-07
Norma del vettore g non è uguale a sqrt(N): 44.921084089544706
Norma del vettore g: 20.0
Strategy: omn     , portfolio variance: 0.0030411386198745827
Norma del vettore g non è uguale a sqrt(N): 44.921084089544706
Norma del vettore g: 20.0
Strategy: omn     , portfolio variance: 1.418702575594954e-06
Norma del vettore g non è uguale a sqrt(N): 44.921084089544706
Norma del vettore g: 20.0
Strategy: omn     , portfolio variance: 1.5044861109830996e-06
Norma del vettore g non è uguale a sqrt(N): 44.921084089544706
Norma del vettore g: 20.0
Strategy: mean_rev, portfolio variance: 5.638981306826234e-07
Norma del vettore g non è uguale a sqrt(N): 44.921084089544706
Norma del vettore g: 20.0
Strategy: mean_rev, portfolio variance: 2.0907957959706755e-12
Norma del vettore g non è uguale a sqrt(N): 44.921084089544706
Norma del vettore g: 20.0
Strategy: mean_rev, portfolio variance: 2.1291409115592166e-12
Norma del vettore g non è uguale a sqrt(N): 44.921084089544706
Norma del vettore g: 20.0
Strategy: mean_rev, portfolio variance: 6.231255649875576e-07
Norma del vettore g non è uguale a sqrt(N): 44.921084089544706
Norma del vettore g: 20.0
Strategy: mean_rev, portfolio variance: 7.948499699192443e-07
Norma del vettore g non è uguale a sqrt(N): 44.921084089544706
Norma del vettore g: 20.0
Strategy: mean_rev, portfolio variance: 0.0030411386198745827
Norma del vettore g non è uguale a sqrt(N): 44.921084089544706
Norma del vettore g: 20.0
Strategy: mean_rev, portfolio variance: 1.418702575594954e-06
Norma del vettore g non è uguale a sqrt(N): 44.921084089544706
Norma del vettore g: 20.0
Strategy: mean_rev, portfolio variance: 1.5044861109830996e-06
Norma del vettore g: 20.0
Strategy: rnd     , portfolio variance: 6.493653041331686e-08
Norma del vettore g: 19.999999999999996
Strategy: rnd     , portfolio variance: 4.204300231945461e-09
Norma del vettore g: 19.999999999999996
Strategy: rnd     , portfolio variance: 4.605456771879908e-10
Norma del vettore g: 19.999999999999996
Strategy: rnd     , portfolio variance: 4.5391654787481367e-07
Norma del vettore g: 20.0
Strategy: rnd     , portfolio variance: 1.7335007295508052e-07
Norma del vettore g: 20.000000000000004
Strategy: rnd     , portfolio variance: 0.0012253457532762952
Norma del vettore g: 19.999999999999993
Strategy: rnd     , portfolio variance: 1.7913173509981106e-07
Norma del vettore g: 20.0
Strategy: rnd     , portfolio variance: 1.815410243388671e-07
[========================================                              ] 57.14%
Norma del vettore g: 20.0
Strategy: min_var , portfolio variance: 9.742179605278056e-06
Norma del vettore g: 20.0
Strategy: min_var , portfolio variance: 5.232670524667949e-13
Norma del vettore g: 20.0
Strategy: min_var , portfolio variance: 5.369258431171549e-13
Norma del vettore g: 20.0
Strategy: min_var , portfolio variance: 4.729847398571193e-07
Norma del vettore g: 20.0
Strategy: min_var , portfolio variance: 1.4995408948200811e-05
Norma del vettore g: 20.0
Strategy: min_var , portfolio variance: 0.08840623326978816
Norma del vettore g: 20.0
Strategy: min_var , portfolio variance: 3.128639964942478e-05
Norma del vettore g: 20.0
Strategy: min_var , portfolio variance: 3.2973708363250257e-05
Norma del vettore g non è uguale a sqrt(N): 37.56156648480506
Norma del vettore g: 20.0
Strategy: omn     , portfolio variance: 4.625140038517018e-07
Norma del vettore g non è uguale a sqrt(N): 37.56156648480506
Norma del vettore g: 20.0
Strategy: omn     , portfolio variance: 4.031734691766057e-11
Norma del vettore g non è uguale a sqrt(N): 37.56156648480506
Norma del vettore g: 20.0
Strategy: omn     , portfolio variance: 4.098184384265262e-11
Norma del vettore g non è uguale a sqrt(N): 37.56156648480506
Norma del vettore g: 20.0
Strategy: omn     , portfolio variance: 9.534429846500101e-07
Norma del vettore g non è uguale a sqrt(N): 37.56156648480506
Norma del vettore g: 20.0
Strategy: omn     , portfolio variance: 6.922052246873291e-07
Norma del vettore g non è uguale a sqrt(N): 37.56156648480506
Norma del vettore g: 20.0
Strategy: omn     , portfolio variance: 0.001912154360534712
Norma del vettore g non è uguale a sqrt(N): 37.56156648480506
Norma del vettore g: 20.0
Strategy: omn     , portfolio variance: 1.015827464712548e-06
Norma del vettore g non è uguale a sqrt(N): 37.56156648480506
Norma del vettore g: 20.0
Strategy: omn     , portfolio variance: 1.1144366628851857e-06
Norma del vettore g non è uguale a sqrt(N): 37.56156648480506
Norma del vettore g: 20.0
Strategy: mean_rev, portfolio variance: 4.625140038517018e-07
Norma del vettore g non è uguale a sqrt(N): 37.56156648480506
Norma del vettore g: 20.0
Strategy: mean_rev, portfolio variance: 4.031734691766057e-11
Norma del vettore g non è uguale a sqrt(N): 37.56156648480506
Norma del vettore g: 20.0
Strategy: mean_rev, portfolio variance: 4.098184384265262e-11
Norma del vettore g non è uguale a sqrt(N): 37.56156648480506
Norma del vettore g: 20.0
Strategy: mean_rev, portfolio variance: 9.534429846500101e-07
Norma del vettore g non è uguale a sqrt(N): 37.56156648480506
Norma del vettore g: 20.0
Strategy: mean_rev, portfolio variance: 6.922052246873291e-07
Norma del vettore g non è uguale a sqrt(N): 37.56156648480506
Norma del vettore g: 20.0
Strategy: mean_rev, portfolio variance: 0.001912154360534712
Norma del vettore g non è uguale a sqrt(N): 37.56156648480506
Norma del vettore g: 20.0
Strategy: mean_rev, portfolio variance: 1.015827464712548e-06
Norma del vettore g non è uguale a sqrt(N): 37.56156648480506
Norma del vettore g: 20.0
Strategy: mean_rev, portfolio variance: 1.1144366628851857e-06
Norma del vettore g: 20.0
Strategy: rnd     , portfolio variance: 7.217818872823333e-08
Norma del vettore g: 20.0
Strategy: rnd     , portfolio variance: 5.673076446188171e-09
Norma del vettore g: 20.0
Strategy: rnd     , portfolio variance: 5.972627959478125e-11
Norma del vettore g: 20.0
Strategy: rnd     , portfolio variance: 5.232840684422164e-07
Norma del vettore g: 20.0
Strategy: rnd     , portfolio variance: 1.7506959698750678e-07
Norma del vettore g: 19.999999999999996
Strategy: rnd     , portfolio variance: 0.0012064310258913225
Norma del vettore g: 19.999999999999996
Strategy: rnd     , portfolio variance: 1.3109022483774963e-07
Norma del vettore g: 20.0
Strategy: rnd     , portfolio variance: 1.9523413502266747e-07
[========================================                              ] 58.44%
Norma del vettore g: 20.0
Strategy: min_var , portfolio variance: 9.858213429999873e-06
Norma del vettore g: 20.0
Strategy: min_var , portfolio variance: 5.664832957443613e-13
Norma del vettore g: 20.0
Strategy: min_var , portfolio variance: 5.810227981612477e-13
Norma del vettore g: 20.0
Strategy: min_var , portfolio variance: 4.7371428182834395e-07
Norma del vettore g: 20.0
Strategy: min_var , portfolio variance: 1.4686119869843192e-05
Norma del vettore g: 20.0
Strategy: min_var , portfolio variance: 0.08661461798399057
Norma del vettore g: 20.0
Strategy: min_var , portfolio variance: 3.2976553659981466e-05
Norma del vettore g: 20.0
Strategy: min_var , portfolio variance: 3.3288983412230925e-05
Norma del vettore g non è uguale a sqrt(N): 45.99631863048562
Norma del vettore g: 20.0
Strategy: omn     , portfolio variance: 6.906332882577119e-07
Norma del vettore g non è uguale a sqrt(N): 45.99631863048562
Norma del vettore g: 20.0
Strategy: omn     , portfolio variance: 2.3418710574746018e-11
Norma del vettore g non è uguale a sqrt(N): 45.99631863048562
Norma del vettore g: 20.0
Strategy: omn     , portfolio variance: 2.426640933390236e-11
Norma del vettore g non è uguale a sqrt(N): 45.99631863048562
Norma del vettore g: 20.0
Strategy: omn     , portfolio variance: 7.603574223445348e-07
Norma del vettore g non è uguale a sqrt(N): 45.99631863048562
Norma del vettore g: 20.0
Strategy: omn     , portfolio variance: 9.733136026096611e-07
Norma del vettore g non è uguale a sqrt(N): 45.99631863048562
Norma del vettore g: 20.0
Strategy: omn     , portfolio variance: 0.0032135627880162092
Norma del vettore g non è uguale a sqrt(N): 45.99631863048562
Norma del vettore g: 20.0
Strategy: omn     , portfolio variance: 1.768642037398311e-06
Norma del vettore g non è uguale a sqrt(N): 45.99631863048562
Norma del vettore g: 20.0
Strategy: omn     , portfolio variance: 1.7808304738157807e-06
Norma del vettore g non è uguale a sqrt(N): 45.99631863048562
Norma del vettore g: 20.0
Strategy: mean_rev, portfolio variance: 6.906332882577119e-07
Norma del vettore g non è uguale a sqrt(N): 45.99631863048562
Norma del vettore g: 20.0
Strategy: mean_rev, portfolio variance: 2.3418710574746018e-11
Norma del vettore g non è uguale a sqrt(N): 45.99631863048562
Norma del vettore g: 20.0
Strategy: mean_rev, portfolio variance: 2.426640933390236e-11
Norma del vettore g non è uguale a sqrt(N): 45.99631863048562
Norma del vettore g: 20.0
Strategy: mean_rev, portfolio variance: 7.603574223445348e-07
Norma del vettore g non è uguale a sqrt(N): 45.99631863048562
Norma del vettore g: 20.0
Strategy: mean_rev, portfolio variance: 9.733136026096611e-07
Norma del vettore g non è uguale a sqrt(N): 45.99631863048562
Norma del vettore g: 20.0
Strategy: mean_rev, portfolio variance: 0.0032135627880162092
Norma del vettore g non è uguale a sqrt(N): 45.99631863048562
Norma del vettore g: 20.0
Strategy: mean_rev, portfolio variance: 1.768642037398311e-06
Norma del vettore g non è uguale a sqrt(N): 45.99631863048562
Norma del vettore g: 20.0
Strategy: mean_rev, portfolio variance: 1.7808304738157807e-06
Norma del vettore g: 20.000000000000007
Strategy: rnd     , portfolio variance: 5.571631087794301e-08
Norma del vettore g: 19.999999999999993
Strategy: rnd     , portfolio variance: 3.6493976548072627e-10
Norma del vettore g: 20.000000000000004
Strategy: rnd     , portfolio variance: 8.984583388886416e-10
Norma del vettore g: 20.000000000000004
Strategy: rnd     , portfolio variance: 4.7054523777319875e-07
Norma del vettore g: 20.000000000000007
Strategy: rnd     , portfolio variance: 1.681275910980405e-07
Norma del vettore g: 20.000000000000007
Strategy: rnd     , portfolio variance: 0.0013101074395465598
Norma del vettore g: 20.0
Strategy: rnd     , portfolio variance: 1.802373417609189e-07
Norma del vettore g: 19.999999999999996
Strategy: rnd     , portfolio variance: 2.0043549886202187e-07
[=========================================                             ] 59.74%
Norma del vettore g: 20.0
Strategy: min_var , portfolio variance: 1.0065844884270292e-05
Norma del vettore g: 20.0
Strategy: min_var , portfolio variance: 6.262069390066784e-13
Norma del vettore g: 20.0
Strategy: min_var , portfolio variance: 6.422037024757571e-13
Norma del vettore g: 20.0
Strategy: min_var , portfolio variance: 4.775715161808735e-07
Norma del vettore g: 20.0
Strategy: min_var , portfolio variance: 1.4655949662585567e-05
Norma del vettore g: 20.0
Strategy: min_var , portfolio variance: 0.08231261635037998
Norma del vettore g: 20.0
Strategy: min_var , portfolio variance: 3.2050464556458026e-05
Norma del vettore g: 20.0
Strategy: min_var , portfolio variance: 3.244542644596951e-05
Norma del vettore g non è uguale a sqrt(N): 41.460872325749015
Norma del vettore g: 20.0
Strategy: omn     , portfolio variance: 5.137614393534409e-07
Norma del vettore g non è uguale a sqrt(N): 41.460872325749015
Norma del vettore g: 20.0
Strategy: omn     , portfolio variance: 1.0362512903387704e-11
Norma del vettore g non è uguale a sqrt(N): 41.460872325749015
Norma del vettore g: 20.0
Strategy: omn     , portfolio variance: 1.0703843255049537e-11
Norma del vettore g non è uguale a sqrt(N): 41.460872325749015
Norma del vettore g: 20.0
Strategy: omn     , portfolio variance: 6.134451548116901e-07
Norma del vettore g non è uguale a sqrt(N): 41.460872325749015
Norma del vettore g: 20.0
Strategy: omn     , portfolio variance: 6.995918938820624e-07
Norma del vettore g non è uguale a sqrt(N): 41.460872325749015
Norma del vettore g: 20.0
Strategy: omn     , portfolio variance: 0.002724006809954902
Norma del vettore g non è uguale a sqrt(N): 41.460872325749015
Norma del vettore g: 20.0
Strategy: omn     , portfolio variance: 1.0132048529108587e-06
Norma del vettore g non è uguale a sqrt(N): 41.460872325749015
Norma del vettore g: 20.0
Strategy: omn     , portfolio variance: 1.0876988556400147e-06
Norma del vettore g non è uguale a sqrt(N): 41.460872325749015
Norma del vettore g: 20.0
Strategy: mean_rev, portfolio variance: 5.137614393534409e-07
Norma del vettore g non è uguale a sqrt(N): 41.460872325749015
Norma del vettore g: 20.0
Strategy: mean_rev, portfolio variance: 1.0362512903387704e-11
Norma del vettore g non è uguale a sqrt(N): 41.460872325749015
Norma del vettore g: 20.0
Strategy: mean_rev, portfolio variance: 1.0703843255049537e-11
Norma del vettore g non è uguale a sqrt(N): 41.460872325749015
Norma del vettore g: 20.0
Strategy: mean_rev, portfolio variance: 6.134451548116901e-07
Norma del vettore g non è uguale a sqrt(N): 41.460872325749015
Norma del vettore g: 20.0
Strategy: mean_rev, portfolio variance: 6.995918938820624e-07
Norma del vettore g non è uguale a sqrt(N): 41.460872325749015
Norma del vettore g: 20.0
Strategy: mean_rev, portfolio variance: 0.002724006809954902
Norma del vettore g non è uguale a sqrt(N): 41.460872325749015
Norma del vettore g: 20.0
Strategy: mean_rev, portfolio variance: 1.0132048529108587e-06
Norma del vettore g non è uguale a sqrt(N): 41.460872325749015
Norma del vettore g: 20.0
Strategy: mean_rev, portfolio variance: 1.0876988556400147e-06
Norma del vettore g: 19.999999999999996
Strategy: rnd     , portfolio variance: 6.708552283208899e-08
Norma del vettore g: 20.0
Strategy: rnd     , portfolio variance: 3.9694403624577985e-08
Norma del vettore g: 19.999999999999993
Strategy: rnd     , portfolio variance: 1.0507065443688855e-10
Norma del vettore g: 20.0
Strategy: rnd     , portfolio variance: 4.789515677729816e-07
Norma del vettore g: 19.999999999999993
Strategy: rnd     , portfolio variance: 1.7736375396911983e-07
Norma del vettore g: 20.000000000000007
Strategy: rnd     , portfolio variance: 0.001234639720932486
Norma del vettore g: 20.00000000000001
Strategy: rnd     , portfolio variance: 1.923337095925901e-07
Norma del vettore g: 20.000000000000004
Strategy: rnd     , portfolio variance: 1.599405320937107e-07
[==========================================                            ] 61.04%
Norma del vettore g: 20.0
Strategy: min_var , portfolio variance: 8.424859729697014e-06
Norma del vettore g: 20.0
Strategy: min_var , portfolio variance: 7.969654441554408e-13
Norma del vettore g: 20.0
Strategy: min_var , portfolio variance: 8.155754946621584e-13
Norma del vettore g: 20.0
Strategy: min_var , portfolio variance: 4.823566067621428e-07
Norma del vettore g: 20.0
Strategy: min_var , portfolio variance: 1.255426769827056e-05
Norma del vettore g: 20.0
Strategy: min_var , portfolio variance: 0.0739379354401219
Norma del vettore g: 20.0
Strategy: min_var , portfolio variance: 2.8934949119301264e-05
Norma del vettore g: 20.0
Strategy: min_var , portfolio variance: 3.0500059051720388e-05
Norma del vettore g non è uguale a sqrt(N): 52.18018184113089
Norma del vettore g: 19.999999999999996
Strategy: omn     , portfolio variance: 6.630483959773805e-07
Norma del vettore g non è uguale a sqrt(N): 52.18018184113089
Norma del vettore g: 19.999999999999996
Strategy: omn     , portfolio variance: 2.431715697770701e-12
Norma del vettore g non è uguale a sqrt(N): 52.18018184113089
Norma del vettore g: 19.999999999999996
Strategy: omn     , portfolio variance: 2.4911450308566414e-12
Norma del vettore g non è uguale a sqrt(N): 52.18018184113089
Norma del vettore g: 19.999999999999996
Strategy: omn     , portfolio variance: 6.462609634506866e-07
Norma del vettore g non è uguale a sqrt(N): 52.18018184113089
Norma del vettore g: 19.999999999999996
Strategy: omn     , portfolio variance: 9.302152356435467e-07
Norma del vettore g non è uguale a sqrt(N): 52.18018184113089
Norma del vettore g: 19.999999999999996
Strategy: omn     , portfolio variance: 0.002988870794821687
Norma del vettore g non è uguale a sqrt(N): 52.18018184113089
Norma del vettore g: 19.999999999999996
Strategy: omn     , portfolio variance: 1.4447951814857392e-06
Norma del vettore g non è uguale a sqrt(N): 52.18018184113089
Norma del vettore g: 19.999999999999996
Strategy: omn     , portfolio variance: 1.425697385452623e-06
Norma del vettore g non è uguale a sqrt(N): 52.18018184113089
Norma del vettore g: 19.999999999999996
Strategy: mean_rev, portfolio variance: 6.630483959773805e-07
Norma del vettore g non è uguale a sqrt(N): 52.18018184113089
Norma del vettore g: 19.999999999999996
Strategy: mean_rev, portfolio variance: 2.431715697770701e-12
Norma del vettore g non è uguale a sqrt(N): 52.18018184113089
Norma del vettore g: 19.999999999999996
Strategy: mean_rev, portfolio variance: 2.4911450308566414e-12
Norma del vettore g non è uguale a sqrt(N): 52.18018184113089
Norma del vettore g: 19.999999999999996
Strategy: mean_rev, portfolio variance: 6.462609634506866e-07
Norma del vettore g non è uguale a sqrt(N): 52.18018184113089
Norma del vettore g: 19.999999999999996
Strategy: mean_rev, portfolio variance: 9.302152356435467e-07
Norma del vettore g non è uguale a sqrt(N): 52.18018184113089
Norma del vettore g: 19.999999999999996
Strategy: mean_rev, portfolio variance: 0.002988870794821687
Norma del vettore g non è uguale a sqrt(N): 52.18018184113089
Norma del vettore g: 19.999999999999996
Strategy: mean_rev, portfolio variance: 1.4447951814857392e-06
Norma del vettore g non è uguale a sqrt(N): 52.18018184113089
Norma del vettore g: 19.999999999999996
Strategy: mean_rev, portfolio variance: 1.425697385452623e-06
Norma del vettore g: 20.000000000000007
Strategy: rnd     , portfolio variance: 8.115390001226638e-08
Norma del vettore g: 19.999999999999993
Strategy: rnd     , portfolio variance: 7.37343252183372e-09
Norma del vettore g: 20.0
Strategy: rnd     , portfolio variance: 6.190072508125925e-11
Norma del vettore g: 19.999999999999993
Strategy: rnd     , portfolio variance: 4.778172444065618e-07
Norma del vettore g: 20.000000000000007
Strategy: rnd     , portfolio variance: 1.9708785604014818e-07
Norma del vettore g: 20.0
Strategy: rnd     , portfolio variance: 0.001202536220109805
Norma del vettore g: 19.999999999999993
Strategy: rnd     , portfolio variance: 1.74194095708997e-07
Norma del vettore g: 20.000000000000007
Strategy: rnd     , portfolio variance: 1.5206386950332985e-07
[===========================================                           ] 62.34%
Norma del vettore g: 20.0
Strategy: min_var , portfolio variance: 9.061511283842236e-06
Norma del vettore g: 20.0
Strategy: min_var , portfolio variance: 7.119530700100747e-13
Norma del vettore g: 20.0
Strategy: min_var , portfolio variance: 7.271676879757264e-13
Norma del vettore g: 20.0
Strategy: min_var , portfolio variance: 4.946472773923437e-07
Norma del vettore g: 20.0
Strategy: min_var , portfolio variance: 1.343190005446287e-05
Norma del vettore g: 20.0
Strategy: min_var , portfolio variance: 0.07556447092398212
Norma del vettore g: 20.0
Strategy: min_var , portfolio variance: 3.1130490141871326e-05
Norma del vettore g: 20.0
Strategy: min_var , portfolio variance: 3.30669562148002e-05
Norma del vettore g non è uguale a sqrt(N): 48.01766087005583
Norma del vettore g: 20.000000000000007
Strategy: omn     , portfolio variance: 6.290276746553104e-07
Norma del vettore g non è uguale a sqrt(N): 48.01766087005583
Norma del vettore g: 20.000000000000007
Strategy: omn     , portfolio variance: 5.0816481268550535e-11
Norma del vettore g non è uguale a sqrt(N): 48.01766087005583
Norma del vettore g: 20.000000000000007
Strategy: omn     , portfolio variance: 5.170714116847249e-11
Norma del vettore g non è uguale a sqrt(N): 48.01766087005583
Norma del vettore g: 20.000000000000007
Strategy: omn     , portfolio variance: 5.839190491637256e-07
Norma del vettore g non è uguale a sqrt(N): 48.01766087005583
Norma del vettore g: 20.000000000000007
Strategy: omn     , portfolio variance: 8.836083892163641e-07
Norma del vettore g non è uguale a sqrt(N): 48.01766087005583
Norma del vettore g: 20.000000000000007
Strategy: omn     , portfolio variance: 0.002930308015583421
Norma del vettore g non è uguale a sqrt(N): 48.01766087005583
Norma del vettore g: 20.000000000000007
Strategy: omn     , portfolio variance: 1.474071873075535e-06
Norma del vettore g non è uguale a sqrt(N): 48.01766087005583
Norma del vettore g: 20.000000000000007
Strategy: omn     , portfolio variance: 1.41106798122058e-06
Norma del vettore g non è uguale a sqrt(N): 48.01766087005583
Norma del vettore g: 20.000000000000007
Strategy: mean_rev, portfolio variance: 6.290276746553104e-07
Norma del vettore g non è uguale a sqrt(N): 48.01766087005583
Norma del vettore g: 20.000000000000007
Strategy: mean_rev, portfolio variance: 5.0816481268550535e-11
Norma del vettore g non è uguale a sqrt(N): 48.01766087005583
Norma del vettore g: 20.000000000000007
Strategy: mean_rev, portfolio variance: 5.170714116847249e-11
Norma del vettore g non è uguale a sqrt(N): 48.01766087005583
Norma del vettore g: 20.000000000000007
Strategy: mean_rev, portfolio variance: 5.839190491637256e-07
Norma del vettore g non è uguale a sqrt(N): 48.01766087005583
Norma del vettore g: 20.000000000000007
Strategy: mean_rev, portfolio variance: 8.836083892163641e-07
Norma del vettore g non è uguale a sqrt(N): 48.01766087005583
Norma del vettore g: 20.000000000000007
Strategy: mean_rev, portfolio variance: 0.002930308015583421
Norma del vettore g non è uguale a sqrt(N): 48.01766087005583
Norma del vettore g: 20.000000000000007
Strategy: mean_rev, portfolio variance: 1.474071873075535e-06
Norma del vettore g non è uguale a sqrt(N): 48.01766087005583
Norma del vettore g: 20.000000000000007
Strategy: mean_rev, portfolio variance: 1.41106798122058e-06
Norma del vettore g: 20.000000000000007
Strategy: rnd     , portfolio variance: 5.7002714405494676e-08
Norma del vettore g: 20.000000000000007
Strategy: rnd     , portfolio variance: 5.186737043568651e-11
Norma del vettore g: 20.0
Strategy: rnd     , portfolio variance: 4.049692059798605e-11
Norma del vettore g: 20.000000000000004
Strategy: rnd     , portfolio variance: 4.777964964870669e-07
Norma del vettore g: 19.999999999999996
Strategy: rnd     , portfolio variance: 1.78938421944192e-07
Norma del vettore g: 19.99999999999999
Strategy: rnd     , portfolio variance: 0.0012311675384508098
Norma del vettore g: 20.000000000000007
Strategy: rnd     , portfolio variance: 2.007205723136037e-07
Norma del vettore g: 19.999999999999996
Strategy: rnd     , portfolio variance: 1.8893119477192656e-07
[============================================                          ] 63.64%
Norma del vettore g: 20.0
Strategy: min_var , portfolio variance: 8.411376343949925e-06
Norma del vettore g: 20.0
Strategy: min_var , portfolio variance: 8.139185476033035e-13
Norma del vettore g: 20.0
Strategy: min_var , portfolio variance: 8.292039788330935e-13
Norma del vettore g: 20.0
Strategy: min_var , portfolio variance: 4.645356728304981e-07
Norma del vettore g: 20.0
Strategy: min_var , portfolio variance: 1.2107686262241893e-05
Norma del vettore g: 20.0
Strategy: min_var , portfolio variance: 0.07077881231471896
Norma del vettore g: 20.0
Strategy: min_var , portfolio variance: 2.8124397065408927e-05
Norma del vettore g: 20.0
Strategy: min_var , portfolio variance: 3.0562327818539726e-05
Norma del vettore g non è uguale a sqrt(N): 62.10535997985532
Norma del vettore g: 19.999999999999996
Strategy: omn     , portfolio variance: 8.138014040888938e-07
Norma del vettore g non è uguale a sqrt(N): 62.10535997985532
Norma del vettore g: 19.999999999999996
Strategy: omn     , portfolio variance: 2.6086241371615618e-12
Norma del vettore g non è uguale a sqrt(N): 62.10535997985532
Norma del vettore g: 19.999999999999996
Strategy: omn     , portfolio variance: 2.661955361244615e-12
Norma del vettore g non è uguale a sqrt(N): 62.10535997985532
Norma del vettore g: 19.999999999999996
Strategy: omn     , portfolio variance: 7.361216829493115e-07
Norma del vettore g non è uguale a sqrt(N): 62.10535997985532
Norma del vettore g: 19.999999999999996
Strategy: omn     , portfolio variance: 1.1099467009264856e-06
Norma del vettore g non è uguale a sqrt(N): 62.10535997985532
Norma del vettore g: 19.999999999999996
Strategy: omn     , portfolio variance: 0.0033736386520785374
Norma del vettore g non è uguale a sqrt(N): 62.10535997985532
Norma del vettore g: 19.999999999999996
Strategy: omn     , portfolio variance: 1.755524953858022e-06
Norma del vettore g non è uguale a sqrt(N): 62.10535997985532
Norma del vettore g: 19.999999999999996
Strategy: omn     , portfolio variance: 1.808805713867871e-06
Norma del vettore g non è uguale a sqrt(N): 62.10535997985532
Norma del vettore g: 19.999999999999996
Strategy: mean_rev, portfolio variance: 8.138014040888938e-07
Norma del vettore g non è uguale a sqrt(N): 62.10535997985532
Norma del vettore g: 19.999999999999996
Strategy: mean_rev, portfolio variance: 2.6086241371615618e-12
Norma del vettore g non è uguale a sqrt(N): 62.10535997985532
Norma del vettore g: 19.999999999999996
Strategy: mean_rev, portfolio variance: 2.661955361244615e-12
Norma del vettore g non è uguale a sqrt(N): 62.10535997985532
Norma del vettore g: 19.999999999999996
Strategy: mean_rev, portfolio variance: 7.361216829493115e-07
Norma del vettore g non è uguale a sqrt(N): 62.10535997985532
Norma del vettore g: 19.999999999999996
Strategy: mean_rev, portfolio variance: 1.1099467009264856e-06
Norma del vettore g non è uguale a sqrt(N): 62.10535997985532
Norma del vettore g: 19.999999999999996
Strategy: mean_rev, portfolio variance: 0.0033736386520785374
Norma del vettore g non è uguale a sqrt(N): 62.10535997985532
Norma del vettore g: 19.999999999999996
Strategy: mean_rev, portfolio variance: 1.755524953858022e-06
Norma del vettore g non è uguale a sqrt(N): 62.10535997985532
Norma del vettore g: 19.999999999999996
Strategy: mean_rev, portfolio variance: 1.808805713867871e-06
Norma del vettore g: 19.999999999999996
Strategy: rnd     , portfolio variance: 4.957481081320935e-08
Norma del vettore g: 19.999999999999996
Strategy: rnd     , portfolio variance: 6.584009783063997e-10
Norma del vettore g: 19.999999999999996
Strategy: rnd     , portfolio variance: 4.749734399455746e-10
Norma del vettore g: 20.000000000000004
Strategy: rnd     , portfolio variance: 4.835372203619243e-07
Norma del vettore g: 19.999999999999996
Strategy: rnd     , portfolio variance: 1.6787720561980632e-07
Norma del vettore g: 19.999999999999996
Strategy: rnd     , portfolio variance: 0.0012918027006860158
Norma del vettore g: 20.000000000000004
Strategy: rnd     , portfolio variance: 1.4428521304916447e-07
Norma del vettore g: 20.000000000000004
Strategy: rnd     , portfolio variance: 1.7001996191234768e-07
[=============================================                         ] 64.94%
Norma del vettore g: 20.0
Strategy: min_var , portfolio variance: 8.52671693039875e-06
Norma del vettore g: 20.0
Strategy: min_var , portfolio variance: 8.092661887777609e-13
Norma del vettore g: 20.0
Strategy: min_var , portfolio variance: 8.233628427203438e-13
Norma del vettore g: 20.0
Strategy: min_var , portfolio variance: 4.628895966171695e-07
Norma del vettore g: 20.0
Strategy: min_var , portfolio variance: 1.228923518925006e-05
Norma del vettore g: 20.0
Strategy: min_var , portfolio variance: 0.07087735209225433
Norma del vettore g: 20.0
Strategy: min_var , portfolio variance: 2.9386692771818437e-05
Norma del vettore g: 20.0
Strategy: min_var , portfolio variance: 3.1455570961200184e-05
Norma del vettore g non è uguale a sqrt(N): 52.368284145409454
Norma del vettore g: 20.0
Strategy: omn     , portfolio variance: 7.00375788010176e-07
Norma del vettore g non è uguale a sqrt(N): 52.368284145409454
Norma del vettore g: 20.0
Strategy: omn     , portfolio variance: 3.3241328222709057e-12
Norma del vettore g non è uguale a sqrt(N): 52.368284145409454
Norma del vettore g: 20.0
Strategy: omn     , portfolio variance: 3.3715638026008384e-12
Norma del vettore g non è uguale a sqrt(N): 52.368284145409454
Norma del vettore g: 20.0
Strategy: omn     , portfolio variance: 7.447962579398891e-07
Norma del vettore g non è uguale a sqrt(N): 52.368284145409454
Norma del vettore g: 20.0
Strategy: omn     , portfolio variance: 9.691810450835974e-07
Norma del vettore g non è uguale a sqrt(N): 52.368284145409454
Norma del vettore g: 20.0
Strategy: omn     , portfolio variance: 0.002921488253480796
Norma del vettore g non è uguale a sqrt(N): 52.368284145409454
Norma del vettore g: 20.0
Strategy: omn     , portfolio variance: 1.5113572690720875e-06
Norma del vettore g non è uguale a sqrt(N): 52.368284145409454
Norma del vettore g: 20.0
Strategy: omn     , portfolio variance: 1.5814673464551493e-06
Norma del vettore g non è uguale a sqrt(N): 52.368284145409454
Norma del vettore g: 20.0
Strategy: mean_rev, portfolio variance: 7.00375788010176e-07
Norma del vettore g non è uguale a sqrt(N): 52.368284145409454
Norma del vettore g: 20.0
Strategy: mean_rev, portfolio variance: 3.3241328222709057e-12
Norma del vettore g non è uguale a sqrt(N): 52.368284145409454
Norma del vettore g: 20.0
Strategy: mean_rev, portfolio variance: 3.3715638026008384e-12
Norma del vettore g non è uguale a sqrt(N): 52.368284145409454
Norma del vettore g: 20.0
Strategy: mean_rev, portfolio variance: 7.447962579398891e-07
Norma del vettore g non è uguale a sqrt(N): 52.368284145409454
Norma del vettore g: 20.0
Strategy: mean_rev, portfolio variance: 9.691810450835974e-07
Norma del vettore g non è uguale a sqrt(N): 52.368284145409454
Norma del vettore g: 20.0
Strategy: mean_rev, portfolio variance: 0.002921488253480796
Norma del vettore g non è uguale a sqrt(N): 52.368284145409454
Norma del vettore g: 20.0
Strategy: mean_rev, portfolio variance: 1.5113572690720875e-06
Norma del vettore g non è uguale a sqrt(N): 52.368284145409454
Norma del vettore g: 20.0
Strategy: mean_rev, portfolio variance: 1.5814673464551493e-06
Norma del vettore g: 19.999999999999993
Strategy: rnd     , portfolio variance: 4.7920849024633416e-08
Norma del vettore g: 19.999999999999993
Strategy: rnd     , portfolio variance: 3.4868126452220004e-09
Norma del vettore g: 19.999999999999996
Strategy: rnd     , portfolio variance: 1.4785061518737968e-10
Norma del vettore g: 20.0
Strategy: rnd     , portfolio variance: 4.7045033839929476e-07
Norma del vettore g: 20.0
Strategy: rnd     , portfolio variance: 1.8372126195388867e-07
Norma del vettore g: 19.999999999999993
Strategy: rnd     , portfolio variance: 0.0012774854864654856
Norma del vettore g: 20.000000000000007
Strategy: rnd     , portfolio variance: 1.936776635572127e-07
Norma del vettore g: 20.0
Strategy: rnd     , portfolio variance: 1.7153360005536203e-07
[==============================================                        ] 66.23%
Norma del vettore g: 20.0
Strategy: min_var , portfolio variance: 8.76587259207271e-06
Norma del vettore g: 20.0
Strategy: min_var , portfolio variance: 8.59218877748239e-13
Norma del vettore g: 20.0
Strategy: min_var , portfolio variance: 8.71351759025382e-13
Norma del vettore g: 20.0
Strategy: min_var , portfolio variance: 4.697441456536433e-07
Norma del vettore g: 20.0
Strategy: min_var , portfolio variance: 1.2776028677021455e-05
Norma del vettore g: 20.0
Strategy: min_var , portfolio variance: 0.07388870311487092
Norma del vettore g: 20.0
Strategy: min_var , portfolio variance: 2.9900624994551953e-05
Norma del vettore g: 20.0
Strategy: min_var , portfolio variance: 3.104229301821388e-05
Norma del vettore g non è uguale a sqrt(N): 40.63297895954782
Norma del vettore g: 20.0
Strategy: omn     , portfolio variance: 5.024591412068205e-07
Norma del vettore g non è uguale a sqrt(N): 40.63297895954782
Norma del vettore g: 20.0
Strategy: omn     , portfolio variance: 1.7478430138727985e-10
Norma del vettore g non è uguale a sqrt(N): 40.63297895954782
Norma del vettore g: 20.0
Strategy: omn     , portfolio variance: 1.8322173930034103e-10
Norma del vettore g non è uguale a sqrt(N): 40.63297895954782
Norma del vettore g: 20.0
Strategy: omn     , portfolio variance: 6.512239285920724e-07
Norma del vettore g non è uguale a sqrt(N): 40.63297895954782
Norma del vettore g: 20.0
Strategy: omn     , portfolio variance: 6.922522889708906e-07
Norma del vettore g non è uguale a sqrt(N): 40.63297895954782
Norma del vettore g: 20.0
Strategy: omn     , portfolio variance: 0.0026438008251375308
Norma del vettore g non è uguale a sqrt(N): 40.63297895954782
Norma del vettore g: 20.0
Strategy: omn     , portfolio variance: 1.0561037005826717e-06
Norma del vettore g non è uguale a sqrt(N): 40.63297895954782
Norma del vettore g: 20.0
Strategy: omn     , portfolio variance: 1.0977993461579412e-06
Norma del vettore g non è uguale a sqrt(N): 40.63297895954782
Norma del vettore g: 20.0
Strategy: mean_rev, portfolio variance: 5.024591412068205e-07
Norma del vettore g non è uguale a sqrt(N): 40.63297895954782
Norma del vettore g: 20.0
Strategy: mean_rev, portfolio variance: 1.7478430138727985e-10
Norma del vettore g non è uguale a sqrt(N): 40.63297895954782
Norma del vettore g: 20.0
Strategy: mean_rev, portfolio variance: 1.8322173930034103e-10
Norma del vettore g non è uguale a sqrt(N): 40.63297895954782
Norma del vettore g: 20.0
Strategy: mean_rev, portfolio variance: 6.512239285920724e-07
Norma del vettore g non è uguale a sqrt(N): 40.63297895954782
Norma del vettore g: 20.0
Strategy: mean_rev, portfolio variance: 6.922522889708906e-07
Norma del vettore g non è uguale a sqrt(N): 40.63297895954782
Norma del vettore g: 20.0
Strategy: mean_rev, portfolio variance: 0.0026438008251375308
Norma del vettore g non è uguale a sqrt(N): 40.63297895954782
Norma del vettore g: 20.0
Strategy: mean_rev, portfolio variance: 1.0561037005826717e-06
Norma del vettore g non è uguale a sqrt(N): 40.63297895954782
Norma del vettore g: 20.0
Strategy: mean_rev, portfolio variance: 1.0977993461579412e-06
Norma del vettore g: 19.999999999999993
Strategy: rnd     , portfolio variance: 7.308783103011452e-08
Norma del vettore g: 20.000000000000007
Strategy: rnd     , portfolio variance: 2.807165399898528e-09
Norma del vettore g: 19.999999999999996
Strategy: rnd     , portfolio variance: 7.240079613553689e-09
Norma del vettore g: 20.0
Strategy: rnd     , portfolio variance: 4.901346508177847e-07
Norma del vettore g: 20.0
Strategy: rnd     , portfolio variance: 1.859870436565685e-07
Norma del vettore g: 20.000000000000004
Strategy: rnd     , portfolio variance: 0.0011767023889117279
Norma del vettore g: 19.999999999999993
Strategy: rnd     , portfolio variance: 1.9664242798247824e-07
Norma del vettore g: 20.0
Strategy: rnd     , portfolio variance: 1.13733333927726e-07
[===============================================                       ] 67.53%
Norma del vettore g: 20.0
Strategy: min_var , portfolio variance: 8.47999711294719e-06
Norma del vettore g: 20.0
Strategy: min_var , portfolio variance: 9.175433149626088e-13
Norma del vettore g: 20.0
Strategy: min_var , portfolio variance: 9.290548043072384e-13
Norma del vettore g: 20.0
Strategy: min_var , portfolio variance: 4.735239985670833e-07
Norma del vettore g: 20.0
Strategy: min_var , portfolio variance: 1.2783739867360052e-05
Norma del vettore g: 20.0
Strategy: min_var , portfolio variance: 0.07201513443268362
Norma del vettore g: 20.0
Strategy: min_var , portfolio variance: 2.994989810420935e-05
Norma del vettore g: 20.0
Strategy: min_var , portfolio variance: 3.103879158417947e-05
Norma del vettore g non è uguale a sqrt(N): 59.41865719290358
Norma del vettore g: 20.0
Strategy: omn     , portfolio variance: 9.037895790472028e-07
Norma del vettore g non è uguale a sqrt(N): 59.41865719290358
Norma del vettore g: 20.0
Strategy: omn     , portfolio variance: 6.274503831172728e-12
Norma del vettore g non è uguale a sqrt(N): 59.41865719290358
Norma del vettore g: 20.0
Strategy: omn     , portfolio variance: 6.4270209307883425e-12
Norma del vettore g non è uguale a sqrt(N): 59.41865719290358
Norma del vettore g: 20.0
Strategy: omn     , portfolio variance: 6.464506059551624e-07
Norma del vettore g non è uguale a sqrt(N): 59.41865719290358
Norma del vettore g: 20.0
Strategy: omn     , portfolio variance: 1.2272282652963627e-06
Norma del vettore g non è uguale a sqrt(N): 59.41865719290358
Norma del vettore g: 20.0
Strategy: omn     , portfolio variance: 0.004154530500451352
Norma del vettore g non è uguale a sqrt(N): 59.41865719290358
Norma del vettore g: 20.0
Strategy: omn     , portfolio variance: 1.7611662605215872e-06
Norma del vettore g non è uguale a sqrt(N): 59.41865719290358
Norma del vettore g: 20.0
Strategy: omn     , portfolio variance: 1.817308984853619e-06
Norma del vettore g non è uguale a sqrt(N): 59.41865719290358
Norma del vettore g: 20.0
Strategy: mean_rev, portfolio variance: 9.037895790472028e-07
Norma del vettore g non è uguale a sqrt(N): 59.41865719290358
Norma del vettore g: 20.0
Strategy: mean_rev, portfolio variance: 6.274503831172728e-12
Norma del vettore g non è uguale a sqrt(N): 59.41865719290358
Norma del vettore g: 20.0
Strategy: mean_rev, portfolio variance: 6.4270209307883425e-12
Norma del vettore g non è uguale a sqrt(N): 59.41865719290358
Norma del vettore g: 20.0
Strategy: mean_rev, portfolio variance: 6.464506059551624e-07
Norma del vettore g non è uguale a sqrt(N): 59.41865719290358
Norma del vettore g: 20.0
Strategy: mean_rev, portfolio variance: 1.2272282652963627e-06
Norma del vettore g non è uguale a sqrt(N): 59.41865719290358
Norma del vettore g: 20.0
Strategy: mean_rev, portfolio variance: 0.004154530500451352
Norma del vettore g non è uguale a sqrt(N): 59.41865719290358
Norma del vettore g: 20.0
Strategy: mean_rev, portfolio variance: 1.7611662605215872e-06
Norma del vettore g non è uguale a sqrt(N): 59.41865719290358
Norma del vettore g: 20.0
Strategy: mean_rev, portfolio variance: 1.817308984853619e-06
Norma del vettore g: 19.999999999999993
Strategy: rnd     , portfolio variance: 7.847538235815307e-08
Norma del vettore g: 20.000000000000004
Strategy: rnd     , portfolio variance: 7.450302527545139e-10
Norma del vettore g: 20.000000000000004
Strategy: rnd     , portfolio variance: 3.123181101082847e-08
Norma del vettore g: 19.999999999999996
Strategy: rnd     , portfolio variance: 4.749235746026114e-07
Norma del vettore g: 20.0
Strategy: rnd     , portfolio variance: 1.741743585417726e-07
Norma del vettore g: 20.0
Strategy: rnd     , portfolio variance: 0.001206021953815857
Norma del vettore g: 20.000000000000004
Strategy: rnd     , portfolio variance: 1.8889301666380921e-07
Norma del vettore g: 19.999999999999993
Strategy: rnd     , portfolio variance: 1.5466854452284113e-07
[================================================                      ] 68.83%
Norma del vettore g: 20.0
Strategy: min_var , portfolio variance: 7.81614123698954e-06
Norma del vettore g: 20.0
Strategy: min_var , portfolio variance: 8.573427840883896e-13
Norma del vettore g: 20.0
Strategy: min_var , portfolio variance: 8.666804329625578e-13
Norma del vettore g: 20.0
Strategy: min_var , portfolio variance: 4.5984982201604113e-07
Norma del vettore g: 20.0
Strategy: min_var , portfolio variance: 1.2097144064687793e-05
Norma del vettore g: 20.0
Strategy: min_var , portfolio variance: 0.07047612969703362
Norma del vettore g: 20.0
Strategy: min_var , portfolio variance: 2.843948004321937e-05
Norma del vettore g: 20.0
Strategy: min_var , portfolio variance: 2.931206574517366e-05
Norma del vettore g non è uguale a sqrt(N): 42.177618350361165
Norma del vettore g: 20.000000000000004
Strategy: omn     , portfolio variance: 5.620585937112238e-07
Norma del vettore g non è uguale a sqrt(N): 42.177618350361165
Norma del vettore g: 20.000000000000004
Strategy: omn     , portfolio variance: 3.172501422082572e-12
Norma del vettore g non è uguale a sqrt(N): 42.177618350361165
Norma del vettore g: 20.000000000000004
Strategy: omn     , portfolio variance: 3.2110230565828486e-12
Norma del vettore g non è uguale a sqrt(N): 42.177618350361165
Norma del vettore g: 20.000000000000004
Strategy: omn     , portfolio variance: 5.915235121535103e-07
Norma del vettore g non è uguale a sqrt(N): 42.177618350361165
Norma del vettore g: 20.000000000000004
Strategy: omn     , portfolio variance: 8.282069222402335e-07
Norma del vettore g non è uguale a sqrt(N): 42.177618350361165
Norma del vettore g: 20.000000000000004
Strategy: omn     , portfolio variance: 0.003536212891956334
Norma del vettore g non è uguale a sqrt(N): 42.177618350361165
Norma del vettore g: 20.000000000000004
Strategy: omn     , portfolio variance: 1.1231074246130095e-06
Norma del vettore g non è uguale a sqrt(N): 42.177618350361165
Norma del vettore g: 20.000000000000004
Strategy: omn     , portfolio variance: 1.147435347626415e-06
Norma del vettore g non è uguale a sqrt(N): 42.177618350361165
Norma del vettore g: 20.000000000000004
Strategy: mean_rev, portfolio variance: 5.620585937112238e-07
Norma del vettore g non è uguale a sqrt(N): 42.177618350361165
Norma del vettore g: 20.000000000000004
Strategy: mean_rev, portfolio variance: 3.172501422082572e-12
Norma del vettore g non è uguale a sqrt(N): 42.177618350361165
Norma del vettore g: 20.000000000000004
Strategy: mean_rev, portfolio variance: 3.2110230565828486e-12
Norma del vettore g non è uguale a sqrt(N): 42.177618350361165
Norma del vettore g: 20.000000000000004
Strategy: mean_rev, portfolio variance: 5.915235121535103e-07
Norma del vettore g non è uguale a sqrt(N): 42.177618350361165
Norma del vettore g: 20.000000000000004
Strategy: mean_rev, portfolio variance: 8.282069222402335e-07
Norma del vettore g non è uguale a sqrt(N): 42.177618350361165
Norma del vettore g: 20.000000000000004
Strategy: mean_rev, portfolio variance: 0.003536212891956334
Norma del vettore g non è uguale a sqrt(N): 42.177618350361165
Norma del vettore g: 20.000000000000004
Strategy: mean_rev, portfolio variance: 1.1231074246130095e-06
Norma del vettore g non è uguale a sqrt(N): 42.177618350361165
Norma del vettore g: 20.000000000000004
Strategy: mean_rev, portfolio variance: 1.147435347626415e-06
Norma del vettore g: 20.0
Strategy: rnd     , portfolio variance: 5.5907753213902644e-08
Norma del vettore g: 20.000000000000004
Strategy: rnd     , portfolio variance: 1.0070886178147589e-10
Norma del vettore g: 19.999999999999993
Strategy: rnd     , portfolio variance: 4.4625851017311846e-10
Norma del vettore g: 19.99999999999999
Strategy: rnd     , portfolio variance: 4.853734599176479e-07
Norma del vettore g: 20.000000000000004
Strategy: rnd     , portfolio variance: 1.8653546362553328e-07
Norma del vettore g: 19.999999999999993
Strategy: rnd     , portfolio variance: 0.00130416273070949
Norma del vettore g: 20.0
Strategy: rnd     , portfolio variance: 1.2860707764896644e-07
Norma del vettore g: 19.999999999999996
Strategy: rnd     , portfolio variance: 2.0424014360676675e-07
[=================================================                     ] 70.13%
Norma del vettore g: 20.0
Strategy: min_var , portfolio variance: 1.3841980007195029e-05
Norma del vettore g: 20.0
Strategy: min_var , portfolio variance: 4.3441393153739933e-13
Norma del vettore g: 20.0
Strategy: min_var , portfolio variance: 4.5447094743609086e-13
Norma del vettore g: 20.0
Strategy: min_var , portfolio variance: 9.271123572238007e-07
Norma del vettore g: 20.0
Strategy: min_var , portfolio variance: 2.493144788571392e-05
Norma del vettore g: 20.0
Strategy: min_var , portfolio variance: 0.08544960608871181
Norma del vettore g: 20.0
Strategy: min_var , portfolio variance: 5.8170713066473795e-05
Norma del vettore g: 20.0
Strategy: min_var , portfolio variance: 5.8452845459935875e-05
Norma del vettore g non è uguale a sqrt(N): 38.92769937056006
Norma del vettore g: 20.000000000000004
Strategy: omn     , portfolio variance: 5.72111812576593e-07
Norma del vettore g non è uguale a sqrt(N): 38.92769937056006
Norma del vettore g: 20.000000000000004
Strategy: omn     , portfolio variance: 2.0552962616124798e-11
Norma del vettore g non è uguale a sqrt(N): 38.92769937056006
Norma del vettore g: 20.000000000000004
Strategy: omn     , portfolio variance: 2.1249254186963343e-11
Norma del vettore g non è uguale a sqrt(N): 38.92769937056006
Norma del vettore g: 20.000000000000004
Strategy: omn     , portfolio variance: 1.158856587009374e-06
Norma del vettore g non è uguale a sqrt(N): 38.92769937056006
Norma del vettore g: 20.000000000000004
Strategy: omn     , portfolio variance: 9.601936508342785e-07
Norma del vettore g non è uguale a sqrt(N): 38.92769937056006
Norma del vettore g: 20.000000000000004
Strategy: omn     , portfolio variance: 0.0027218964603873395
Norma del vettore g non è uguale a sqrt(N): 38.92769937056006
Norma del vettore g: 20.000000000000004
Strategy: omn     , portfolio variance: 1.5778755615765367e-06
Norma del vettore g non è uguale a sqrt(N): 38.92769937056006
Norma del vettore g: 20.000000000000004
Strategy: omn     , portfolio variance: 1.439953226207174e-06
Norma del vettore g non è uguale a sqrt(N): 38.92769937056006
Norma del vettore g: 20.000000000000004
Strategy: mean_rev, portfolio variance: 5.72111812576593e-07
Norma del vettore g non è uguale a sqrt(N): 38.92769937056006
Norma del vettore g: 20.000000000000004
Strategy: mean_rev, portfolio variance: 2.0552962616124798e-11
Norma del vettore g non è uguale a sqrt(N): 38.92769937056006
Norma del vettore g: 20.000000000000004
Strategy: mean_rev, portfolio variance: 2.1249254186963343e-11
Norma del vettore g non è uguale a sqrt(N): 38.92769937056006
Norma del vettore g: 20.000000000000004
Strategy: mean_rev, portfolio variance: 1.158856587009374e-06
Norma del vettore g non è uguale a sqrt(N): 38.92769937056006
Norma del vettore g: 20.000000000000004
Strategy: mean_rev, portfolio variance: 9.601936508342785e-07
Norma del vettore g non è uguale a sqrt(N): 38.92769937056006
Norma del vettore g: 20.000000000000004
Strategy: mean_rev, portfolio variance: 0.0027218964603873395
Norma del vettore g non è uguale a sqrt(N): 38.92769937056006
Norma del vettore g: 20.000000000000004
Strategy: mean_rev, portfolio variance: 1.5778755615765367e-06
Norma del vettore g non è uguale a sqrt(N): 38.92769937056006
Norma del vettore g: 20.000000000000004
Strategy: mean_rev, portfolio variance: 1.439953226207174e-06
Norma del vettore g: 20.000000000000007
Strategy: rnd     , portfolio variance: 6.359134247044079e-08
Norma del vettore g: 20.0
Strategy: rnd     , portfolio variance: 1.6169509869989213e-09
Norma del vettore g: 20.000000000000004
Strategy: rnd     , portfolio variance: 1.1221794362059888e-10
Norma del vettore g: 20.000000000000007
Strategy: rnd     , portfolio variance: 9.470565419617744e-07
Norma del vettore g: 20.00000000000001
Strategy: rnd     , portfolio variance: 2.795962601042936e-07
Norma del vettore g: 20.000000000000004
Strategy: rnd     , portfolio variance: 0.0011830161350306462
Norma del vettore g: 20.0
Strategy: rnd     , portfolio variance: 2.4431464146702395e-07
Norma del vettore g: 20.0
Strategy: rnd     , portfolio variance: 2.3403009819509516e-07
[==================================================                    ] 71.43%
Norma del vettore g: 20.0
Strategy: min_var , portfolio variance: 1.5648353397530877e-05
Norma del vettore g: 20.0
Strategy: min_var , portfolio variance: 4.588107956947674e-13
Norma del vettore g: 20.0
Strategy: min_var , portfolio variance: 4.798428850548694e-13
Norma del vettore g: 20.0
Strategy: min_var , portfolio variance: 1.0115980171077594e-06
Norma del vettore g: 20.0
Strategy: min_var , portfolio variance: 2.7735043412181027e-05
Norma del vettore g: 20.0
Strategy: min_var , portfolio variance: 0.0884202183467776
Norma del vettore g: 20.0
Strategy: min_var , portfolio variance: 6.596040737480668e-05
Norma del vettore g: 20.0
Strategy: min_var , portfolio variance: 6.461308249317848e-05
Norma del vettore g non è uguale a sqrt(N): 38.71776784206766
Norma del vettore g: 20.000000000000004
Strategy: omn     , portfolio variance: 5.55522297672813e-07
Norma del vettore g non è uguale a sqrt(N): 38.71776784206766
Norma del vettore g: 20.000000000000004
Strategy: omn     , portfolio variance: 2.4443267311318055e-12
Norma del vettore g non è uguale a sqrt(N): 38.71776784206766
Norma del vettore g: 20.000000000000004
Strategy: omn     , portfolio variance: 2.5600448779681054e-12
Norma del vettore g non è uguale a sqrt(N): 38.71776784206766
Norma del vettore g: 20.000000000000004
Strategy: omn     , portfolio variance: 1.2674941882609586e-06
Norma del vettore g non è uguale a sqrt(N): 38.71776784206766
Norma del vettore g: 20.000000000000004
Strategy: omn     , portfolio variance: 9.648342232846196e-07
Norma del vettore g non è uguale a sqrt(N): 38.71776784206766
Norma del vettore g: 20.000000000000004
Strategy: omn     , portfolio variance: 0.0026016056797642274
Norma del vettore g non è uguale a sqrt(N): 38.71776784206766
Norma del vettore g: 20.000000000000004
Strategy: omn     , portfolio variance: 1.3703166284896503e-06
Norma del vettore g non è uguale a sqrt(N): 38.71776784206766
Norma del vettore g: 20.000000000000004
Strategy: omn     , portfolio variance: 1.2761193476905992e-06
Norma del vettore g non è uguale a sqrt(N): 38.71776784206766
Norma del vettore g: 20.000000000000004
Strategy: mean_rev, portfolio variance: 5.55522297672813e-07
Norma del vettore g non è uguale a sqrt(N): 38.71776784206766
Norma del vettore g: 20.000000000000004
Strategy: mean_rev, portfolio variance: 2.4443267311318055e-12
Norma del vettore g non è uguale a sqrt(N): 38.71776784206766
Norma del vettore g: 20.000000000000004
Strategy: mean_rev, portfolio variance: 2.5600448779681054e-12
Norma del vettore g non è uguale a sqrt(N): 38.71776784206766
Norma del vettore g: 20.000000000000004
Strategy: mean_rev, portfolio variance: 1.2674941882609586e-06
Norma del vettore g non è uguale a sqrt(N): 38.71776784206766
Norma del vettore g: 20.000000000000004
Strategy: mean_rev, portfolio variance: 9.648342232846196e-07
Norma del vettore g non è uguale a sqrt(N): 38.71776784206766
Norma del vettore g: 20.000000000000004
Strategy: mean_rev, portfolio variance: 0.0026016056797642274
Norma del vettore g non è uguale a sqrt(N): 38.71776784206766
Norma del vettore g: 20.000000000000004
Strategy: mean_rev, portfolio variance: 1.3703166284896503e-06
Norma del vettore g non è uguale a sqrt(N): 38.71776784206766
Norma del vettore g: 20.000000000000004
Strategy: mean_rev, portfolio variance: 1.2761193476905992e-06
Norma del vettore g: 19.999999999999996
Strategy: rnd     , portfolio variance: 5.690257236238597e-08
Norma del vettore g: 20.0
Strategy: rnd     , portfolio variance: 4.203884282592044e-09
Norma del vettore g: 19.999999999999996
Strategy: rnd     , portfolio variance: 1.27496210630545e-10
Norma del vettore g: 20.0
Strategy: rnd     , portfolio variance: 1.0253765699607918e-06
Norma del vettore g: 20.0
Strategy: rnd     , portfolio variance: 3.01534813068145e-07
Norma del vettore g: 20.000000000000007
Strategy: rnd     , portfolio variance: 0.001082948678215576
Norma del vettore g: 19.999999999999993
Strategy: rnd     , portfolio variance: 2.1816535799024265e-07
Norma del vettore g: 20.000000000000007
Strategy: rnd     , portfolio variance: 2.1522305918335306e-07
[==================================================                    ] 72.73%
Norma del vettore g: 20.0
Strategy: min_var , portfolio variance: 1.6370655053090866e-05
Norma del vettore g: 20.0
Strategy: min_var , portfolio variance: 4.82453895988685e-13
Norma del vettore g: 20.0
Strategy: min_var , portfolio variance: 5.022633928981517e-13
Norma del vettore g: 20.0
Strategy: min_var , portfolio variance: 1.0419092612866012e-06
Norma del vettore g: 20.0
Strategy: min_var , portfolio variance: 2.877290294770047e-05
Norma del vettore g: 20.0
Strategy: min_var , portfolio variance: 0.09040384935650703
Norma del vettore g: 20.0
Strategy: min_var , portfolio variance: 6.683383918184873e-05
Norma del vettore g: 20.0
Strategy: min_var , portfolio variance: 6.517526541477509e-05
Norma del vettore g non è uguale a sqrt(N): 40.56848494690373
Norma del vettore g: 20.000000000000007
Strategy: omn     , portfolio variance: 5.353690519419956e-07
Norma del vettore g non è uguale a sqrt(N): 40.56848494690373
Norma del vettore g: 20.000000000000007
Strategy: omn     , portfolio variance: 3.0776571962495603e-12
Norma del vettore g non è uguale a sqrt(N): 40.56848494690373
Norma del vettore g: 20.000000000000007
Strategy: omn     , portfolio variance: 3.215299919951076e-12
Norma del vettore g non è uguale a sqrt(N): 40.56848494690373
Norma del vettore g: 20.000000000000007
Strategy: omn     , portfolio variance: 1.2838114971493637e-06
Norma del vettore g non è uguale a sqrt(N): 40.56848494690373
Norma del vettore g: 20.000000000000007
Strategy: omn     , portfolio variance: 9.075184723199577e-07
Norma del vettore g non è uguale a sqrt(N): 40.56848494690373
Norma del vettore g: 20.000000000000007
Strategy: omn     , portfolio variance: 0.002481960024955731
Norma del vettore g non è uguale a sqrt(N): 40.56848494690373
Norma del vettore g: 20.000000000000007
Strategy: omn     , portfolio variance: 1.169540260384491e-06
Norma del vettore g non è uguale a sqrt(N): 40.56848494690373
Norma del vettore g: 20.000000000000007
Strategy: omn     , portfolio variance: 1.1944365456105785e-06
Norma del vettore g non è uguale a sqrt(N): 40.56848494690373
Norma del vettore g: 20.000000000000007
Strategy: mean_rev, portfolio variance: 5.353690519419956e-07
Norma del vettore g non è uguale a sqrt(N): 40.56848494690373
Norma del vettore g: 20.000000000000007
Strategy: mean_rev, portfolio variance: 3.0776571962495603e-12
Norma del vettore g non è uguale a sqrt(N): 40.56848494690373
Norma del vettore g: 20.000000000000007
Strategy: mean_rev, portfolio variance: 3.215299919951076e-12
Norma del vettore g non è uguale a sqrt(N): 40.56848494690373
Norma del vettore g: 20.000000000000007
Strategy: mean_rev, portfolio variance: 1.2838114971493637e-06
Norma del vettore g non è uguale a sqrt(N): 40.56848494690373
Norma del vettore g: 20.000000000000007
Strategy: mean_rev, portfolio variance: 9.075184723199577e-07
Norma del vettore g non è uguale a sqrt(N): 40.56848494690373
Norma del vettore g: 20.000000000000007
Strategy: mean_rev, portfolio variance: 0.002481960024955731
Norma del vettore g non è uguale a sqrt(N): 40.56848494690373
Norma del vettore g: 20.000000000000007
Strategy: mean_rev, portfolio variance: 1.169540260384491e-06
Norma del vettore g non è uguale a sqrt(N): 40.56848494690373
Norma del vettore g: 20.000000000000007
Strategy: mean_rev, portfolio variance: 1.1944365456105785e-06
Norma del vettore g: 20.0
Strategy: rnd     , portfolio variance: 8.711515037429238e-08
Norma del vettore g: 20.000000000000004
Strategy: rnd     , portfolio variance: 5.775801822301443e-11
Norma del vettore g: 20.0
Strategy: rnd     , portfolio variance: 1.2097582428810005e-10
Norma del vettore g: 20.000000000000004
Strategy: rnd     , portfolio variance: 1.0751533857319827e-06
Norma del vettore g: 20.0
Strategy: rnd     , portfolio variance: 3.176210652156029e-07
Norma del vettore g: 20.000000000000004
Strategy: rnd     , portfolio variance: 0.0011217676904004777
Norma del vettore g: 20.0
Strategy: rnd     , portfolio variance: 1.5568412592842806e-07
Norma del vettore g: 20.0
Strategy: rnd     , portfolio variance: 3.1777845456998423e-07
[===================================================                   ] 74.03%
Norma del vettore g: 20.0
Strategy: min_var , portfolio variance: 1.7764087189287245e-05
Norma del vettore g: 20.0
Strategy: min_var , portfolio variance: 5.226923635736399e-13
Norma del vettore g: 20.0
Strategy: min_var , portfolio variance: 5.434542420871696e-13
Norma del vettore g: 20.0
Strategy: min_var , portfolio variance: 1.0909837645298079e-06
Norma del vettore g: 20.0
Strategy: min_var , portfolio variance: 3.1436754256770074e-05
Norma del vettore g: 20.0
Strategy: min_var , portfolio variance: 0.09312124644051492
Norma del vettore g: 20.0
Strategy: min_var , portfolio variance: 7.193968498948068e-05
Norma del vettore g: 20.0
Strategy: min_var , portfolio variance: 7.479344537603111e-05
Norma del vettore g non è uguale a sqrt(N): 51.58581747540187
Norma del vettore g: 20.0
Strategy: omn     , portfolio variance: 7.8978409571433e-07
Norma del vettore g non è uguale a sqrt(N): 51.58581747540187
Norma del vettore g: 20.0
Strategy: omn     , portfolio variance: 1.4059776897110022e-12
Norma del vettore g non è uguale a sqrt(N): 51.58581747540187
Norma del vettore g: 20.0
Strategy: omn     , portfolio variance: 1.4567218374364851e-12
Norma del vettore g non è uguale a sqrt(N): 51.58581747540187
Norma del vettore g: 20.0
Strategy: omn     , portfolio variance: 1.2829182781496816e-06
Norma del vettore g non è uguale a sqrt(N): 51.58581747540187
Norma del vettore g: 20.0
Strategy: omn     , portfolio variance: 1.3192679872478722e-06
Norma del vettore g non è uguale a sqrt(N): 51.58581747540187
Norma del vettore g: 20.0
Strategy: omn     , portfolio variance: 0.003395076689336772
Norma del vettore g non è uguale a sqrt(N): 51.58581747540187
Norma del vettore g: 20.0
Strategy: omn     , portfolio variance: 1.951499412635603e-06
Norma del vettore g non è uguale a sqrt(N): 51.58581747540187
Norma del vettore g: 20.0
Strategy: omn     , portfolio variance: 2.0505627978869277e-06
Norma del vettore g non è uguale a sqrt(N): 51.58581747540187
Norma del vettore g: 20.0
Strategy: mean_rev, portfolio variance: 7.8978409571433e-07
Norma del vettore g non è uguale a sqrt(N): 51.58581747540187
Norma del vettore g: 20.0
Strategy: mean_rev, portfolio variance: 1.4059776897110022e-12
Norma del vettore g non è uguale a sqrt(N): 51.58581747540187
Norma del vettore g: 20.0
Strategy: mean_rev, portfolio variance: 1.4567218374364851e-12
Norma del vettore g non è uguale a sqrt(N): 51.58581747540187
Norma del vettore g: 20.0
Strategy: mean_rev, portfolio variance: 1.2829182781496816e-06
Norma del vettore g non è uguale a sqrt(N): 51.58581747540187
Norma del vettore g: 20.0
Strategy: mean_rev, portfolio variance: 1.3192679872478722e-06
Norma del vettore g non è uguale a sqrt(N): 51.58581747540187
Norma del vettore g: 20.0
Strategy: mean_rev, portfolio variance: 0.003395076689336772
Norma del vettore g non è uguale a sqrt(N): 51.58581747540187
Norma del vettore g: 20.0
Strategy: mean_rev, portfolio variance: 1.951499412635603e-06
Norma del vettore g non è uguale a sqrt(N): 51.58581747540187
Norma del vettore g: 20.0
Strategy: mean_rev, portfolio variance: 2.0505627978869277e-06
Norma del vettore g: 19.999999999999993
Strategy: rnd     , portfolio variance: 6.189963036265092e-08
Norma del vettore g: 19.999999999999996
Strategy: rnd     , portfolio variance: 9.2012023877792e-11
Norma del vettore g: 20.000000000000007
Strategy: rnd     , portfolio variance: 1.5130374217549419e-10
Norma del vettore g: 20.0
Strategy: rnd     , portfolio variance: 1.11192436852368e-06
Norma del vettore g: 19.999999999999996
Strategy: rnd     , portfolio variance: 3.24858319692286e-07
Norma del vettore g: 19.999999999999993
Strategy: rnd     , portfolio variance: 0.0011955251724862176
Norma del vettore g: 19.999999999999996
Strategy: rnd     , portfolio variance: 2.247398054142876e-07
Norma del vettore g: 19.999999999999996
Strategy: rnd     , portfolio variance: 2.6465577403568186e-07
[====================================================                  ] 75.32%
Norma del vettore g: 20.0
Strategy: min_var , portfolio variance: 1.7912953466074564e-05
Norma del vettore g: 20.0
Strategy: min_var , portfolio variance: 5.398135221471557e-13
Norma del vettore g: 20.0
Strategy: min_var , portfolio variance: 5.607444106446359e-13
Norma del vettore g: 20.0
Strategy: min_var , portfolio variance: 1.110835789713606e-06
Norma del vettore g: 20.0
Strategy: min_var , portfolio variance: 3.153443952690535e-05
Norma del vettore g: 20.0
Strategy: min_var , portfolio variance: 0.09332217897498596
Norma del vettore g: 20.0
Strategy: min_var , portfolio variance: 7.230679730542528e-05
Norma del vettore g: 20.0
Strategy: min_var , portfolio variance: 7.568193772597865e-05
Norma del vettore g non è uguale a sqrt(N): 50.85660340035776
Norma del vettore g: 20.0
Strategy: omn     , portfolio variance: 6.851429135130503e-07
Norma del vettore g non è uguale a sqrt(N): 50.85660340035776
Norma del vettore g: 20.0
Strategy: omn     , portfolio variance: 7.293571117055435e-12
Norma del vettore g non è uguale a sqrt(N): 50.85660340035776
Norma del vettore g: 20.0
Strategy: omn     , portfolio variance: 7.302327142413669e-12
Norma del vettore g non è uguale a sqrt(N): 50.85660340035776
Norma del vettore g: 20.0
Strategy: omn     , portfolio variance: 1.4322614963952532e-06
Norma del vettore g non è uguale a sqrt(N): 50.85660340035776
Norma del vettore g: 20.0
Strategy: omn     , portfolio variance: 1.176559011749038e-06
Norma del vettore g non è uguale a sqrt(N): 50.85660340035776
Norma del vettore g: 20.0
Strategy: omn     , portfolio variance: 0.0029184404510435662
Norma del vettore g non è uguale a sqrt(N): 50.85660340035776
Norma del vettore g: 20.0
Strategy: omn     , portfolio variance: 1.881298072155276e-06
Norma del vettore g non è uguale a sqrt(N): 50.85660340035776
Norma del vettore g: 20.0
Strategy: omn     , portfolio variance: 1.9746015778176848e-06
Norma del vettore g non è uguale a sqrt(N): 50.85660340035776
Norma del vettore g: 20.0
Strategy: mean_rev, portfolio variance: 6.851429135130503e-07
Norma del vettore g non è uguale a sqrt(N): 50.85660340035776
Norma del vettore g: 20.0
Strategy: mean_rev, portfolio variance: 7.293571117055435e-12
Norma del vettore g non è uguale a sqrt(N): 50.85660340035776
Norma del vettore g: 20.0
Strategy: mean_rev, portfolio variance: 7.302327142413669e-12
Norma del vettore g non è uguale a sqrt(N): 50.85660340035776
Norma del vettore g: 20.0
Strategy: mean_rev, portfolio variance: 1.4322614963952532e-06
Norma del vettore g non è uguale a sqrt(N): 50.85660340035776
Norma del vettore g: 20.0
Strategy: mean_rev, portfolio variance: 1.176559011749038e-06
Norma del vettore g non è uguale a sqrt(N): 50.85660340035776
Norma del vettore g: 20.0
Strategy: mean_rev, portfolio variance: 0.0029184404510435662
Norma del vettore g non è uguale a sqrt(N): 50.85660340035776
Norma del vettore g: 20.0
Strategy: mean_rev, portfolio variance: 1.881298072155276e-06
Norma del vettore g non è uguale a sqrt(N): 50.85660340035776
Norma del vettore g: 20.0
Strategy: mean_rev, portfolio variance: 1.9746015778176848e-06
Norma del vettore g: 19.999999999999993
Strategy: rnd     , portfolio variance: 1.0562222487455836e-07
Norma del vettore g: 19.999999999999993
Strategy: rnd     , portfolio variance: 2.538393744220325e-09
Norma del vettore g: 19.999999999999993
Strategy: rnd     , portfolio variance: 1.2450772038561766e-09
Norma del vettore g: 20.000000000000004
Strategy: rnd     , portfolio variance: 1.1332845570531255e-06
Norma del vettore g: 19.999999999999993
Strategy: rnd     , portfolio variance: 3.4759611235003615e-07
Norma del vettore g: 20.000000000000007
Strategy: rnd     , portfolio variance: 0.001067700288230328
Norma del vettore g: 19.999999999999993
Strategy: rnd     , portfolio variance: 3.143890097462378e-07
Norma del vettore g: 20.000000000000004
Strategy: rnd     , portfolio variance: 2.1264503873885256e-07
[=====================================================                 ] 76.62%
Norma del vettore g: 20.0
Strategy: min_var , portfolio variance: 1.8484055941568257e-05
Norma del vettore g: 20.0
Strategy: min_var , portfolio variance: 5.655116515386402e-13
Norma del vettore g: 20.0
Strategy: min_var , portfolio variance: 5.861728366743865e-13
Norma del vettore g: 20.0
Strategy: min_var , portfolio variance: 1.1149325105290099e-06
Norma del vettore g: 20.0
Strategy: min_var , portfolio variance: 3.1513250823599623e-05
Norma del vettore g: 20.0
Strategy: min_var , portfolio variance: 0.09191133469070317
Norma del vettore g: 20.0
Strategy: min_var , portfolio variance: 7.42784660674538e-05
Norma del vettore g: 20.0
Strategy: min_var , portfolio variance: 7.417384553635756e-05
Norma del vettore g non è uguale a sqrt(N): 44.65816117992208
Norma del vettore g: 20.000000000000007
Strategy: omn     , portfolio variance: 6.007014990444888e-07
Norma del vettore g non è uguale a sqrt(N): 44.65816117992208
Norma del vettore g: 20.000000000000007
Strategy: omn     , portfolio variance: 6.026746557669079e-11
Norma del vettore g non è uguale a sqrt(N): 44.65816117992208
Norma del vettore g: 20.000000000000007
Strategy: omn     , portfolio variance: 6.111163423930881e-11
Norma del vettore g non è uguale a sqrt(N): 44.65816117992208
Norma del vettore g: 20.000000000000007
Strategy: omn     , portfolio variance: 1.5398871740755987e-06
Norma del vettore g non è uguale a sqrt(N): 44.65816117992208
Norma del vettore g: 20.000000000000007
Strategy: omn     , portfolio variance: 1.0302696409830352e-06
Norma del vettore g non è uguale a sqrt(N): 44.65816117992208
Norma del vettore g: 20.000000000000007
Strategy: omn     , portfolio variance: 0.0022139460650200176
Norma del vettore g non è uguale a sqrt(N): 44.65816117992208
Norma del vettore g: 20.000000000000007
Strategy: omn     , portfolio variance: 1.3433405056255954e-06
Norma del vettore g non è uguale a sqrt(N): 44.65816117992208
Norma del vettore g: 20.000000000000007
Strategy: omn     , portfolio variance: 1.4605753296331565e-06
Norma del vettore g non è uguale a sqrt(N): 44.65816117992208
Norma del vettore g: 20.000000000000007
Strategy: mean_rev, portfolio variance: 6.007014990444888e-07
Norma del vettore g non è uguale a sqrt(N): 44.65816117992208
Norma del vettore g: 20.000000000000007
Strategy: mean_rev, portfolio variance: 6.026746557669079e-11
Norma del vettore g non è uguale a sqrt(N): 44.65816117992208
Norma del vettore g: 20.000000000000007
Strategy: mean_rev, portfolio variance: 6.111163423930881e-11
Norma del vettore g non è uguale a sqrt(N): 44.65816117992208
Norma del vettore g: 20.000000000000007
Strategy: mean_rev, portfolio variance: 1.5398871740755987e-06
Norma del vettore g non è uguale a sqrt(N): 44.65816117992208
Norma del vettore g: 20.000000000000007
Strategy: mean_rev, portfolio variance: 1.0302696409830352e-06
Norma del vettore g non è uguale a sqrt(N): 44.65816117992208
Norma del vettore g: 20.000000000000007
Strategy: mean_rev, portfolio variance: 0.0022139460650200176
Norma del vettore g non è uguale a sqrt(N): 44.65816117992208
Norma del vettore g: 20.000000000000007
Strategy: mean_rev, portfolio variance: 1.3433405056255954e-06
Norma del vettore g non è uguale a sqrt(N): 44.65816117992208
Norma del vettore g: 20.000000000000007
Strategy: mean_rev, portfolio variance: 1.4605753296331565e-06
Norma del vettore g: 20.0
Strategy: rnd     , portfolio variance: 8.659860932225923e-08
Norma del vettore g: 19.999999999999993
Strategy: rnd     , portfolio variance: 1.4063468967597342e-08
Norma del vettore g: 20.0
Strategy: rnd     , portfolio variance: 2.3061598005307264e-10
Norma del vettore g: 20.000000000000004
Strategy: rnd     , portfolio variance: 1.1559614484742994e-06
Norma del vettore g: 19.999999999999996
Strategy: rnd     , portfolio variance: 3.387880043130219e-07
Norma del vettore g: 19.999999999999996
Strategy: rnd     , portfolio variance: 0.0011103147686054478
Norma del vettore g: 20.000000000000007
Strategy: rnd     , portfolio variance: 3.720193220580404e-07
Norma del vettore g: 20.000000000000007
Strategy: rnd     , portfolio variance: 2.403962403131161e-07
[======================================================                ] 77.92%
Norma del vettore g: 20.0
Strategy: min_var , portfolio variance: 1.718981538379986e-05
Norma del vettore g: 20.0
Strategy: min_var , portfolio variance: 5.679545263696186e-13
Norma del vettore g: 20.0
Strategy: min_var , portfolio variance: 5.952770506921034e-13
Norma del vettore g: 20.0
Strategy: min_var , portfolio variance: 1.103524067270831e-06
Norma del vettore g: 20.0
Strategy: min_var , portfolio variance: 2.9876144416175778e-05
Norma del vettore g: 20.0
Strategy: min_var , portfolio variance: 0.08943753395277379
Norma del vettore g: 20.0
Strategy: min_var , portfolio variance: 6.979796182376313e-05
Norma del vettore g: 20.0
Strategy: min_var , portfolio variance: 7.760651770944373e-05
Norma del vettore g non è uguale a sqrt(N): 52.96605655205466
Norma del vettore g: 19.999999999999996
Strategy: omn     , portfolio variance: 8.933409796369324e-07
Norma del vettore g non è uguale a sqrt(N): 52.96605655205466
Norma del vettore g: 19.999999999999996
Strategy: omn     , portfolio variance: 1.6750393108487216e-12
Norma del vettore g non è uguale a sqrt(N): 52.96605655205466
Norma del vettore g: 19.999999999999996
Strategy: omn     , portfolio variance: 1.7364057837943935e-12
Norma del vettore g non è uguale a sqrt(N): 52.96605655205466
Norma del vettore g: 19.999999999999996
Strategy: omn     , portfolio variance: 1.383703815932047e-06
Norma del vettore g non è uguale a sqrt(N): 52.96605655205466
Norma del vettore g: 19.999999999999996
Strategy: omn     , portfolio variance: 1.4736859079050661e-06
Norma del vettore g non è uguale a sqrt(N): 52.96605655205466
Norma del vettore g: 19.999999999999996
Strategy: omn     , portfolio variance: 0.0031456596221214285
Norma del vettore g non è uguale a sqrt(N): 52.96605655205466
Norma del vettore g: 19.999999999999996
Strategy: omn     , portfolio variance: 2.6078134765448506e-06
Norma del vettore g non è uguale a sqrt(N): 52.96605655205466
Norma del vettore g: 19.999999999999996
Strategy: omn     , portfolio variance: 2.730698522999366e-06
Norma del vettore g non è uguale a sqrt(N): 52.96605655205466
Norma del vettore g: 19.999999999999996
Strategy: mean_rev, portfolio variance: 8.933409796369324e-07
Norma del vettore g non è uguale a sqrt(N): 52.96605655205466
Norma del vettore g: 19.999999999999996
Strategy: mean_rev, portfolio variance: 1.6750393108487216e-12
Norma del vettore g non è uguale a sqrt(N): 52.96605655205466
Norma del vettore g: 19.999999999999996
Strategy: mean_rev, portfolio variance: 1.7364057837943935e-12
Norma del vettore g non è uguale a sqrt(N): 52.96605655205466
Norma del vettore g: 19.999999999999996
Strategy: mean_rev, portfolio variance: 1.383703815932047e-06
Norma del vettore g non è uguale a sqrt(N): 52.96605655205466
Norma del vettore g: 19.999999999999996
Strategy: mean_rev, portfolio variance: 1.4736859079050661e-06
Norma del vettore g non è uguale a sqrt(N): 52.96605655205466
Norma del vettore g: 19.999999999999996
Strategy: mean_rev, portfolio variance: 0.0031456596221214285
Norma del vettore g non è uguale a sqrt(N): 52.96605655205466
Norma del vettore g: 19.999999999999996
Strategy: mean_rev, portfolio variance: 2.6078134765448506e-06
Norma del vettore g non è uguale a sqrt(N): 52.96605655205466
Norma del vettore g: 19.999999999999996
Strategy: mean_rev, portfolio variance: 2.730698522999366e-06
Norma del vettore g: 20.0
Strategy: rnd     , portfolio variance: 9.8680427811126e-08
Norma del vettore g: 20.000000000000004
Strategy: rnd     , portfolio variance: 9.993025467105273e-10
Norma del vettore g: 20.0
Strategy: rnd     , portfolio variance: 4.633173033267983e-10
Norma del vettore g: 19.999999999999996
Strategy: rnd     , portfolio variance: 1.1084895593263923e-06
Norma del vettore g: 19.999999999999996
Strategy: rnd     , portfolio variance: 3.109785682192313e-07
Norma del vettore g: 20.000000000000007
Strategy: rnd     , portfolio variance: 0.0011864699393945226
Norma del vettore g: 20.0
Strategy: rnd     , portfolio variance: 1.9460297070244774e-07
Norma del vettore g: 20.000000000000004
Strategy: rnd     , portfolio variance: 2.4141835923250867e-07
[=======================================================               ] 79.22%
Norma del vettore g: 20.0
Strategy: min_var , portfolio variance: 1.6467527233547467e-05
Norma del vettore g: 20.0
Strategy: min_var , portfolio variance: 5.634216368691793e-13
Norma del vettore g: 20.0
Strategy: min_var , portfolio variance: 5.94233746358114e-13
Norma del vettore g: 20.0
Strategy: min_var , portfolio variance: 1.102723839763129e-06
Norma del vettore g: 20.0
Strategy: min_var , portfolio variance: 2.9617194806561566e-05
Norma del vettore g: 20.0
Strategy: min_var , portfolio variance: 0.08934730486538686
Norma del vettore g: 20.0
Strategy: min_var , portfolio variance: 6.95967948201296e-05
Norma del vettore g: 20.0
Strategy: min_var , portfolio variance: 7.331467386297312e-05
Norma del vettore g non è uguale a sqrt(N): 42.99179813412146
Norma del vettore g: 19.999999999999996
Strategy: omn     , portfolio variance: 6.374548882869514e-07
Norma del vettore g non è uguale a sqrt(N): 42.99179813412146
Norma del vettore g: 19.999999999999996
Strategy: omn     , portfolio variance: 6.53316043056291e-12
Norma del vettore g non è uguale a sqrt(N): 42.99179813412146
Norma del vettore g: 19.999999999999996
Strategy: omn     , portfolio variance: 6.9028374933433035e-12
Norma del vettore g non è uguale a sqrt(N): 42.99179813412146
Norma del vettore g: 19.999999999999996
Strategy: omn     , portfolio variance: 1.3344062521879123e-06
Norma del vettore g non è uguale a sqrt(N): 42.99179813412146
Norma del vettore g: 19.999999999999996
Strategy: omn     , portfolio variance: 1.022687227080003e-06
Norma del vettore g non è uguale a sqrt(N): 42.99179813412146
Norma del vettore g: 19.999999999999996
Strategy: omn     , portfolio variance: 0.002319090090998381
Norma del vettore g non è uguale a sqrt(N): 42.99179813412146
Norma del vettore g: 19.999999999999996
Strategy: omn     , portfolio variance: 1.4376160053028968e-06
Norma del vettore g non è uguale a sqrt(N): 42.99179813412146
Norma del vettore g: 19.999999999999996
Strategy: omn     , portfolio variance: 1.436578390016604e-06
Norma del vettore g non è uguale a sqrt(N): 42.99179813412146
Norma del vettore g: 19.999999999999996
Strategy: mean_rev, portfolio variance: 6.374548882869514e-07
Norma del vettore g non è uguale a sqrt(N): 42.99179813412146
Norma del vettore g: 19.999999999999996
Strategy: mean_rev, portfolio variance: 6.53316043056291e-12
Norma del vettore g non è uguale a sqrt(N): 42.99179813412146
Norma del vettore g: 19.999999999999996
Strategy: mean_rev, portfolio variance: 6.9028374933433035e-12
Norma del vettore g non è uguale a sqrt(N): 42.99179813412146
Norma del vettore g: 19.999999999999996
Strategy: mean_rev, portfolio variance: 1.3344062521879123e-06
Norma del vettore g non è uguale a sqrt(N): 42.99179813412146
Norma del vettore g: 19.999999999999996
Strategy: mean_rev, portfolio variance: 1.022687227080003e-06
Norma del vettore g non è uguale a sqrt(N): 42.99179813412146
Norma del vettore g: 19.999999999999996
Strategy: mean_rev, portfolio variance: 0.002319090090998381
Norma del vettore g non è uguale a sqrt(N): 42.99179813412146
Norma del vettore g: 19.999999999999996
Strategy: mean_rev, portfolio variance: 1.4376160053028968e-06
Norma del vettore g non è uguale a sqrt(N): 42.99179813412146
Norma del vettore g: 19.999999999999996
Strategy: mean_rev, portfolio variance: 1.436578390016604e-06
Norma del vettore g: 19.999999999999993
Strategy: rnd     , portfolio variance: 1.1291877866777205e-07
Norma del vettore g: 20.000000000000007
Strategy: rnd     , portfolio variance: 8.529751210740174e-10
Norma del vettore g: 19.999999999999996
Strategy: rnd     , portfolio variance: 3.002587238302629e-10
Norma del vettore g: 20.000000000000007
Strategy: rnd     , portfolio variance: 1.1124476893563137e-06
Norma del vettore g: 19.999999999999993
Strategy: rnd     , portfolio variance: 3.345496179457021e-07
Norma del vettore g: 19.999999999999993
Strategy: rnd     , portfolio variance: 0.0011363686533900864
Norma del vettore g: 19.999999999999996
Strategy: rnd     , portfolio variance: 3.224638286543083e-07
Norma del vettore g: 19.999999999999986
Strategy: rnd     , portfolio variance: 2.9815318246295884e-07
[========================================================              ] 80.52%
Norma del vettore g: 20.0
Strategy: min_var , portfolio variance: 1.634929733106703e-05
Norma del vettore g: 20.0
Strategy: min_var , portfolio variance: 5.686083474700314e-13
Norma del vettore g: 20.0
Strategy: min_var , portfolio variance: 6.006357415278557e-13
Norma del vettore g: 20.0
Strategy: min_var , portfolio variance: 1.112990161878097e-06
Norma del vettore g: 20.0
Strategy: min_var , portfolio variance: 2.997510797675394e-05
Norma del vettore g: 20.0
Strategy: min_var , portfolio variance: 0.09004483025744861
Norma del vettore g: 20.0
Strategy: min_var , portfolio variance: 6.984499246457018e-05
Norma del vettore g: 20.0
Strategy: min_var , portfolio variance: 7.229718860222424e-05
Norma del vettore g non è uguale a sqrt(N): 70.13433653194267
Norma del vettore g: 20.000000000000004
Strategy: omn     , portfolio variance: 2.1663448793663284e-06
Norma del vettore g non è uguale a sqrt(N): 70.13433653194267
Norma del vettore g: 20.000000000000004
Strategy: omn     , portfolio variance: 1.2510340409872356e-12
Norma del vettore g non è uguale a sqrt(N): 70.13433653194267
Norma del vettore g: 20.000000000000004
Strategy: omn     , portfolio variance: 1.3153621932099949e-12
Norma del vettore g non è uguale a sqrt(N): 70.13433653194267
Norma del vettore g: 20.000000000000004
Strategy: omn     , portfolio variance: 1.4997177090057297e-06
Norma del vettore g non è uguale a sqrt(N): 70.13433653194267
Norma del vettore g: 20.000000000000004
Strategy: omn     , portfolio variance: 3.593097304556647e-06
Norma del vettore g non è uguale a sqrt(N): 70.13433653194267
Norma del vettore g: 20.000000000000004
Strategy: omn     , portfolio variance: 0.0077408950826112835
Norma del vettore g non è uguale a sqrt(N): 70.13433653194267
Norma del vettore g: 20.000000000000004
Strategy: omn     , portfolio variance: 7.0553223629807825e-06
Norma del vettore g non è uguale a sqrt(N): 70.13433653194267
Norma del vettore g: 20.000000000000004
Strategy: omn     , portfolio variance: 6.406739576514302e-06
Norma del vettore g non è uguale a sqrt(N): 70.13433653194267
Norma del vettore g: 20.000000000000004
Strategy: mean_rev, portfolio variance: 2.1663448793663284e-06
Norma del vettore g non è uguale a sqrt(N): 70.13433653194267
Norma del vettore g: 20.000000000000004
Strategy: mean_rev, portfolio variance: 1.2510340409872356e-12
Norma del vettore g non è uguale a sqrt(N): 70.13433653194267
Norma del vettore g: 20.000000000000004
Strategy: mean_rev, portfolio variance: 1.3153621932099949e-12
Norma del vettore g non è uguale a sqrt(N): 70.13433653194267
Norma del vettore g: 20.000000000000004
Strategy: mean_rev, portfolio variance: 1.4997177090057297e-06
Norma del vettore g non è uguale a sqrt(N): 70.13433653194267
Norma del vettore g: 20.000000000000004
Strategy: mean_rev, portfolio variance: 3.593097304556647e-06
Norma del vettore g non è uguale a sqrt(N): 70.13433653194267
Norma del vettore g: 20.000000000000004
Strategy: mean_rev, portfolio variance: 0.0077408950826112835
Norma del vettore g non è uguale a sqrt(N): 70.13433653194267
Norma del vettore g: 20.000000000000004
Strategy: mean_rev, portfolio variance: 7.0553223629807825e-06
Norma del vettore g non è uguale a sqrt(N): 70.13433653194267
Norma del vettore g: 20.000000000000004
Strategy: mean_rev, portfolio variance: 6.406739576514302e-06
Norma del vettore g: 20.000000000000007
Strategy: rnd     , portfolio variance: 9.918036528325404e-08
Norma del vettore g: 20.0
Strategy: rnd     , portfolio variance: 1.755092425622581e-08
Norma del vettore g: 19.999999999999996
Strategy: rnd     , portfolio variance: 6.354430980205655e-10
Norma del vettore g: 20.0
Strategy: rnd     , portfolio variance: 1.1057374477530602e-06
Norma del vettore g: 19.999999999999996
Strategy: rnd     , portfolio variance: 3.147585215692092e-07
Norma del vettore g: 20.0
Strategy: rnd     , portfolio variance: 0.0011960044083944529
Norma del vettore g: 20.000000000000004
Strategy: rnd     , portfolio variance: 2.395280440727111e-07
Norma del vettore g: 20.0
Strategy: rnd     , portfolio variance: 3.024097367490988e-07
[=========================================================             ] 81.82%
Norma del vettore g: 20.0
Strategy: min_var , portfolio variance: 1.7336919108767984e-05
Norma del vettore g: 20.0
Strategy: min_var , portfolio variance: 5.670937324268968e-13
Norma del vettore g: 20.0
Strategy: min_var , portfolio variance: 5.991363450383788e-13
Norma del vettore g: 20.0
Strategy: min_var , portfolio variance: 1.1047322508988426e-06
Norma del vettore g: 20.0
Strategy: min_var , portfolio variance: 3.071766116566144e-05
Norma del vettore g: 20.0
Strategy: min_var , portfolio variance: 0.09093982255880981
Norma del vettore g: 20.0
Strategy: min_var , portfolio variance: 6.75122325121152e-05
Norma del vettore g: 20.0
Strategy: min_var , portfolio variance: 6.962014985025151e-05
Norma del vettore g non è uguale a sqrt(N): 44.89284963237021
Norma del vettore g: 20.0
Strategy: omn     , portfolio variance: 6.198370154159894e-07
Norma del vettore g non è uguale a sqrt(N): 44.89284963237021
Norma del vettore g: 20.0
Strategy: omn     , portfolio variance: 2.2146260397052505e-12
Norma del vettore g non è uguale a sqrt(N): 44.89284963237021
Norma del vettore g: 20.0
Strategy: omn     , portfolio variance: 2.3399069558240015e-12
Norma del vettore g non è uguale a sqrt(N): 44.89284963237021
Norma del vettore g: 20.0
Strategy: omn     , portfolio variance: 1.2840579222986259e-06
Norma del vettore g non è uguale a sqrt(N): 44.89284963237021
Norma del vettore g: 20.0
Strategy: omn     , portfolio variance: 1.0933478951925826e-06
Norma del vettore g non è uguale a sqrt(N): 44.89284963237021
Norma del vettore g: 20.0
Strategy: omn     , portfolio variance: 0.002700097499595578
Norma del vettore g non è uguale a sqrt(N): 44.89284963237021
Norma del vettore g: 20.0
Strategy: omn     , portfolio variance: 1.510623456032507e-06
Norma del vettore g non è uguale a sqrt(N): 44.89284963237021
Norma del vettore g: 20.0
Strategy: omn     , portfolio variance: 1.4944417287579297e-06
Norma del vettore g non è uguale a sqrt(N): 44.89284963237021
Norma del vettore g: 20.0
Strategy: mean_rev, portfolio variance: 6.198370154159894e-07
Norma del vettore g non è uguale a sqrt(N): 44.89284963237021
Norma del vettore g: 20.0
Strategy: mean_rev, portfolio variance: 2.2146260397052505e-12
Norma del vettore g non è uguale a sqrt(N): 44.89284963237021
Norma del vettore g: 20.0
Strategy: mean_rev, portfolio variance: 2.3399069558240015e-12
Norma del vettore g non è uguale a sqrt(N): 44.89284963237021
Norma del vettore g: 20.0
Strategy: mean_rev, portfolio variance: 1.2840579222986259e-06
Norma del vettore g non è uguale a sqrt(N): 44.89284963237021
Norma del vettore g: 20.0
Strategy: mean_rev, portfolio variance: 1.0933478951925826e-06
Norma del vettore g non è uguale a sqrt(N): 44.89284963237021
Norma del vettore g: 20.0
Strategy: mean_rev, portfolio variance: 0.002700097499595578
Norma del vettore g non è uguale a sqrt(N): 44.89284963237021
Norma del vettore g: 20.0
Strategy: mean_rev, portfolio variance: 1.510623456032507e-06
Norma del vettore g non è uguale a sqrt(N): 44.89284963237021
Norma del vettore g: 20.0
Strategy: mean_rev, portfolio variance: 1.4944417287579297e-06
Norma del vettore g: 20.000000000000007
Strategy: rnd     , portfolio variance: 1.0052062515136772e-07
Norma del vettore g: 20.0
Strategy: rnd     , portfolio variance: 9.399889217369702e-10
Norma del vettore g: 20.000000000000007
Strategy: rnd     , portfolio variance: 2.518281467518308e-10
Norma del vettore g: 19.999999999999993
Strategy: rnd     , portfolio variance: 1.0902630693111467e-06
Norma del vettore g: 19.999999999999993
Strategy: rnd     , portfolio variance: 3.598045370378459e-07
Norma del vettore g: 20.0
Strategy: rnd     , portfolio variance: 0.0010874574565659003
Norma del vettore g: 20.0
Strategy: rnd     , portfolio variance: 3.1174481090686713e-07
Norma del vettore g: 19.999999999999996
Strategy: rnd     , portfolio variance: 2.2764267096024096e-07
[==========================================================            ] 83.12%
Norma del vettore g: 20.0
Strategy: min_var , portfolio variance: 1.6647013008997374e-05
Norma del vettore g: 20.0
Strategy: min_var , portfolio variance: 5.942751522672939e-13
Norma del vettore g: 20.0
Strategy: min_var , portfolio variance: 6.276489728818799e-13
Norma del vettore g: 20.0
Strategy: min_var , portfolio variance: 1.1094011398029927e-06
Norma del vettore g: 20.0
Strategy: min_var , portfolio variance: 2.941870048862277e-05
Norma del vettore g: 20.0
Strategy: min_var , portfolio variance: 0.08896884315665682
Norma del vettore g: 20.0
Strategy: min_var , portfolio variance: 6.769248498033289e-05
Norma del vettore g: 20.0
Strategy: min_var , portfolio variance: 7.081319616779002e-05
Norma del vettore g non è uguale a sqrt(N): 42.7380252950515
Norma del vettore g: 20.000000000000007
Strategy: omn     , portfolio variance: 5.712105100719484e-07
Norma del vettore g non è uguale a sqrt(N): 42.7380252950515
Norma del vettore g: 20.000000000000007
Strategy: omn     , portfolio variance: 9.54427209360702e-12
Norma del vettore g non è uguale a sqrt(N): 42.7380252950515
Norma del vettore g: 20.000000000000007
Strategy: omn     , portfolio variance: 1.0220400734223299e-11
Norma del vettore g non è uguale a sqrt(N): 42.7380252950515
Norma del vettore g: 20.000000000000007
Strategy: omn     , portfolio variance: 1.215672985100706e-06
Norma del vettore g non è uguale a sqrt(N): 42.7380252950515
Norma del vettore g: 20.000000000000007
Strategy: omn     , portfolio variance: 9.751205556586428e-07
Norma del vettore g non è uguale a sqrt(N): 42.7380252950515
Norma del vettore g: 20.000000000000007
Strategy: omn     , portfolio variance: 0.0025173197902944675
Norma del vettore g non è uguale a sqrt(N): 42.7380252950515
Norma del vettore g: 20.000000000000007
Strategy: omn     , portfolio variance: 1.7069719986259832e-06
Norma del vettore g non è uguale a sqrt(N): 42.7380252950515
Norma del vettore g: 20.000000000000007
Strategy: omn     , portfolio variance: 1.5529601512071535e-06
Norma del vettore g non è uguale a sqrt(N): 42.7380252950515
Norma del vettore g: 20.000000000000007
Strategy: mean_rev, portfolio variance: 5.712105100719484e-07
Norma del vettore g non è uguale a sqrt(N): 42.7380252950515
Norma del vettore g: 20.000000000000007
Strategy: mean_rev, portfolio variance: 9.54427209360702e-12
Norma del vettore g non è uguale a sqrt(N): 42.7380252950515
Norma del vettore g: 20.000000000000007
Strategy: mean_rev, portfolio variance: 1.0220400734223299e-11
Norma del vettore g non è uguale a sqrt(N): 42.7380252950515
Norma del vettore g: 20.000000000000007
Strategy: mean_rev, portfolio variance: 1.215672985100706e-06
Norma del vettore g non è uguale a sqrt(N): 42.7380252950515
Norma del vettore g: 20.000000000000007
Strategy: mean_rev, portfolio variance: 9.751205556586428e-07
Norma del vettore g non è uguale a sqrt(N): 42.7380252950515
Norma del vettore g: 20.000000000000007
Strategy: mean_rev, portfolio variance: 0.0025173197902944675
Norma del vettore g non è uguale a sqrt(N): 42.7380252950515
Norma del vettore g: 20.000000000000007
Strategy: mean_rev, portfolio variance: 1.7069719986259832e-06
Norma del vettore g non è uguale a sqrt(N): 42.7380252950515
Norma del vettore g: 20.000000000000007
Strategy: mean_rev, portfolio variance: 1.5529601512071535e-06
Norma del vettore g: 20.000000000000004
Strategy: rnd     , portfolio variance: 1.0910919550757734e-07
Norma del vettore g: 20.000000000000007
Strategy: rnd     , portfolio variance: 3.348847872682342e-10
Norma del vettore g: 20.000000000000004
Strategy: rnd     , portfolio variance: 9.057254422606545e-10
Norma del vettore g: 19.999999999999993
Strategy: rnd     , portfolio variance: 1.1140110405172907e-06
Norma del vettore g: 20.000000000000007
Strategy: rnd     , portfolio variance: 3.4152619352910206e-07
Norma del vettore g: 19.999999999999996
Strategy: rnd     , portfolio variance: 0.0010788110266890293
Norma del vettore g: 20.0
Strategy: rnd     , portfolio variance: 3.000208659019754e-07
Norma del vettore g: 20.000000000000004
Strategy: rnd     , portfolio variance: 3.5023256941019956e-07
[===========================================================           ] 84.42%
Norma del vettore g: 20.0
Strategy: min_var , portfolio variance: 1.8921511621406486e-05
Norma del vettore g: 20.0
Strategy: min_var , portfolio variance: 5.932861669372561e-13
Norma del vettore g: 20.0
Strategy: min_var , portfolio variance: 6.270145972916105e-13
Norma del vettore g: 20.0
Strategy: min_var , portfolio variance: 1.1692572385325136e-06
Norma del vettore g: 20.0
Strategy: min_var , portfolio variance: 3.233960355850724e-05
Norma del vettore g: 20.0
Strategy: min_var , portfolio variance: 0.09856994381733888
Norma del vettore g: 20.0
Strategy: min_var , portfolio variance: 7.323969854678329e-05
Norma del vettore g: 20.0
Strategy: min_var , portfolio variance: 7.615665129849809e-05
Norma del vettore g non è uguale a sqrt(N): 42.83095435001574
Norma del vettore g: 20.0
Strategy: omn     , portfolio variance: 6.172653934826332e-07
Norma del vettore g non è uguale a sqrt(N): 42.83095435001574
Norma del vettore g: 20.0
Strategy: omn     , portfolio variance: 2.532007210148195e-12
Norma del vettore g non è uguale a sqrt(N): 42.83095435001574
Norma del vettore g: 20.0
Strategy: omn     , portfolio variance: 2.673398998759425e-12
Norma del vettore g non è uguale a sqrt(N): 42.83095435001574
Norma del vettore g: 20.0
Strategy: omn     , portfolio variance: 1.2957901037896487e-06
Norma del vettore g non è uguale a sqrt(N): 42.83095435001574
Norma del vettore g: 20.0
Strategy: omn     , portfolio variance: 1.1669401995355815e-06
Norma del vettore g non è uguale a sqrt(N): 42.83095435001574
Norma del vettore g: 20.0
Strategy: omn     , portfolio variance: 0.002638857432399499
Norma del vettore g non è uguale a sqrt(N): 42.83095435001574
Norma del vettore g: 20.0
Strategy: omn     , portfolio variance: 2.113062091955639e-06
Norma del vettore g non è uguale a sqrt(N): 42.83095435001574
Norma del vettore g: 20.0
Strategy: omn     , portfolio variance: 1.97597462077116e-06
Norma del vettore g non è uguale a sqrt(N): 42.83095435001574
Norma del vettore g: 20.0
Strategy: mean_rev, portfolio variance: 6.172653934826332e-07
Norma del vettore g non è uguale a sqrt(N): 42.83095435001574
Norma del vettore g: 20.0
Strategy: mean_rev, portfolio variance: 2.532007210148195e-12
Norma del vettore g non è uguale a sqrt(N): 42.83095435001574
Norma del vettore g: 20.0
Strategy: mean_rev, portfolio variance: 2.673398998759425e-12
Norma del vettore g non è uguale a sqrt(N): 42.83095435001574
Norma del vettore g: 20.0
Strategy: mean_rev, portfolio variance: 1.2957901037896487e-06
Norma del vettore g non è uguale a sqrt(N): 42.83095435001574
Norma del vettore g: 20.0
Strategy: mean_rev, portfolio variance: 1.1669401995355815e-06
Norma del vettore g non è uguale a sqrt(N): 42.83095435001574
Norma del vettore g: 20.0
Strategy: mean_rev, portfolio variance: 0.002638857432399499
Norma del vettore g non è uguale a sqrt(N): 42.83095435001574
Norma del vettore g: 20.0
Strategy: mean_rev, portfolio variance: 2.113062091955639e-06
Norma del vettore g non è uguale a sqrt(N): 42.83095435001574
Norma del vettore g: 20.0
Strategy: mean_rev, portfolio variance: 1.97597462077116e-06
Norma del vettore g: 20.000000000000007
Strategy: rnd     , portfolio variance: 9.97691995072797e-08
Norma del vettore g: 19.999999999999996
Strategy: rnd     , portfolio variance: 5.3665649804072974e-08
Norma del vettore g: 20.0
Strategy: rnd     , portfolio variance: 2.6304670381572034e-10
Norma del vettore g: 20.0
Strategy: rnd     , portfolio variance: 1.189173998243379e-06
Norma del vettore g: 19.999999999999993
Strategy: rnd     , portfolio variance: 3.266021249973892e-07
Norma del vettore g: 20.000000000000007
Strategy: rnd     , portfolio variance: 0.0011159490444799314
Norma del vettore g: 19.999999999999996
Strategy: rnd     , portfolio variance: 3.368449398557864e-07
Norma del vettore g: 20.0
Strategy: rnd     , portfolio variance: 3.33980419338286e-07
[============================================================          ] 85.71%
Norma del vettore g: 20.0
Strategy: min_var , portfolio variance: 1.956637635914344e-05
Norma del vettore g: 20.0
Strategy: min_var , portfolio variance: 5.925607223474895e-13
Norma del vettore g: 20.0
Strategy: min_var , portfolio variance: 6.264371897297177e-13
Norma del vettore g: 20.0
Strategy: min_var , portfolio variance: 1.1897283782837834e-06
Norma del vettore g: 20.0
Strategy: min_var , portfolio variance: 3.3196803259794846e-05
Norma del vettore g: 20.0
Strategy: min_var , portfolio variance: 0.10163168983321581
Norma del vettore g: 20.0
Strategy: min_var , portfolio variance: 7.365020583321587e-05
Norma del vettore g: 20.0
Strategy: min_var , portfolio variance: 8.126250993827075e-05
Norma del vettore g non è uguale a sqrt(N): 42.61545479280419
Norma del vettore g: 20.000000000000004
Strategy: omn     , portfolio variance: 6.027421379713956e-07
Norma del vettore g non è uguale a sqrt(N): 42.61545479280419
Norma del vettore g: 20.000000000000004
Strategy: omn     , portfolio variance: 5.0284397643934585e-11
Norma del vettore g non è uguale a sqrt(N): 42.61545479280419
Norma del vettore g: 20.000000000000004
Strategy: omn     , portfolio variance: 5.0083252243912776e-11
Norma del vettore g non è uguale a sqrt(N): 42.61545479280419
Norma del vettore g: 20.000000000000004
Strategy: omn     , portfolio variance: 1.5434876752745924e-06
Norma del vettore g non è uguale a sqrt(N): 42.61545479280419
Norma del vettore g: 20.000000000000004
Strategy: omn     , portfolio variance: 1.0380747107255005e-06
Norma del vettore g non è uguale a sqrt(N): 42.61545479280419
Norma del vettore g: 20.000000000000004
Strategy: omn     , portfolio variance: 0.0021951748631098686
Norma del vettore g non è uguale a sqrt(N): 42.61545479280419
Norma del vettore g: 20.000000000000004
Strategy: omn     , portfolio variance: 1.4160490422403074e-06
Norma del vettore g non è uguale a sqrt(N): 42.61545479280419
Norma del vettore g: 20.000000000000004
Strategy: omn     , portfolio variance: 1.3774098227304914e-06
Norma del vettore g non è uguale a sqrt(N): 42.61545479280419
Norma del vettore g: 20.000000000000004
Strategy: mean_rev, portfolio variance: 6.027421379713956e-07
Norma del vettore g non è uguale a sqrt(N): 42.61545479280419
Norma del vettore g: 20.000000000000004
Strategy: mean_rev, portfolio variance: 5.0284397643934585e-11
Norma del vettore g non è uguale a sqrt(N): 42.61545479280419
Norma del vettore g: 20.000000000000004
Strategy: mean_rev, portfolio variance: 5.0083252243912776e-11
Norma del vettore g non è uguale a sqrt(N): 42.61545479280419
Norma del vettore g: 20.000000000000004
Strategy: mean_rev, portfolio variance: 1.5434876752745924e-06
Norma del vettore g non è uguale a sqrt(N): 42.61545479280419
Norma del vettore g: 20.000000000000004
Strategy: mean_rev, portfolio variance: 1.0380747107255005e-06
Norma del vettore g non è uguale a sqrt(N): 42.61545479280419
Norma del vettore g: 20.000000000000004
Strategy: mean_rev, portfolio variance: 0.0021951748631098686
Norma del vettore g non è uguale a sqrt(N): 42.61545479280419
Norma del vettore g: 20.000000000000004
Strategy: mean_rev, portfolio variance: 1.4160490422403074e-06
Norma del vettore g non è uguale a sqrt(N): 42.61545479280419
Norma del vettore g: 20.000000000000004
Strategy: mean_rev, portfolio variance: 1.3774098227304914e-06
Norma del vettore g: 19.999999999999993
Strategy: rnd     , portfolio variance: 8.880637001985337e-08
Norma del vettore g: 20.0
Strategy: rnd     , portfolio variance: 1.3330305571391647e-09
Norma del vettore g: 19.999999999999993
Strategy: rnd     , portfolio variance: 8.848622290808807e-10
Norma del vettore g: 20.000000000000004
Strategy: rnd     , portfolio variance: 1.0970642614745128e-06
Norma del vettore g: 20.000000000000004
Strategy: rnd     , portfolio variance: 3.509932490417263e-07
Norma del vettore g: 19.999999999999996
Strategy: rnd     , portfolio variance: 0.0011259774172112753
Norma del vettore g: 20.000000000000004
Strategy: rnd     , portfolio variance: 3.6212906392671547e-07
Norma del vettore g: 19.999999999999993
Strategy: rnd     , portfolio variance: 2.972079832775207e-07
[============================================================          ] 87.01%
Norma del vettore g: 20.0
Strategy: min_var , portfolio variance: 1.9208023837410632e-05
Norma del vettore g: 20.0
Strategy: min_var , portfolio variance: 5.954431850697342e-13
Norma del vettore g: 20.0
Strategy: min_var , portfolio variance: 6.300829544132947e-13
Norma del vettore g: 20.0
Strategy: min_var , portfolio variance: 1.2276459773641663e-06
Norma del vettore g: 20.0
Strategy: min_var , portfolio variance: 3.387070514274524e-05
Norma del vettore g: 20.0
Strategy: min_var , portfolio variance: 0.1047470988476988
Norma del vettore g: 20.0
Strategy: min_var , portfolio variance: 7.524486310931926e-05
Norma del vettore g: 20.0
Strategy: min_var , portfolio variance: 8.12218745819024e-05
Norma del vettore g non è uguale a sqrt(N): 48.2306129737138
Norma del vettore g: 19.999999999999996
Strategy: omn     , portfolio variance: 7.525506650922764e-07
Norma del vettore g non è uguale a sqrt(N): 48.2306129737138
Norma del vettore g: 19.999999999999996
Strategy: omn     , portfolio variance: 2.626860373549312e-12
Norma del vettore g non è uguale a sqrt(N): 48.2306129737138
Norma del vettore g: 19.999999999999996
Strategy: omn     , portfolio variance: 2.774151173554906e-12
Norma del vettore g non è uguale a sqrt(N): 48.2306129737138
Norma del vettore g: 19.999999999999996
Strategy: omn     , portfolio variance: 1.554182693816085e-06
Norma del vettore g non è uguale a sqrt(N): 48.2306129737138
Norma del vettore g: 19.999999999999996
Strategy: omn     , portfolio variance: 1.2989293624359295e-06
Norma del vettore g non è uguale a sqrt(N): 48.2306129737138
Norma del vettore g: 19.999999999999996
Strategy: omn     , portfolio variance: 0.002808350370744172
Norma del vettore g non è uguale a sqrt(N): 48.2306129737138
Norma del vettore g: 19.999999999999996
Strategy: omn     , portfolio variance: 1.7984425281678562e-06
Norma del vettore g non è uguale a sqrt(N): 48.2306129737138
Norma del vettore g: 19.999999999999996
Strategy: omn     , portfolio variance: 1.7566821876158543e-06
Norma del vettore g non è uguale a sqrt(N): 48.2306129737138
Norma del vettore g: 19.999999999999996
Strategy: mean_rev, portfolio variance: 7.525506650922764e-07
Norma del vettore g non è uguale a sqrt(N): 48.2306129737138
Norma del vettore g: 19.999999999999996
Strategy: mean_rev, portfolio variance: 2.626860373549312e-12
Norma del vettore g non è uguale a sqrt(N): 48.2306129737138
Norma del vettore g: 19.999999999999996
Strategy: mean_rev, portfolio variance: 2.774151173554906e-12
Norma del vettore g non è uguale a sqrt(N): 48.2306129737138
Norma del vettore g: 19.999999999999996
Strategy: mean_rev, portfolio variance: 1.554182693816085e-06
Norma del vettore g non è uguale a sqrt(N): 48.2306129737138
Norma del vettore g: 19.999999999999996
Strategy: mean_rev, portfolio variance: 1.2989293624359295e-06
Norma del vettore g non è uguale a sqrt(N): 48.2306129737138
Norma del vettore g: 19.999999999999996
Strategy: mean_rev, portfolio variance: 0.002808350370744172
Norma del vettore g non è uguale a sqrt(N): 48.2306129737138
Norma del vettore g: 19.999999999999996
Strategy: mean_rev, portfolio variance: 1.7984425281678562e-06
Norma del vettore g non è uguale a sqrt(N): 48.2306129737138
Norma del vettore g: 19.999999999999996
Strategy: mean_rev, portfolio variance: 1.7566821876158543e-06
Norma del vettore g: 20.0
Strategy: rnd     , portfolio variance: 8.752968719014404e-08
Norma del vettore g: 19.999999999999993
Strategy: rnd     , portfolio variance: 5.384657769566316e-09
Norma del vettore g: 20.0
Strategy: rnd     , portfolio variance: 5.840113064602854e-10
Norma del vettore g: 20.000000000000004
Strategy: rnd     , portfolio variance: 1.2440635599483226e-06
Norma del vettore g: 20.000000000000004
Strategy: rnd     , portfolio variance: 3.7927030741946706e-07
Norma del vettore g: 20.000000000000004
Strategy: rnd     , portfolio variance: 0.0010457127179559396
Norma del vettore g: 20.000000000000007
Strategy: rnd     , portfolio variance: 2.461492917122246e-07
Norma del vettore g: 20.0
Strategy: rnd     , portfolio variance: 2.524301075464416e-07
[=============================================================         ] 88.31%
Norma del vettore g: 20.0
Strategy: min_var , portfolio variance: 1.9113949016398105e-05
Norma del vettore g: 20.0
Strategy: min_var , portfolio variance: 5.915859574299691e-13
Norma del vettore g: 20.0
Strategy: min_var , portfolio variance: 6.259747023588245e-13
Norma del vettore g: 20.0
Strategy: min_var , portfolio variance: 1.2414608726671522e-06
Norma del vettore g: 20.0
Strategy: min_var , portfolio variance: 3.450050166074081e-05
Norma del vettore g: 20.0
Strategy: min_var , portfolio variance: 0.10846027988731118
Norma del vettore g: 20.0
Strategy: min_var , portfolio variance: 7.879720880323635e-05
Norma del vettore g: 20.0
Strategy: min_var , portfolio variance: 8.25977627414441e-05
Norma del vettore g non è uguale a sqrt(N): 46.56785538040787
Norma del vettore g: 20.0
Strategy: omn     , portfolio variance: 7.150019160197297e-07
Norma del vettore g non è uguale a sqrt(N): 46.56785538040787
Norma del vettore g: 20.0
Strategy: omn     , portfolio variance: 6.652883199859564e-11
Norma del vettore g non è uguale a sqrt(N): 46.56785538040787
Norma del vettore g: 20.0
Strategy: omn     , portfolio variance: 7.243990572083662e-11
Norma del vettore g non è uguale a sqrt(N): 46.56785538040787
Norma del vettore g: 20.0
Strategy: omn     , portfolio variance: 1.7001117176802016e-06
Norma del vettore g non è uguale a sqrt(N): 46.56785538040787
Norma del vettore g: 20.0
Strategy: omn     , portfolio variance: 1.2403541397001318e-06
Norma del vettore g non è uguale a sqrt(N): 46.56785538040787
Norma del vettore g: 20.0
Strategy: omn     , portfolio variance: 0.0022956483778935888
Norma del vettore g non è uguale a sqrt(N): 46.56785538040787
Norma del vettore g: 20.0
Strategy: omn     , portfolio variance: 1.864698321077198e-06
Norma del vettore g non è uguale a sqrt(N): 46.56785538040787
Norma del vettore g: 20.0
Strategy: omn     , portfolio variance: 1.9163385489382036e-06
Norma del vettore g non è uguale a sqrt(N): 46.56785538040787
Norma del vettore g: 20.0
Strategy: mean_rev, portfolio variance: 7.150019160197297e-07
Norma del vettore g non è uguale a sqrt(N): 46.56785538040787
Norma del vettore g: 20.0
Strategy: mean_rev, portfolio variance: 6.652883199859564e-11
Norma del vettore g non è uguale a sqrt(N): 46.56785538040787
Norma del vettore g: 20.0
Strategy: mean_rev, portfolio variance: 7.243990572083662e-11
Norma del vettore g non è uguale a sqrt(N): 46.56785538040787
Norma del vettore g: 20.0
Strategy: mean_rev, portfolio variance: 1.7001117176802016e-06
Norma del vettore g non è uguale a sqrt(N): 46.56785538040787
Norma del vettore g: 20.0
Strategy: mean_rev, portfolio variance: 1.2403541397001318e-06
Norma del vettore g non è uguale a sqrt(N): 46.56785538040787
Norma del vettore g: 20.0
Strategy: mean_rev, portfolio variance: 0.0022956483778935888
Norma del vettore g non è uguale a sqrt(N): 46.56785538040787
Norma del vettore g: 20.0
Strategy: mean_rev, portfolio variance: 1.864698321077198e-06
Norma del vettore g non è uguale a sqrt(N): 46.56785538040787
Norma del vettore g: 20.0
Strategy: mean_rev, portfolio variance: 1.9163385489382036e-06
Norma del vettore g: 20.0
Strategy: rnd     , portfolio variance: 1.0463793767322892e-07
Norma del vettore g: 19.999999999999996
Strategy: rnd     , portfolio variance: 9.295605224497884e-09
Norma del vettore g: 19.999999999999993
Strategy: rnd     , portfolio variance: 1.2722803399023471e-08
Norma del vettore g: 20.000000000000004
Strategy: rnd     , portfolio variance: 1.282809653561189e-06
Norma del vettore g: 20.0
Strategy: rnd     , portfolio variance: 3.719881374323008e-07
Norma del vettore g: 20.000000000000004
Strategy: rnd     , portfolio variance: 0.0010805186561794024
Norma del vettore g: 19.999999999999996
Strategy: rnd     , portfolio variance: 2.8787093553629536e-07
Norma del vettore g: 20.000000000000007
Strategy: rnd     , portfolio variance: 3.5108679141825794e-07
[==============================================================        ] 89.61%
Norma del vettore g: 20.0
Strategy: min_var , portfolio variance: 1.9465530972262148e-05
Norma del vettore g: 20.0
Strategy: min_var , portfolio variance: 5.980013387745193e-13
Norma del vettore g: 20.0
Strategy: min_var , portfolio variance: 6.325659316675379e-13
Norma del vettore g: 20.0
Strategy: min_var , portfolio variance: 1.255317811651504e-06
Norma del vettore g: 20.0
Strategy: min_var , portfolio variance: 3.550863484166928e-05
Norma del vettore g: 20.0
Strategy: min_var , portfolio variance: 0.11055409484793158
Norma del vettore g: 20.0
Strategy: min_var , portfolio variance: 8.083482517159759e-05
Norma del vettore g: 20.0
Strategy: min_var , portfolio variance: 8.459739143678578e-05
Norma del vettore g non è uguale a sqrt(N): 109.84824280635496
Norma del vettore g: 20.0
Strategy: omn     , portfolio variance: 4.207607912068221e-06
Norma del vettore g non è uguale a sqrt(N): 109.84824280635496
Norma del vettore g: 20.0
Strategy: omn     , portfolio variance: 1.484241359366018e-12
Norma del vettore g non è uguale a sqrt(N): 109.84824280635496
Norma del vettore g: 20.0
Strategy: omn     , portfolio variance: 1.6057413518016979e-12
Norma del vettore g non è uguale a sqrt(N): 109.84824280635496
Norma del vettore g: 20.0
Strategy: omn     , portfolio variance: 1.8211377934009752e-06
Norma del vettore g non è uguale a sqrt(N): 109.84824280635496
Norma del vettore g: 20.0
Strategy: omn     , portfolio variance: 6.595049989634816e-06
Norma del vettore g non è uguale a sqrt(N): 109.84824280635496
Norma del vettore g: 20.0
Strategy: omn     , portfolio variance: 0.008343098711795545
Norma del vettore g non è uguale a sqrt(N): 109.84824280635496
Norma del vettore g: 20.0
Strategy: omn     , portfolio variance: 1.6526354764273382e-05
Norma del vettore g non è uguale a sqrt(N): 109.84824280635496
Norma del vettore g: 20.0
Strategy: omn     , portfolio variance: 1.6440559987420372e-05
Norma del vettore g non è uguale a sqrt(N): 109.84824280635496
Norma del vettore g: 20.0
Strategy: mean_rev, portfolio variance: 4.207607912068221e-06
Norma del vettore g non è uguale a sqrt(N): 109.84824280635496
Norma del vettore g: 20.0
Strategy: mean_rev, portfolio variance: 1.484241359366018e-12
Norma del vettore g non è uguale a sqrt(N): 109.84824280635496
Norma del vettore g: 20.0
Strategy: mean_rev, portfolio variance: 1.6057413518016979e-12
Norma del vettore g non è uguale a sqrt(N): 109.84824280635496
Norma del vettore g: 20.0
Strategy: mean_rev, portfolio variance: 1.8211377934009752e-06
Norma del vettore g non è uguale a sqrt(N): 109.84824280635496
Norma del vettore g: 20.0
Strategy: mean_rev, portfolio variance: 6.595049989634816e-06
Norma del vettore g non è uguale a sqrt(N): 109.84824280635496
Norma del vettore g: 20.0
Strategy: mean_rev, portfolio variance: 0.008343098711795545
Norma del vettore g non è uguale a sqrt(N): 109.84824280635496
Norma del vettore g: 20.0
Strategy: mean_rev, portfolio variance: 1.6526354764273382e-05
Norma del vettore g non è uguale a sqrt(N): 109.84824280635496
Norma del vettore g: 20.0
Strategy: mean_rev, portfolio variance: 1.6440559987420372e-05
Norma del vettore g: 20.0
Strategy: rnd     , portfolio variance: 9.839847883748454e-08
Norma del vettore g: 19.999999999999996
Strategy: rnd     , portfolio variance: 6.10657854438601e-08
Norma del vettore g: 20.0
Strategy: rnd     , portfolio variance: 8.364424183251105e-11
Norma del vettore g: 19.999999999999996
Strategy: rnd     , portfolio variance: 1.2113983965709913e-06
Norma del vettore g: 20.0
Strategy: rnd     , portfolio variance: 3.6660885794666875e-07
Norma del vettore g: 19.999999999999993
Strategy: rnd     , portfolio variance: 0.0010937675151962089
Norma del vettore g: 19.999999999999996
Strategy: rnd     , portfolio variance: 3.7158204942488424e-07
Norma del vettore g: 20.000000000000004
Strategy: rnd     , portfolio variance: 2.9706325397221307e-07
[===============================================================       ] 90.91%
Norma del vettore g: 20.0
Strategy: min_var , portfolio variance: 1.4322326442481214e-05
Norma del vettore g: 20.0
Strategy: min_var , portfolio variance: 7.410048263551257e-13
Norma del vettore g: 20.0
Strategy: min_var , portfolio variance: 7.659736827149546e-13
Norma del vettore g: 20.0
Strategy: min_var , portfolio variance: 8.291412735537092e-07
Norma del vettore g: 20.0
Strategy: min_var , portfolio variance: 2.4016129001914994e-05
Norma del vettore g: 20.0
Strategy: min_var , portfolio variance: 0.09903524565551153
Norma del vettore g: 20.0
Strategy: min_var , portfolio variance: 5.322756206550743e-05
Norma del vettore g: 20.0
Strategy: min_var , portfolio variance: 5.327874670539558e-05
Norma del vettore g non è uguale a sqrt(N): 74.12437179832173
Norma del vettore g: 20.000000000000004
Strategy: omn     , portfolio variance: 1.351842414953216e-06
Norma del vettore g non è uguale a sqrt(N): 74.12437179832173
Norma del vettore g: 20.000000000000004
Strategy: omn     , portfolio variance: 1.6737622491067944e-12
Norma del vettore g non è uguale a sqrt(N): 74.12437179832173
Norma del vettore g: 20.000000000000004
Strategy: omn     , portfolio variance: 1.7252557300463997e-12
Norma del vettore g non è uguale a sqrt(N): 74.12437179832173
Norma del vettore g: 20.000000000000004
Strategy: omn     , portfolio variance: 1.0715212980057918e-06
Norma del vettore g non è uguale a sqrt(N): 74.12437179832173
Norma del vettore g: 20.000000000000004
Strategy: omn     , portfolio variance: 2.063084496746592e-06
Norma del vettore g non è uguale a sqrt(N): 74.12437179832173
Norma del vettore g: 20.000000000000004
Strategy: omn     , portfolio variance: 0.00493707454032972
Norma del vettore g non è uguale a sqrt(N): 74.12437179832173
Norma del vettore g: 20.000000000000004
Strategy: omn     , portfolio variance: 3.6612626708280042e-06
Norma del vettore g non è uguale a sqrt(N): 74.12437179832173
Norma del vettore g: 20.000000000000004
Strategy: omn     , portfolio variance: 3.5057433465676112e-06
Norma del vettore g non è uguale a sqrt(N): 74.12437179832173
Norma del vettore g: 20.000000000000004
Strategy: mean_rev, portfolio variance: 1.351842414953216e-06
Norma del vettore g non è uguale a sqrt(N): 74.12437179832173
Norma del vettore g: 20.000000000000004
Strategy: mean_rev, portfolio variance: 1.6737622491067944e-12
Norma del vettore g non è uguale a sqrt(N): 74.12437179832173
Norma del vettore g: 20.000000000000004
Strategy: mean_rev, portfolio variance: 1.7252557300463997e-12
Norma del vettore g non è uguale a sqrt(N): 74.12437179832173
Norma del vettore g: 20.000000000000004
Strategy: mean_rev, portfolio variance: 1.0715212980057918e-06
Norma del vettore g non è uguale a sqrt(N): 74.12437179832173
Norma del vettore g: 20.000000000000004
Strategy: mean_rev, portfolio variance: 2.063084496746592e-06
Norma del vettore g non è uguale a sqrt(N): 74.12437179832173
Norma del vettore g: 20.000000000000004
Strategy: mean_rev, portfolio variance: 0.00493707454032972
Norma del vettore g non è uguale a sqrt(N): 74.12437179832173
Norma del vettore g: 20.000000000000004
Strategy: mean_rev, portfolio variance: 3.6612626708280042e-06
Norma del vettore g non è uguale a sqrt(N): 74.12437179832173
Norma del vettore g: 20.000000000000004
Strategy: mean_rev, portfolio variance: 3.5057433465676112e-06
Norma del vettore g: 20.0
Strategy: rnd     , portfolio variance: 1.0071235113082978e-07
Norma del vettore g: 20.0
Strategy: rnd     , portfolio variance: 2.0100208210807133e-10
Norma del vettore g: 19.999999999999996
Strategy: rnd     , portfolio variance: 1.733515537530098e-10
Norma del vettore g: 20.000000000000004
Strategy: rnd     , portfolio variance: 8.0285567402601e-07
Norma del vettore g: 19.999999999999996
Strategy: rnd     , portfolio variance: 2.6268785099109357e-07
Norma del vettore g: 19.999999999999996
Strategy: rnd     , portfolio variance: 0.00104561846996192
Norma del vettore g: 20.000000000000004
Strategy: rnd     , portfolio variance: 2.49260856586698e-07
Norma del vettore g: 20.000000000000007
Strategy: rnd     , portfolio variance: 2.126861956905505e-07
[================================================================      ] 92.21%
Norma del vettore g: 20.0
Strategy: min_var , portfolio variance: 1.2990919267690607e-05
Norma del vettore g: 20.0
Strategy: min_var , portfolio variance: 8.028433208559119e-13
Norma del vettore g: 20.0
Strategy: min_var , portfolio variance: 8.269579337606175e-13
Norma del vettore g: 20.0
Strategy: min_var , portfolio variance: 7.584873525002151e-07
Norma del vettore g: 20.0
Strategy: min_var , portfolio variance: 2.16473061635071e-05
Norma del vettore g: 20.0
Strategy: min_var , portfolio variance: 0.09653836787351308
Norma del vettore g: 20.0
Strategy: min_var , portfolio variance: 4.7553195333649724e-05
Norma del vettore g: 20.0
Strategy: min_var , portfolio variance: 4.983018081808402e-05
Norma del vettore g non è uguale a sqrt(N): 64.04811516428677
Norma del vettore g: 19.999999999999993
Strategy: omn     , portfolio variance: 9.499349831741862e-07
Norma del vettore g non è uguale a sqrt(N): 64.04811516428677
Norma del vettore g: 19.999999999999993
Strategy: omn     , portfolio variance: 2.2790555455692192e-12
Norma del vettore g non è uguale a sqrt(N): 64.04811516428677
Norma del vettore g: 19.999999999999993
Strategy: omn     , portfolio variance: 2.342741341449178e-12
Norma del vettore g non è uguale a sqrt(N): 64.04811516428677
Norma del vettore g: 19.999999999999993
Strategy: omn     , portfolio variance: 9.523672502628148e-07
Norma del vettore g non è uguale a sqrt(N): 64.04811516428677
Norma del vettore g: 19.999999999999993
Strategy: omn     , portfolio variance: 1.4173880621553118e-06
Norma del vettore g non è uguale a sqrt(N): 64.04811516428677
Norma del vettore g: 19.999999999999993
Strategy: omn     , portfolio variance: 0.0036388653996794256
Norma del vettore g non è uguale a sqrt(N): 64.04811516428677
Norma del vettore g: 19.999999999999993
Strategy: omn     , portfolio variance: 2.026903405687107e-06
Norma del vettore g non è uguale a sqrt(N): 64.04811516428677
Norma del vettore g: 19.999999999999993
Strategy: omn     , portfolio variance: 2.185880116517764e-06
Norma del vettore g non è uguale a sqrt(N): 64.04811516428677
Norma del vettore g: 19.999999999999993
Strategy: mean_rev, portfolio variance: 9.499349831741862e-07
Norma del vettore g non è uguale a sqrt(N): 64.04811516428677
Norma del vettore g: 19.999999999999993
Strategy: mean_rev, portfolio variance: 2.2790555455692192e-12
Norma del vettore g non è uguale a sqrt(N): 64.04811516428677
Norma del vettore g: 19.999999999999993
Strategy: mean_rev, portfolio variance: 2.342741341449178e-12
Norma del vettore g non è uguale a sqrt(N): 64.04811516428677
Norma del vettore g: 19.999999999999993
Strategy: mean_rev, portfolio variance: 9.523672502628148e-07
Norma del vettore g non è uguale a sqrt(N): 64.04811516428677
Norma del vettore g: 19.999999999999993
Strategy: mean_rev, portfolio variance: 1.4173880621553118e-06
Norma del vettore g non è uguale a sqrt(N): 64.04811516428677
Norma del vettore g: 19.999999999999993
Strategy: mean_rev, portfolio variance: 0.0036388653996794256
Norma del vettore g non è uguale a sqrt(N): 64.04811516428677
Norma del vettore g: 19.999999999999993
Strategy: mean_rev, portfolio variance: 2.026903405687107e-06
Norma del vettore g non è uguale a sqrt(N): 64.04811516428677
Norma del vettore g: 19.999999999999993
Strategy: mean_rev, portfolio variance: 2.185880116517764e-06
Norma del vettore g: 20.000000000000007
Strategy: rnd     , portfolio variance: 8.694750494090653e-08
Norma del vettore g: 20.000000000000004
Strategy: rnd     , portfolio variance: 3.850004405431542e-10
Norma del vettore g: 20.0
Strategy: rnd     , portfolio variance: 2.155235632812558e-10
Norma del vettore g: 19.999999999999996
Strategy: rnd     , portfolio variance: 7.649801118371473e-07
Norma del vettore g: 20.0
Strategy: rnd     , portfolio variance: 2.8067609358894133e-07
Norma del vettore g: 20.000000000000004
Strategy: rnd     , portfolio variance: 0.0010637347712436297
Norma del vettore g: 19.999999999999996
Strategy: rnd     , portfolio variance: 2.4004832909429346e-07
Norma del vettore g: 20.000000000000004
Strategy: rnd     , portfolio variance: 2.1883362896120657e-07
[=================================================================     ] 93.51%
Norma del vettore g: 20.0
Strategy: min_var , portfolio variance: 1.3089181253212308e-05
Norma del vettore g: 20.0
Strategy: min_var , portfolio variance: 7.823814995522759e-13
Norma del vettore g: 20.0
Strategy: min_var , portfolio variance: 8.062243954880406e-13
Norma del vettore g: 20.0
Strategy: min_var , portfolio variance: 7.523987604395953e-07
Norma del vettore g: 20.0
Strategy: min_var , portfolio variance: 2.1158389726398932e-05
Norma del vettore g: 20.0
Strategy: min_var , portfolio variance: 0.09579351987814652
Norma del vettore g: 20.0
Strategy: min_var , portfolio variance: 4.6957327303890606e-05
Norma del vettore g: 20.0
Strategy: min_var , portfolio variance: 4.896195954373305e-05
Norma del vettore g non è uguale a sqrt(N): 79.30833320318938
Norma del vettore g: 20.0
Strategy: omn     , portfolio variance: 1.3192517538146174e-06
Norma del vettore g non è uguale a sqrt(N): 79.30833320318938
Norma del vettore g: 20.0
Strategy: omn     , portfolio variance: 2.021950683093539e-12
Norma del vettore g non è uguale a sqrt(N): 79.30833320318938
Norma del vettore g: 20.0
Strategy: omn     , portfolio variance: 2.091350082407963e-12
Norma del vettore g non è uguale a sqrt(N): 79.30833320318938
Norma del vettore g: 20.0
Strategy: omn     , portfolio variance: 1.1711468946701671e-06
Norma del vettore g non è uguale a sqrt(N): 79.30833320318938
Norma del vettore g: 20.0
Strategy: omn     , portfolio variance: 2.0138107551229484e-06
Norma del vettore g non è uguale a sqrt(N): 79.30833320318938
Norma del vettore g: 20.0
Strategy: omn     , portfolio variance: 0.004824268134065411
Norma del vettore g non è uguale a sqrt(N): 79.30833320318938
Norma del vettore g: 20.0
Strategy: omn     , portfolio variance: 3.5642240878065337e-06
Norma del vettore g non è uguale a sqrt(N): 79.30833320318938
Norma del vettore g: 20.0
Strategy: omn     , portfolio variance: 3.586778836318109e-06
Norma del vettore g non è uguale a sqrt(N): 79.30833320318938
Norma del vettore g: 20.0
Strategy: mean_rev, portfolio variance: 1.3192517538146174e-06
Norma del vettore g non è uguale a sqrt(N): 79.30833320318938
Norma del vettore g: 20.0
Strategy: mean_rev, portfolio variance: 2.021950683093539e-12
Norma del vettore g non è uguale a sqrt(N): 79.30833320318938
Norma del vettore g: 20.0
Strategy: mean_rev, portfolio variance: 2.091350082407963e-12
Norma del vettore g non è uguale a sqrt(N): 79.30833320318938
Norma del vettore g: 20.0
Strategy: mean_rev, portfolio variance: 1.1711468946701671e-06
Norma del vettore g non è uguale a sqrt(N): 79.30833320318938
Norma del vettore g: 20.0
Strategy: mean_rev, portfolio variance: 2.0138107551229484e-06
Norma del vettore g non è uguale a sqrt(N): 79.30833320318938
Norma del vettore g: 20.0
Strategy: mean_rev, portfolio variance: 0.004824268134065411
Norma del vettore g non è uguale a sqrt(N): 79.30833320318938
Norma del vettore g: 20.0
Strategy: mean_rev, portfolio variance: 3.5642240878065337e-06
Norma del vettore g non è uguale a sqrt(N): 79.30833320318938
Norma del vettore g: 20.0
Strategy: mean_rev, portfolio variance: 3.586778836318109e-06
Norma del vettore g: 20.0
Strategy: rnd     , portfolio variance: 9.732401153939116e-08
Norma del vettore g: 20.0
Strategy: rnd     , portfolio variance: 1.0875834969595905e-10
Norma del vettore g: 20.0
Strategy: rnd     , portfolio variance: 1.728106807783815e-08
Norma del vettore g: 20.0
Strategy: rnd     , portfolio variance: 7.630895288745836e-07
Norma del vettore g: 19.999999999999993
Strategy: rnd     , portfolio variance: 2.5494539940629013e-07
Norma del vettore g: 19.999999999999996
Strategy: rnd     , portfolio variance: 0.0010957594348817764
Norma del vettore g: 20.0
Strategy: rnd     , portfolio variance: 2.473823375312947e-07
Norma del vettore g: 20.000000000000004
Strategy: rnd     , portfolio variance: 2.655580596783402e-07
[==================================================================    ] 94.81%
Norma del vettore g: 20.0
Strategy: min_var , portfolio variance: 1.3170822795548355e-05
Norma del vettore g: 20.0
Strategy: min_var , portfolio variance: 7.494607847380936e-13
Norma del vettore g: 20.0
Strategy: min_var , portfolio variance: 7.707426868789542e-13
Norma del vettore g: 20.0
Strategy: min_var , portfolio variance: 7.122875310591307e-07
Norma del vettore g: 20.0
Strategy: min_var , portfolio variance: 2.041163169226082e-05
Norma del vettore g: 20.0
Strategy: min_var , portfolio variance: 0.09529236672943533
Norma del vettore g: 20.0
Strategy: min_var , portfolio variance: 4.418014993942832e-05
Norma del vettore g: 20.0
Strategy: min_var , portfolio variance: 4.606326327996065e-05
Norma del vettore g non è uguale a sqrt(N): 75.02953618425202
Norma del vettore g: 19.999999999999996
Strategy: omn     , portfolio variance: 1.2175858485452062e-06
Norma del vettore g non è uguale a sqrt(N): 75.02953618425202
Norma del vettore g: 19.999999999999996
Strategy: omn     , portfolio variance: 5.2954409943986226e-12
Norma del vettore g non è uguale a sqrt(N): 75.02953618425202
Norma del vettore g: 19.999999999999996
Strategy: omn     , portfolio variance: 5.4980638203332415e-12
Norma del vettore g non è uguale a sqrt(N): 75.02953618425202
Norma del vettore g: 19.999999999999996
Strategy: omn     , portfolio variance: 1.1926695720436588e-06
Norma del vettore g non è uguale a sqrt(N): 75.02953618425202
Norma del vettore g: 19.999999999999996
Strategy: omn     , portfolio variance: 1.8598610729820555e-06
Norma del vettore g non è uguale a sqrt(N): 75.02953618425202
Norma del vettore g: 19.999999999999996
Strategy: omn     , portfolio variance: 0.004638515442017443
Norma del vettore g non è uguale a sqrt(N): 75.02953618425202
Norma del vettore g: 19.999999999999996
Strategy: omn     , portfolio variance: 3.245856397332435e-06
Norma del vettore g non è uguale a sqrt(N): 75.02953618425202
Norma del vettore g: 19.999999999999996
Strategy: omn     , portfolio variance: 3.1597111912991306e-06
Norma del vettore g non è uguale a sqrt(N): 75.02953618425202
Norma del vettore g: 19.999999999999996
Strategy: mean_rev, portfolio variance: 1.2175858485452062e-06
Norma del vettore g non è uguale a sqrt(N): 75.02953618425202
Norma del vettore g: 19.999999999999996
Strategy: mean_rev, portfolio variance: 5.2954409943986226e-12
Norma del vettore g non è uguale a sqrt(N): 75.02953618425202
Norma del vettore g: 19.999999999999996
Strategy: mean_rev, portfolio variance: 5.4980638203332415e-12
Norma del vettore g non è uguale a sqrt(N): 75.02953618425202
Norma del vettore g: 19.999999999999996
Strategy: mean_rev, portfolio variance: 1.1926695720436588e-06
Norma del vettore g non è uguale a sqrt(N): 75.02953618425202
Norma del vettore g: 19.999999999999996
Strategy: mean_rev, portfolio variance: 1.8598610729820555e-06
Norma del vettore g non è uguale a sqrt(N): 75.02953618425202
Norma del vettore g: 19.999999999999996
Strategy: mean_rev, portfolio variance: 0.004638515442017443
Norma del vettore g non è uguale a sqrt(N): 75.02953618425202
Norma del vettore g: 19.999999999999996
Strategy: mean_rev, portfolio variance: 3.245856397332435e-06
Norma del vettore g non è uguale a sqrt(N): 75.02953618425202
Norma del vettore g: 19.999999999999996
Strategy: mean_rev, portfolio variance: 3.1597111912991306e-06
Norma del vettore g: 20.0
Strategy: rnd     , portfolio variance: 9.069273291421642e-08
Norma del vettore g: 20.0
Strategy: rnd     , portfolio variance: 1.354735877775041e-09
Norma del vettore g: 20.0
Strategy: rnd     , portfolio variance: 1.719377896818117e-10
Norma del vettore g: 20.000000000000004
Strategy: rnd     , portfolio variance: 7.562041634504185e-07
Norma del vettore g: 19.999999999999993
Strategy: rnd     , portfolio variance: 2.5498030834353415e-07
Norma del vettore g: 19.999999999999993
Strategy: rnd     , portfolio variance: 0.0012100798267842923
Norma del vettore g: 20.0
Strategy: rnd     , portfolio variance: 2.1802325189816425e-07
Norma del vettore g: 20.0
Strategy: rnd     , portfolio variance: 2.3702582492361456e-07
[===================================================================   ] 96.10%
Norma del vettore g: 20.0
Strategy: min_var , portfolio variance: 1.3033995385576386e-05
Norma del vettore g: 20.0
Strategy: min_var , portfolio variance: 7.238399577469912e-13
Norma del vettore g: 20.0
Strategy: min_var , portfolio variance: 7.440010773314246e-13
Norma del vettore g: 20.0
Strategy: min_var , portfolio variance: 6.988737208128165e-07
Norma del vettore g: 20.0
Strategy: min_var , portfolio variance: 2.0141853540381883e-05
Norma del vettore g: 20.0
Strategy: min_var , portfolio variance: 0.0958879338160232
Norma del vettore g: 20.0
Strategy: min_var , portfolio variance: 4.436894134817291e-05
Norma del vettore g: 20.0
Strategy: min_var , portfolio variance: 4.520664894968062e-05
Norma del vettore g non è uguale a sqrt(N): 76.83453151813765
Norma del vettore g: 20.000000000000004
Strategy: omn     , portfolio variance: 1.43686757497087e-06
Norma del vettore g non è uguale a sqrt(N): 76.83453151813765
Norma del vettore g: 20.000000000000004
Strategy: omn     , portfolio variance: 1.4803049236262163e-12
Norma del vettore g non è uguale a sqrt(N): 76.83453151813765
Norma del vettore g: 20.000000000000004
Strategy: omn     , portfolio variance: 1.5285126531516371e-12
Norma del vettore g non è uguale a sqrt(N): 76.83453151813765
Norma del vettore g: 20.000000000000004
Strategy: omn     , portfolio variance: 8.094912945882242e-07
Norma del vettore g non è uguale a sqrt(N): 76.83453151813765
Norma del vettore g: 20.000000000000004
Strategy: omn     , portfolio variance: 2.1487727125188244e-06
Norma del vettore g non è uguale a sqrt(N): 76.83453151813765
Norma del vettore g: 20.000000000000004
Strategy: omn     , portfolio variance: 0.006073249754669226
Norma del vettore g non è uguale a sqrt(N): 76.83453151813765
Norma del vettore g: 20.000000000000004
Strategy: omn     , portfolio variance: 3.723315002106072e-06
Norma del vettore g non è uguale a sqrt(N): 76.83453151813765
Norma del vettore g: 20.000000000000004
Strategy: omn     , portfolio variance: 3.883637936712454e-06
Norma del vettore g non è uguale a sqrt(N): 76.83453151813765
Norma del vettore g: 20.000000000000004
Strategy: mean_rev, portfolio variance: 1.43686757497087e-06
Norma del vettore g non è uguale a sqrt(N): 76.83453151813765
Norma del vettore g: 20.000000000000004
Strategy: mean_rev, portfolio variance: 1.4803049236262163e-12
Norma del vettore g non è uguale a sqrt(N): 76.83453151813765
Norma del vettore g: 20.000000000000004
Strategy: mean_rev, portfolio variance: 1.5285126531516371e-12
Norma del vettore g non è uguale a sqrt(N): 76.83453151813765
Norma del vettore g: 20.000000000000004
Strategy: mean_rev, portfolio variance: 8.094912945882242e-07
Norma del vettore g non è uguale a sqrt(N): 76.83453151813765
Norma del vettore g: 20.000000000000004
Strategy: mean_rev, portfolio variance: 2.1487727125188244e-06
Norma del vettore g non è uguale a sqrt(N): 76.83453151813765
Norma del vettore g: 20.000000000000004
Strategy: mean_rev, portfolio variance: 0.006073249754669226
Norma del vettore g non è uguale a sqrt(N): 76.83453151813765
Norma del vettore g: 20.000000000000004
Strategy: mean_rev, portfolio variance: 3.723315002106072e-06
Norma del vettore g non è uguale a sqrt(N): 76.83453151813765
Norma del vettore g: 20.000000000000004
Strategy: mean_rev, portfolio variance: 3.883637936712454e-06
Norma del vettore g: 19.999999999999993
Strategy: rnd     , portfolio variance: 9.258530534350677e-08
Norma del vettore g: 20.0
Strategy: rnd     , portfolio variance: 1.332796623470536e-10
Norma del vettore g: 19.999999999999996
Strategy: rnd     , portfolio variance: 1.1226138229250115e-09
Norma del vettore g: 20.000000000000004
Strategy: rnd     , portfolio variance: 6.919900366712064e-07
Norma del vettore g: 20.000000000000007
Strategy: rnd     , portfolio variance: 2.475530430747826e-07
Norma del vettore g: 20.0
Strategy: rnd     , portfolio variance: 0.0010241054118101031
Norma del vettore g: 20.0
Strategy: rnd     , portfolio variance: 1.693718493159194e-07
Norma del vettore g: 20.000000000000007
Strategy: rnd     , portfolio variance: 2.4631093807640163e-07
[====================================================================  ] 97.40%
Norma del vettore g: 20.0
Strategy: min_var , portfolio variance: 1.3676120683106238e-05
Norma del vettore g: 20.0
Strategy: min_var , portfolio variance: 7.224668864674719e-13
Norma del vettore g: 20.0
Strategy: min_var , portfolio variance: 7.420994278667988e-13
Norma del vettore g: 20.0
Strategy: min_var , portfolio variance: 6.895258272899877e-07
Norma del vettore g: 20.0
Strategy: min_var , portfolio variance: 2.0282045648912445e-05
Norma del vettore g: 20.0
Strategy: min_var , portfolio variance: 0.09549672210102697
Norma del vettore g: 20.0
Strategy: min_var , portfolio variance: 4.29103814366003e-05
Norma del vettore g: 20.0
Strategy: min_var , portfolio variance: 4.319055934788604e-05
Norma del vettore g non è uguale a sqrt(N): 36.913312648967114
Norma del vettore g: 20.000000000000004
Strategy: omn     , portfolio variance: 4.4636545717232745e-07
Norma del vettore g non è uguale a sqrt(N): 36.913312648967114
Norma del vettore g: 20.000000000000004
Strategy: omn     , portfolio variance: 8.954092631558129e-12
Norma del vettore g non è uguale a sqrt(N): 36.913312648967114
Norma del vettore g: 20.000000000000004
Strategy: omn     , portfolio variance: 9.285068924342686e-12
Norma del vettore g non è uguale a sqrt(N): 36.913312648967114
Norma del vettore g: 20.000000000000004
Strategy: omn     , portfolio variance: 8.336254557046145e-07
Norma del vettore g non è uguale a sqrt(N): 36.913312648967114
Norma del vettore g: 20.000000000000004
Strategy: omn     , portfolio variance: 7.070688117905014e-07
Norma del vettore g non è uguale a sqrt(N): 36.913312648967114
Norma del vettore g: 20.000000000000004
Strategy: omn     , portfolio variance: 0.0024149564259538228
Norma del vettore g non è uguale a sqrt(N): 36.913312648967114
Norma del vettore g: 20.000000000000004
Strategy: omn     , portfolio variance: 1.1046704554229118e-06
Norma del vettore g non è uguale a sqrt(N): 36.913312648967114
Norma del vettore g: 20.000000000000004
Strategy: omn     , portfolio variance: 1.0366098440845585e-06
Norma del vettore g non è uguale a sqrt(N): 36.913312648967114
Norma del vettore g: 20.000000000000004
Strategy: mean_rev, portfolio variance: 4.4636545717232745e-07
Norma del vettore g non è uguale a sqrt(N): 36.913312648967114
Norma del vettore g: 20.000000000000004
Strategy: mean_rev, portfolio variance: 8.954092631558129e-12
Norma del vettore g non è uguale a sqrt(N): 36.913312648967114
Norma del vettore g: 20.000000000000004
Strategy: mean_rev, portfolio variance: 9.285068924342686e-12
Norma del vettore g non è uguale a sqrt(N): 36.913312648967114
Norma del vettore g: 20.000000000000004
Strategy: mean_rev, portfolio variance: 8.336254557046145e-07
Norma del vettore g non è uguale a sqrt(N): 36.913312648967114
Norma del vettore g: 20.000000000000004
Strategy: mean_rev, portfolio variance: 7.070688117905014e-07
Norma del vettore g non è uguale a sqrt(N): 36.913312648967114
Norma del vettore g: 20.000000000000004
Strategy: mean_rev, portfolio variance: 0.0024149564259538228
Norma del vettore g non è uguale a sqrt(N): 36.913312648967114
Norma del vettore g: 20.000000000000004
Strategy: mean_rev, portfolio variance: 1.1046704554229118e-06
Norma del vettore g non è uguale a sqrt(N): 36.913312648967114
Norma del vettore g: 20.000000000000004
Strategy: mean_rev, portfolio variance: 1.0366098440845585e-06
Norma del vettore g: 20.0
Strategy: rnd     , portfolio variance: 7.3669256273022e-08
Norma del vettore g: 20.000000000000004
Strategy: rnd     , portfolio variance: 1.3732858696815029e-10
Norma del vettore g: 19.999999999999996
Strategy: rnd     , portfolio variance: 2.0766375840019953e-09
Norma del vettore g: 20.0
Strategy: rnd     , portfolio variance: 7.104993943784663e-07
Norma del vettore g: 19.999999999999993
Strategy: rnd     , portfolio variance: 2.1990991884174459e-07
Norma del vettore g: 19.999999999999996
Strategy: rnd     , portfolio variance: 0.0011635984346661755
Norma del vettore g: 19.999999999999996
Strategy: rnd     , portfolio variance: 2.0602214464645505e-07
Norma del vettore g: 20.0
Strategy: rnd     , portfolio variance: 2.12789273333434e-07
[===================================================================== ] 98.70%
